243, 9, 61.746, -11.190, 13.816, 300.17, 188.60, 1144.17, 7.55, 20.13, -21.85, 0.77378, 0.15390, -0.00318, 0.61446
243, 27, 61.347, -9.730, 14.815, 210.69, 297.55, 1118.59, 10.87, 21.12, -14.11, 0.77646, 0.15310, 0.01167, 0.61118
243, 16, 61.116, -8.636, 15.796, 129.09, 339.23, 1054.99, 8.79, 11.02, -9.94, 0.77774, 0.15412, 0.02414, 0.60892
243, 15, 60.985, -8.628, 16.713, 171.69, 367.74, 1045.84, 3.36, 0.66, -3.53, 0.77719, 0.16033, 0.02888, 0.60781
243, 15, 61.153, -9.529, 16.837, 242.43, 350.52, 1082.21, -4.70, -3.24, 5.66, 0.77494, 0.16578, 0.02356, 0.60945
243, 16, 61.409, -10.694, 16.164, 293.33, 309.88, 1106.51, -13.53, -1.33, 6.07, 0.77296, 0.16719, 0.01232, 0.61190
243, 15, 61.627, -11.659, 15.001, 302.61, 256.53, 1069.03, -19.33, 4.29, 1.09, 0.77214, 0.16433, -0.00022, 0.61383
243, 15, 62.024, -12.264, 13.813, 297.73, 243.35, 1053.53, -22.09, 11.44, 3.79, 0.77086, 0.15949, -0.01020, 0.61663
243, 17, 62.282, -12.898, 13.038, 344.67, 261.90, 1062.01, -26.02, 19.91, 2.06, 0.76967, 0.15762, -0.01836, 0.61841
243, 15, 62.154, -13.589, 12.394, 429.02, 276.86, 1074.40, -33.69, 35.54, -12.16, 0.77029, 0.15687, -0.02675, 0.61752
243, 16, 61.541, -12.843, 11.218, 368.04, 241.21, 1059.27, -50.00, 59.70, -36.96, 0.77613, 0.14490, -0.02875, 0.61303
243, 15, 61.524, -9.225, 7.907, 63.72, -8.61, 1184.39, -34.54, 50.02, -33.07, 0.78380, 0.10342, -0.02152, 0.61197
243, 15, 61.175, -7.310, 6.405, 105.90, 52.92, 1118.77, -14.10, 31.61, -30.75, 0.78847, 0.08297, -0.01657, 0.60923
243, 16, 60.540, -7.992, 6.184, 243.16, 25.88, 1192.08, 28.60, 3.08, -38.31, 0.79148, 0.08492, -0.02294, 0.60483
243, 14, 59.369, -7.437, 9.868, 129.46, 406.43, 1100.52, 26.18, 0.55, -42.56, 0.79499, 0.10743, -0.00073, 0.59703
243, 15, 58.480, -6.668, 12.486, 40.34, 428.22, 1026.73, -7.39, -16.28, -17.76, 0.79770, 0.12176, 0.01733, 0.59038
243, 17, 58.499, -8.855, 13.121, 272.40, 356.32, 1083.86, -19.79, -26.45, 5.64, 0.79460, 0.13722, 0.00527, 0.59141
243, 15, 58.662, -8.047, 13.242, 8.06, 291.02, 1035.34, -15.92, -37.41, 10.33, 0.79450, 0.13397, 0.01176, 0.59218
243, 15, 59.461, -7.828, 13.006, -48.95, 224.67, 966.00, -3.85, -69.44, 39.09, 0.79086, 0.13114, 0.01299, 0.59763
243, 16, 61.045, -13.087, 13.023, 442.26, 256.35, 1143.19, 12.27, -79.66, 73.34, 0.77606, 0.15828, -0.02145, 0.61010
243, 15, 62.789, -15.204, 13.900, 288.33, 332.28, 1173.83, 24.18, -53.16, 84.33, 0.76230, 0.17551, -0.02874, 0.62231
243, 16, 65.372, -15.221, 12.618, 89.48, 102.66, 883.48, 37.61, -48.61, 101.85, 0.74998, 0.16782, -0.03204, 0.63902
243, 15, 68.040, -18.526, 14.526, 508.79, 354.19, 1146.79, 69.63, -20.68, 135.72, 0.72646, 0.19887, -0.03893, 0.65665
243, 16, 70.068, -19.032, 15.919, 485.47, 360.23, 1336.06, 68.81, 13.78, 81.33, 0.71131, 0.21101, -0.03054, 0.66976
243, 17, 71.046, -19.550, 14.911, 631.10, 134.09, 1377.50, 53.85, 38.03, 30.96, 0.70645, 0.20796, -0.03800, 0.67545
243, 15, 70.211, -19.588, 16.047, 918.58, 305.60, 1332.82, 52.00, 97.75, -24.31, 0.70919, 0.21493, -0.03312, 0.67064
243, 15, 67.907, -14.802, 18.295, 481.69, 471.07, 1234.62, 30.95, 155.82, -81.05, 0.72715, 0.20244, 0.00693, 0.65592
243, 16, 65.269, -10.990, 19.585, 455.93, 458.98, 968.02, -15.43, 164.56, -114.49, 0.74614, 0.19064, 0.03499, 0.63695
243, 15, 63.704, 0.151, 14.739, -288.09, -46.33, 941.10, -42.70, 187.43, -122.01, 0.77353, 0.09921, 0.08131, 0.62064
243, 15, 62.310, 10.428, 11.240, -624.63, -100.28, 783.75, -14.23, 122.67, -72.72, 0.78588, 0.02105, 0.13133, 0.60391
243, 16, 61.353, 16.027, 10.117, -649.11, -35.64, 878.72, 37.67, 26.46, -30.48, 0.78924, -0.01548, 0.16330, 0.59177
243, 16, 61.557, 15.547, 12.575, -354.55, 249.15, 1007.57, 45.33, -34.19, 27.57, 0.78852, 0.00370, 0.17273, 0.59025
243, 17, 62.184, 9.035, 15.935, 213.44, 396.24, 1114.87, 63.76, -52.81, 44.03, 0.78479, 0.06089, 0.14653, 0.59911
243, 15, 63.451, 4.189, 18.235, 62.13, 235.53, 881.65, 80.70, -52.84, 84.72, 0.77447, 0.10119, 0.12704, 0.61141
243, 15, 64.421, -2.018, 23.125, 395.14, 715.09, 1191.35, 90.19, -66.64, 87.82, 0.75784, 0.16638, 0.11304, 0.62066
243, 16, 63.761, -6.352, 24.977, 321.17, 595.15, 1167.85, 38.40, -58.60, 41.64, 0.75243, 0.20220, 0.09307, 0.61992
243, 15, 63.058, -4.034, 25.473, -459.96, 559.51, 980.47, -9.06, -85.72, 50.91, 0.75880, 0.19394, 0.11005, 0.61196
243, 14, 64.090, -5.330, 21.151, -453.06, 196.66, 1169.62, -50.42, -163.66, 134.53, 0.75835, 0.17132, 0.07969, 0.62386
243, 17, 66.025, -15.667, 16.591, 651.86, 100.10, 1439.88, -41.85, -195.64, 152.79, 0.73930, 0.19617, -0.01174, 0.64406
244, 7, 53.253, -14.167, 24.778, 246.89, 430.54, 1067.87, -17.58, 11.13, -3.68, 0.79339, 0.24401, 0.01719, 0.55740
244, 27, 56.608, -15.386, 21.637, 334.23, 351.01, 1078.86, -2.69, 8.71, 35.57, 0.78087, 0.22779, -0.00021, 0.58168
244, 16, 57.881, -15.073, 21.812, 273.19, 472.23, 1059.57, -1.36, 10.65, 44.61, 0.77461, 0.22746, 0.00542, 0.59010
244, 15, 59.014, -14.094, 21.603, 184.51, 442.26, 1040.47, -5.33, 3.72, 48.75, 0.77094, 0.22121, 0.01340, 0.59710
244, 16, 59.976, -13.979, 20.901, 213.81, 410.34, 1053.28, -10.39, -8.17, 51.66, 0.76745, 0.21583, 0.01235, 0.60356
244, 15, 60.532, -14.953, 19.071, 321.04, 329.59, 1133.91, -16.49, -13.07, 33.96, 0.76618, 0.20841, -0.00304, 0.60789
244, 16, 61.473, -16.293, 16.600, 411.74, 239.75, 1198.00, -14.30, -6.82, 23.76, 0.76321, 0.19879, -0.02378, 0.61435
244, 16, 62.054, -17.345, 14.755, 460.63, 193.79, 1157.35, -6.45, 8.05, 10.64, 0.76142, 0.19204, -0.03993, 0.61787
244, 15, 61.892, -16.986, 14.015, 387.76, 224.73, 1122.99, 1.37, 23.03, -11.12, 0.76411, 0.18522, -0.04172, 0.61651
244, 16, 61.252, -15.685, 14.055, 329.41, 262.82, 1096.62, 1.24, 34.75, -25.30, 0.76959, 0.17861, -0.03358, 0.61213
244, 15, 60.320, -14.952, 14.836, 396.67, 335.51, 1066.59, -4.86, 49.06, -35.27, 0.77447, 0.17991, -0.02581, 0.60593
244, 15, 59.095, -13.269, 15.738, 341.80, 379.88, 1045.90, -16.31, 64.38, -52.51, 0.78209, 0.17738, -0.01127, 0.59728
244, 17, 58.047, -10.033, 15.784, 175.05, 358.28, 1004.64, -37.82, 68.79, -58.28, 0.79202, 0.16158, 0.01011, 0.58864
244, 15, 57.453, -5.722, 14.068, -14.40, 257.02, 998.47, -55.40, 56.33, -52.08, 0.80215, 0.12827, 0.03097, 0.58236
244, 14, 56.968, -1.170, 9.129, -231.93, -49.26, 1097.35, -57.41, 28.21, -30.72, 0.81219, 0.07077, 0.03778, 0.57785
244, 17, 57.069, -0.715, 5.815, -53.96, -56.21, 1152.04, -27.28, -13.75, -0.05, 0.81353, 0.04494, 0.02433, 0.57927
244, 15, 57.638, -1.966, 5.639, 22.28, 102.78, 1115.91, -0.90, -39.55, 20.75, 0.81030, 0.04994, 0.01480, 0.58370
244, 16, 58.495, -4.478, 8.714, 98.69, 349.85, 1032.10, 17.25, -61.54, 41.43, 0.80280, 0.08428, 0.01332, 0.59011
244, 15, 59.803, -8.665, 12.314, 300.35, 540.53, 1106.93, 20.38, -73.20, 73.91, 0.78897, 0.13063, 0.00393, 0.60038
244, 15, 61.248, -12.997, 14.933, 426.57, 562.99, 1160.10, 14.96, -64.87, 91.96, 0.77236, 0.17075, -0.01036, 0.61172
244, 16, 62.883, -16.896, 15.999, 407.96, 342.22, 937.56, 21.42, -42.82, 96.97, 0.75558, 0.19821, -0.02871, 0.62368
244, 15, 64.175, -19.864, 17.444, 577.94, 423.77, 1133.85, 43.40, -12.90, 87.15, 0.74033, 0.22336, -0.03854, 0.63289
244, 15, 65.216, -18.302, 18.040, 376.10, 403.99, 1309.33, 40.82, 28.20, 46.48, 0.73644, 0.21935, -0.02272, 0.63956
244, 17, 66.059, -17.983, 16.443, 553.34, 180.24, 1361.02, 34.43, 49.95, 17.99, 0.73528, 0.20759, -0.02796, 0.64458
244, 16, 65.587, -17.857, 15.190, 835.94, 42.66, 1377.69, 42.10, 91.80, -41.14, 0.74038, 0.19872, -0.03498, 0.64119
244, 15, 63.222, -14.113, 15.249, 542.85, 164.00, 1291.99, 42.16, 146.07, -113.06, 0.75955, 0.17885, -0.01329, 0.62524
244, 16, 60.649, -8.138, 16.082, 256.59, 272.40, 1030.88, 17.68, 174.93, -128.23, 0.78045, 0.15360, 0.02846, 0.60539
244, 15, 60.013, 0.505, 17.779, -107.48, 342.83, 725.83, -5.88, 180.78, -76.50, 0.79041, 0.12095, 0.09628, 0.59275
244, 16, 60.747, 10.886, 16.609, -916.75, 34.73, 787.23, 16.30, 101.29, -8.84, 0.79216, 0.05757, 0.16176, 0.58567
244, 15, 61.650, 14.174, 14.943, -466.13, -56.52, 883.12, 50.19, 15.55, 44.24, 0.78807, 0.02721, 0.17571, 0.58935
244, 15, 62.437, 11.542, 15.671, -141.85, 87.65, 965.70, 87.73, -24.99, 78.01, 0.78390, 0.04522, 0.16210, 0.59764
244, 17, 65.478, 10.118, 22.810, -197.88, 348.88, 553.59, 123.29, -52.56, 137.75, 0.76306, 0.09655, 0.19222, 0.60949
244, 15, 67.303, 2.726, 27.841, 240.23, 799.99, 1328.74, 108.95, -86.69, 153.41, 0.74102, 0.16774, 0.17391, 0.62651
244, 15, 66.386, -2.831, 29.202, 193.91, 679.50, 1262.15, 46.57, -96.93, 91.36, 0.73606, 0.20818, 0.14402, 0.62780
244, 16, 64.390, -4.456, 28.844, -138.24, 747.38, 1274.17, -18.59, -119.54, 62.77, 0.74497, 0.21690, 0.12772, 0.61779
244, 15, 62.629, -10.012, 24.406, 377.20, 488.04, 1558.53, -70.45, -130.08, 47.94, 0.75361, 0.21821, 0.06325, 0.61681
244, 15, 62.706, -13.808, 16.628, 358.46, -68.05, 1732.54, -97.05, -106.58, 51.10, 0.76064, 0.18637, -0.00453, 0.62183
244, 16, 63.616, -16.035, 10.754, 306.40, -244.38, 1671.94, -34.49, -83.77, 43.72, 0.76114, 0.15924, -0.05033, 0.62671
244, 15, 64.308, -18.457, 8.217, 562.44, -111.15, 1634.83, 19.55, -55.85, 2.20, 0.75729, 0.15570, -0.07966, 0.62922
244, 18, 62.894, -18.155, 11.692, 352.29, 396.61, 1252.69, 41.34, -19.07, -24.00, 0.76045, 0.17626, -0.06069, 0.62207
244, 15, 60.194, -16.633, 17.461, 174.87, 634.58, 932.80, 34.81, -13.93, -47.99, 0.76790, 0.20598, -0.02381, 0.60608
245, 7, 58.490, -13.034, 14.109, 289.55, 223.88, 1117.25, -6.45, 2.69, -26.18, 0.78802, 0.16497, -0.01899, 0.59284
245, 27, 58.157, -13.170, 15.700, 280.40, 321.41, 1065.86, 8.56, 2.03, -13.90, 0.78717, 0.17654, -0.01222, 0.59081
245, 16, 58.062, -13.712, 16.718, 337.95, 380.37, 1053.96, 2.79, 6.52, -8.55, 0.78521, 0.18618, -0.01094, 0.59047
245, 16, 58.497, -14.045, 16.995, 346.68, 376.22, 1065.86, -8.79, 16.72, 5.65, 0.78198, 0.18975, -0.01113, 0.59362
245, 15, 59.080, -13.235, 15.821, 277.59, 289.79, 1126.89, -17.20, 24.30, 1.27, 0.78210, 0.17778, -0.01063, 0.59717
245, 15, 59.552, -11.415, 13.603, 180.24, 181.46, 1186.65, -18.63, 24.52, -6.67, 0.78540, 0.15350, -0.00882, 0.59959
245, 16, 60.155, -9.448, 11.344, 88.20, 101.26, 1208.44, -8.64, 13.84, 2.91, 0.78737, 0.12798, -0.00622, 0.60303
245, 15, 60.316, -8.379, 9.950, 106.45, 96.13, 1164.73, 5.42, 2.57, -3.14, 0.78908, 0.11288, -0.00596, 0.60381
245, 16, 59.737, -9.016, 10.765, 224.55, 222.84, 1106.81, 13.40, 1.06, -12.62, 0.79065, 0.12175, -0.00671, 0.60001
245, 16, 59.302, -9.577, 12.285, 254.21, 325.62, 1087.59, 6.94, 7.35, -8.15, 0.79061, 0.13509, -0.00317, 0.59723
245, 15, 59.445, -9.753, 12.753, 237.61, 290.59, 1098.75, -2.86, 13.73, 5.10, 0.78910, 0.13922, -0.00179, 0.59828
245, 16, 59.657, -8.993, 12.434, 163.88, 239.56, 1099.43, -6.03, 15.59, 4.56, 0.78923, 0.13313, 0.00210, 0.59948
245, 15, 59.589, -8.066, 11.900, 129.39, 213.50, 1105.83, -5.88, 11.08, -3.93, 0.79118, 0.12471, 0.00570, 0.59870
245, 15, 59.142, -8.186, 12.125, 195.01, 272.09, 1103.52, -10.06, 7.46, -13.01, 0.79314, 0.12690, 0.00554, 0.59565
245, 16, 58.366, -9.211, 12.289, 305.48, 283.39, 1075.81, -17.81, 13.47, -28.49, 0.79587, 0.13324, -0.00168, 0.59063
245, 15, 57.823, -9.490, 11.830, 271.12, 246.15, 1059.27, -26.18, 22.41, -29.66, 0.79888, 0.13142, -0.00663, 0.58692
245, 15, 57.734, -8.874, 10.672, 219.30, 184.27, 1049.93, -24.70, 33.51, -22.54, 0.80126, 0.12025, -0.00831, 0.58605
245, 17, 57.517, -7.098, 9.679, 123.41, 170.84, 1048.77, -24.93, 37.06, -26.94, 0.80501, 0.10437, -0.00103, 0.58400
245, 15, 57.032, -4.462, 8.910, -14.22, 178.16, 1034.42, -30.46, 23.36, -31.36, 0.81013, 0.08575, 0.01335, 0.57979
245, 16, 57.199, -2.792, 6.267, -59.81, -8.12, 1190.92, -22.93, 0.21, -9.74, 0.81189, 0.05861, 0.01193, 0.58074
245, 15, 57.689, -3.399, 5.348, 67.20, 49.68, 1228.39, 1.67, -19.96, 7.83, 0.80958, 0.05515, 0.00320, 0.58440
245, 14, 58.051, -2.786, 6.717, -89.54, 178.83, 1102.60, 19.74, -40.69, 11.61, 0.80731, 0.06167, 0.01471, 0.58671
245, 16, 59.231, -5.272, 8.937, 164.55, 409.97, 1622.62, 23.69, -60.59, 48.99, 0.79827, 0.08983, 0.00946, 0.59548
245, 15, 60.695, -7.203, 9.707, 108.34, 170.65, 1003.78, 26.62, -51.45, 61.95, 0.78839, 0.10510, 0.00129, 0.60613
245, 15, 62.238, -10.704, 12.397, 268.55, 323.00, 1095.52, 48.61, -54.09, 81.21, 0.77358, 0.14181, -0.00684, 0.61759
245, 17, 63.778, -14.532, 14.279, 480.83, 341.43, 1178.77, 55.26, -34.23, 88.61, 0.75736, 0.17472, -0.02059, 0.62886
245, 15, 63.970, -14.492, 16.019, 314.33, 441.47, 1316.16, 35.56, 2.46, 47.98, 0.75363, 0.18600, -0.01045, 0.63035
245, 16, 63.348, -15.987, 14.784, 642.46, 167.72, 1386.23, 18.11, 24.96, -11.53, 0.75662, 0.18560, -0.02837, 0.62632
245, 16, 61.632, -16.111, 14.759, 835.33, 215.45, 1254.76, 17.42, 101.82, -68.36, 0.76575, 0.18562, -0.03214, 0.61493
245, 15, 59.054, -12.155, 13.662, 414.37, 143.01, 1137.76, 0.84, 144.13, -123.37, 0.78693, 0.15758, -0.01435, 0.59640
245, 16, 57.474, -5.765, 12.284, 128.23, 120.91, 924.62, -5.12, 168.46, -101.23, 0.80390, 0.11598, 0.02162, 0.58295
245, 15, 56.698, 6.308, 12.308, -568.97, 121.64, 663.27, 7.73, 153.07, -65.36, 0.81412, 0.05584, 0.10645, 0.56812
245, 15, 56.794, 13.477, 12.620, -581.97, 99.73, 859.07, 38.67, 66.19, 4.22, 0.81307, 0.02170, 0.15825, 0.55982
245, 17, 57.192, 11.973, 13.097, -104.61, 94.54, 1106.99, 70.97, 18.45, 36.93, 0.81134, 0.03218, 0.15022, 0.56403
245, 15, 57.510, 11.055, 14.550, -174.68, 117.74, 1003.36, 99.87, -5.52, 40.08, 0.80936, 0.04672, 0.15110, 0.56561
245, 15, 58.862, 8.635, 15.026, -74.46, -40.77, 879.76, 124.89, -21.87, 91.79, 0.80226, 0.06082, 0.13737, 0.57776
245, 16, 61.995, 4.324, 21.429, 50.54, 680.24, 1292.79, 123.95, -40.60, 144.32, 0.77911, 0.12383, 0.14337, 0.59758
245, 15, 61.682, 1.302, 24.366, -82.46, 598.39, 1294.13, 74.07, -82.70, 71.02, 0.77439, 0.16007, 0.13795, 0.59638
245, 15, 61.243, -2.606, 24.560, 26.86, 518.01, 1243.29, 24.62, -97.69, 80.44, 0.77183, 0.18218, 0.11188, 0.59881
245, 16, 60.076, -4.570, 24.742, -129.03, 735.84, 1368.71, -21.15, -118.04, 58.78, 0.77497, 0.19451, 0.09752, 0.59336
245, 15, 60.361, -7.974, 20.067, 8.18, 405.09, 1483.40, -77.11, -132.22, 69.12, 0.77638, 0.17994, 0.05017, 0.60194
245, 17, 62.099, -13.244, 13.454, 308.47, 39.98, 1514.34, -95.15, -138.31, 92.75, 0.76959, 0.16218, -0.01876, 0.61731
245, 15, 63.961, -18.243, 7.946, 549.07, -104.68, 1474.79, -62.03, -110.03, 66.78, 0.75987, 0.15252, -0.08017, 0.62682
245, 15, 64.232, -22.277, 6.035, 668.95, 52.92, 1293.21, -25.02, -69.88, 16.39, 0.75488, 0.16157, -0.11738, 0.62472
245, 16, 63.149, -23.671, 8.268, 486.33, 337.89, 1023.01, -9.69, -29.69, 6.32, 0.75505, 0.18251, -0.11625, 0.61893
246, 8, 58.545, -10.789, 9.309, 214.54, 246.70, 1066.89, 17.76, 6.52, -22.09, 0.79651, 0.12052, -0.02796, 0.59183
246, 27, 57.494, -11.663, 12.930, 298.46, 377.93, 1022.46, -4.80, 12.15, -15.49, 0.79661, 0.14986, -0.01676, 0.58538
246, 15, 57.552, -11.587, 12.650, 273.99, 250.43, 1075.93, -12.54, 18.10, -12.47, 0.79678, 0.14755, -0.01758, 0.58572
246, 16, 58.262, -10.547, 11.092, 202.15, 156.13, 1136.41, -11.09, 22.50, 2.00, 0.79628, 0.13163, -0.01737, 0.59017
246, 15, 59.035, -9.127, 9.462, 139.47, 97.90, 1160.10, -1.95, 20.38, 9.06, 0.79553, 0.11324, -0.01500, 0.59504
246, 16, 59.304, -7.701, 9.036, 101.50, 149.90, 1169.31, 6.28, 13.08, 8.56, 0.79587, 0.10300, -0.00697, 0.59661
246, 15, 59.193, -6.765, 10.037, 79.59, 259.58, 1143.31, 4.17, 3.62, 6.87, 0.79635, 0.10516, 0.00469, 0.59561
246, 15, 59.168, -6.841, 10.754, 120.73, 271.61, 1106.99, -5.75, -5.40, 11.86, 0.79573, 0.11053, 0.00786, 0.59542
246, 16, 59.324, -8.220, 10.137, 227.29, 190.00, 1126.71, -10.86, -7.66, 13.28, 0.79424, 0.11330, -0.00485, 0.59692
246, 15, 59.542, -9.897, 8.913, 316.77, 110.78, 1162.60, -5.55, -0.74, 8.47, 0.79267, 0.11345, -0.02274, 0.59857
246, 15, 59.397, -10.640, 8.375, 304.02, 127.62, 1169.92, 2.13, 12.52, -5.71, 0.79321, 0.11351, -0.03089, 0.59748
246, 16, 58.569, -10.053, 9.110, 225.34, 211.67, 1122.68, 1.84, 22.19, -25.49, 0.79737, 0.11542, -0.02379, 0.59188
246, 15, 56.830, -8.926, 10.696, 195.07, 347.78, 1092.96, -18.59, 27.64, -55.64, 0.80578, 0.12061, -0.00951, 0.57973
246, 15, 55.110, -7.691, 10.663, 170.59, 261.35, 1043.82, -37.52, 29.50, -62.71, 0.81563, 0.11423, -0.00261, 0.56718
246, 17, 54.404, -6.011, 7.556, 94.06, 41.32, 1050.60, -45.08, 27.41, -50.98, 0.82317, 0.08382, -0.00643, 0.56154
246, 15, 54.153, -3.950, 4.468, -8.42, -41.44, 1101.93, -36.94, 16.77, -33.13, 0.82739, 0.05155, -0.00679, 0.55921
246, 16, 54.370, -2.331, 2.139, -66.28, -63.66, 1144.65, -23.15, -2.81, -10.21, 0.82768, 0.02686, -0.00638, 0.56052
246, 15, 55.109, -2.137, 1.869, -15.01, 31.01, 1057.01, -4.02, -23.02, 14.59, 0.82415, 0.02399, -0.00615, 0.56583
246, 14, 56.331, -3.078, 3.606, 13.67, 168.33, 1087.95, 7.66, -44.77, 39.99, 0.81731, 0.04117, -0.00390, 0.57471
246, 16, 58.091, -5.772, 5.578, 142.70, 239.38, 1075.99, 6.39, -57.14, 69.00, 0.80615, 0.06886, -0.01219, 0.58756
246, 15, 60.614, -9.208, 6.694, 263.98, 235.90, 1165.59, 6.18, -56.46, 104.80, 0.78970, 0.09480, -0.02863, 0.60545
246, 15, 64.506, -10.052, 4.899, 84.41, -8.24, 1100.46, 19.36, -50.75, 129.52, 0.76941, 0.08828, -0.04099, 0.63129
246, 17, 67.087, -12.893, 7.105, 295.96, 246.58, 1241.27, 50.06, -54.04, 130.89, 0.75027, 0.11955, -0.04534, 0.64865
246, 15, 67.635, -14.990, 10.093, 343.02, 311.77, 1218.32, 62.54, -33.81, 76.81, 0.74106, 0.15086, -0.04159, 0.65295
246, 15, 67.132, -16.910, 10.690, 583.13, 172.49, 1357.54, 45.52, 8.96, 19.57, 0.74036, 0.16511, -0.05158, 0.64957
246, 16, 64.931, -17.865, 10.743, 898.07, -91.37, 1402.28, 67.05, 68.58, -75.47, 0.75117, 0.16955, -0.06086, 0.63506
246, 15, 61.352, -16.087, 12.565, 792.11, 52.55, 1224.37, 80.39, 144.37, -141.34, 0.77070, 0.17069, -0.04415, 0.61232
246, 17, 57.500, -12.127, 15.508, 555.73, 290.16, 957.40, 46.20, 195.01, -165.41, 0.79235, 0.17002, -0.00685, 0.58586
246, 15, 55.369, 0.657, 17.273, -289.98, 306.64, 774.23, 13.36, 218.77, -143.78, 0.81443, 0.12041, 0.08990, 0.56046
246, 15, 53.570, 14.708, 15.266, -1182.56, -82.89, 798.95, 16.21, 146.26, -95.86, 0.82737, 0.03925, 0.17862, 0.53104
246, 17, 53.374, 19.600, 15.554, -674.87, 181.40, 942.63, 38.09, 32.65, -22.60, 0.82608, 0.01778, 0.21425, 0.52093
246, 15, 52.821, 16.885, 12.537, -169.31, -174.07, 925.60, 61.58, -37.27, 28.86, 0.83051, 0.01012, 0.18128, 0.52658
246, 15, 54.460, 11.888, 12.537, 85.27, -192.44, 1068.54, 125.85, -27.50, 88.97, 0.82474, 0.03215, 0.14614, 0.54536
246, 16, 58.780, 12.100, 16.296, -277.34, 34.24, 668.95, 164.95, -28.98, 170.96, 0.80229, 0.05185, 0.16752, 0.57059
246, 15, 62.743, 5.586, 24.954, 119.08, 987.12, 1279.24, 145.10, -77.19, 174.90, 0.77215, 0.13995, 0.17101, 0.59578
246, 15, 64.070, -0.421, 28.933, 203.98, 925.29, 1240.05, 56.01, -78.77, 135.64, 0.75262, 0.19655, 0.15423, 0.60922
246, 16, 65.134, -2.301, 26.620, -172.30, 508.30, 1315.61, -14.55, -74.13, 148.09, 0.74816, 0.19012, 0.13122, 0.62200
246, 15, 65.326, -4.099, 23.677, -144.59, 503.11, 1414.06, -38.12, -99.21, 90.98, 0.74937, 0.18035, 0.10360, 0.62863
246, 17, 65.445, -7.116, 18.099, 7.63, 189.45, 1496.95, -73.81, -117.40, 77.64, 0.75298, 0.16000, 0.05291, 0.63609
246, 15, 66.214, -13.645, 12.866, 579.59, 48.28, 1472.96, -73.23, -115.94, 76.07, 0.74720, 0.16111, -0.01890, 0.64450
246, 15, 66.400, -17.709, 9.463, 777.40, -61.16, 1391.17, -22.35, -30.19, 19.17, 0.74505, 0.16115, -0.06484, 0.64399
247, 7, 55.137, -2.909, 2.501, 165.59, 181.88, 1097.96, -16.53, -14.15, -14.88, 0.82366, 0.03235, -0.00857, 0.56610
247, 27, 54.512, -6.540, 1.406, 240.84, 31.98, 1131.10, -16.38, -5.01, -17.42, 0.82571, 0.04216, -0.04032, 0.56107
247, 16, 54.477, -7.551, 1.068, 258.73, -2.14, 1152.89, 0.39, 9.64, -16.20, 0.82551, 0.04465, -0.04928, 0.56046
247, 15, 54.396, -7.231, 1.608, 170.84, 37.11, 1111.27, 11.66, 16.03, -17.99, 0.82585, 0.04695, -0.04436, 0.56017
247, 16, 53.916, -5.662, 3.955, 48.58, 193.79, 1051.09, 12.76, 13.71, -23.70, 0.82796, 0.05612, -0.02179, 0.55754
247, 15, 53.729, -4.861, 5.956, 71.66, 238.22, 1076.54, 3.79, 7.77, -15.88, 0.82823, 0.06669, -0.00636, 0.55636
247, 14, 54.084, -5.038, 6.545, 128.97, 174.62, 1092.04, -4.42, 5.07, -1.58, 0.82605, 0.07181, -0.00456, 0.55899
247, 16, 54.622, -5.417, 5.973, 160.34, 104.00, 1132.39, -7.31, 9.78, 2.88, 0.82354, 0.06957, -0.00976, 0.56289
247, 15, 54.848, -4.270, 4.947, 53.65, 55.85, 1152.95, -7.44, 13.15, -5.70, 0.82361, 0.05660, -0.00642, 0.56429
247, 16, 54.888, -2.759, 4.335, -10.99, 65.67, 1154.05, -5.57, 7.81, -1.67, 0.82432, 0.04479, 0.00147, 0.56435
247, 16, 54.949, -2.417, 4.185, 31.62, 88.13, 1150.51, -5.79, 1.67, 2.96, 0.82420, 0.04203, 0.00321, 0.56473
247, 14, 54.932, -3.151, 4.179, 106.93, 98.63, 1144.17, -7.04, 0.40, 0.87, 0.82402, 0.04559, -0.00211, 0.56472
247, 16, 54.901, -3.415, 4.166, 87.16, 98.21, 1122.01, -8.11, 2.29, -0.80, 0.82408, 0.04680, -0.00408, 0.56452
247, 15, 54.507, -3.971, 4.147, 116.58, 99.91, 1089.05, -11.09, 2.62, -14.52, 0.82579, 0.04936, -0.00835, 0.56174
247, 15, 53.763, -5.096, 4.470, 195.01, 136.17, 1072.63, -15.21, 7.57, -29.56, 0.82875, 0.05708, -0.01526, 0.55650
247, 16, 52.914, -5.834, 4.419, 222.66, 133.91, 1072.39, -25.24, 20.48, -40.59, 0.83248, 0.06012, -0.02130, 0.55037
247, 15, 52.323, -5.181, 2.535, 150.70, 8.85, 1073.00, -34.24, 33.60, -43.07, 0.83648, 0.04317, -0.02582, 0.54568
247, 14, 51.279, -2.970, -0.123, 22.64, -76.78, 1083.31, -35.71, 36.45, -45.81, 0.84275, 0.01303, -0.02242, 0.53768
247, 17, 50.568, 0.033, -2.911, -207.76, -253.97, 1267.94, -19.67, 18.13, -32.17, 0.84606, -0.02165, -0.01329, 0.53247
247, 15, 50.281, 0.599, -4.314, -89.05, -272.34, 1471.98, 13.15, -8.42, -13.20, 0.84696, -0.03468, -0.01554, 0.53030
247, 15, 49.535, -0.576, -3.791, 62.93, -160.58, 1245.67, 47.23, -10.80, -30.92, 0.85072, -0.02551, -0.02164, 0.52455
247, 16, 49.781, 2.083, 0.415, -313.29, 209.72, 1065.43, 53.41, -21.23, -3.66, 0.84987, -0.00650, 0.01736, 0.52667
247, 15, 51.613, 1.415, 4.700, -127.69, 373.90, 1108.03, 26.71, -52.99, 53.28, 0.84095, 0.02784, 0.03254, 0.53941
247, 16, 53.699, -2.623, 7.159, 130.62, 318.18, 1176.09, 10.18, -79.76, 77.18, 0.82884, 0.06459, 0.01568, 0.55552
247, 15, 56.024, -7.014, 8.343, 230.22, 237.18, 1074.04, 7.66, -71.11, 94.97, 0.81378, 0.09445, -0.00847, 0.57338
247, 15, 59.477, -6.394, 7.009, -142.33, 5.49, 939.09, 24.95, -73.74, 113.22, 0.79764, 0.08219, -0.00824, 0.59746
247, 17, 61.577, -10.715, 10.285, 285.22, 361.51, 1238.77, 59.94, -87.98, 111.29, 0.77960, 0.12748, -0.01903, 0.61287
247, 15, 62.314, -13.850, 11.004, 361.82, 221.62, 1296.88, 38.47, -53.49, 59.82, 0.77093, 0.14893, -0.03583, 0.61823
247, 15, 62.751, -15.683, 9.796, 473.14, 58.29, 1343.63, 27.69, -8.50, 25.81, 0.76764, 0.15061, -0.05432, 0.62055
247, 16, 62.485, -16.927, 8.377, 760.07, -216.06, 1374.51, 57.70, 50.43, -26.05, 0.76920, 0.14747, -0.07083, 0.61772
247, 15, 60.370, -16.293, 9.783, 739.14, 60.36, 1287.84, 66.64, 107.86, -80.31, 0.77953, 0.15247, -0.06173, 0.60438
247, 15, 56.865, -12.904, 12.708, 576.54, 306.70, 1088.20, 36.74, 175.09, -133.60, 0.79847, 0.15430, -0.02751, 0.58127
247, 16, 53.434, -0.451, 13.368, -393.62, 239.69, 1007.32, 1.30, 191.26, -165.59, 0.82684, 0.09909, 0.06119, 0.55025
247, 15, 49.837, 8.991, 13.026, -297.49, 214.84, 838.93, -10.80, 147.54, -148.95, 0.84633, 0.05503, 0.12580, 0.51466
247, 17, 47.269, 18.054, 10.547, -778.32, -11.90, 906.62, 0.43, 102.31, -107.64, 0.85438, -0.00120, 0.18069, 0.48722
247, 16, 47.089, 18.682, 10.876, -347.35, 211.36, 1085.02, 18.59, 20.71, -38.25, 0.85465, -0.00125, 0.18668, 0.48448
247, 15, 47.243, 15.939, 9.514, -106.81, 15.01, 1155.76, 28.89, -0.49, 1.82, 0.85602, 0.00058, 0.16073, 0.49132
247, 16, 48.453, 11.413, 9.101, 118.29, 3.91, 1198.18, 41.85, -12.73, 37.95, 0.85318, 0.01634, 0.12566, 0.50599
247, 15, 52.009, 8.647, 8.082, 26.79, -239.87, 1030.64, 85.93, 3.46, 135.60, 0.83799, 0.01814, 0.10131, 0.53589
247, 14, 56.833, 7.025, 14.777, -189.70, 456.36, 1203.98, 122.51, -23.59, 170.38, 0.81223, 0.06961, 0.12378, 0.56579
247, 17, 60.196, 8.275, 19.379, -620.06, 515.93, 855.77, 56.45, -69.92, 157.34, 0.79252, 0.09127, 0.15783, 0.58196
247, 15, 64.117, 4.543, 23.864, -516.97, 796.63, 861.51, 1.03, -164.70, 209.21, 0.76536, 0.13626, 0.16005, 0.60831
247, 16, 65.013, -4.617, 22.793, 40.22, 488.53, 1060.85, -45.63, -218.70, 187.33, 0.75176, 0.17762, 0.09483, 0.62795
247, 16, 64.593, -16.991, 19.882, 791.20, 333.13, 1304.38, -50.07, -238.21, 127.88, 0.73885, 0.22429, -0.00486, 0.63543
247, 15, 64.992, -27.009, 17.349, 1658.51, 178.16, 1601.68, -12.95, -143.07, 85.98, 0.72046, 0.25984, -0.08532, 0.63728
248, 9, 67.602, -5.301, -3.642, -37.05, -228.64, 1327.51, 18.76, 18.27, -44.71, 0.75789, 0.00608, -0.05574, 0.64997
248, 26, 63.105, -6.241, 6.268, 187.07, 380.86, 1164.98, 57.35, 4.41, -72.55, 0.77894, 0.07656, -0.00862, 0.62234
248, 16, 60.899, -6.016, 11.685, 191.65, 610.47, 1130.92, 30.36, 13.70, -68.94, 0.78649, 0.11248, 0.02017, 0.60694
248, 16, 59.178, -5.096, 13.914, 110.17, 423.71, 1122.50, 5.42, 9.76, -77.81, 0.79406, 0.12352, 0.03648, 0.59403
248, 15, 58.089, -2.303, 15.045, -116.52, 358.28, 1068.54, 1.86, 3.23, -68.59, 0.80091, 0.11766, 0.06071, 0.58396
248, 15, 56.649, -2.558, 15.785, 72.08, 308.41, 1089.60, 16.56, -21.09, -85.85, 0.80719, 0.12490, 0.06112, 0.57368
248, 15, 55.956, -5.590, 16.437, 388.85, 319.34, 1100.04, 16.31, -14.44, -65.67, 0.80699, 0.14473, 0.04205, 0.57100
248, 15, 55.860, -7.072, 18.266, 343.69, 485.78, 1073.97, 7.23, 9.31, -48.67, 0.80331, 0.16482, 0.04050, 0.57086
248, 16, 57.096, -6.785, 18.327, 182.68, 390.99, 1038.09, -16.56, 28.08, -10.80, 0.79737, 0.16338, 0.04461, 0.57924
248, 15, 58.096, -6.201, 17.349, 151.55, 312.44, 1027.95, -24.89, 28.76, -16.43, 0.79433, 0.15331, 0.04513, 0.58609
248, 16, 58.622, -6.994, 15.821, 265.14, 257.02, 1057.74, -23.15, 29.69, -11.47, 0.79272, 0.14653, 0.03240, 0.59082
248, 16, 59.728, -7.736, 15.054, 336.12, 304.93, 1063.42, -25.15, 51.97, 11.60, 0.78711, 0.14473, 0.02465, 0.59909
248, 15, 60.681, -7.540, 15.501, 303.41, 405.40, 1009.77, -28.21, 70.51, 14.60, 0.78176, 0.14656, 0.02957, 0.60540
248, 16, 61.210, -4.250, 16.037, 18.25, 442.20, 979.31, -43.46, 72.62, 5.58, 0.78185, 0.13294, 0.05574, 0.60657
248, 15, 61.363, -0.626, 15.054, -119.26, 350.34, 974.79, -62.22, 49.69, -3.52, 0.78521, 0.10711, 0.07560, 0.60519
248, 15, 61.210, 1.456, 11.214, -132.32, 126.77, 1126.28, -70.27, 16.93, -5.58, 0.79019, 0.06981, 0.06952, 0.60489
248, 16, 60.772, 0.448, 5.861, 94.54, -405.09, 1999.94, -37.83, -9.79, -9.24, 0.79469, 0.03831, 0.03408, 0.60484
248, 15, 61.042, 0.623, 3.914, -77.94, -97.35, 1075.99, 13.28, -20.44, 12.84, 0.79383, 0.02382, 0.02506, 0.60716
248, 15, 58.924, -2.156, 9.698, 116.64, 561.65, 1074.89, 40.02, -58.55, -56.47, 0.80132, 0.07918, 0.03502, 0.59194
248, 17, 57.443, -5.446, 14.231, 212.59, 635.86, 966.06, 8.50, -71.14, -38.27, 0.80228, 0.12804, 0.03374, 0.58207
248, 15, 57.484, -7.654, 15.698, 74.77, 488.34, 1023.13, -29.79, -90.00, 15.10, 0.79795, 0.14926, 0.02566, 0.58338
248, 16, 58.704, -11.193, 14.263, 182.56, 245.73, 1022.40, -29.01, -99.56, 47.89, 0.78921, 0.15686, -0.00498, 0.59373
248, 15, 59.778, -16.433, 13.624, 588.56, 188.23, 1143.49, 13.31, -70.23, 34.85, 0.77688, 0.17900, -0.04334, 0.60212
248, 15, 61.322, -19.420, 13.388, 484.50, 132.02, 1040.77, 46.71, -34.52, 37.26, 0.76404, 0.19320, -0.06275, 0.61236
248, 16, 62.599, -20.932, 16.848, 490.42, 444.89, 1064.03, 76.10, -8.82, 65.06, 0.74799, 0.22433, -0.05213, 0.62247
248, 15, 63.433, -19.633, 20.694, 350.77, 675.17, 1223.08, 70.30, 20.08, 63.69, 0.73827, 0.24295, -0.02060, 0.62889
248, 15, 65.177, -17.483, 20.198, 324.95, 432.37, 1294.56, 24.67, 38.80, 53.28, 0.73403, 0.22890, -0.00526, 0.63936
248, 17, 65.883, -16.380, 17.916, 462.89, 268.19, 1359.80, 1.73, 54.22, 10.28, 0.73651, 0.20849, -0.00931, 0.64343
248, 16, 65.578, -14.403, 16.591, 457.89, 311.22, 1345.95, -4.40, 84.17, -21.39, 0.74391, 0.18937, -0.00404, 0.64087
248, 15, 64.753, -11.405, 16.583, 403.93, 429.63, 1206.73, -24.10, 124.55, -38.87, 0.75315, 0.17333, 0.01473, 0.63444
248, 16, 63.012, -8.615, 12.225, 512.08, -54.44, 1146.61, -42.52, 161.58, -112.15, 0.77201, 0.12960, 0.00743, 0.62222
248, 15, 61.264, -1.668, 8.402, -38.15, -82.34, 888.24, -20.57, 151.30, -100.39, 0.79015, 0.06693, 0.03311, 0.60835
248, 16, 60.220, 8.043, 5.784, -534.97, -207.52, 787.41, 26.38, 128.36, -54.57, 0.79768, -0.00197, 0.08623, 0.59688
248, 15, 61.392, 15.771, 8.498, -844.36, 143.62, 915.10, 73.55, 72.00, 21.90, 0.78888, -0.02532, 0.15318, 0.59461
248, 15, 62.574, 15.098, 12.739, -277.47, 216.00, 849.49, 78.49, -25.88, 61.23, 0.78338, 0.00572, 0.17062, 0.59764
248, 17, 63.151, 8.854, 16.896, 189.94, 353.76, 1055.36, 97.65, -46.69, 54.55, 0.77912, 0.06716, 0.15091, 0.60472
248, 15, 64.910, 6.910, 20.545, -156.80, 273.86, 753.17, 91.95, -56.75, 112.89, 0.76627, 0.10003, 0.15873, 0.61451
248, 15, 64.664, 2.374, 26.589, 27.47, 865.36, 1117.98, 96.60, -96.28, 61.91, 0.75669, 0.16534, 0.16103, 0.61169
248, 16, 63.121, -1.770, 29.608, 22.40, 831.30, 1187.62, 45.52, -121.73, 46.97, 0.75450, 0.20933, 0.14721, 0.60435
248, 15, 61.682, -7.471, 29.723, 224.61, 851.93, 1290.47, -25.42, -143.23, 67.29, 0.75248, 0.24094, 0.10686, 0.60358
248, 15, 61.237, -12.855, 24.575, 529.79, 433.04, 1452.58, -89.04, -94.73, 48.61, 0.75561, 0.23435, 0.04204, 0.61022
249, 8, 55.198, -7.984, 22.860, 209.41, 426.64, 1060.36, -16.75, 16.63, 24.01, 0.79802, 0.20157, 0.05573, 0.56518
249, 27, 56.569, -8.269, 21.882, 198.24, 441.35, 1035.89, -20.45, 18.07, 14.27, 0.79247, 0.19551, 0.05122, 0.57545
249, 15, 56.777, -7.173, 21.409, 88.81, 457.34, 1067.26, -26.76, 8.78, 4.73, 0.79376, 0.18683, 0.05692, 0.57602
249, 14, 56.900, -6.144, 19.926, 43.33, 380.62, 1112.61, -31.28, -5.49, 3.13, 0.79681, 0.17145, 0.05690, 0.57659
249, 16, 57.498, -6.662, 16.436, 112.98, 160.03, 1162.05, -22.26, -18.20, 13.81, 0.79806, 0.14948, 0.03644, 0.58261
249, 16, 58.091, -8.294, 14.506, 222.29, 155.58, 1155.03, 2.34, -20.37, 17.08, 0.79563, 0.14406, 0.01584, 0.58819
249, 15, 58.029, -10.301, 15.500, 327.09, 333.19, 1109.50, 18.68, -12.60, 5.02, 0.79215, 0.16095, 0.00674, 0.58868
249, 16, 57.529, -11.108, 17.886, 316.41, 511.66, 1078.98, 12.93, 4.26, -4.58, 0.79003, 0.18145, 0.01253, 0.58547
249, 15, 57.276, -10.034, 19.250, 173.28, 505.07, 1070.25, -8.32, 17.03, -3.14, 0.79070, 0.18565, 0.02665, 0.58277
249, 15, 57.322, -8.314, 18.622, 98.63, 386.96, 1091.67, -24.15, 17.23, -3.04, 0.79385, 0.17287, 0.03565, 0.58194
249, 16, 57.360, -7.201, 16.533, 110.23, 262.82, 1111.02, -28.70, 13.18, -9.38, 0.79801, 0.15287, 0.03295, 0.58200
249, 15, 57.208, -6.996, 14.355, 165.77, 201.60, 1137.27, -24.11, 11.29, -17.69, 0.80176, 0.13668, 0.02315, 0.58134
249, 16, 56.881, -7.358, 12.883, 229.55, 207.03, 1150.57, -16.73, 17.36, -22.55, 0.80475, 0.12821, 0.01275, 0.57947
249, 16, 56.296, -7.652, 13.646, 278.14, 361.39, 1087.59, -16.78, 31.67, -28.84, 0.80651, 0.13509, 0.01383, 0.57541
249, 15, 55.863, -5.400, 12.940, 38.15, 270.94, 1047.91, -34.69, 25.84, -30.18, 0.81167, 0.11913, 0.02587, 0.57126
249, 16, 55.594, -3.011, 11.535, -65.00, 240.23, 1118.71, -44.79, 10.28, -24.01, 0.81623, 0.09747, 0.03569, 0.56833
249, 15, 55.762, -2.266, 8.163, -26.79, -14.89, 1279.79, -27.87, -8.13, -9.62, 0.81829, 0.06970, 0.02439, 0.57004
249, 15, 57.059, -2.045, 6.931, -26.43, 76.17, 1194.27, -4.86, -18.13, 35.43, 0.81259, 0.05957, 0.02052, 0.57943
249, 16, 58.204, -4.311, 6.371, 166.99, 79.41, 1411.68, 12.60, -37.97, 39.89, 0.80595, 0.06700, 0.00226, 0.58818
249, 15, 59.688, -4.309, 8.294, -59.75, 219.24, 1030.82, 28.60, -50.33, 64.01, 0.79703, 0.08034, 0.01319, 0.59843
249, 15, 60.884, -6.697, 12.606, 38.57, 453.37, 971.68, 33.00, -80.82, 77.84, 0.78498, 0.12235, 0.02032, 0.60698
249, 17, 62.052, -11.255, 15.544, 356.02, 550.96, 1162.48, 27.64, -78.22, 95.86, 0.76964, 0.16588, 0.00608, 0.61652
249, 15, 63.132, -14.104, 17.803, 317.87, 496.34, 1053.71, 25.64, -42.60, 97.43, 0.75588, 0.19569, 0.00056, 0.62479
249, 16, 63.128, -16.130, 19.479, 400.94, 493.23, 1168.33, 31.04, -24.35, 60.39, 0.74932, 0.21716, -0.00408, 0.62558
249, 15, 62.984, -15.638, 19.116, 325.68, 399.29, 1323.49, 22.43, 3.36, 35.42, 0.75169, 0.21225, -0.00299, 0.62443
249, 15, 62.916, -16.358, 16.894, 517.27, 190.49, 1351.01, 9.86, 21.90, 8.76, 0.75478, 0.20135, -0.02012, 0.62399
249, 16, 61.550, -16.806, 15.516, 861.27, 140.99, 1450.13, 13.11, 74.39, -55.51, 0.76377, 0.19419, -0.03298, 0.61470
249, 15, 58.944, -14.978, 14.615, 736.63, 83.50, 1211.67, 16.88, 138.64, -124.24, 0.78200, 0.17821, -0.02930, 0.59654
249, 15, 56.649, -8.865, 13.928, 299.87, 137.45, 943.60, 11.60, 194.42, -134.40, 0.80304, 0.14300, 0.00705, 0.57847
249, 17, 55.538, 3.276, 13.416, -454.47, 110.17, 875.12, 14.72, 189.79, -98.88, 0.81839, 0.07988, 0.08977, 0.56197
249, 15, 55.200, 14.186, 12.426, -838.20, 7.08, 814.76, 22.46, 132.47, -50.63, 0.82058, 0.01898, 0.16199, 0.54776
249, 15, 56.523, 18.959, 14.096, -794.25, 222.35, 942.14, 45.62, 15.98, 22.06, 0.81191, 0.00482, 0.20333, 0.54721
249, 17, 58.195, 15.105, 16.552, -132.57, 310.18, 1007.81, 51.51, -33.68, 46.78, 0.80479, 0.03900, 0.18910, 0.56127
249, 15, 60.669, 10.541, 16.580, -24.17, 73.91, 871.15, 63.29, -34.07, 113.98, 0.79253, 0.05931, 0.15924, 0.58568
249, 16, 64.290, 9.060, 19.843, -257.87, 193.05, 802.06, 115.30, -59.03, 170.80, 0.77122, 0.08439, 0.16862, 0.60801
249, 15, 66.371, 2.815, 26.855, 29.66, 895.57, 1169.68, 120.43, -112.67, 150.63, 0.74762, 0.16223, 0.16776, 0.62178
249, 15, 64.561, -2.765, 31.808, 89.17, 1248.96, 1241.64, 44.88, -147.77, 67.31, 0.74109, 0.22701, 0.15508, 0.61253
249, 17, 63.093, -9.924, 30.630, 377.56, 765.81, 1202.39, -43.17, -150.99, 93.03, 0.73834, 0.25795, 0.09828, 0.61535
249, 15, 62.833, -15.499, 25.857, 504.39, 439.09, 1297.30, -73.90, -102.62, 84.21, 0.73902, 0.25542, 0.03433, 0.62244
249, 15, 63.465, -17.256, 19.168, 322.57, 247.86, 1508.42, -98.77, -68.01, 68.69, 0.74595, 0.22094, -0.01278, 0.62816
249, 16, 65.059, -18.072, 11.597, 303.47, -75.56, 1578.55, -96.58, -50.02, 65.25, 0.74884, 0.17631, -0.05732, 0.63629
249, 15, 66.063, -18.018, 5.370, 252.26, -384.77, 1623.23, -44.28, -44.75, 26.39, 0.75181, 0.13588, -0.09025, 0.63888
250, 8, 55.935, -9.101, 17.108, 245.73, 328.49, 1122.44, -7.10, -2.00, 5.94, 0.80205, 0.16650, 0.02040, 0.57322
250, 27, 56.700, -8.198, 18.995, 124.27, 436.89, 1002.99, -7.66, 4.37, 15.85, 0.79658, 0.17510, 0.03741, 0.57741
250, 14, 56.988, -8.045, 19.297, 131.04, 417.24, 1012.21, -15.31, -0.96, 14.59, 0.79487, 0.17634, 0.04046, 0.57918
250, 16, 57.371, -8.839, 18.016, 210.51, 331.91, 1098.39, -18.30, -0.08, 19.09, 0.79381, 0.17124, 0.02895, 0.58284
250, 16, 57.539, -9.113, 16.495, 214.78, 279.48, 1145.26, -14.37, 6.32, 8.55, 0.79481, 0.16201, 0.01951, 0.58451
250, 15, 57.136, -8.730, 15.969, 193.30, 313.96, 1136.96, -10.16, 13.14, -10.04, 0.79807, 0.15654, 0.01898, 0.58157
250, 16, 56.264, -7.698, 16.230, 146.30, 356.63, 1078.00, -13.97, 17.70, -27.47, 0.80336, 0.15347, 0.02644, 0.57476
250, 15, 55.169, -7.014, 16.268, 167.36, 360.23, 1065.31, -23.86, 19.59, -42.63, 0.80956, 0.15069, 0.03004, 0.56657
250, 15, 54.133, -6.430, 15.806, 179.44, 356.38, 1078.19, -37.97, 24.20, -50.24, 0.81588, 0.14489, 0.03063, 0.55893
250, 16, 53.747, -5.293, 13.834, 115.97, 260.80, 1076.35, -53.96, 27.00, -38.86, 0.82122, 0.12548, 0.02878, 0.55590
250, 15, 54.074, -2.975, 9.375, -83.37, -67.99, 1270.26, -40.71, 14.95, -16.90, 0.82541, 0.08222, 0.02414, 0.55799
250, 15, 54.483, -2.301, 6.866, -4.94, -22.83, 1359.50, -2.82, -3.11, 0.99, 0.82532, 0.06080, 0.01702, 0.56112
250, 17, 55.321, -0.336, 7.380, -205.14, 164.18, 1147.52, 9.95, -18.46, 26.69, 0.82171, 0.05466, 0.03410, 0.56625
250, 15, 56.996, -0.139, 10.045, -165.77, 349.91, 1011.84, 12.74, -48.56, 67.54, 0.81196, 0.07207, 0.04973, 0.57711
250, 16, 58.801, -2.039, 12.622, -67.75, 380.55, 973.45, 9.19, -78.77, 92.06, 0.79975, 0.09905, 0.05081, 0.58992
250, 15, 60.671, -6.461, 14.541, 125.12, 392.40, 988.95, 6.22, -96.73, 117.99, 0.78418, 0.13442, 0.03195, 0.60495
250, 15, 62.722, -12.674, 15.163, 385.38, 322.94, 992.55, 13.39, -88.29, 134.16, 0.76456, 0.17071, -0.00471, 0.62151
250, 16, 64.531, -17.165, 14.834, 397.34, 257.26, 1107.73, 30.03, -69.57, 124.99, 0.74807, 0.19242, -0.03412, 0.63420
250, 15, 65.288, -20.658, 16.148, 548.10, 378.78, 1199.16, 50.40, -40.78, 97.69, 0.73509, 0.21958, -0.04892, 0.63956
250, 15, 65.594, -18.962, 17.135, 372.80, 536.87, 1610.41, 31.09, 4.35, 51.57, 0.73478, 0.21709, -0.03147, 0.64185
250, 17, 65.506, -16.912, 13.544, 280.88, -4.76, 1324.16, -1.01, 26.32, -10.96, 0.74517, 0.18298, -0.03799, 0.64015
250, 15, 63.888, -17.639, 12.872, 814.51, 133.30, 1387.70, 15.71, 61.19, -54.14, 0.75402, 0.18183, -0.04919, 0.62926
250, 15, 60.146, -15.828, 13.739, 764.59, 263.73, 1308.53, 7.90, 122.77, -139.75, 0.77572, 0.17686, -0.03796, 0.60459
250, 16, 57.405, -11.885, 13.320, 540.34, 183.65, 1069.76, -11.26, 185.18, -147.01, 0.79626, 0.15365, -0.01645, 0.58489
250, 16, 55.634, -1.578, 11.682, -70.37, 86.30, 778.87, -18.96, 213.83, -132.82, 0.81683, 0.09145, 0.04670, 0.56767
250, 16, 54.295, 11.630, 9.058, -712.22, -91.06, 675.23, -8.66, 182.13, -98.84, 0.82622, 0.00854, 0.12767, 0.54863
250, 15, 54.632, 19.371, 8.276, -884.34, -52.31, 944.03, 30.18, 81.83, -14.57, 0.81984, -0.03554, 0.17876, 0.54282
250, 15, 55.839, 20.541, 11.868, -450.44, 250.18, 994.20, 64.63, 9.13, 26.41, 0.81400, -0.01775, 0.20368, 0.54370
250, 17, 58.454, 16.019, 15.708, -166.56, 290.71, 988.16, 72.01, -50.83, 97.49, 0.80356, 0.02792, 0.19127, 0.56297
250, 15, 62.211, 10.595, 18.545, -53.83, 159.42, 832.89, 101.30, -48.66, 178.60, 0.78349, 0.07032, 0.17059, 0.59337
250, 15, 64.585, 4.371, 23.355, 38.64, 543.64, 1143.68, 103.47, -85.52, 158.68, 0.76331, 0.13315, 0.15675, 0.61242
250, 16, 64.091, -0.822, 27.659, 31.92, 528.44, 751.65, 67.19, -117.71, 95.66, 0.75410, 0.19028, 0.14483, 0.61168
250, 15, 62.811, -5.654, 30.421, 60.06, 798.03, 1064.39, 32.14, -139.56, 97.37, 0.74829, 0.23513, 0.12508, 0.60756
250, 15, 61.012, -10.072, 29.649, 153.69, 685.97, 1224.55, -13.69, -138.87, 82.07, 0.75130, 0.25401, 0.08741, 0.60281
250, 16, 60.576, -13.556, 25.785, 135.68, 501.65, 1331.12, -54.18, -134.59, 97.65, 0.75523, 0.24605, 0.04227, 0.60606
250, 15, 62.110, -19.478, 20.540, 618.65, 277.28, 1490.91, -57.02, -108.67, 84.71, 0.74613, 0.24093, -0.02318, 0.62025
250, 17, 63.521, -21.670, 15.152, 672.24, -49.56, 1564.94, -33.66, -37.35, 25.66, 0.74477, 0.21752, -0.06461, 0.62756
250, 15, 64.852, -21.131, 10.996, 550.11, -201.84, 1592.10, 9.79, 9.73, 1.56, 0.74581, 0.18853, -0.08150, 0.63371
250, 15, 64.898, -17.744, 10.098, 264.71, 62.44, 1466.19, 33.64, 37.12, -13.76, 0.75248, 0.16464, -0.06367, 0.63452
251, 7, 55.223, -5.464, 22.064, 183.53, 589.54, 1058.17, 0.59, 8.64, 12.13, 0.80270, 0.18401, 0.06974, 0.56299
251, 26, 57.404, -7.510, 20.895, 218.57, 427.49, 1088.38, -18.70, 7.07, 21.35, 0.79097, 0.18461, 0.05297, 0.58093
251, 16, 58.120, -7.784, 18.728, 183.90, 298.22, 1138.61, -17.23, 8.58, 16.27, 0.79031, 0.17072, 0.04111, 0.58700
251, 16, 58.799, -7.363, 16.422, 109.13, 185.24, 1146.30, -1.63, 1.34, 18.23, 0.79060, 0.15249, 0.03316, 0.59212
251, 15, 58.885, -7.280, 16.288, 120.79, 298.89, 1112.43, 8.52, -6.60, 10.50, 0.79043, 0.15112, 0.03315, 0.59269
251, 16, 58.461, -7.493, 17.115, 136.96, 379.70, 1092.16, 4.71, -12.93, -1.24, 0.79125, 0.15802, 0.03536, 0.58967
251, 15, 58.057, -8.299, 17.557, 185.67, 376.28, 1069.70, -3.96, -15.11, -2.35, 0.79169, 0.16522, 0.03140, 0.58732
251, 15, 57.552, -9.457, 17.302, 247.19, 339.48, 1076.90, -10.86, -11.85, -12.06, 0.79312, 0.16930, 0.02122, 0.58467
251, 16, 57.193, -10.754, 15.868, 313.48, 227.05, 1099.49, -10.15, -2.62, -20.97, 0.79530, 0.16578, 0.00424, 0.58310
251, 15, 56.940, -11.539, 15.511, 324.28, 266.11, 1070.25, -0.76, 12.44, -20.55, 0.79603, 0.16714, -0.00351, 0.58172
251, 16, 56.193, -10.709, 16.543, 243.77, 370.61, 1056.95, -1.27, 25.81, -32.27, 0.79943, 0.17030, 0.00650, 0.57608
251, 16, 55.618, -8.818, 17.586, 142.94, 438.23, 1052.92, -14.53, 31.57, -31.39, 0.80330, 0.16855, 0.02433, 0.57071
251, 15, 55.175, -6.906, 18.003, 86.24, 465.52, 1029.85, -40.16, 26.66, -29.35, 0.80728, 0.16241, 0.03940, 0.56600
251, 16, 55.026, -5.709, 17.045, 90.76, 381.35, 1011.11, -58.11, 19.38, -24.86, 0.81069, 0.14994, 0.04302, 0.56431
251, 15, 55.365, -4.242, 14.914, 12.33, 299.44, 1044.56, -67.58, 8.19, -8.51, 0.81306, 0.12761, 0.04340, 0.56636
251, 15, 56.168, -3.531, 10.742, -15.99, 14.71, 1295.72, -43.36, -9.37, 8.54, 0.81367, 0.09424, 0.02851, 0.57292
251, 16, 57.116, -2.363, 8.777, -141.97, 76.29, 1214.78, -15.34, -31.56, 25.30, 0.81106, 0.07425, 0.02763, 0.57957
251, 15, 58.183, -3.456, 10.218, -28.75, 305.05, 1070.68, -2.22, -62.43, 45.10, 0.80395, 0.08967, 0.02800, 0.58723
251, 15, 59.862, -6.766, 12.288, 105.16, 366.52, 983.52, -1.38, -80.47, 76.90, 0.79063, 0.12069, 0.01708, 0.60003
251, 17, 61.387, -11.319, 13.897, 301.76, 398.80, 1016.60, 3.20, -80.22, 91.06, 0.77543, 0.15511, -0.00412, 0.61208
251, 15, 62.945, -15.812, 14.092, 480.16, 311.71, 1142.70, 13.23, -58.11, 89.09, 0.76020, 0.18000, -0.03160, 0.62346
251, 16, 64.688, -18.314, 13.334, 476.26, 233.15, 1300.42, 27.81, -31.22, 85.38, 0.74773, 0.18876, -0.04990, 0.63465
251, 15, 65.187, -19.177, 14.111, 547.97, 309.57, 1348.39, 46.30, 13.94, 48.39, 0.74214, 0.19860, -0.05054, 0.63815
251, 15, 64.170, -16.054, 13.920, 323.12, 256.47, 1338.20, 22.11, 59.04, -16.23, 0.75338, 0.18047, -0.03225, 0.63151
251, 16, 62.576, -13.516, 12.520, 410.34, 103.39, 1354.25, 17.65, 87.65, -60.72, 0.76794, 0.15743, -0.02500, 0.62037
251, 15, 59.511, -11.623, 11.190, 591.13, 15.99, 1308.84, 10.56, 122.28, -128.43, 0.78842, 0.13798, -0.02294, 0.59902
251, 15, 56.033, -7.236, 9.948, 381.53, 56.15, 1147.40, 3.33, 173.13, -147.08, 0.81214, 0.10694, -0.00202, 0.57358
251, 17, 53.401, 3.032, 9.051, -234.56, 75.93, 852.60, -5.34, 189.09, -135.39, 0.83118, 0.05111, 0.06562, 0.54974
251, 15, 51.262, 14.628, 6.758, -765.08, -120.24, 716.06, 8.09, 147.22, -105.22, 0.83882, -0.01905, 0.13859, 0.52613
251, 15, 51.042, 21.958, 6.417, -939.94, -64.21, 929.63, 43.65, 67.32, -29.14, 0.83310, -0.05556, 0.18997, 0.51650
251, 16, 52.991, 21.289, 9.637, -350.65, 160.77, 994.75, 80.98, 4.20, 24.36, 0.82616, -0.03239, 0.19911, 0.52608
251, 15, 54.478, 16.964, 10.818, -59.63, -29.11, 812.81, 108.18, -26.21, 59.60, 0.82278, -0.00524, 0.17386, 0.54108
251, 17, 58.199, 10.815, 15.441, 136.11, 122.74, 845.03, 149.60, -19.39, 126.66, 0.80556, 0.05331, 0.15416, 0.56961
251, 15, 62.524, 5.775, 23.715, 105.90, 531.86, 899.17, 169.14, -21.29, 158.09, 0.77491, 0.13089, 0.16556, 0.59580
251, 15, 64.947, 2.577, 32.627, -101.32, 1164.86, 1001.22, 131.71, -52.36, 134.35, 0.74572, 0.20339, 0.19483, 0.60380
251, 17, 64.705, 0.574, 35.440, -192.93, 1093.02, 1277.16, 44.95, -78.82, 96.79, 0.73858, 0.23267, 0.19627, 0.60153
251, 15, 62.993, 0.132, 34.556, -377.14, 850.40, 1193.05, -25.60, -115.13, 68.16, 0.74858, 0.23209, 0.18533, 0.59281
251, 15, 61.007, -3.095, 29.848, -75.32, 646.73, 1421.88, -80.67, -139.54, 57.83, 0.76308, 0.22036, 0.13565, 0.59225
251, 16, 60.316, -8.417, 22.974, 244.02, 317.57, 1437.99, -116.96, -133.22, 65.89, 0.77113, 0.20183, 0.06230, 0.60062
251, 15, 61.186, -14.794, 14.122, 700.99, -217.53, 1601.68, -125.29, -109.53, 61.82, 0.77122, 0.17449, -0.02718, 0.61158
251, 15, 62.844, -17.667, 7.000, 707.95, -419.56, 1634.40, -63.35, -29.74, 38.16, 0.76797, 0.14237, -0.08284, 0.61894
251, 16, 63.059, -15.521, 5.000, 285.95, -116.15, 1432.92, 21.83, 32.46, 2.41, 0.77180, 0.11771, -0.07882, 0.61989
252, 7, 54.953, -2.990, 9.318, 130.49, 106.81, 1145.32, 5.04, -8.83, -1.88, 0.82114, 0.08170, 0.02439, 0.56432
252, 27, 55.241, -5.019, 12.454, 167.24, 335.27, 1110.35, 10.47, -3.78, 1.98, 0.81559, 0.11395, 0.02555, 0.56673
252, 15, 55.150, -5.714, 14.062, 168.70, 387.02, 1050.17, -2.26, 1.05, -5.31, 0.81371, 0.12878, 0.02842, 0.56612
252, 16, 54.982, -6.042, 14.528, 159.55, 345.70, 1069.27, -16.66, 5.61, -10.67, 0.81368, 0.13372, 0.02818, 0.56503
252, 16, 55.174, -5.581, 13.444, 103.45, 258.24, 1101.62, -26.47, 7.63, -4.20, 0.81439, 0.12374, 0.02635, 0.56636
252, 16, 55.562, -5.351, 11.367, 104.92, 160.46, 1102.17, -28.21, 6.37, 1.50, 0.81477, 0.10778, 0.01809, 0.56939
252, 15, 55.806, -5.381, 9.724, 120.18, 141.42, 1089.66, -23.22, 6.31, -0.40, 0.81499, 0.09621, 0.00991, 0.57135
252, 15, 55.951, -4.807, 9.019, 71.17, 181.15, 1074.40, -23.50, 5.47, 0.79, 0.81525, 0.08835, 0.01062, 0.57223
252, 15, 56.178, -4.765, 8.112, 102.60, 165.89, 1146.48, -24.77, 4.27, 4.78, 0.81482, 0.08168, 0.00655, 0.57390
252, 15, 56.196, -4.669, 7.136, 116.39, 145.39, 1238.89, -22.01, 8.20, -2.14, 0.81545, 0.07425, 0.00236, 0.57403
252, 15, 55.722, -4.747, 5.971, 187.19, 86.43, 1516.66, -9.20, 15.08, -21.95, 0.81849, 0.06633, -0.00431, 0.57066
252, 16, 55.188, 0.164, 4.845, -419.92, -3.23, 1069.03, -0.66, -6.25, -16.01, 0.82348, 0.03403, 0.02511, 0.56576
252, 16, 55.187, 0.539, 6.704, -171.69, 267.15, 1101.93, 0.94, -48.47, 8.70, 0.82293, 0.04553, 0.03698, 0.56511
252, 15, 55.472, -1.951, 8.556, 13.31, 312.81, 1018.80, -13.15, -76.22, 23.97, 0.81965, 0.07102, 0.02842, 0.56774
252, 16, 56.370, -6.730, 8.669, 246.09, 223.39, 1046.63, -19.77, -80.45, 47.20, 0.81200, 0.09538, -0.00453, 0.57579
252, 15, 57.939, -10.560, 6.578, 301.39, -14.77, 1124.27, 1.95, -64.55, 56.11, 0.80249, 0.10013, -0.04098, 0.58677
252, 16, 59.884, -13.835, 6.708, 461.43, 96.19, 1373.78, 37.99, -42.16, 74.15, 0.78888, 0.11857, -0.06140, 0.59987
252, 15, 62.632, -14.030, 6.484, 214.97, 29.36, 1081.36, 61.97, -12.44, 100.42, 0.77428, 0.11953, -0.06108, 0.61844
252, 15, 64.216, -13.794, 10.979, 201.35, 451.23, 1160.34, 75.18, -0.34, 108.27, 0.76067, 0.14904, -0.03311, 0.63093
252, 16, 65.293, -11.132, 13.269, 42.85, 407.90, 1293.52, 41.23, 18.00, 68.53, 0.75520, 0.15001, -0.00107, 0.63810
252, 16, 65.028, -11.040, 10.967, 375.00, -19.59, 1387.27, 21.96, 40.69, -0.34, 0.75964, 0.13428, -0.01359, 0.63619
252, 15, 61.474, -11.141, 11.497, 751.95, 163.33, 1460.51, 28.86, 90.49, -115.66, 0.77825, 0.13792, -0.01561, 0.61242
252, 16, 56.774, -7.507, 11.471, 442.63, 208.68, 1238.10, -10.73, 157.16, -186.30, 0.80666, 0.11903, 0.00444, 0.57889
252, 15, 53.455, 2.387, 10.067, -197.27, 148.25, 901.12, -41.95, 179.92, -164.90, 0.83027, 0.06155, 0.06586, 0.55002
252, 15, 50.057, 12.897, 5.085, -567.69, -205.93, 767.33, -33.33, 143.88, -148.14, 0.84514, -0.02193, 0.11853, 0.52077
252, 16, 47.353, 19.315, 0.704, -521.36, -252.87, 788.51, 0.83, 86.84, -95.73, 0.84926, -0.08012, 0.14751, 0.50058
252, 15, 47.535, 23.031, 1.119, -720.83, -39.61, 1133.85, 43.17, 35.33, -25.76, 0.84378, -0.09359, 0.17659, 0.49809
252, 16, 47.881, 19.424, 4.204, -174.38, 113.65, 1087.65, 65.33, -14.64, -1.56, 0.84890, -0.05538, 0.16328, 0.49965
252, 16, 49.828, 13.967, 6.931, 135.07, 17.21, 975.65, 97.82, -11.03, 68.44, 0.84579, -0.01299, 0.13475, 0.51605
252, 15, 54.117, 8.120, 11.604, 364.75, 181.76, 1108.15, 120.06, 11.74, 148.17, 0.82712, 0.04429, 0.11475, 0.54840
252, 16, 58.272, 7.939, 14.399, -176.76, 92.29, 868.41, 122.10, 3.73, 174.82, 0.80545, 0.06070, 0.12909, 0.57524
252, 15, 62.965, 5.550, 23.327, -278.63, 892.70, 1049.80, 134.74, -52.98, 212.53, 0.77287, 0.12885, 0.16254, 0.59970
252, 15, 65.189, 1.243, 29.305, -258.61, 1182.68, 1186.34, 66.15, -111.23, 201.71, 0.74829, 0.18852, 0.16897, 0.61317
252, 16, 64.876, -4.939, 30.408, -36.56, 833.56, 1066.83, -21.75, -165.66, 185.13, 0.73849, 0.22900, 0.13393, 0.61988
252, 15, 65.002, -14.718, 25.835, 479.00, 368.35, 1215.27, -57.85, -177.22, 184.83, 0.72879, 0.25056, 0.04426, 0.63571
253, 7, 67.019, -16.013, 19.710, 253.17, 219.73, 1042.18, 15.75, 52.57, 41.50, 0.72743, 0.21801, 0.00538, 0.65061
253, 28, 68.163, -8.811, 13.131, -116.82, 35.77, 1192.87, -13.39, 16.43, 13.99, 0.74200, 0.13611, 0.01716, 0.65622
253, 15, 69.603, -6.342, 11.094, -146.48, 99.43, 1115.30, -6.23, -10.51, 67.05, 0.73843, 0.10869, 0.02310, 0.66512
253, 15, 70.405, -8.544, 8.795, 239.75, 37.84, 1175.78, -5.81, -24.78, 53.91, 0.73388, 0.10652, -0.00384, 0.67087
253, 15, 70.818, -10.669, 6.515, 336.12, 56.58, 1233.09, -29.15, -13.11, 39.60, 0.73158, 0.10432, -0.03056, 0.67303
253, 15, 70.706, -11.953, 3.248, 403.69, -136.84, 1272.83, -25.84, 12.19, 5.71, 0.73388, 0.09084, -0.05808, 0.67067
253, 16, 70.153, -10.884, 0.865, 276.31, -188.42, 1292.85, 1.68, 38.29, -27.02, 0.73957, 0.06901, -0.06548, 0.66632
253, 16, 68.390, -8.697, 1.713, 155.03, -6.90, 1204.90, 30.37, 46.88, -57.00, 0.75062, 0.06107, -0.04733, 0.65620
253, 15, 65.446, -7.026, 3.869, 172.55, 103.33, 1260.50, 38.46, 45.09, -101.54, 0.76705, 0.06501, -0.02568, 0.63776
253, 16, 63.515, -5.527, 6.258, 189.70, 263.43, 1288.64, 18.44, 51.23, -79.04, 0.77718, 0.07265, -0.00354, 0.62506
253, 15, 60.157, -3.350, 7.755, 122.25, 246.64, 1252.32, 5.19, 52.91, -144.66, 0.79550, 0.07154, 0.01736, 0.60146
253, 16, 56.442, -1.610, 8.111, 117.43, 153.63, 1179.50, 9.86, 45.20, -179.90, 0.81524, 0.06591, 0.02922, 0.57462
253, 15, 54.439, -0.477, 8.055, 115.30, 126.71, 1079.41, 9.65, 42.24, -140.17, 0.82565, 0.06047, 0.03596, 0.55977
253, 15, 53.456, -0.759, 7.806, 211.30, 107.18, 1022.28, 9.25, 41.12, -112.88, 0.83045, 0.06033, 0.03219, 0.55288
253, 16, 52.485, -1.302, 8.983, 212.71, 211.79, 898.74, 3.61, 47.65, -89.77, 0.83420, 0.07176, 0.03332, 0.54575
253, 16, 50.253, -2.102, 10.640, 257.02, 281.01, 881.65, 1.75, 37.01, -141.55, 0.84311, 0.08828, 0.03368, 0.52938
253, 15, 50.759, -1.997, 10.816, 237.43, 276.18, 994.14, -25.79, 60.75, -64.54, 0.84068, 0.08893, 0.03566, 0.53298
253, 16, 51.802, 0.794, 8.582, -22.09, 111.39, 1016.36, -41.95, 57.52, -44.17, 0.83846, 0.05915, 0.04634, 0.53976
253, 15, 52.915, 4.570, 5.890, -259.77, -5.62, 1009.70, -33.16, 28.85, -17.85, 0.83462, 0.02099, 0.06148, 0.54699
253, 14, 55.060, 4.111, 3.881, -58.11, -88.01, 1245.54, 2.94, -7.83, 35.36, 0.82450, 0.00765, 0.04871, 0.56371
253, 16, 57.653, -0.426, 5.499, 505.86, 163.21, 1483.40, 42.46, -14.12, 62.13, 0.81077, 0.04111, 0.02500, 0.58339
253, 15, 60.074, 0.336, 8.484, -51.88, 250.49, 1131.65, 53.76, 7.93, 60.64, 0.79723, 0.05737, 0.04679, 0.59912
253, 15, 62.031, 2.222, 14.690, -360.23, 630.74, 966.06, 60.19, -31.20, 70.85, 0.78382, 0.08902, 0.09372, 0.60738
253, 17, 63.759, -1.157, 19.977, -16.24, 709.23, 932.31, 40.63, -85.71, 101.43, 0.76661, 0.14144, 0.10088, 0.61816
253, 15, 65.158, -4.790, 23.321, 3.48, 596.07, 987.06, 41.77, -99.44, 122.47, 0.74990, 0.18189, 0.09680, 0.62865
253, 16, 65.727, -12.368, 25.135, 525.57, 575.50, 1073.67, 40.22, -110.33, 114.88, 0.73092, 0.23354, 0.05754, 0.63868
253, 15, 65.567, -17.823, 24.740, 976.01, 434.14, 1372.01, 34.90, -33.39, 42.85, 0.72145, 0.25949, 0.01870, 0.64173
253, 15, 65.423, -17.830, 21.587, 631.35, 129.76, 1436.16, 19.74, 41.33, -22.06, 0.72911, 0.23958, 0.00068, 0.64109
253, 16, 64.676, -17.357, 19.189, 881.65, 67.63, 1430.30, 22.05, 99.38, -64.58, 0.73904, 0.22172, -0.01101, 0.63603
253, 15, 61.795, -15.361, 19.533, 894.29, 292.91, 1109.50, 13.82, 168.24, -142.30, 0.75785, 0.21356, -0.00104, 0.61649
253, 16, 59.370, -4.579, 18.309, 11.90, 255.13, 987.55, -16.62, 205.08, -150.47, 0.78833, 0.15115, 0.06308, 0.59306
253, 17, 59.946, 5.519, 16.286, -326.29, 130.98, 722.90, -23.86, 170.70, -38.98, 0.79508, 0.08459, 0.12302, 0.58785
253, 15, 60.575, 14.523, 13.820, -880.98, -143.37, 825.74, 17.21, 86.64, 13.60, 0.79372, 0.01924, 0.17210, 0.58311
253, 16, 61.149, 18.039, 11.909, -675.11, -211.85, 852.17, 57.36, -13.33, 63.06, 0.78948, -0.01356, 0.18608, 0.58474
253, 15, 62.735, 18.097, 12.675, -412.35, -50.05, 626.65, 94.24, -81.88, 109.17, 0.78137, -0.01122, 0.19023, 0.59426
253, 15, 66.683, 10.875, 19.617, -62.01, 449.77, 922.42, 115.84, -115.90, 167.69, 0.75921, 0.06913, 0.18083, 0.62138
253, 16, 68.936, 1.888, 25.785, 178.28, 639.47, 838.99, 90.25, -140.70, 166.54, 0.73389, 0.15681, 0.15949, 0.64139
253, 15, 68.843, -6.443, 28.626, 450.74, 1002.93, 1330.69, 27.63, -145.49, 131.71, 0.71738, 0.22132, 0.12208, 0.64921
253, 15, 67.905, -11.770, 26.910, 277.22, 750.73, 1274.60, -66.67, -123.84, 91.72, 0.71615, 0.24030, 0.07598, 0.65085
253, 17, 67.587, -14.582, 20.389, 200.07, 466.25, 1428.59, -149.99, -116.48, 76.58, 0.72556, 0.21455, 0.01976, 0.65356
253, 16, 69.164, -18.028, 9.567, 429.26, -390.99, 1562.44, -154.19, -93.06, 55.85, 0.72868, 0.16512, -0.06241, 0.66171
253, 15, 71.586, -19.695, 0.343, 356.38, -652.95, 1510.86, -99.59, -72.30, 47.00, 0.72382, 0.11814, -0.12370, 0.66845
253, 16, 73.002, -20.778, -4.098, 419.62, -368.10, 1421.88, -35.19, -55.73, 28.98, 0.71863, 0.09827, -0.15510, 0.67072
254, 8, 60.652, -8.680, 14.413, 83.44, 179.02, 1141.78, 1.27, 6.71, -3.83, 0.78196, 0.14502, 0.01589, 0.60602
254, 26, 60.707, -10.530, 15.627, 251.46, 316.59, 1092.71, 13.24, -6.81, 9.16, 0.77770, 0.16278, 0.00958, 0.60712
254, 16, 60.183, -11.271, 17.029, 281.62, 432.86, 1101.32, 1.43, -2.15, -0.37, 0.77735, 0.17612, 0.01109, 0.60380
254, 16, 59.893, -11.123, 16.462, 235.90, 342.35, 1142.58, -17.98, 3.22, -5.44, 0.77995, 0.17154, 0.00869, 0.60181
254, 15, 60.151, -10.770, 14.594, 215.94, 220.21, 1142.03, -17.59, 8.38, 1.53, 0.78176, 0.15702, 0.00169, 0.60349
254, 16, 60.208, -10.291, 13.135, 198.12, 189.09, 1121.83, -8.65, 8.77, -4.77, 0.78398, 0.14460, -0.00259, 0.60370
254, 15, 59.983, -9.884, 12.522, 198.85, 208.74, 1120.73, -0.95, 8.78, -11.76, 0.78641, 0.13830, -0.00327, 0.60202
254, 16, 59.736, -9.190, 12.651, 165.04, 242.92, 1111.21, 4.79, 8.35, -10.73, 0.78835, 0.13563, 0.00195, 0.60009
254, 15, 59.248, -8.496, 14.124, 148.80, 375.12, 1096.68, 1.30, 7.34, -12.58, 0.78990, 0.14228, 0.01389, 0.59634
254, 15, 58.584, -8.336, 14.922, 186.10, 387.33, 1098.51, -16.49, 5.09, -21.83, 0.79252, 0.14707, 0.01831, 0.59156
254, 16, 57.936, -8.769, 14.912, 246.22, 369.81, 1100.95, -31.91, 9.32, -21.84, 0.79535, 0.14926, 0.01438, 0.58731
254, 16, 57.414, -9.155, 13.700, 270.32, 272.58, 1090.76, -39.49, 17.52, -30.83, 0.79911, 0.14280, 0.00480, 0.58396
254, 15, 57.110, -9.190, 12.150, 268.62, 218.93, 1084.53, -39.74, 28.11, -31.51, 0.80248, 0.13214, -0.00369, 0.58186
254, 16, 57.012, -8.253, 10.939, 192.02, 227.17, 1060.00, -44.48, 34.26, -24.99, 0.80528, 0.11898, -0.00330, 0.58082
254, 15, 56.994, -6.688, 10.272, 108.15, 261.23, 1024.29, -52.49, 31.05, -17.43, 0.80748, 0.10650, 0.00441, 0.58019
254, 15, 57.422, -4.088, 7.416, -54.57, 76.42, 1132.93, -51.26, 17.01, -4.87, 0.80943, 0.07327, 0.00870, 0.58257
254, 15, 58.147, -3.803, 4.261, 47.85, -90.45, 1234.62, -23.05, -4.06, 11.01, 0.80756, 0.04955, -0.00501, 0.58768
254, 15, 58.772, -3.560, 3.787, 12.57, 47.55, 1227.05, 1.95, -18.62, 17.39, 0.80463, 0.04499, -0.00548, 0.59204
254, 15, 59.307, -2.908, 5.332, -97.78, 169.68, 1076.97, 12.24, -41.62, 30.78, 0.80147, 0.05245, 0.00733, 0.59568
254, 17, 60.224, -5.145, 8.466, 60.61, 359.38, 1000.67, 10.06, -67.55, 57.01, 0.79353, 0.08583, 0.00865, 0.60238
254, 15, 61.081, -8.686, 10.322, 187.07, 312.07, 1039.25, 7.67, -77.73, 63.44, 0.78435, 0.11707, -0.00535, 0.60914
254, 16, 62.563, -12.460, 10.443, 226.32, 169.49, 991.39, 20.38, -81.85, 82.43, 0.77207, 0.13792, -0.02903, 0.61972
254, 15, 64.404, -17.041, 11.528, 423.83, 213.87, 1075.87, 51.72, -72.69, 98.85, 0.75420, 0.17005, -0.05176, 0.63213
254, 15, 65.452, -19.847, 14.387, 398.99, 345.58, 1041.32, 69.85, -49.70, 90.03, 0.73896, 0.20405, -0.05302, 0.63991
254, 16, 65.693, -21.085, 17.460, 425.60, 498.35, 1203.80, 64.20, -31.04, 74.86, 0.72939, 0.23036, -0.04364, 0.64267
254, 15, 64.807, -20.018, 17.943, 437.99, 472.66, 1379.39, 9.67, 9.93, 19.11, 0.73553, 0.22758, -0.03557, 0.63713
254, 15, 65.271, -18.335, 14.777, 365.17, 149.54, 1327.51, -9.37, 23.94, 3.30, 0.74201, 0.19848, -0.04104, 0.63901
254, 17, 65.055, -18.956, 12.769, 795.65, 60.18, 1338.62, 3.22, 63.87, -27.20, 0.74553, 0.18866, -0.05674, 0.63669
254, 15, 63.090, -16.898, 11.597, 655.03, 53.83, 1253.48, 6.37, 120.02, -98.87, 0.76151, 0.16916, -0.05235, 0.62350
254, 15, 60.439, -14.208, 11.013, 642.09, 73.73, 1012.88, -1.57, 176.43, -135.41, 0.78045, 0.15021, -0.04070, 0.60554
254, 17, 58.645, -6.297, 9.052, 127.44, -8.48, 874.21, 3.03, 210.71, -127.71, 0.80044, 0.09592, 0.00239, 0.59169
254, 14, 57.547, 5.371, 7.326, -389.89, -83.62, 720.09, 22.15, 193.26, -85.87, 0.81155, 0.02457, 0.07520, 0.57890
254, 16, 57.230, 15.265, 7.758, -784.97, -22.40, 838.75, 58.35, 123.25, -37.51, 0.81012, -0.02240, 0.14681, 0.56714
254, 15, 58.287, 18.181, 11.572, -465.27, 254.09, 1030.52, 89.26, 42.55, 1.13, 0.80372, -0.01200, 0.18567, 0.56517
254, 16, 57.409, 17.601, 14.305, -301.03, 186.16, 997.31, 99.72, -4.52, 3.85, 0.80832, 0.01167, 0.19506, 0.55537
254, 17, 60.239, 14.918, 22.475, -279.72, 644.78, 868.10, 122.09, -56.76, 92.35, 0.79173, 0.07761, 0.21801, 0.56535
254, 15, 61.308, 8.184, 27.415, 80.87, 689.64, 1062.99, 91.53, -87.07, 91.38, 0.77854, 0.14513, 0.19902, 0.57723
254, 15, 60.814, 5.375, 30.942, -240.11, 639.04, 814.39, 51.72, -122.19, 75.19, 0.77331, 0.18455, 0.19744, 0.57354
254, 16, 59.720, -2.799, 31.311, 237.98, 642.82, 1090.88, 17.49, -156.32, 91.93, 0.76726, 0.23020, 0.14261, 0.58137
254, 15, 58.265, -10.916, 28.991, 640.81, 524.05, 1288.21, -25.36, -134.61, 56.40, 0.76539, 0.25567, 0.07210, 0.58619
254, 15, 58.090, -15.680, 26.452, 556.88, 607.12, 1353.64, -46.75, -73.97, 63.21, 0.76242, 0.26145, 0.02554, 0.59137
254, 16, 58.189, -18.237, 22.859, 547.97, 493.23, 1289.67, -73.47, -26.60, 38.19, 0.76455, 0.24959, -0.01068, 0.59418
254, 15, 59.913, -18.929, 17.164, 493.65, 247.25, 1210.39, -90.75, 16.21, 26.77, 0.76569, 0.21530, -0.04181, 0.60466
254, 17, 62.615, -15.748, 10.015, 118.77, -228.52, 1291.02, -58.28, 40.97, 33.33, 0.76800, 0.15235, -0.05376, 0.61974
254, 15, 64.986, -12.233, 4.736, -10.44, -444.09, 1407.90, 3.43, 37.07, 42.87, 0.76496, 0.09931, -0.05620, 0.63389
254, 15, 65.664, -8.628, 4.558, -112.43, -117.43, 1390.44, 67.00, 18.55, 29.47, 0.76435, 0.07854, -0.03245, 0.63918
254, 16, 65.581, -5.186, 9.668, -305.97, 466.00, 1254.94, 82.98, -8.16, 36.00, 0.76355, 0.09357, 0.01907, 0.63865
255, 8, 59.810, -5.743, 14.937, 136.29, 428.96, 1116.33, -5.36, -4.07, 13.76, 0.78899, 0.13370, 0.03801, 0.59848
255, 26, 58.579, -7.721, 12.915, 205.14, 217.71, 1159.30, -9.15, -10.07, -14.15, 0.79566, 0.13007, 0.01227, 0.59149
255, 16, 57.671, -8.108, 12.530, 193.97, 207.95, 1145.45, 5.00, -5.23, -31.04, 0.80035, 0.12940, 0.00653, 0.58536
255, 15, 56.680, -7.930, 13.116, 166.69, 281.49, 1155.58, 5.78, -3.68, -36.89, 0.80490, 0.13269, 0.00964, 0.57830
255, 15, 55.976, -7.638, 13.196, 146.06, 249.57, 1124.63, 3.72, -5.04, -34.90, 0.80865, 0.13189, 0.01131, 0.57320
255, 16, 55.381, -8.171, 13.472, 195.80, 257.39, 1084.47, 4.59, -4.27, -24.99, 0.81072, 0.13648, 0.00817, 0.56924
255, 16, 55.017, -9.022, 14.280, 257.02, 321.84, 1087.16, 2.26, 1.41, -19.72, 0.81057, 0.14633, 0.00563, 0.56704
255, 15, 55.170, -9.104, 14.524, 235.60, 336.18, 1153.81, -8.00, 12.35, -7.16, 0.80940, 0.14844, 0.00645, 0.56814
255, 16, 55.636, -8.027, 14.701, 141.36, 360.29, 1162.60, -14.89, 18.92, 4.79, 0.80811, 0.14444, 0.01563, 0.57083
255, 15, 56.261, -6.550, 13.822, 77.64, 271.91, 1146.18, -17.51, 18.01, 9.59, 0.80762, 0.13093, 0.02251, 0.57454
255, 15, 56.985, -5.771, 12.949, 85.57, 241.39, 1126.83, -13.34, 11.96, 19.00, 0.80569, 0.12078, 0.02445, 0.57938
255, 15, 57.358, -5.604, 12.619, 112.06, 260.01, 1131.23, -10.26, 7.14, 14.03, 0.80430, 0.11754, 0.02434, 0.58198
255, 15, 57.517, -5.702, 12.679, 125.06, 275.76, 1104.80, -9.34, 5.16, 9.48, 0.80333, 0.11842, 0.02412, 0.58314
255, 17, 57.175, -6.034, 13.417, 159.18, 361.94, 1096.44, -18.98, 5.21, -4.24, 0.80398, 0.12533, 0.02516, 0.58076
255, 15, 56.328, -6.668, 13.588, 224.61, 356.14, 1093.93, -32.66, 11.51, -26.89, 0.80744, 0.12984, 0.02058, 0.57512
255, 15, 55.424, -6.708, 11.866, 219.79, 216.06, 1103.15, -43.87, 25.94, -44.33, 0.81377, 0.11798, 0.01072, 0.56898
255, 16, 54.812, -5.171, 8.957, 103.58, 86.85, 1086.24, -45.18, 34.54, -44.68, 0.82070, 0.08978, 0.00681, 0.56423
255, 15, 54.477, -1.991, 5.382, -111.63, -85.63, 1177.12, -34.97, 31.17, -33.71, 0.82619, 0.04860, 0.01198, 0.56117
255, 15, 54.496, 0.152, 3.220, -150.94, -82.58, 1181.82, -6.90, 3.94, -11.99, 0.82728, 0.02251, 0.01686, 0.56108
255, 16, 54.814, 1.772, 3.424, -216.19, 51.15, 1158.94, 13.05, -23.12, 4.21, 0.82582, 0.01596, 0.02960, 0.56292
255, 15, 55.082, 1.041, 6.680, -121.83, 299.32, 1048.83, 16.47, -56.14, 17.93, 0.82357, 0.04292, 0.04043, 0.56414
255, 17, 55.985, -1.774, 9.865, 26.25, 387.45, 989.87, 7.50, -75.07, 48.16, 0.81633, 0.07934, 0.03653, 0.57094
255, 15, 57.715, -5.142, 11.434, 81.91, 331.05, 1035.83, -2.28, -84.03, 89.75, 0.80404, 0.10684, 0.02193, 0.58449
255, 14, 60.116, -9.928, 11.160, 269.23, 214.23, 1117.13, 6.06, -79.83, 118.16, 0.78725, 0.12919, -0.01057, 0.60286
255, 16, 62.481, -13.883, 11.084, 329.65, 208.68, 1183.35, 26.80, -65.18, 121.99, 0.76988, 0.14969, -0.03541, 0.61938
255, 16, 63.084, -16.254, 12.738, 407.17, 347.60, 1327.09, 42.14, -37.70, 75.58, 0.76083, 0.17336, -0.04176, 0.62397
255, 15, 63.050, -16.806, 12.691, 380.07, 256.47, 1332.70, 25.52, -7.05, 42.43, 0.76023, 0.17592, -0.04583, 0.62370
255, 16, 62.915, -18.837, 11.503, 728.70, 53.89, 1357.85, 29.17, 22.18, 7.70, 0.75951, 0.17856, -0.06632, 0.62198
255, 15, 61.137, -19.115, 11.414, 940.37, 34.61, 1362.18, 34.86, 85.21, -84.05, 0.76874, 0.17834, -0.07148, 0.61002
255, 16, 57.928, -15.284, 11.500, 595.34, 45.17, 1241.39, 30.79, 153.52, -161.16, 0.79137, 0.15799, -0.04905, 0.58853
255, 16, 55.571, -8.819, 12.021, 256.65, 155.15, 977.60, 17.60, 189.98, -144.56, 0.81076, 0.12936, -0.00346, 0.57089
255, 15, 54.192, 2.215, 12.595, -244.26, 176.57, 810.49, 12.08, 199.34, -117.61, 0.82510, 0.08019, 0.07725, 0.55390
255, 16, 53.071, 14.325, 12.163, -701.35, 70.92, 690.86, 20.26, 158.72, -99.80, 0.83061, 0.01941, 0.16138, 0.53260
255, 15, 53.518, 21.087, 13.051, -774.96, 117.61, 796.57, 51.17, 52.68, -25.97, 0.82452, -0.00777, 0.21324, 0.52405
255, 16, 54.858, 20.948, 15.339, -466.92, 310.67, 1113.65, 59.19, -8.55, 3.96, 0.81847, 0.00678, 0.22279, 0.52955
255, 16, 55.483, 18.795, 13.456, -238.71, -160.71, 752.26, 93.34, -47.27, 63.70, 0.81697, 0.00292, 0.19912, 0.54121
255, 15, 59.906, 12.652, 21.655, -100.77, 603.52, 1241.82, 147.45, -63.71, 151.41, 0.79356, 0.08449, 0.19858, 0.56894
255, 16, 62.179, 4.688, 27.135, 254.94, 630.92, 972.17, 103.65, -76.89, 139.94, 0.77140, 0.16026, 0.17561, 0.59028
255, 16, 62.264, 0.799, 30.312, -64.45, 926.27, 1220.15, 38.98, -94.78, 105.75, 0.76137, 0.20178, 0.16637, 0.59322
255, 15, 60.855, -3.194, 28.932, 9.16, 630.37, 1206.42, -19.04, -118.72, 82.38, 0.76545, 0.21493, 0.12995, 0.59246
255, 15, 60.573, -6.040, 27.582, -118.10, 656.25, 1054.57, -64.04, -134.88, 122.58, 0.76504, 0.22057, 0.10312, 0.59618
255, 16, 61.412, -9.818, 23.634, -40.10, 521.67, 1131.71, -101.96, -148.95, 161.71, 0.76190, 0.21276, 0.05815, 0.60899
255, 15, 62.644, -17.854, 17.588, 617.61, 243.96, 1306.46, -109.41, -138.25, 131.64, 0.75230, 0.21353, -0.02703, 0.62267
255, 16, 65.769, -23.293, 9.950, 857.91, -198.18, 1454.47, -78.72, -64.32, 117.19, 0.73860, 0.19396, -0.10020, 0.63782
255, 15, 70.351, -24.040, 3.510, 647.83, -395.32, 1453.67, -13.31, -3.47, 77.49, 0.72137, 0.16172, -0.13443, 0.65985
256, 8, 59.532, -9.297, 8.319, 177.67, 191.71, 1200.93, -18.71, 29.36, 38.26, 0.79387, 0.10626, -0.02167, 0.59833
256, 27, 61.269, -6.726, 8.633, 78.25, 212.83, 1133.54, -7.98, 15.19, 33.61, 0.78669, 0.09522, -0.00061, 0.60996
256, 15, 61.835, -6.358, 8.901, 90.94, 222.35, 1137.45, -8.51, 0.77, 32.30, 0.78374, 0.09511, 0.00383, 0.61376
256, 16, 61.671, -7.071, 8.587, 156.92, 180.85, 1165.28, -10.31, -10.71, 9.73, 0.78430, 0.09673, -0.00289, 0.61279
256, 14, 61.250, -8.366, 8.055, 209.96, 137.15, 1136.29, -5.64, -15.97, -3.30, 0.78590, 0.09987, -0.01504, 0.61005
256, 16, 59.949, -10.458, 8.544, 304.50, 181.82, 1114.01, 1.72, -14.90, -20.79, 0.79033, 0.11387, -0.02818, 0.60134
256, 16, 58.047, -11.596, 9.387, 333.98, 216.74, 1123.84, 0.15, -0.82, -55.04, 0.79811, 0.12500, -0.03377, 0.58844
256, 15, 56.346, -11.674, 9.924, 289.92, 209.66, 1108.95, -4.07, 8.69, -64.07, 0.80607, 0.12865, -0.03348, 0.57670
256, 16, 55.498, -10.745, 8.769, 210.88, 88.93, 1087.89, -4.88, 13.78, -56.37, 0.81257, 0.11569, -0.03353, 0.57028
256, 15, 55.302, -10.010, 7.461, 210.69, 39.25, 1087.40, 4.36, 17.74, -39.59, 0.81552, 0.10276, -0.03495, 0.56846
256, 15, 54.734, -9.705, 8.223, 253.85, 170.96, 1091.19, 10.23, 24.50, -43.05, 0.81792, 0.10655, -0.02951, 0.56460
256, 16, 54.269, -9.006, 9.063, 244.81, 208.37, 1087.28, 4.15, 36.28, -42.59, 0.82009, 0.10908, -0.02077, 0.56136
256, 15, 54.081, -7.797, 10.265, 207.03, 287.66, 1052.67, -8.02, 47.36, -32.49, 0.82099, 0.11185, -0.00635, 0.55985
256, 15, 53.703, -5.850, 11.011, 129.76, 296.45, 1012.02, -25.96, 51.51, -30.73, 0.82382, 0.10789, 0.01100, 0.55638
256, 17, 53.568, -3.343, 10.263, 31.92, 227.60, 986.88, -43.99, 47.50, -26.96, 0.82697, 0.09051, 0.02541, 0.55433
256, 15, 53.396, -0.932, 8.705, -36.25, 179.14, 979.00, -56.44, 34.14, -24.57, 0.83017, 0.06770, 0.03524, 0.55226
256, 14, 53.177, 0.869, 6.189, -75.26, 96.07, 1030.94, -60.59, 16.48, -20.97, 0.83298, 0.04084, 0.03610, 0.55061
256, 16, 53.479, 1.558, 2.307, -119.51, -163.45, 1371.34, -42.10, -7.40, 4.86, 0.83245, 0.00923, 0.02247, 0.55357
256, 15, 53.937, 1.427, 0.252, -108.28, -130.43, 1344.54, -10.12, -29.71, 14.80, 0.83027, -0.00511, 0.01157, 0.55722
256, 16, 54.059, 0.755, 0.830, -138.37, 12.51, 1265.63, 17.67, -65.80, 4.07, 0.82971, 0.00234, 0.00951, 0.55810
256, 15, 55.247, 0.057, 2.459, -177.37, 74.77, 938.42, 29.27, -100.16, 42.06, 0.82371, 0.01740, 0.01257, 0.56661
256, 15, 57.272, -5.426, 5.874, 163.15, 260.01, 1094.06, 37.68, -118.59, 70.59, 0.81036, 0.06912, -0.00872, 0.58177
256, 17, 59.263, -12.148, 7.258, 380.62, 110.66, 933.90, 51.91, -113.32, 78.91, 0.79343, 0.11344, -0.04738, 0.59612
256, 15, 61.851, -17.783, 9.703, 608.52, 276.86, 1276.92, 75.82, -91.51, 108.65, 0.76958, 0.16045, -0.07041, 0.61404
256, 15, 63.429, -21.406, 12.132, 683.90, 307.86, 1257.39, 79.44, -35.94, 77.54, 0.75122, 0.19638, -0.07950, 0.62512
256, 16, 64.191, -22.036, 11.797, 575.68, 150.21, 1338.68, 47.13, 4.94, 26.59, 0.74647, 0.19802, -0.08427, 0.62965
256, 15, 64.479, -20.706, 11.969, 549.26, 258.42, 1399.17, 28.92, 49.81, 20.11, 0.74700, 0.19237, -0.07389, 0.63208
256, 16, 63.397, -18.387, 11.041, 549.68, 124.15, 1342.35, 14.18, 94.10, -44.98, 0.75833, 0.17343, -0.06504, 0.62500
256, 16, 59.490, -15.831, 10.586, 685.97, 89.84, 1188.60, -8.32, 150.34, -151.82, 0.78373, 0.15516, -0.05549, 0.59884
256, 15, 55.571, -10.755, 9.238, 397.83, 57.68, 1037.41, -17.78, 182.21, -164.84, 0.81172, 0.11908, -0.03119, 0.57093
256, 17, 53.269, 0.063, 7.295, -238.83, -16.91, 819.27, -13.31, 186.51, -124.89, 0.83189, 0.05273, 0.03560, 0.55129
256, 15, 51.427, 12.018, 5.274, -1074.52, -200.87, 940.73, 12.60, 142.75, -87.36, 0.83941, -0.01783, 0.11275, 0.53138
256, 15, 50.830, 18.267, 5.546, -786.62, -37.54, 911.68, 54.47, 37.37, -30.28, 0.83753, -0.04438, 0.15953, 0.52069
256, 16, 50.693, 17.038, 6.183, -255.74, -62.99, 962.83, 98.42, -19.55, 1.24, 0.83947, -0.03382, 0.15356, 0.52015
256, 15, 52.083, 13.020, 8.953, -96.44, 16.54, 1003.72, 130.68, -50.11, 45.27, 0.83608, 0.00362, 0.13703, 0.53120
256, 15, 55.461, 7.189, 13.568, 80.93, 88.81, 732.73, 159.39, -52.02, 117.17, 0.81967, 0.06163, 0.11822, 0.55710
256, 16, 59.688, 3.009, 22.620, -70.86, 778.75, 1048.40, 161.00, -79.75, 164.49, 0.78857, 0.14170, 0.13791, 0.58229
256, 15, 60.967, -4.218, 27.281, 368.47, 890.63, 1428.89, 92.41, -99.02, 123.25, 0.76639, 0.20897, 0.11467, 0.59652
256, 17, 61.344, -6.816, 29.329, -34.18, 924.01, 1145.14, -2.08, -93.36, 120.07, 0.75624, 0.23536, 0.10851, 0.60078
256, 15, 60.807, -8.125, 27.939, -144.65, 756.04, 1199.28, -63.51, -113.44, 99.44, 0.75961, 0.23320, 0.09125, 0.60024
256, 15, 61.429, -12.685, 21.299, 202.94, 318.30, 1372.44, -111.98, -127.37, 112.69, 0.76127, 0.21176, 0.02611, 0.61233
256, 16, 63.915, -19.513, 12.815, 744.69, -137.15, 1469.85, -114.82, -107.00, 117.82, 0.75079, 0.19130, -0.06213, 0.62918
257, 7, 56.911, -10.472, 8.173, 254.70, 190.06, 1093.57, -14.53, 27.92, -17.56, 0.80635, 0.11055, -0.03318, 0.58007
257, 27, 57.980, -9.318, 10.322, 217.29, 322.08, 1104.13, -14.21, 21.44, -1.03, 0.79991, 0.12006, -0.01298, 0.58784
257, 15, 58.405, -9.234, 10.674, 241.09, 301.39, 1105.22, -25.05, 19.29, -3.95, 0.79744, 0.12214, -0.01013, 0.59082
257, 16, 58.756, -8.983, 9.121, 208.01, 156.86, 1108.76, -28.61, 17.30, -4.08, 0.79745, 0.11009, -0.01602, 0.59304
257, 16, 59.108, -8.211, 7.110, 133.91, 50.05, 1102.54, -16.21, 8.19, -3.66, 0.79809, 0.09221, -0.02073, 0.59508
257, 16, 59.043, -8.728, 6.219, 214.72, 69.15, 1122.07, -2.53, 1.08, -11.98, 0.79870, 0.08863, -0.02903, 0.59445
257, 15, 59.034, -9.371, 6.448, 235.78, 129.64, 1108.58, 3.92, 1.72, -6.94, 0.79803, 0.09352, -0.03235, 0.59444
257, 15, 58.822, -8.989, 6.754, 177.12, 149.23, 1157.41, 1.39, 3.18, -14.35, 0.79921, 0.09364, -0.02826, 0.59304
257, 16, 58.421, -8.152, 6.245, 125.37, 87.16, 1154.05, 0.53, -0.46, -25.15, 0.80236, 0.08572, -0.02531, 0.59011
257, 14, 58.285, -8.444, 5.848, 185.06, 73.43, 1118.77, 5.95, -4.53, -17.32, 0.80312, 0.08440, -0.02952, 0.58906
257, 15, 58.282, -8.970, 6.082, 212.89, 108.52, 1095.64, 9.26, -1.75, -11.80, 0.80255, 0.08871, -0.03202, 0.58909
257, 16, 57.893, -9.255, 6.556, 203.80, 129.46, 1097.11, 8.18, 1.21, -14.42, 0.80392, 0.09337, -0.03192, 0.58649
257, 16, 57.657, -9.557, 7.755, 213.56, 208.07, 1066.41, 4.47, 2.85, -7.65, 0.80383, 0.10324, -0.02812, 0.58516
257, 15, 57.524, -9.669, 8.386, 206.48, 207.21, 1058.17, -6.34, 4.66, -6.98, 0.80382, 0.10819, -0.02581, 0.58438
257, 16, 57.915, -9.826, 7.627, 221.44, 138.43, 1088.01, -15.81, 8.97, 4.02, 0.80238, 0.10376, -0.03044, 0.58694
257, 14, 57.965, -9.777, 7.217, 233.76, 161.99, 1123.54, -19.68, 16.06, -4.32, 0.80253, 0.10066, -0.03215, 0.58718
257, 15, 57.421, -9.526, 6.409, 245.06, 133.06, 1123.84, -28.24, 25.65, -27.37, 0.80622, 0.09356, -0.03496, 0.58313
257, 16, 57.028, -8.623, 4.443, 212.77, 34.91, 1128.05, -33.21, 36.77, -30.94, 0.81038, 0.07503, -0.03882, 0.57978
257, 15, 56.717, -7.045, 2.358, 137.57, -20.39, 1114.56, -29.72, 37.99, -28.09, 0.81411, 0.05223, -0.03831, 0.57709
257, 16, 56.365, -4.392, -0.428, -17.52, -162.60, 1262.82, -20.16, 29.46, -15.65, 0.81780, 0.01897, -0.03350, 0.57421
257, 16, 56.119, -2.803, -1.466, -19.78, -104.74, 1260.56, -0.59, 13.31, -3.60, 0.81943, 0.00353, -0.02738, 0.57252
257, 15, 55.811, -0.973, 0.251, -136.29, 119.93, 1129.64, 2.56, -5.85, -0.79, 0.82105, 0.00665, -0.00572, 0.57079
257, 16, 56.188, -1.623, 1.450, 7.08, 110.78, 1197.88, -2.51, -25.31, 23.25, 0.81896, 0.01848, -0.00435, 0.57353
257, 15, 57.142, -3.280, 1.126, 64.51, 15.63, 1190.73, -4.65, -40.50, 43.47, 0.81387, 0.02460, -0.01760, 0.58026
257, 14, 58.233, -6.969, 1.263, 273.93, 44.86, 1161.01, -1.01, -48.78, 49.24, 0.80691, 0.04463, -0.04269, 0.58743
257, 16, 60.079, -9.707, 1.979, 260.86, 98.33, 1141.05, 4.86, -42.02, 78.45, 0.79541, 0.06459, -0.05728, 0.59990
257, 15, 62.546, -10.015, 2.802, 84.72, 84.72, 961.12, 17.28, -40.76, 108.95, 0.78159, 0.07308, -0.05355, 0.61718
257, 15, 65.455, -11.677, 6.301, 178.59, 369.69, 1207.46, 34.78, -51.99, 130.05, 0.76149, 0.10689, -0.04336, 0.63783
257, 17, 66.952, -13.886, 8.819, 269.65, 327.58, 1164.43, 33.50, -46.67, 102.55, 0.74797, 0.13622, -0.04238, 0.64823
257, 15, 68.112, -15.980, 8.090, 334.90, 57.07, 1169.37, 40.67, -32.10, 71.62, 0.73959, 0.14364, -0.05893, 0.65491
257, 16, 67.344, -14.999, 8.569, 224.98, 166.69, 1313.29, 27.11, -8.03, 18.74, 0.74465, 0.14091, -0.05069, 0.65044
257, 15, 66.211, -13.138, 6.296, 131.53, -47.55, 1289.37, -2.97, 5.04, -19.78, 0.75577, 0.11522, -0.05243, 0.64249
257, 15, 64.524, -15.181, 3.599, 715.52, -313.48, 1416.14, 4.81, 22.60, -58.07, 0.76557, 0.10751, -0.08271, 0.62889
257, 16, 62.148, -14.574, 1.838, 667.05, -449.89, 1293.82, 49.74, 96.96, -104.35, 0.78057, 0.09057, -0.09018, 0.61186
257, 15, 59.035, -12.538, 2.841, 572.33, -181.88, 1100.71, 79.32, 154.15, -123.95, 0.79805, 0.08464, -0.07321, 0.59211
257, 16, 54.993, -3.486, 6.491, 22.03, 93.81, 1021.06, 82.34, 194.19, -150.57, 0.82247, 0.06385, 0.00691, 0.56517
257, 17, 51.340, 7.044, 9.980, -401.55, 264.22, 943.54, 69.19, 179.15, -171.94, 0.84083, 0.04021, 0.09831, 0.53077
257, 15, 49.683, 15.269, 13.080, -518.37, 383.67, 879.33, 48.88, 128.07, -130.61, 0.84537, 0.02657, 0.17164, 0.50516
257, 15, 48.715, 20.329, 14.298, -677.86, 316.28, 945.62, 35.68, 31.66, -93.82, 0.84628, 0.01386, 0.21325, 0.48799
257, 16, 49.587, 19.374, 17.150, -404.97, 575.50, 1066.04, 20.35, -34.15, -45.54, 0.84254, 0.03764, 0.21879, 0.49075
257, 15, 50.527, 11.867, 16.968, 427.98, 399.72, 1166.26, -10.60, -38.30, -8.00, 0.84090, 0.06979, 0.16467, 0.51078
257, 16, 51.878, 7.328, 12.794, 231.99, -83.07, 1139.65, -19.21, -10.15, 30.24, 0.83712, 0.05898, 0.11365, 0.53182
257, 15, 54.823, 9.039, 8.430, -379.76, -326.54, 914.79, 23.83, -11.34, 129.72, 0.82446, 0.01622, 0.10622, 0.55563
257, 16, 60.606, 10.244, 13.883, -637.27, 309.81, 764.10, 89.26, -89.70, 232.09, 0.79403, 0.04230, 0.14337, 0.58921
257, 16, 65.059, 3.105, 22.611, -220.64, 1090.33, 937.32, 76.36, -190.18, 249.99, 0.76051, 0.13449, 0.14499, 0.61847
257, 15, 66.569, -8.383, 27.905, 434.51, 1287.90, 1067.69, 22.48, -219.89, 249.99, 0.72807, 0.22949, 0.10098, 0.63800
258, 7, 73.154, -9.161, -2.269, 104.74, -131.65, 1204.96, -44.89, 34.42, -5.23, 0.72428, 0.04061, -0.07152, 0.68458
258, 26, 69.857, -7.493, -5.422, 136.23, -242.98, 1256.65, -6.96, 22.06, -49.57, 0.74478, 0.00836, -0.08011, 0.66243
258, 16, 67.682, -7.731, -4.835, 215.03, -92.90, 1154.60, 5.09, 23.45, -64.93, 0.75713, 0.01207, -0.07850, 0.64842
258, 15, 65.169, -8.021, -2.324, 251.10, 106.02, 1105.29, 2.86, 29.66, -80.48, 0.77065, 0.02885, -0.06683, 0.63308
258, 15, 62.419, -7.738, 0.774, 241.58, 216.37, 1084.23, -4.05, 38.08, -86.76, 0.78474, 0.04695, -0.04893, 0.61610
258, 17, 60.594, -6.598, 1.820, 194.21, 77.15, 1143.86, 3.49, 44.76, -87.55, 0.79459, 0.04742, -0.03624, 0.60421
258, 15, 59.089, -4.948, 3.427, 135.01, 90.64, 1176.27, 30.07, 44.15, -87.97, 0.80256, 0.04966, -0.01696, 0.59426
258, 16, 57.250, -3.244, 7.749, 88.81, 361.21, 1161.01, 51.16, 37.77, -101.17, 0.81056, 0.07138, 0.01626, 0.58106
258, 15, 55.530, -1.706, 12.629, 63.90, 552.00, 1097.60, 44.14, 29.37, -109.13, 0.81648, 0.09887, 0.05038, 0.56661
258, 15, 54.661, 0.027, 16.242, -26.79, 602.54, 1058.23, 14.18, 17.45, -93.00, 0.81851, 0.11666, 0.07966, 0.55685
258, 16, 54.632, 0.972, 17.256, -45.59, 454.41, 1062.07, -13.48, -1.88, -68.17, 0.81825, 0.11933, 0.09129, 0.55488
258, 15, 55.214, -0.588, 15.969, 108.22, 277.65, 1068.24, -25.15, -19.16, -41.70, 0.81566, 0.11734, 0.07450, 0.56159
258, 15, 55.625, -4.100, 14.240, 307.56, 202.88, 1099.79, -19.91, -19.35, -21.33, 0.81264, 0.12204, 0.04136, 0.56835
258, 17, 56.594, -6.737, 14.011, 383.42, 275.70, 1080.81, -7.91, 8.60, -3.52, 0.80554, 0.13311, 0.02252, 0.57695
258, 15, 57.602, -7.969, 14.765, 342.16, 379.94, 1047.73, -12.02, 30.20, 3.25, 0.79818, 0.14431, 0.01884, 0.58457
258, 15, 58.595, -7.752, 15.410, 246.64, 415.83, 1027.28, -27.16, 44.32, 6.79, 0.79252, 0.14751, 0.02494, 0.59122
258, 16, 59.623, -6.588, 15.480, 151.43, 417.60, 1015.08, -46.73, 47.18, 13.29, 0.78841, 0.14182, 0.03473, 0.59756
258, 15, 60.390, -5.377, 14.443, 106.57, 350.52, 993.90, -66.01, 40.05, 9.48, 0.78688, 0.12822, 0.03862, 0.60240
258, 16, 61.096, -4.568, 11.448, 92.90, 202.94, 1006.29, -79.34, 29.65, 9.93, 0.78690, 0.10324, 0.02911, 0.60768
258, 14, 61.702, -4.208, 7.377, 90.33, 60.42, 1030.70, -78.59, 18.33, 11.08, 0.78706, 0.07326, 0.01039, 0.61242
258, 15, 61.815, -4.416, 3.305, 111.08, -35.34, 1109.86, -63.10, 9.71, 10.48, 0.78848, 0.04637, -0.01277, 0.61318
258, 17, 61.850, -4.316, 0.125, 85.75, -132.51, 1349.98, -41.64, 1.79, 8.96, 0.78930, 0.02395, -0.02907, 0.61285
258, 15, 61.588, -4.760, -1.251, 123.41, -134.16, 1426.70, -3.49, -6.13, 0.27, 0.79084, 0.01676, -0.03953, 0.61052
258, 15, 60.990, -4.342, -2.275, 31.07, -260.74, 1039.18, 56.36, -3.64, -18.72, 0.79420, 0.00724, -0.04213, 0.60615
258, 16, 60.551, -2.289, 3.508, -244.69, 287.29, 882.87, 77.22, -47.10, -3.25, 0.79589, 0.03645, 0.00259, 0.60434
258, 14, 59.583, -5.302, 10.139, 127.14, 461.36, 902.47, 82.01, -74.81, -11.28, 0.79543, 0.09830, 0.01580, 0.59781
258, 15, 60.162, -8.934, 15.664, 287.84, 584.11, 1077.76, 79.07, -65.80, 47.24, 0.78259, 0.15494, 0.02009, 0.60261
258, 17, 60.493, -12.205, 19.437, 538.70, 678.96, 1272.71, 56.66, -26.10, 37.14, 0.77037, 0.19707, 0.01784, 0.60612
258, 15, 60.288, -12.264, 20.429, 355.10, 471.62, 1269.17, 23.84, 14.88, -12.64, 0.76962, 0.20407, 0.02231, 0.60461
258, 17, 60.259, -11.492, 18.707, 334.78, 260.07, 1261.78, 5.81, 38.06, -31.75, 0.77395, 0.18859, 0.01852, 0.60422
258, 15, 60.041, -11.660, 16.676, 608.64, 173.65, 1347.05, -1.91, 71.72, -51.14, 0.77808, 0.17571, 0.00631, 0.60306
258, 15, 59.459, -9.666, 13.751, 492.37, 33.14, 1255.98, -10.49, 122.23, -82.48, 0.78789, 0.14563, 0.00405, 0.59834
258, 16, 58.825, -7.548, 12.098, 443.91, 108.83, 1001.40, -14.60, 157.91, -80.76, 0.79547, 0.12349, 0.00953, 0.59321
258, 15, 58.614, 2.011, 9.398, -255.86, -21.61, 898.86, -11.80, 172.87, -61.56, 0.80490, 0.05576, 0.06250, 0.58747
258, 15, 59.649, 10.533, 6.921, -737.18, -288.09, 838.75, 38.64, 86.36, 24.80, 0.79999, -0.00661, 0.10938, 0.58992
258, 16, 61.000, 13.497, 7.651, -395.51, -63.05, 807.01, 84.37, 6.74, 60.06, 0.79191, -0.01858, 0.13339, 0.59560
258, 15, 63.333, 12.510, 14.280, -280.52, 359.86, 880.25, 101.33, -39.90, 88.59, 0.77964, 0.02921, 0.16156, 0.60432
258, 16, 65.693, 8.137, 20.811, -74.89, 624.27, 988.59, 90.34, -68.43, 116.97, 0.76253, 0.09390, 0.16884, 0.61744
258, 16, 66.733, 3.953, 25.410, -81.79, 549.68, 871.70, 73.30, -92.09, 115.96, 0.74882, 0.14597, 0.16774, 0.62435
258, 15, 65.518, -1.411, 28.194, 22.64, 740.84, 1172.61, 46.78, -140.82, 80.84, 0.74470, 0.19511, 0.14624, 0.62126
258, 16, 63.303, -9.237, 28.810, 510.07, 793.46, 1289.55, -3.28, -156.26, 54.99, 0.74252, 0.24252, 0.09354, 0.61733
258, 15, 61.798, -15.028, 26.913, 403.32, 631.35, 1255.19, -51.13, -140.11, 63.95, 0.74322, 0.26024, 0.04091, 0.61499
258, 15, 61.961, -20.910, 21.462, 754.21, 204.90, 1316.04, -75.33, -92.58, 47.10, 0.74187, 0.25399, -0.02829, 0.61993
258, 16, 62.233, -22.051, 16.399, 451.97, 127.75, 1257.39, -61.65, -43.55, 7.98, 0.74859, 0.22687, -0.06292, 0.61983
258, 15, 64.740, -21.047, 10.596, 431.34, -143.01, 1548.28, -31.78, -0.43, 20.45, 0.74723, 0.18539, -0.08333, 0.63272
258, 16, 67.081, -17.763, 6.569, 87.34, -341.67, 1631.16, 20.72, 10.56, 26.50, 0.74498, 0.14306, -0.08059, 0.64656
258, 16, 67.972, -14.852, 6.257, 60.42, -81.85, 1527.77, 65.70, -1.41, 18.65, 0.74394, 0.12539, -0.06214, 0.65343
258, 15, 67.096, -14.539, 8.834, 339.72, 169.25, 1389.89, 81.92, 2.21, -11.16, 0.74631, 0.13999, -0.04645, 0.64905
258, 15, 66.210, -14.135, 12.319, 393.74, 354.80, 1245.24, 67.81, 34.04, -7.93, 0.74729, 0.16020, -0.02525, 0.64440
258, 16, 65.320, -10.420, 16.511, 40.77, 568.48, 1016.54, 32.95, 52.41, -4.59, 0.75151, 0.16747, 0.02179, 0.63773
258, 15, 63.429, -6.453, 18.656, -48.58, 409.97, 871.52, 7.40, 32.19, -53.34, 0.76412, 0.16111, 0.05760, 0.62198
258, 16, 60.334, -4.805, 20.136, 83.86, 353.82, 811.58, 4.50, 14.95, -111.13, 0.78054, 0.16425, 0.07235, 0.59879
258, 15, 56.363, -3.866, 21.300, 120.30, 374.15, 828.74, -3.88, 2.82, -148.28, 0.80020, 0.17020, 0.07903, 0.56962
258, 16, 52.943, -5.195, 21.630, 294.01, 328.86, 777.53, -11.10, 4.02, -164.06, 0.81477, 0.18102, 0.06594, 0.54684
258, 16, 50.613, -5.262, 22.161, 210.21, 349.06, 772.52, -14.08, 14.20, -147.75, 0.82478, 0.18646, 0.06420, 0.52995
258, 15, 49.473, -3.480, 22.468, 51.57, 358.89, 834.53, -9.95, 13.08, -121.09, 0.83159, 0.18141, 0.07679, 0.51928
258, 15, 49.002, -3.560, 23.022, 137.70, 390.01, 882.51, 0.11, 4.97, -99.59, 0.83274, 0.18610, 0.07794, 0.51559
258, 16, 48.909, -4.771, 24.287, 240.78, 459.66, 898.01, 8.22, 4.88, -83.40, 0.82958, 0.20066, 0.07461, 0.51573
258, 15, 49.483, -5.912, 26.293, 284.48, 576.35, 915.47, 11.23, 17.34, -57.55, 0.82178, 0.21972, 0.07640, 0.52016
258, 15, 50.758, -6.363, 28.179, 253.66, 631.84, 929.81, 7.71, 33.71, -31.87, 0.81155, 0.23425, 0.08430, 0.52860
258, 16, 51.839, -5.130, 29.563, 106.75, 630.86, 931.03, 0.98, 41.79, -7.57, 0.80557, 0.23765, 0.10178, 0.53313
258, 15, 53.285, -3.521, 30.120, -9.64, 611.88, 944.89, -5.37, 32.44, 18.67, 0.80006, 0.23286, 0.11877, 0.53998
258, 15, 54.629, -3.408, 30.164, 45.53, 604.86, 971.62, -11.70, 14.94, 32.01, 0.79375, 0.23122, 0.12250, 0.54908
258, 16, 55.669, -4.108, 29.087, 97.96, 560.97, 1041.38, -20.97, 3.82, 32.84, 0.78983, 0.22600, 0.11448, 0.55856
258, 15, 56.622, -5.539, 26.940, 164.31, 479.00, 1084.41, -29.42, -2.60, 37.09, 0.78714, 0.21719, 0.09576, 0.56927
258, 16, 57.570, -5.895, 24.127, 82.95, 384.22, 1078.19, -32.84, -8.56, 42.17, 0.78698, 0.19886, 0.08091, 0.57842
258, 15, 58.042, -6.116, 21.676, 66.65, 339.54, 1120.18, -22.42, -20.83, 32.01, 0.78836, 0.18280, 0.06772, 0.58351
258, 15, 58.068, -7.232, 19.797, 156.62, 338.44, 1195.98, -14.30, -26.54, 18.07, 0.78969, 0.17537, 0.05038, 0.58575
258, 16, 58.119, -8.826, 18.430, 230.59, 345.76, 1201.72, -12.57, -22.32, 14.59, 0.78938, 0.17383, 0.03228, 0.58789
258, 16, 57.875, -10.151, 18.294, 260.50, 393.25, 1133.73, -10.42, -17.36, 6.53, 0.78900, 0.17951, 0.02190, 0.58718
258, 15, 57.188, -10.387, 18.960, 202.82, 475.34, 1076.42, -22.28, -13.60, -5.62, 0.79110, 0.18538, 0.02255, 0.58248
258, 16, 56.946, -9.503, 17.878, 92.71, 362.49, 1075.50, -36.48, -18.23, -0.11, 0.79528, 0.17363, 0.02292, 0.58039
258, 15, 57.790, -8.766, 14.868, 28.26, 173.58, 1128.23, -32.04, -29.42, 27.99, 0.79616, 0.14896, 0.01399, 0.58630
258, 15, 58.938, -9.980, 12.190, 169.19, 87.46, 1185.85, -5.40, -38.95, 39.25, 0.79215, 0.13646, -0.00692, 0.59483
259, 7, 58.886, -7.175, 12.899, 152.89, 259.52, 1191.35, 0.29, 9.57, -5.90, 0.79465, 0.12715, 0.01635, 0.59337
259, 27, 57.743, -5.938, 13.728, 109.68, 268.07, 1167.18, 15.81, 5.82, -18.00, 0.80084, 0.12689, 0.02804, 0.58461
259, 15, 56.910, -5.519, 15.572, 98.75, 389.04, 1119.93, 15.50, -3.07, -30.54, 0.80335, 0.13796, 0.03940, 0.57796
259, 16, 56.393, -5.822, 17.016, 140.63, 412.11, 1078.49, 7.16, -6.36, -24.44, 0.80382, 0.14977, 0.04386, 0.57404
259, 16, 56.143, -6.262, 17.631, 151.12, 380.62, 1080.63, 0.32, -7.52, -19.13, 0.80375, 0.15633, 0.04348, 0.57241
259, 15, 56.178, -6.759, 17.286, 159.42, 323.43, 1100.10, -3.65, -7.71, -13.37, 0.80347, 0.15632, 0.03828, 0.57318
259, 15, 56.431, -7.477, 17.185, 186.65, 340.09, 1079.71, -6.00, -5.34, -4.37, 0.80149, 0.15904, 0.03302, 0.57553
259, 16, 56.869, -7.811, 16.850, 164.61, 320.68, 1049.07, -10.16, -2.15, 2.69, 0.79934, 0.15821, 0.02958, 0.57892
259, 15, 57.280, -8.258, 16.592, 183.96, 331.67, 1039.86, -15.42, 0.20, 5.06, 0.79706, 0.15852, 0.02568, 0.58215
259, 16, 57.691, -9.109, 16.203, 231.51, 327.76, 1012.21, -23.40, 4.26, 7.31, 0.79444, 0.15994, 0.01826, 0.58561
259, 15, 57.941, -9.808, 15.704, 253.91, 340.15, 1009.16, -34.38, 13.15, 5.55, 0.79296, 0.15992, 0.01113, 0.58780
259, 16, 58.058, -9.780, 14.604, 228.03, 298.52, 1012.82, -44.24, 21.20, -1.81, 0.79390, 0.15215, 0.00584, 0.58868
259, 15, 58.257, -8.791, 12.671, 161.74, 221.86, 1023.01, -47.21, 25.87, -4.10, 0.79645, 0.13379, 0.00311, 0.58971
259, 16, 58.585, -6.972, 10.494, 60.97, 153.50, 1020.69, -41.20, 19.27, 1.72, 0.79888, 0.10942, 0.00504, 0.59143
259, 14, 59.124, -5.126, 8.611, -21.36, 120.85, 1067.57, -32.55, 3.14, 15.88, 0.79919, 0.08682, 0.00870, 0.59472
259, 16, 60.051, -4.906, 6.485, 31.07, 14.65, 1229.98, -8.51, -16.56, 33.82, 0.79595, 0.07084, -0.00021, 0.60120
259, 15, 60.713, -5.137, 7.564, 31.62, 173.03, 1136.96, 22.37, -30.84, 38.70, 0.79161, 0.07952, 0.00430, 0.60581
259, 15, 61.325, -6.607, 10.604, 149.05, 545.04, 1817.63, 40.76, -48.02, 49.38, 0.78474, 0.10811, 0.01076, 0.61023
259, 16, 62.426, -8.266, 14.118, 98.88, 398.25, 1014.71, 43.39, -51.16, 68.82, 0.77333, 0.14059, 0.01937, 0.61791
259, 16, 62.950, -10.476, 18.567, 204.35, 704.77, 1138.55, 46.56, -55.44, 73.20, 0.76132, 0.18187, 0.02910, 0.62166
259, 16, 62.775, -13.225, 20.872, 418.03, 621.03, 1224.98, 27.79, -36.04, 47.07, 0.75387, 0.21140, 0.02260, 0.62168
259, 15, 63.112, -14.107, 19.613, 361.88, 388.85, 1245.48, -5.03, 1.52, 37.62, 0.75280, 0.20762, 0.01037, 0.62456
259, 15, 63.269, -14.696, 16.312, 465.09, 144.35, 1283.45, -17.43, 26.86, 2.52, 0.75666, 0.18894, -0.01137, 0.62581
259, 16, 62.097, -14.589, 13.489, 693.18, 10.07, 1304.69, -9.55, 84.63, -65.27, 0.76760, 0.16940, -0.02780, 0.61752
259, 15, 60.691, -12.784, 10.619, 624.82, -106.51, 1182.50, -1.27, 139.37, -93.81, 0.78147, 0.14029, -0.03258, 0.60709
259, 16, 58.852, -10.036, 10.156, 418.03, 64.64, 917.36, 14.79, 165.24, -100.65, 0.79484, 0.12265, -0.01797, 0.59403
259, 16, 57.057, 1.046, 9.852, -294.01, 57.98, 913.51, 25.51, 175.76, -81.45, 0.81225, 0.06469, 0.05719, 0.57689
259, 16, 57.586, 11.597, 11.183, -943.12, 188.84, 917.11, 36.19, 126.46, 2.12, 0.80990, 0.02006, 0.13822, 0.56970
259, 15, 58.543, 14.733, 12.420, -388.18, 134.03, 951.54, 54.92, 41.99, 42.90, 0.80408, 0.01137, 0.16621, 0.57070
259, 16, 59.368, 14.172, 13.662, -255.74, 116.03, 972.29, 77.91, -6.76, 62.05, 0.79994, 0.02178, 0.16870, 0.57547
259, 15, 61.542, 9.313, 16.486, 16.72, 202.39, 1181.46, 107.29, -33.86, 116.49, 0.78788, 0.06401, 0.15092, 0.59361
259, 16, 64.624, 10.284, 23.340, -508.73, 481.63, 672.18, 117.97, -66.09, 148.32, 0.76720, 0.10060, 0.19537, 0.60259
259, 15, 63.946, 5.364, 28.537, -211.06, 953.86, 1065.49, 60.09, -153.60, 78.26, 0.76094, 0.16322, 0.18982, 0.59859
259, 15, 61.853, -2.326, 30.194, 166.99, 831.73, 1077.88, -6.34, -174.79, 51.24, 0.75921, 0.21770, 0.14422, 0.59616
259, 17, 61.795, -10.595, 26.449, 530.82, 534.42, 1352.36, -70.47, -143.61, 104.00, 0.75300, 0.23508, 0.06859, 0.61076
259, 15, 62.282, -15.920, 20.852, 588.13, 305.36, 1454.10, -88.09, -89.13, 73.07, 0.75166, 0.22507, 0.00318, 0.61995
259, 15, 63.703, -17.326, 13.974, 362.79, 39.25, 1563.42, -89.44, -49.08, 61.23, 0.75378, 0.18736, -0.04132, 0.62849
259, 16, 65.298, -17.233, 7.479, 297.55, -285.40, 1682.56, -55.19, -28.88, 43.50, 0.75453, 0.14491, -0.07422, 0.63575
260, 7, 55.492, -4.684, 13.237, 409.00, 452.70, 1057.92, 28.03, 25.01, 1.24, 0.81384, 0.11782, 0.03207, 0.56812
260, 27, 54.879, -2.208, 20.273, 105.22, 713.62, 999.45, -3.18, 50.83, -21.51, 0.81076, 0.15599, 0.08360, 0.55798
260, 16, 54.181, -0.056, 20.941, -49.19, 565.25, 1035.22, -39.18, 30.39, -41.69, 0.81527, 0.15095, 0.10120, 0.54982
260, 16, 53.870, 0.563, 17.167, 4.21, 176.45, 1163.33, -38.22, 15.10, -28.14, 0.82174, 0.12127, 0.08713, 0.54995
260, 15, 53.726, -0.256, 14.100, 103.21, 75.01, 1155.09, -9.57, 7.63, -20.84, 0.82491, 0.10327, 0.06637, 0.55178
260, 15, 53.741, -1.377, 13.451, 126.10, 182.13, 1121.64, 16.33, 5.39, -16.35, 0.82471, 0.10398, 0.05518, 0.55317
260, 16, 54.132, -1.699, 15.390, 71.17, 390.26, 1116.94, 23.14, 4.73, -0.53, 0.82070, 0.11925, 0.06262, 0.55526
260, 15, 54.658, -1.824, 17.139, 45.78, 460.94, 1133.18, 10.25, 1.63, 8.74, 0.81613, 0.13204, 0.07079, 0.55811
260, 14, 55.009, -2.731, 18.205, 123.29, 473.27, 1117.25, -6.81, 0.91, 6.72, 0.81232, 0.14379, 0.06995, 0.56087
260, 16, 55.400, -3.690, 17.219, 147.34, 332.76, 1114.99, -19.58, 7.25, 3.94, 0.81070, 0.14123, 0.05876, 0.56512
260, 16, 55.658, -4.156, 15.460, 147.34, 231.51, 1108.46, -16.97, 14.88, -2.30, 0.81108, 0.13094, 0.04704, 0.56815
260, 16, 55.568, -3.619, 14.845, 91.92, 284.18, 1106.45, -12.95, 20.35, -12.63, 0.81268, 0.12399, 0.04773, 0.56736
260, 15, 55.270, -2.905, 14.865, 71.29, 336.61, 1089.60, -19.74, 20.68, -19.13, 0.81474, 0.12078, 0.05261, 0.56467
260, 15, 54.756, -2.754, 14.489, 116.21, 334.29, 1053.96, -36.87, 24.05, -29.93, 0.81778, 0.11760, 0.05130, 0.56105
260, 16, 54.295, -2.690, 12.933, 128.66, 236.39, 1029.79, -43.05, 29.93, -34.66, 0.82159, 0.10635, 0.04371, 0.55836
260, 15, 54.076, -1.708, 11.182, 54.99, 195.56, 1010.68, -45.21, 31.81, -28.95, 0.82479, 0.08910, 0.04208, 0.55678
260, 15, 54.251, 0.812, 8.881, -118.65, 122.25, 1041.75, -46.16, 22.24, -11.28, 0.82659, 0.06022, 0.04918, 0.55741
260, 16, 54.586, 2.854, 5.650, -194.89, -17.27, 1156.80, -35.75, 4.88, 17.49, 0.82658, 0.02678, 0.04826, 0.56011
260, 16, 55.660, 2.406, 3.558, -85.27, -85.33, 1403.38, -3.67, -14.56, 52.57, 0.82164, 0.01356, 0.03493, 0.56877
260, 15, 57.626, 3.219, 3.876, -249.57, 15.81, 1336.49, 28.71, -27.08, 90.71, 0.81172, 0.01107, 0.04252, 0.58239
260, 16, 59.607, 2.559, 7.463, -184.14, 255.98, 1121.64, 51.90, -54.36, 101.19, 0.80071, 0.03884, 0.05675, 0.59509
260, 15, 61.384, 0.145, 12.575, -100.22, 537.23, 1119.63, 52.54, -79.22, 110.46, 0.78769, 0.08601, 0.06781, 0.60625
260, 16, 62.891, -3.255, 16.919, -11.72, 597.47, 1037.17, 34.44, -92.00, 127.13, 0.77285, 0.13276, 0.06920, 0.61668
260, 15, 63.726, -8.674, 19.538, 270.57, 570.07, 1097.05, 24.67, -89.90, 125.44, 0.75820, 0.17858, 0.04782, 0.62526
260, 15, 63.836, -13.842, 20.245, 459.72, 439.21, 1149.41, 25.88, -63.94, 94.80, 0.74815, 0.21030, 0.01695, 0.62910
260, 16, 64.532, -17.028, 19.004, 580.08, 306.21, 1192.81, 12.37, -4.33, 52.59, 0.74082, 0.21880, -0.01010, 0.63499
260, 16, 64.581, -14.855, 14.597, 324.71, -92.29, 1526.49, -1.75, 46.01, -17.20, 0.75194, 0.17866, -0.01977, 0.63425
260, 15, 62.407, -16.176, 12.722, 1068.73, -158.75, 1323.06, 24.57, 88.35, -96.50, 0.76465, 0.17260, -0.04234, 0.61945
260, 16, 59.218, -13.057, 13.099, 641.97, 64.27, 1078.43, 43.56, 181.11, -150.79, 0.78563, 0.15829, -0.02337, 0.59766
260, 15, 56.955, -5.474, 13.897, 175.60, 173.95, 894.65, 32.30, 220.21, -138.49, 0.80510, 0.12597, 0.03131, 0.57876
260, 15, 56.618, 7.813, 14.748, -595.52, 239.99, 853.09, 18.22, 220.08, -81.44, 0.81345, 0.06567, 0.12903, 0.56332
260, 16, 57.355, 19.267, 15.243, -1289.49, 115.11, 775.57, 32.93, 127.64, -21.52, 0.80769, 0.00985, 0.21098, 0.55048
260, 16, 58.518, 21.614, 16.159, -563.66, 173.22, 968.93, 53.77, 16.05, 27.47, 0.80074, 0.00193, 0.23134, 0.55254
260, 16, 60.729, 20.823, 17.907, -390.32, 80.57, 738.83, 89.42, -43.74, 126.18, 0.79024, 0.01373, 0.23475, 0.56589
260, 16, 64.586, 14.281, 23.170, -181.64, 426.33, 1140.56, 117.48, -79.86, 194.17, 0.76912, 0.07749, 0.22030, 0.59491
260, 15, 66.953, 9.245, 29.361, -333.13, 738.04, 1091.92, 116.29, -122.06, 188.81, 0.74777, 0.14193, 0.22303, 0.60906
260, 16, 65.777, 3.136, 33.493, -187.68, 1135.74, 1230.16, 53.09, -177.22, 125.46, 0.74059, 0.20456, 0.20446, 0.60653
260, 15, 62.248, -4.858, 31.535, 302.12, 817.50, 1349.79, -47.66, -189.31, 61.84, 0.75033, 0.23900, 0.13511, 0.60135
260, 15, 61.038, -12.277, 25.346, 535.22, 435.55, 1488.16, -112.66, -147.87, 84.59, 0.75617, 0.23663, 0.04968, 0.60807
260, 16, 61.838, -16.441, 17.162, 437.93, 110.47, 1554.32, -130.26, -94.08, 84.15, 0.76000, 0.20335, -0.02114, 0.61693
260, 15, 64.067, -17.647, 8.198, 237.79, -272.40, 1601.56, -114.73, -63.54, 83.66, 0.75981, 0.15110, -0.07463, 0.62792
261, 7, 56.317, -4.770, 12.251, 31.74, 279.91, 1058.29, 29.76, 31.17, -27.34, 0.81063, 0.11104, 0.02737, 0.57428
261, 27, 55.315, -4.467, 18.128, 138.49, 591.37, 1038.09, 4.01, 14.30, -26.19, 0.80917, 0.15147, 0.05760, 0.56478
261, 15, 55.048, -4.642, 18.925, 165.89, 476.81, 1073.30, -17.72, 14.59, -25.54, 0.80922, 0.15808, 0.05991, 0.56266
261, 15, 55.259, -4.003, 17.528, 83.86, 303.89, 1088.38, -21.96, 15.37, -16.49, 0.81070, 0.14501, 0.05788, 0.56426
261, 16, 55.693, -2.389, 15.706, -36.68, 218.08, 1106.81, -13.24, 8.79, -5.37, 0.81218, 0.12402, 0.06089, 0.56682
261, 15, 55.965, -2.004, 14.360, 10.99, 208.62, 1132.08, -0.11, -2.94, 0.05, 0.81252, 0.11244, 0.05724, 0.56912
261, 16, 56.382, -3.387, 14.704, 140.08, 294.98, 1115.11, 9.00, -6.60, 10.71, 0.80898, 0.12151, 0.04955, 0.57300
261, 16, 56.682, -4.722, 16.033, 192.26, 402.22, 1105.65, 7.68, 0.61, 10.28, 0.80475, 0.13734, 0.04708, 0.57559
261, 15, 56.634, -4.528, 16.865, 116.52, 447.94, 1133.18, -14.23, 12.70, -2.77, 0.80417, 0.14225, 0.05258, 0.57473
261, 16, 56.282, -2.930, 16.424, -11.60, 393.07, 1154.91, -32.45, 10.70, -15.86, 0.80799, 0.13144, 0.06126, 0.57108
261, 15, 55.805, -2.058, 13.615, 15.50, 171.45, 1133.85, -35.56, 6.45, -25.94, 0.81399, 0.10749, 0.05300, 0.56838
261, 14, 55.402, -2.456, 10.689, 122.13, 58.90, 1139.16, -22.83, 11.26, -28.09, 0.81823, 0.08876, 0.03532, 0.56690
261, 16, 54.956, -2.690, 10.045, 138.12, 193.18, 1124.51, -15.80, 22.57, -31.81, 0.82077, 0.08544, 0.03012, 0.56402
261, 15, 54.178, -1.633, 10.477, 58.04, 283.87, 1080.75, -25.04, 29.91, -39.37, 0.82487, 0.08363, 0.03927, 0.55772
261, 16, 53.572, -0.062, 10.272, -11.60, 271.73, 1038.57, -41.73, 28.91, -40.05, 0.82872, 0.07479, 0.04920, 0.55245
261, 16, 53.621, 2.158, 9.390, -120.36, 233.09, 996.40, -53.35, 20.65, -18.10, 0.82977, 0.05766, 0.06103, 0.55176
261, 15, 54.405, 3.908, 5.866, -229.49, -27.83, 1240.97, -48.00, 1.65, 18.85, 0.82745, 0.02325, 0.05687, 0.55817
261, 15, 55.975, 5.382, 4.432, -313.84, 1.71, 1229.68, -13.17, -20.20, 56.49, 0.81980, 0.00485, 0.06057, 0.56942
261, 16, 58.028, 6.706, 5.018, -423.28, 56.88, 1054.14, 21.32, -58.94, 85.04, 0.80924, 0.00112, 0.07296, 0.58293
261, 15, 60.679, 2.906, 8.336, -71.66, 239.75, 1038.76, 43.66, -96.86, 119.77, 0.79487, 0.04254, 0.06410, 0.60189
261, 16, 62.748, -3.088, 12.897, 212.83, 511.90, 1089.29, 47.10, -102.67, 121.83, 0.77793, 0.10472, 0.04852, 0.61766
261, 15, 64.178, -9.230, 15.777, 494.57, 526.12, 1214.97, 34.03, -63.47, 98.59, 0.76047, 0.15647, 0.02412, 0.62978
261, 16, 64.500, -11.829, 15.832, 416.14, 338.68, 1343.93, 22.24, -16.14, 52.86, 0.75506, 0.17067, 0.00734, 0.63301
261, 16, 63.660, -12.252, 12.772, 388.79, -32.41, 1354.61, 8.82, 16.02, -21.88, 0.76341, 0.15262, -0.01354, 0.62748
261, 15, 61.853, -13.088, 11.457, 692.44, -41.81, 1352.29, 31.62, 62.78, -69.72, 0.77383, 0.14787, -0.02875, 0.61522
261, 15, 58.427, -10.798, 11.636, 527.47, 89.23, 1293.21, 36.05, 123.92, -141.25, 0.79450, 0.13670, -0.01614, 0.59145
261, 16, 55.009, -6.957, 12.700, 363.46, 215.21, 1016.60, 16.49, 167.79, -160.17, 0.81470, 0.12516, 0.01263, 0.56607
261, 15, 53.401, 3.977, 12.068, -338.75, 159.06, 976.44, -4.67, 191.12, -121.47, 0.82982, 0.06841, 0.08688, 0.54696
261, 15, 52.672, 14.302, 10.916, -654.60, 68.73, 828.06, 2.09, 143.32, -76.95, 0.83264, 0.01102, 0.15538, 0.53146
261, 16, 52.517, 22.285, 11.095, -821.53, 89.11, 907.29, 32.28, 89.06, -16.47, 0.82775, -0.02580, 0.21290, 0.51849
261, 16, 53.691, 20.547, 12.902, -295.96, 182.92, 1017.09, 57.59, 2.62, 37.32, 0.82413, -0.00652, 0.20878, 0.52648
261, 16, 55.196, 17.845, 11.617, -177.98, -164.55, 850.10, 81.15, -22.40, 108.94, 0.81888, -0.00499, 0.18379, 0.54372
261, 16, 59.900, 16.327, 15.296, -345.21, 14.89, 840.88, 149.44, -44.98, 210.24, 0.79639, 0.02101, 0.19162, 0.57324
261, 15, 65.569, 11.999, 26.358, -303.83, 713.26, 816.10, 178.45, -88.71, 234.30, 0.76042, 0.10951, 0.22311, 0.60000
261, 16, 66.903, 5.059, 34.597, -83.50, 1516.36, 1093.87, 107.76, -144.08, 176.41, 0.73541, 0.19910, 0.22445, 0.60758
261, 15, 64.135, -1.564, 35.478, 158.81, 1090.64, 1219.30, -16.08, -157.84, 89.63, 0.73785, 0.24504, 0.18148, 0.60216
261, 15, 62.081, -7.025, 29.714, 209.59, 553.83, 1411.44, -93.05, -136.66, 87.20, 0.75119, 0.23825, 0.11065, 0.60556
261, 16, 62.129, -11.206, 21.680, 242.92, 165.41, 1545.65, -105.38, -112.90, 61.83, 0.75933, 0.20656, 0.03954, 0.61579
261, 16, 62.687, -14.006, 14.638, 388.55, -37.23, 1629.46, -89.23, -72.83, 34.00, 0.76356, 0.17416, -0.01670, 0.62158
262, 8, 55.489, 0.311, 7.752, 40.95, 323.61, 1066.41, -18.46, 26.57, -8.83, 0.82091, 0.05407, 0.04066, 0.56703
262, 27, 55.639, 2.409, 5.883, -65.98, 130.55, 1196.53, -26.60, 17.17, -14.31, 0.82130, 0.03021, 0.04647, 0.56780
262, 14, 55.074, 3.171, 4.465, -105.71, 40.16, 1204.41, -12.75, 4.43, -3.55, 0.82441, 0.01648, 0.04483, 0.56397
262, 17, 54.888, 2.457, 4.391, -40.10, 48.46, 1193.12, 16.07, -11.18, 6.80, 0.82533, 0.01954, 0.03930, 0.56294
262, 15, 54.507, 0.548, 5.710, 85.39, 124.51, 1163.39, 32.26, -11.50, -4.89, 0.82663, 0.03854, 0.03191, 0.56051
262, 15, 54.128, -1.030, 8.944, 140.08, 351.81, 1142.88, 32.52, -4.52, -10.66, 0.82644, 0.06967, 0.03613, 0.55753
262, 16, 53.825, -1.829, 11.744, 127.87, 424.87, 1148.93, 16.34, 5.43, -12.80, 0.82549, 0.09383, 0.04373, 0.55484
262, 15, 53.532, -1.677, 12.368, 71.53, 307.62, 1159.18, -4.75, 14.48, -19.25, 0.82648, 0.09771, 0.04760, 0.55237
262, 15, 53.190, -0.261, 10.569, -31.49, 135.13, 1183.41, -13.84, 17.30, -24.60, 0.83027, 0.07806, 0.04893, 0.54970
262, 16, 52.904, 1.817, 8.514, -149.05, 55.60, 1177.12, -11.20, 10.86, -19.12, 0.83355, 0.05330, 0.05401, 0.54721
262, 14, 52.904, 2.863, 7.089, -117.74, 68.66, 1135.50, -4.62, -1.17, -4.40, 0.83430, 0.03792, 0.05480, 0.54727
262, 16, 53.189, 1.674, 7.183, 24.05, 144.78, 1092.53, -0.53, -6.67, 5.55, 0.83272, 0.04419, 0.04672, 0.54995
262, 16, 53.449, -0.155, 8.609, 136.35, 281.92, 1070.80, -5.47, -0.04, 4.06, 0.83028, 0.06324, 0.04044, 0.55227
262, 15, 53.533, -0.711, 9.806, 87.34, 338.87, 1083.31, -23.93, 11.80, -3.22, 0.82892, 0.07456, 0.04224, 0.55276
262, 15, 53.418, 0.394, 9.527, -34.67, 274.35, 1078.19, -47.14, 16.03, -11.46, 0.83011, 0.06727, 0.04882, 0.55137
262, 16, 52.989, 2.023, 5.557, -130.49, -10.01, 1182.98, -63.19, 8.76, -18.39, 0.83426, 0.03076, 0.04140, 0.54896
262, 14, 52.570, 3.116, 1.357, -173.22, -192.26, 1240.05, -45.47, -5.55, -12.39, 0.83672, -0.00498, 0.02923, 0.54683
262, 16, 52.494, 1.609, -0.412, 25.33, -151.86, 1695.98, -8.70, -21.23, -2.25, 0.83716, -0.01069, 0.00979, 0.54677
262, 15, 53.349, 3.738, 0.283, -384.70, -12.08, 1158.02, 22.93, -45.62, 29.94, 0.83277, -0.01598, 0.02854, 0.55266
262, 16, 55.090, 0.731, 3.869, -18.49, 251.34, 1154.11, 32.16, -80.40, 66.93, 0.82431, 0.02423, 0.02435, 0.56510
262, 16, 56.612, -3.122, 7.295, 129.70, 324.34, 1132.51, 33.21, -76.06, 72.47, 0.81413, 0.06763, 0.01445, 0.57655
262, 15, 58.445, -7.302, 10.399, 309.57, 408.63, 1189.45, 34.32, -54.89, 93.44, 0.79940, 0.11043, 0.00209, 0.59056
262, 15, 59.637, -9.236, 11.989, 248.84, 346.86, 1244.14, 21.63, -19.56, 74.62, 0.78959, 0.13131, -0.00195, 0.59942
262, 16, 59.947, -10.072, 10.036, 286.32, 82.52, 1298.40, 3.08, 9.25, 27.18, 0.78921, 0.12217, -0.01767, 0.60159
262, 15, 59.636, -11.236, 8.072, 507.87, -58.17, 1321.35, 13.74, 43.88, -7.32, 0.79164, 0.11453, -0.03639, 0.59905
262, 15, 56.826, -11.419, 8.049, 648.93, -17.40, 1246.95, 36.99, 96.37, -100.77, 0.80592, 0.11435, -0.04062, 0.57946
262, 16, 52.924, -8.672, 9.030, 452.39, 77.76, 1079.04, 38.02, 151.63, -155.81, 0.82697, 0.10701, -0.01979, 0.55162
262, 16, 50.324, -1.668, 11.457, 76.05, 279.11, 882.57, 11.31, 191.87, -139.68, 0.84238, 0.09227, 0.04070, 0.52936
262, 16, 49.423, 9.456, 11.813, -618.84, 258.97, 895.02, -9.96, 162.25, -94.21, 0.84866, 0.04437, 0.12358, 0.51238
262, 15, 49.557, 17.543, 11.079, -926.09, 123.35, 1030.09, 2.16, 83.83, -36.72, 0.84486, 0.00148, 0.17927, 0.50406
262, 15, 49.803, 18.147, 9.243, -350.65, -4.58, 1093.26, 21.09, 17.54, 0.78, 0.84321, -0.01521, 0.17552, 0.50789
262, 16, 50.758, 16.183, 6.809, -176.45, -286.87, 1170.04, 53.46, -4.55, 55.29, 0.84003, -0.02533, 0.15019, 0.52072
262, 15, 54.055, 15.537, 7.106, -319.95, -283.81, 1078.61, 116.22, -11.34, 138.90, 0.82523, -0.02435, 0.14621, 0.54500
262, 15, 60.722, 16.905, 14.742, -735.78, 180.54, 836.12, 176.29, -67.40, 234.33, 0.79215, 0.01274, 0.19285, 0.57891
262, 16, 66.891, 8.821, 27.090, -178.47, 1393.37, 1165.53, 149.57, -141.59, 249.99, 0.75042, 0.12958, 0.20816, 0.61380
