19, 9, -72.902, 17.759, 132.684, -264.40, 623.23, -579.77, 13.67, -2.40, 16.08, 0.27516, 0.81781, -0.39245, -0.31853
19, 25, -74.342, 19.120, 131.137, -323.24, 635.13, -512.21, 13.65, -4.01, 25.88, 0.27603, 0.81002, -0.39325, -0.33619
19, 16, -74.727, 20.321, 131.184, -383.42, 637.63, -549.62, 9.93, -2.15, 26.02, 0.26916, 0.80957, -0.39160, -0.34468
19, 15, -74.637, 20.503, 131.922, -358.89, 640.01, -593.87, 9.52, 5.31, 21.20, 0.26338, 0.81169, -0.39250, -0.34312
19, 15, -74.511, 19.419, 131.954, -302.86, 662.84, -575.99, 11.28, 14.68, 18.36, 0.26841, 0.81157, -0.39573, -0.33571
19, 16, -74.323, 18.377, 131.623, -280.21, 659.48, -558.90, 8.02, 15.01, 16.33, 0.27596, 0.81076, -0.39729, -0.32965
19, 15, -73.978, 17.453, 131.673, -265.26, 658.02, -574.52, 4.87, 12.54, 14.69, 0.28068, 0.81143, -0.39839, -0.32262
19, 17, -73.689, 16.907, 131.998, -275.27, 664.18, -596.80, 5.72, 10.41, 15.34, 0.28159, 0.81284, -0.39923, -0.31720
19, 16, -73.744, 17.377, 131.535, -290.77, 641.72, -545.04, 5.43, 6.92, 16.55, 0.28266, 0.81185, -0.39662, -0.32202
19, 15, -73.981, 18.509, 130.789, -330.51, 641.11, -518.49, 2.50, 3.94, 14.88, 0.28226, 0.81000, -0.39197, -0.33255
19, 16, -74.004, 18.600, 130.435, -320.98, 694.46, -580.87, -0.79, 5.90, 13.15, 0.28429, 0.80911, -0.39076, -0.33440
19, 15, -73.793, 18.136, 130.950, -298.95, 670.90, -595.83, 4.34, 8.96, 14.75, 0.28331, 0.81078, -0.39250, -0.32911
19, 15, -74.132, 18.868, 129.418, -354.68, 695.37, -478.82, 3.34, 14.62, 15.48, 0.28989, 0.80632, -0.38766, -0.33990
19, 16, -74.589, 19.915, 127.185, -383.91, 762.63, -435.79, -3.89, 7.21, 1.31, 0.29948, 0.79983, -0.38000, -0.35522
19, 14, -75.534, 22.217, 123.927, -449.10, 813.35, -356.81, -20.99, -17.30, -21.61, 0.30866, 0.78990, -0.36662, -0.38260
19, 17, -77.205, 25.265, 119.802, -424.50, 810.49, -366.52, -46.63, -54.72, -51.61, 0.31691, 0.77589, -0.35033, -0.41813
19, 16, -79.707, 29.868, 114.608, -512.02, 791.44, -302.19, -84.37, -89.77, -84.55, 0.32000, 0.75802, -0.32549, -0.46589
19, 15, -80.103, 33.256, 113.439, -522.52, 806.09, -726.81, -126.04, -110.78, -116.10, 0.30939, 0.75652, -0.30659, -0.48782
19, 16, -79.794, 32.554, 112.051, -284.55, 756.47, -469.24, -102.69, -43.04, -88.81, 0.32331, 0.75294, -0.30216, -0.48708
19, 15, -81.865, 35.014, 106.957, -569.15, 851.07, -316.16, -127.74, -65.63, -104.08, 0.33505, 0.73533, -0.28057, -0.51799
19, 15, -84.270, 37.203, 100.818, -516.54, 799.87, -233.52, -164.31, -76.58, -126.43, 0.35153, 0.71383, -0.25532, -0.54925
19, 17, -84.826, 40.204, 97.614, -477.17, 639.77, -388.92, -191.87, -91.39, -145.42, 0.35319, 0.70669, -0.22624, -0.56978
19, 15, -84.728, 40.963, 95.779, -395.08, 717.71, -466.49, -181.69, -86.62, -139.95, 0.36103, 0.70216, -0.21210, -0.57588
19, 15, -82.383, 40.865, 96.589, -290.22, 750.55, -601.93, -159.27, -69.89, -119.95, 0.36824, 0.70886, -0.20227, -0.56658
19, 17, -80.508, 42.488, 98.368, -519.59, 637.51, -699.40, -132.00, -87.59, -96.07, 0.35810, 0.71942, -0.19000, -0.56401
19, 15, -79.577, 42.214, 99.200, -562.99, 713.99, -409.18, -77.00, -46.78, -57.38, 0.35882, 0.72332, -0.18979, -0.55861
19, 16, -78.924, 41.546, 99.861, -553.04, 712.04, -362.67, -64.23, -39.57, -45.37, 0.36118, 0.72592, -0.19268, -0.55269
19, 15, -76.407, 39.288, 103.518, -449.71, 728.21, -543.52, -39.08, -16.29, -22.63, 0.36090, 0.74013, -0.20654, -0.52848
19, 15, -76.158, 37.619, 105.383, -503.85, 724.49, -413.64, -12.48, -34.97, -5.14, 0.35809, 0.74533, -0.22259, -0.51644
19, 17, -77.929, 38.273, 105.167, -626.59, 669.07, -389.53, -35.02, -86.14, -4.18, 0.34824, 0.74163, -0.22954, -0.52539
19, 15, -73.132, 31.958, 115.481, -251.65, 1125.61, -1687.87, 82.16, 46.13, 52.02, 0.33065, 0.77913, -0.27470, -0.45625
19, 15, -71.373, 26.833, 125.386, -496.83, 1167.11, -769.59, 249.99, 70.78, 62.92, 0.29181, 0.80876, -0.32292, -0.39558
19, 17, -74.391, 22.428, 125.343, -187.99, 1124.82, 223.08, 249.99, 59.94, 93.80, 0.30167, 0.79746, -0.36251, -0.37635
19, 15, -76.675, 19.198, 124.250, -228.58, 822.20, 85.39, 182.54, 47.40, 126.19, 0.31645, 0.78431, -0.38808, -0.36621
19, 15, -78.157, 15.579, 124.992, -166.63, 681.95, -184.08, 146.35, 18.78, 154.91, 0.32325, 0.77714, -0.41503, -0.34542
19, 16, -79.841, 15.634, 126.159, -410.10, 630.74, -164.12, 140.34, 6.57, 188.42, 0.31001, 0.77423, -0.42974, -0.34611
19, 16, -81.795, 16.486, 125.900, -527.34, 640.56, -40.34, 127.55, 14.37, 202.72, 0.30174, 0.76720, -0.43879, -0.35752
19, 16, -83.773, 17.300, 124.377, -549.50, 646.00, 13.79, 98.33, 18.42, 208.80, 0.30163, 0.75664, -0.44389, -0.37346
19, 15, -86.471, 19.217, 120.971, -899.90, 681.27, 175.96, 56.35, 22.01, 206.92, 0.30522, 0.73991, -0.44215, -0.40481
19, 16, -87.042, 23.427, 118.913, -1008.48, 573.49, -106.08, -11.70, 12.34, 134.18, 0.29508, 0.73838, -0.42025, -0.43717
19, 16, -86.577, 26.668, 117.446, -789.43, 621.03, -297.30, -43.53, 18.22, 85.42, 0.28974, 0.74050, -0.39698, -0.45838
19, 15, -85.383, 26.621, 117.146, -462.59, 704.47, -441.77, -56.85, 12.15, 56.41, 0.29668, 0.74377, -0.38827, -0.45610
19, 15, -83.370, 22.002, 119.495, -279.72, 1346.56, -998.96, -2.20, 39.09, 63.98, 0.31214, 0.75126, -0.40479, -0.41752
19, 16, -81.182, 20.092, 121.722, -302.86, 752.08, -453.13, 37.28, 50.13, 56.78, 0.31442, 0.76272, -0.40641, -0.39274
19, 15, -79.936, 22.706, 120.864, -536.56, 749.88, -311.22, 4.67, 33.66, 13.74, 0.31202, 0.76763, -0.38388, -0.40746
19, 15, -78.258, 25.580, 119.587, -474.85, 764.95, -347.05, -22.93, 27.22, -45.88, 0.31301, 0.77232, -0.35524, -0.42350
19, 16, -76.720, 25.921, 118.714, -431.82, 823.97, -414.00, -20.95, 47.45, -62.14, 0.32298, 0.77486, -0.34007, -0.42383
19, 16, -75.869, 34.917, 116.457, -986.45, 600.46, -149.60, -48.75, -7.13, -160.30, 0.29888, 0.77635, -0.28275, -0.47750
19, 16, -73.375, 34.165, 117.299, -111.45, 840.39, -587.04, -71.91, -16.84, -212.78, 0.30699, 0.78439, -0.27290, -0.46478
19, 16, -71.380, 39.510, 118.636, -767.27, 461.36, -289.73, -21.68, 37.70, -132.77, 0.28088, 0.79241, -0.23866, -0.48604
19, 15, -68.715, 35.981, 120.314, -86.24, 853.03, -615.91, -51.12, 17.20, -183.26, 0.29645, 0.80292, -0.24401, -0.45596
19, 16, -66.018, 26.956, 122.787, 253.72, 1011.96, -737.49, -2.18, 98.50, -62.47, 0.32805, 0.81574, -0.27551, -0.38864
19, 15, -67.045, 32.252, 120.224, -683.96, 547.36, -113.28, 0.43, 16.08, -103.45, 0.32004, 0.80661, -0.24950, -0.42979
19, 15, -66.789, 25.891, 120.568, 277.22, 1040.04, -707.40, -19.57, 3.41, -93.32, 0.34556, 0.80707, -0.27821, -0.38965
19, 16, -66.288, 21.347, 121.731, -195.56, 873.90, -574.34, 15.95, 37.35, 9.66, 0.35758, 0.80976, -0.29869, -0.35667
19, 16, -66.723, 19.082, 121.224, -185.30, 790.65, -472.90, -5.25, -4.87, -6.63, 0.36888, 0.80549, -0.31007, -0.34493
19, 16, -67.698, 21.034, 120.282, -345.28, 742.80, -424.99, -4.86, -33.95, -23.09, 0.36461, 0.80127, -0.30543, -0.36295
19, 15, -68.773, 23.585, 119.749, -385.50, 731.87, -421.08, -0.39, -46.73, -36.94, 0.35426, 0.79844, -0.29978, -0.38357
19, 15, -72.493, 24.222, 114.179, -343.14, 1036.80, -115.91, -14.93, -71.49, -23.41, 0.37674, 0.77137, -0.30292, -0.41389
19, 16, -75.572, 25.176, 109.406, -495.18, 1009.52, -249.33, -52.35, -69.85, 13.40, 0.39265, 0.74823, -0.30082, -0.44213
19, 15, -79.203, 21.987, 102.110, -124.33, 1106.93, 25.33, -90.39, -72.69, 35.64, 0.43911, 0.70722, -0.31161, -0.45817
19, 15, -81.700, 23.744, 98.763, -536.99, 779.54, -330.14, -156.16, -124.54, 77.40, 0.44128, 0.69099, -0.30374, -0.48533
19, 17, -83.925, 25.163, 95.039, -485.60, 994.69, -241.33, -142.65, -113.04, 30.49, 0.44722, 0.67368, -0.29309, -0.51014
19, 16, -86.444, 27.399, 89.774, -648.38, 812.81, -282.90, -232.25, -140.09, 61.38, 0.45560, 0.65180, -0.27093, -0.54238
19, 15, -89.353, 23.435, 85.984, -115.91, 765.93, -120.85, -171.11, -155.05, 63.68, 0.48126, 0.61874, -0.29160, -0.54819
19, 16, -88.606, 28.660, 88.323, -856.99, 654.79, -415.47, -92.83, -82.97, 32.88, 0.44741, 0.64406, -0.26897, -0.55917
19, 15, -88.697, 29.892, 86.939, -439.70, 739.44, 39.67, -54.53, -28.30, 24.05, 0.44878, 0.64151, -0.25557, -0.56722
19, 16, -87.322, 32.331, 88.199, -648.38, 771.73, -168.40, -59.60, -20.84, 16.28, 0.43662, 0.65513, -0.23984, -0.56801
19, 15, -85.416, 34.988, 90.283, -677.73, 740.48, -157.90, -26.29, 5.10, -5.07, 0.42090, 0.67233, -0.22359, -0.56640
19, 15, -82.388, 36.991, 94.573, -707.64, 706.67, -378.54, -16.11, 7.81, -11.63, 0.40013, 0.69691, -0.21483, -0.55502
19, 16, -81.699, 36.939, 95.812, -558.11, 779.30, -143.07, 0.22, -1.20, -20.04, 0.39615, 0.70244, -0.21690, -0.55009
19, 16, -82.184, 35.578, 95.313, -515.75, 865.05, -70.43, -0.43, -6.82, -9.16, 0.40362, 0.69778, -0.22529, -0.54721
19, 15, -82.758, 34.259, 94.851, -481.08, 889.40, -82.34, -5.53, -17.68, -7.69, 0.41018, 0.69291, -0.23412, -0.54480
19, 16, -83.572, 33.524, 94.150, -457.89, 879.82, -77.70, -12.87, -29.78, -17.35, 0.41413, 0.68747, -0.23989, -0.54620
19, 15, -84.722, 33.381, 93.097, -449.89, 917.54, -72.33, -21.55, -43.31, -37.88, 0.41561, 0.68098, -0.24254, -0.55200
19, 15, -81.872, 35.803, 99.003, -871.46, 1009.16, -1099.06, -26.73, -42.87, -51.56, 0.38130, 0.71137, -0.23958, -0.53959
19, 16, -80.365, 36.174, 104.295, -899.96, 1514.53, -123.66, 180.09, 57.66, -81.79, 0.35311, 0.73201, -0.25263, -0.52503
19, 15, -79.640, 35.685, 108.184, -549.62, 1483.76, -189.82, 157.64, 30.30, -125.34, 0.33376, 0.74487, -0.26817, -0.51173
19, 17, -79.590, 32.477, 111.687, 12.33, 981.38, -130.07, 165.52, 9.28, -121.48, 0.32695, 0.75238, -0.29966, -0.48706
19, 16, -78.526, 27.825, 117.093, 1.65, 554.93, -205.69, 175.99, 22.90, -40.66, 0.31804, 0.76658, -0.33726, -0.44437
19, 15, -78.891, 24.501, 119.436, -123.66, 625.85, -67.99, 199.37, 46.97, 24.56, 0.31682, 0.76893, -0.36379, -0.41956
19, 16, -80.478, 22.872, 120.039, -162.84, 509.34, -21.42, 179.00, 17.02, 62.84, 0.31479, 0.76373, -0.38383, -0.41266
19, 15, -83.341, 22.976, 117.892, -168.15, 384.09, 76.48, 143.91, -8.71, 83.63, 0.31794, 0.74821, -0.39438, -0.42844
19, 15, -84.740, 25.473, 117.931, -604.61, 571.59, 41.56, 124.28, 16.28, 120.83, 0.29992, 0.74663, -0.39242, -0.44565
19, 16, -84.914, 28.129, 119.062, -1295.59, 898.68, -106.75, 97.88, 46.04, 125.16, 0.27836, 0.75183, -0.38593, -0.45643
19, 15, -83.908, 30.266, 121.033, -1293.46, 972.23, -376.46, 75.72, 62.49, 90.25, 0.25840, 0.76168, -0.37745, -0.45891
19, 15, -82.445, 31.314, 123.971, -786.93, 689.51, -404.85, 75.97, 65.81, 62.95, 0.23917, 0.77353, -0.37463, -0.45178
19, 18, -81.921, 29.480, 125.201, -302.92, 409.67, -229.43, 78.63, 74.54, 74.02, 0.24218, 0.77688, -0.38388, -0.43640
19, 15, -82.632, 28.718, 124.312, -349.55, 403.38, -136.11, 58.83, 68.21, 98.00, 0.24933, 0.77213, -0.38859, -0.43663
19, 16, -82.808, 25.876, 123.594, -399.90, 651.25, -370.24, 29.21, 53.61, 114.74, 0.26780, 0.76775, -0.39934, -0.42352
19, 15, -81.868, 23.170, 124.777, -463.62, 815.37, -543.76, 29.14, 55.06, 114.77, 0.27666, 0.77146, -0.40870, -0.40158
19, 15, -81.620, 21.708, 124.115, -428.10, 772.83, -399.96, 29.10, 50.74, 105.45, 0.28912, 0.76928, -0.41080, -0.39480
19, 16, -81.116, 20.751, 123.083, -369.45, 712.95, -350.89, 14.66, 45.01, 90.39, 0.30240, 0.76738, -0.40786, -0.39158
19, 15, -80.519, 20.616, 121.250, -395.75, 708.68, -277.22, -1.59, 47.84, 77.76, 0.31735, 0.76437, -0.39814, -0.39562
19, 15, -80.971, 21.372, 116.917, -484.01, 745.97, -141.60, -32.09, 43.37, 56.72, 0.34081, 0.75133, -0.38248, -0.41601
19, 17, -78.272, 17.176, 119.496, -173.71, 1498.29, -1417.85, -40.20, 57.29, 33.65, 0.35256, 0.76260, -0.39197, -0.37483
19, 15, -76.782, 19.715, 117.997, -698.43, 891.11, -138.61, 28.66, 81.15, 17.07, 0.35606, 0.76618, -0.36595, -0.39021
19, 15, -74.502, 21.623, 115.649, -425.29, 891.60, -236.57, -23.66, 76.46, -69.48, 0.37115, 0.76792, -0.33391, -0.40131
19, 16, -73.026, 25.787, 111.082, -547.42, 930.05, -79.90, -66.76, 55.05, -129.07, 0.38859, 0.76115, -0.28739, -0.43250
19, 15, -70.460, 25.407, 109.850, -99.79, 932.74, -395.81, -88.60, 34.29, -172.62, 0.40804, 0.76271, -0.26763, -0.42444
19, 17, -69.443, 31.980, 106.533, -750.85, 806.64, -129.33, -75.28, 35.50, -168.08, 0.40545, 0.75826, -0.21386, -0.46359
19, 15, -67.092, 32.327, 106.727, -14.16, 780.70, -546.57, -128.91, -25.27, -247.37, 0.41209, 0.76336, -0.19717, -0.45670
19, 15, -64.048, 29.646, 107.715, 17.64, 933.41, -549.01, -84.54, 25.02, -171.10, 0.42851, 0.77088, -0.19485, -0.42914
19, 17, -65.281, 34.602, 102.281, -611.21, 774.54, -69.27, -92.71, 1.05, -171.57, 0.43901, 0.75072, -0.15481, -0.46875
19, 15, -65.064, 36.612, 101.539, -234.99, 679.20, -499.63, -140.27, -84.50, -221.39, 0.43610, 0.74897, -0.13903, -0.47910
19, 15, -63.247, 33.975, 103.859, 135.74, 944.52, -998.96, -109.31, -58.20, -161.06, 0.43947, 0.75924, -0.15125, -0.45557
19, 16, -63.098, 31.245, 104.509, -229.19, 837.65, -489.26, -57.52, -28.11, -82.15, 0.44701, 0.76089, -0.16777, -0.43942
19, 15, -63.320, 29.235, 106.063, -227.23, 806.03, -610.41, -50.37, -53.63, -68.78, 0.44397, 0.76560, -0.18597, -0.42681
19, 15, -64.148, 26.440, 107.978, -161.80, 817.87, -662.17, -33.78, -65.11, -38.78, 0.43931, 0.76987, -0.21328, -0.41088
19, 16, -62.941, 21.355, 113.224, 324.40, 1045.96, -1441.16, -24.90, -44.04, -1.08, 0.42748, 0.78861, -0.24845, -0.36555
19, 17, -62.589, 17.439, 121.563, -298.65, 1252.50, -1434.63, 140.17, 1.24, 78.22, 0.38478, 0.81623, -0.28890, -0.31978
19, 16, -64.059, 12.210, 126.881, -70.92, 1042.24, -533.45, 227.71, 14.44, 90.93, 0.36211, 0.82541, -0.33465, -0.27493
19, 15, -65.617, 8.498, 131.592, -144.29, 764.77, -477.36, 223.31, 17.26, 127.60, 0.33824, 0.83144, -0.37011, -0.23943
19, 15, -67.788, 6.230, 133.634, -206.30, 677.31, -136.41, 238.63, 41.96, 165.20, 0.32759, 0.82760, -0.39757, -0.22293
19, 16, -69.410, 6.397, 134.127, -485.29, 577.94, 66.28, 199.70, 81.98, 198.14, 0.32021, 0.82348, -0.40968, -0.22695
19, 15, -70.975, 8.143, 132.611, -690.25, 599.98, 242.00, 137.57, 66.12, 183.48, 0.32087, 0.81569, -0.41200, -0.24889
19, 15, -71.551, 11.167, 131.151, -792.36, 597.96, -6.90, 69.89, 63.87, 150.85, 0.31758, 0.81295, -0.40238, -0.27631
19, 16, -72.357, 11.479, 130.514, -528.32, 637.70, -332.89, 49.43, 79.83, 133.35, 0.31883, 0.80867, -0.40542, -0.28289
19, 16, -73.022, 11.234, 127.502, -444.52, 638.61, -147.64, 28.66, 89.45, 129.15, 0.33929, 0.79739, -0.40339, -0.29380
19, 15, -73.182, 11.134, 123.180, -437.44, 674.74, -113.71, -15.75, 86.55, 118.85, 0.36910, 0.78335, -0.39351, -0.30868
19, 16, -71.904, 11.661, 120.323, -641.66, 912.35, -415.89, -63.67, 94.49, 99.95, 0.38991, 0.77891, -0.37486, -0.31740
19, 15, -70.884, 12.393, 122.119, -549.68, 1264.53, -876.83, 19.86, 32.77, 36.93, 0.37747, 0.78923, -0.36981, -0.31284
19, 16, -69.740, 9.315, 117.100, -111.39, 1081.42, -101.99, -24.96, 86.80, 40.08, 0.42680, 0.77083, -0.36137, -0.30507
19, 15, -70.245, 8.754, 111.685, -71.96, 1042.97, -185.91, -79.60, -19.20, 5.66, 0.46341, 0.74726, -0.35242, -0.32039
19, 15, -70.975, 11.672, 110.955, -227.84, 874.02, -650.21, -129.39, -84.53, -34.14, 0.45498, 0.74728, -0.34159, -0.34334
19, 16, -72.301, 13.190, 107.092, -81.85, 937.81, -392.82, -138.50, -87.57, -77.35, 0.46985, 0.73047, -0.33088, -0.36901
19, 16, -75.715, 18.703, 97.621, -293.64, 994.08, -27.89, -203.17, -127.02, -133.38, 0.49433, 0.69180, -0.29020, -0.43912
19, 15, -78.807, 23.840, 90.472, -268.13, 925.54, -199.83, -250.00, -135.43, -179.29, 0.50227, 0.66404, -0.25063, -0.49392
19, 16, -80.751, 28.632, 86.915, -278.08, 829.35, -490.05, -250.00, -131.09, -191.35, 0.49286, 0.65491, -0.21789, -0.52981
19, 15, -82.497, 31.860, 82.310, -361.51, 849.49, -187.26, -210.21, -82.96, -162.87, 0.49585, 0.63907, -0.18644, -0.55764
19, 15, -82.267, 33.838, 80.096, -433.90, 886.72, -203.74, -178.03, -36.83, -122.83, 0.50016, 0.63426, -0.16212, -0.56682
19, 17, -83.252, 32.696, 75.231, -279.24, 909.12, -119.75, -236.42, -71.79, -94.51, 0.52685, 0.60837, -0.15039, -0.57419
19, 15, -80.287, 32.441, 77.470, -296.14, 707.89, -495.00, -180.68, -41.11, -29.64, 0.53060, 0.62194, -0.14713, -0.55678
19, 16, -75.093, 33.962, 84.965, -532.53, 828.67, -496.09, -71.00, -7.29, -20.51, 0.50627, 0.66549, -0.14394, -0.52923
19, 16, -73.752, 34.880, 85.914, -525.70, 825.38, -143.49, -76.10, -20.56, -24.67, 0.50278, 0.67275, -0.13482, -0.52577
19, 15, -71.509, 34.582, 90.350, -417.54, 858.46, -518.49, -51.28, -46.08, -25.18, 0.48778, 0.69425, -0.14330, -0.50946
19, 16, -72.281, 34.219, 91.103, -473.75, 841.25, -160.22, -14.79, -58.79, -15.03, 0.48141, 0.69598, -0.15352, -0.51019
19, 15, -68.846, 34.932, 100.567, -839.97, 1093.08, -1585.88, 47.72, -41.75, -23.94, 0.43386, 0.73933, -0.16898, -0.48641
19, 16, -68.340, 36.179, 107.239, -827.27, 994.14, -236.63, 209.56, 16.98, -41.87, 0.38662, 0.76463, -0.18694, -0.48054
19, 16, -69.300, 37.318, 109.811, -748.35, 884.22, 150.21, 215.40, 64.52, -54.73, 0.36018, 0.77168, -0.19816, -0.48529
19, 15, -68.188, 40.966, 113.386, -987.24, 618.71, 178.16, 189.13, 108.61, -71.67, 0.32390, 0.78418, -0.18687, -0.49521
19, 16, -66.181, 42.637, 118.260, -656.92, 523.13, -63.90, 168.14, 115.45, -86.98, 0.29118, 0.79984, -0.18553, -0.49097
19, 16, -65.100, 39.475, 121.500, -379.27, 499.08, -90.58, 156.35, 136.14, -55.39, 0.28704, 0.81174, -0.20674, -0.46470
19, 15, -64.180, 37.183, 124.601, -466.13, 514.40, -155.46, 150.47, 133.43, -31.15, 0.27854, 0.82246, -0.22308, -0.44296
19, 16, -65.134, 34.829, 124.256, -415.95, 616.09, -16.48, 135.09, 119.80, -26.07, 0.28746, 0.82085, -0.23924, -0.43167
19, 16, -66.900, 31.459, 120.727, -347.72, 805.91, 130.07, 89.83, 114.49, -7.00, 0.32046, 0.80833, -0.25404, -0.42353
19, 15, -67.615, 28.886, 117.558, -394.90, 861.27, -60.30, 34.31, 82.12, 3.41, 0.35109, 0.79700, -0.25949, -0.41737
19, 16, -67.677, 25.805, 115.108, -304.57, 867.68, -218.44, -1.95, 53.02, 11.34, 0.38085, 0.78761, -0.26586, -0.40491
19, 15, -67.479, 21.061, 113.547, -125.85, 891.66, -317.14, -24.23, 28.52, 37.54, 0.41166, 0.77904, -0.28196, -0.37964
19, 15, -67.439, 15.053, 112.225, -53.28, 961.85, -378.05, -32.83, 22.29, 74.52, 0.44424, 0.76741, -0.30614, -0.34643
19, 17, -67.414, 17.977, 113.886, -474.43, 923.10, -438.35, 29.05, -29.22, 0.32, 0.42182, 0.77730, -0.29728, -0.35985
19, 15, -68.677, 12.049, 112.838, 237.73, 1250.98, -365.84, 15.09, -26.62, 58.36, 0.44789, 0.76205, -0.33025, -0.33107
19, 16, -71.125, 12.280, 112.641, -309.88, 1081.79, -460.33, -8.74, -98.03, 96.46, 0.44111, 0.75444, -0.34481, -0.34256
19, 15, -75.331, 6.800, 107.435, 222.23, 986.45, 25.15, -38.51, -126.42, 133.29, 0.48314, 0.70939, -0.38146, -0.34325
19, 15, -77.929, 11.819, 107.333, -554.63, 762.76, -302.31, -50.29, -146.49, 91.49, 0.45541, 0.71145, -0.37369, -0.38315
19, 16, -79.643, 17.577, 109.033, -1148.93, 466.37, -590.39, -61.45, -117.43, 137.36, 0.41392, 0.72370, -0.36291, -0.41621
19, 15, -80.607, 20.439, 109.118, -341.92, 741.15, -276.92, -13.53, -87.01, 28.59, 0.39682, 0.72598, -0.35553, -0.43484
19, 15, -80.961, 27.469, 110.375, -1009.09, 417.66, -297.06, -10.12, -48.63, 61.61, 0.35420, 0.73942, -0.32821, -0.46913
19, 17, -80.993, 33.172, 111.128, -937.56, 567.93, -271.30, 7.41, -23.97, -0.34, 0.32115, 0.74772, -0.30293, -0.49599
19, 15, -80.932, 32.821, 111.541, -548.89, 760.80, -304.32, 8.83, 8.04, 10.00, 0.32047, 0.74872, -0.30609, -0.49297
19, 15, -79.974, 30.136, 111.998, -420.35, 852.54, -348.82, -4.86, 33.98, 15.72, 0.33477, 0.75007, -0.31521, -0.47535
19, 16, -76.908, 35.941, 114.567, -1345.83, 438.42, -473.51, -24.40, 44.83, -16.30, 0.30227, 0.76924, -0.27671, -0.49024
19, 15, -76.856, 38.212, 113.268, -571.96, 1461.24, -506.65, -19.15, -49.80, -224.60, 0.30003, 0.76681, -0.25922, -0.50477
19, 17, -76.306, 37.087, 112.872, -286.99, 1297.49, -337.59, 14.11, 2.33, -181.02, 0.31061, 0.76659, -0.25956, -0.49849
19, 15, -78.639, 38.387, 108.159, -410.03, 981.14, 113.95, 11.45, -0.65, -165.30, 0.32496, 0.74902, -0.24722, -0.52178
19, 15, -81.597, 37.259, 101.489, -116.46, 692.14, 91.61, -42.77, -16.17, -142.06, 0.35975, 0.72178, -0.24145, -0.53974
19, 17, -81.956, 35.323, 99.140, -119.81, 602.84, -106.93, -66.18, -25.72, -103.73, 0.38243, 0.71101, -0.24344, -0.53754
19, 15, -81.958, 35.346, 97.536, -267.58, 580.81, -122.13, -71.09, -28.05, -74.96, 0.39222, 0.70562, -0.23578, -0.54099
19, 15, -84.285, 38.623, 92.153, -450.38, 498.84, 52.12, -74.88, -25.60, -54.74, 0.39723, 0.68753, -0.20487, -0.57231
19, 16, -85.263, 42.610, 88.944, -638.31, 494.08, -40.77, -96.51, -31.62, -49.06, 0.39103, 0.68124, -0.17069, -0.59487
19, 15, -84.132, 45.330, 88.796, -748.29, 543.76, -195.43, -92.38, -23.90, -47.63, 0.38371, 0.68635, -0.14677, -0.60013
19, 15, -83.252, 47.896, 88.380, -998.90, 596.92, -147.58, -78.32, -12.19, -40.02, 0.37742, 0.68936, -0.12368, -0.60583
19, 16, -81.046, 49.629, 89.669, -1120.85, 650.88, -266.60, -77.26, -6.87, -43.34, 0.37214, 0.69769, -0.10654, -0.60281
19, 15, -77.453, 50.870, 92.342, -924.13, 610.72, -267.46, -63.05, 7.03, -41.44, 0.36797, 0.71038, -0.09086, -0.59305
19, 18, -76.885, 50.804, 91.313, -669.98, 470.46, -36.38, -61.77, 9.42, -25.28, 0.37762, 0.70742, -0.08242, -0.59175
19, 15, -75.317, 49.210, 91.713, -616.33, 509.83, -96.62, -57.85, 6.63, 0.79, 0.39134, 0.70896, -0.08448, -0.58059
19, 14, -73.088, 46.151, 92.071, -605.29, 650.51, -89.05, -62.93, 34.83, 21.84, 0.41554, 0.71009, -0.09105, -0.56108
19, 17, -69.630, 42.248, 93.946, -591.67, 862.55, -251.34, -66.33, 38.24, 36.50, 0.43909, 0.71769, -0.10194, -0.53078
19, 15, -65.296, 38.320, 99.027, -518.68, 898.74, -378.60, 5.91, 57.69, 39.02, 0.44397, 0.73967, -0.12016, -0.49127
19, 15, -65.150, 36.020, 99.461, -456.24, 815.55, -166.02, 1.36, -0.31, 3.21, 0.45181, 0.74057, -0.13427, -0.47895
19, 16, -65.889, 36.942, 98.952, -558.17, 754.15, -136.90, -7.42, -26.63, -27.41, 0.44797, 0.73815, -0.13160, -0.48697
19, 16, -66.382, 38.388, 99.179, -650.15, 789.55, -230.83, -15.40, -42.39, -36.04, 0.43801, 0.73911, -0.12743, -0.49561
19, 15, -64.918, 34.798, 104.226, -429.63, 968.02, -548.71, 52.79, -15.23, 25.92, 0.42684, 0.75864, -0.15926, -0.46573
19, 16, -64.187, 29.963, 110.315, -303.53, 903.20, -596.31, 101.34, -13.36, 63.96, 0.40909, 0.78028, -0.20385, -0.42692
19, 15, -64.604, 24.297, 116.088, -263.00, 785.46, -408.39, 161.13, 13.47, 118.13, 0.39080, 0.79704, -0.25520, -0.38324
19, 16, -66.363, 25.561, 119.344, -827.03, 715.33, -112.30, 191.83, 21.11, 132.60, 0.35699, 0.80421, -0.27256, -0.38925
19, 15, -66.377, 20.860, 126.595, -310.18, 782.10, -612.79, 192.96, 36.35, 120.41, 0.32459, 0.82375, -0.31619, -0.34073
19, 15, -67.711, 16.175, 130.645, -326.97, 816.28, -361.88, 234.18, 81.52, 169.17, 0.31050, 0.82852, -0.35545, -0.30132
19, 17, -70.661, 16.429, 132.086, -935.24, 760.62, 192.50, 227.70, 92.90, 195.29, 0.29126, 0.82301, -0.37959, -0.30616
19, 16, -72.345, 15.168, 133.582, -631.71, 860.72, -268.07, 179.40, 86.85, 164.32, 0.28144, 0.82013, -0.40009, -0.29682
19, 15, -74.545, 15.783, 132.444, -768.07, 853.70, 106.14, 157.17, 72.85, 160.53, 0.28104, 0.81003, -0.41056, -0.31033
19, 16, -75.555, 19.755, 130.376, -1121.34, 819.40, 190.06, 89.18, 50.16, 96.21, 0.27492, 0.80444, -0.39714, -0.34581
19, 15, -75.894, 22.122, 127.210, -665.10, 880.25, -138.73, 30.83, 39.48, 36.02, 0.28517, 0.79716, -0.38033, -0.37225
19, 15, -75.426, 22.358, 125.668, -414.61, 772.71, -359.80, 17.48, 38.53, 27.66, 0.29633, 0.79495, -0.37106, -0.37757
19, 16, -74.380, 20.947, 125.104, -316.47, 765.81, -426.64, 28.32, 44.17, 27.80, 0.31002, 0.79578, -0.36778, -0.36791
19, 15, -74.498, 19.996, 122.186, -287.60, 925.60, -181.52, 32.98, 35.90, 18.19, 0.33402, 0.78638, -0.36317, -0.37169
19, 16, -75.344, 22.338, 117.145, -614.20, 1020.94, -96.13, -23.75, 15.81, 1.24, 0.35496, 0.77095, -0.34152, -0.40373
19, 17, -76.920, 26.067, 108.814, -658.20, 1033.39, 129.88, -110.73, -8.04, -51.05, 0.38718, 0.74375, -0.30279, -0.45304
19, 15, -80.273, 29.979, 99.942, -478.39, 992.61, -105.65, -173.45, -97.20, -115.38, 0.41111, 0.70984, -0.26627, -0.50617
19, 16, -85.195, 34.232, 88.943, -479.19, 916.87, -49.13, -237.20, -128.94, -165.12, 0.43355, 0.66628, -0.22012, -0.56538
19, 15, -90.854, 37.203, 78.066, -494.57, 855.47, 45.10, -250.00, -134.57, -167.53, 0.45082, 0.62128, -0.17794, -0.61572
19, 15, -96.344, 38.044, 66.302, -466.13, 856.45, 301.21, -250.00, -84.21, -152.44, 0.47732, 0.56856, -0.13593, -0.65607
19, 16, -94.234, 39.645, 67.444, -342.90, 865.97, -527.89, -250.00, -90.43, -143.53, 0.47593, 0.58092, -0.12185, -0.64898
19, 16, -92.582, 39.895, 68.224, -371.64, 842.22, -601.26, -250.00, -128.20, -103.46, 0.48006, 0.58666, -0.11624, -0.64176
19, 16, -84.801, 40.487, 77.470, -379.58, 816.96, -962.16, -192.60, -86.37, -53.87, 0.47009, 0.63468, -0.12119, -0.60126
19, 16, -79.154, 40.351, 85.158, -561.58, 857.36, -598.82, -66.96, -27.72, -13.95, 0.45578, 0.67169, -0.12912, -0.56958
19, 15, -75.688, 40.381, 90.745, -573.36, 742.00, -601.50, -48.85, -47.39, -2.98, 0.43918, 0.69756, -0.13551, -0.54970
19, 16, -77.036, 39.046, 90.681, -488.28, 864.07, -184.81, -26.95, -79.28, -18.69, 0.43953, 0.69404, -0.15143, -0.54973
19, 15, -76.086, 35.373, 95.798, -252.81, 1126.83, -819.89, -4.02, -92.48, 11.08, 0.43011, 0.71036, -0.19126, -0.52328
19, 15, -74.295, 30.403, 106.576, -114.20, 1176.88, -1325.62, 139.81, -58.74, 59.79, 0.39245, 0.74724, -0.25428, -0.47218
19, 17, -77.455, 26.228, 109.899, -304.08, 1017.70, 13.24, 249.99, -21.87, 102.02, 0.37727, 0.74613, -0.30975, -0.45278
19, 15, -80.832, 26.914, 111.292, -714.66, 958.98, 400.15, 249.99, -11.27, 114.28, 0.35147, 0.74192, -0.33385, -0.46321
19, 15, -82.036, 24.544, 116.686, -405.52, 866.21, -196.96, 249.99, 11.67, 113.41, 0.32309, 0.75117, -0.37417, -0.43744
19, 17, -82.613, 19.926, 120.685, -338.50, 792.72, -77.94, 249.99, 89.67, 192.24, 0.31714, 0.75453, -0.41300, -0.39942
19, 15, -81.973, 16.810, 124.752, -423.52, 862.61, -80.99, 249.99, 116.92, 179.71, 0.30730, 0.76389, -0.43510, -0.36433
19, 16, -80.278, 11.943, 128.071, -377.38, 956.97, -44.07, 249.99, 177.33, 198.90, 0.31293, 0.77285, -0.45204, -0.31691
19, 15, -78.251, 11.422, 129.338, -1109.07, 892.33, 593.08, 211.20, 187.82, 195.06, 0.31218, 0.78353, -0.44357, -0.30311
19, 16, -76.374, 14.592, 127.192, -1128.54, 1095.52, 294.19, 78.86, 105.62, 84.12, 0.31788, 0.78856, -0.41312, -0.32628
19, 16, -73.852, 15.399, 125.874, -377.08, 864.75, -363.28, 8.83, 75.51, 28.19, 0.33066, 0.79455, -0.38882, -0.32890
19, 15, -71.901, 15.099, 123.765, -271.85, 848.69, -308.65, 0.18, 66.89, 26.27, 0.35215, 0.79441, -0.37043, -0.32816
19, 15, -71.102, 13.983, 121.614, -283.63, 860.84, -300.90, 19.25, 66.19, 31.67, 0.37390, 0.78886, -0.36336, -0.32538
19, 17, -71.148, 14.792, 116.215, -424.93, 1083.19, 87.22, -3.97, 48.99, 12.08, 0.40724, 0.77136, -0.34433, -0.34728
19, 15, -72.682, 18.713, 108.289, -535.77, 1234.38, 131.47, -95.54, -34.41, -57.50, 0.43855, 0.74325, -0.31015, -0.39883
19, 15, -76.174, 24.320, 96.307, -456.30, 1147.83, 252.38, -211.90, -90.48, -145.84, 0.47667, 0.69575, -0.25688, -0.47195
19, 16, -82.941, 29.764, 82.170, -358.64, 992.19, 346.44, -250.00, -143.32, -209.80, 0.50406, 0.63283, -0.20099, -0.55232
19, 15, -87.835, 32.182, 76.054, -131.16, 878.60, -229.49, -250.00, -179.32, -224.37, 0.50152, 0.60405, -0.18203, -0.59200
19, 17, -88.960, 33.670, 74.620, -132.02, 858.22, -551.88, -250.00, -135.61, -168.32, 0.49626, 0.60026, -0.17126, -0.60340
19, 15, -89.704, 34.224, 72.072, -276.25, 959.05, -312.99, -250.00, -109.63, -131.10, 0.50296, 0.58968, -0.15816, -0.61180
19, 15, -85.636, 34.558, 75.289, -358.89, 923.71, -359.86, -248.16, -80.55, -75.98, 0.50590, 0.61028, -0.15165, -0.59045
19, 17, -82.565, 34.555, 78.770, -464.05, 852.60, -248.29, -151.85, -65.13, -27.35, 0.50266, 0.62967, -0.15271, -0.57230
19, 15, -79.404, 34.879, 82.167, -568.36, 839.90, -279.97, -121.61, -41.82, 0.71, 0.49774, 0.64936, -0.14976, -0.55511
19, 15, -76.330, 35.089, 85.851, -606.45, 852.97, -312.38, -79.11, -21.50, 13.34, 0.49024, 0.66962, -0.14835, -0.53784
19, 17, -74.209, 34.691, 88.753, -556.46, 890.38, -230.04, -38.18, -10.70, 10.15, 0.48473, 0.68414, -0.15168, -0.52343
19, 15, -74.894, 34.267, 87.831, -517.58, 872.19, 57.07, -16.69, -20.25, -3.79, 0.48900, 0.67868, -0.15410, -0.52585
19, 16, -75.466, 33.711, 87.708, -496.77, 927.55, 11.29, -17.24, -34.04, -10.40, 0.48962, 0.67651, -0.16030, -0.52622
19, 15, -71.433, 33.455, 96.828, -594.85, 1105.59, -566.35, 60.87, -0.71, -6.80, 0.45318, 0.71969, -0.17789, -0.49501
19, 16, -71.362, 34.217, 99.980, -666.87, 1247.56, -33.69, 126.27, 5.73, -52.01, 0.43008, 0.73267, -0.18668, -0.49334
19, 16, -71.769, 34.947, 102.243, -583.80, 1242.74, 80.81, 158.69, 24.11, -83.53, 0.41045, 0.74088, -0.19496, -0.49459
19, 15, -70.596, 33.981, 106.311, -382.93, 1084.96, -55.36, 169.23, 53.34, -85.69, 0.39325, 0.75658, -0.20985, -0.47845
19, 15, -70.805, 33.850, 108.209, -456.48, 1007.75, 107.67, 179.72, 55.81, -63.68, 0.38039, 0.76252, -0.21983, -0.47491
19, 16, -71.471, 33.830, 109.682, -500.06, 976.38, 61.77, 170.39, 44.11, -48.00, 0.36790, 0.76601, -0.23048, -0.47409
19, 15, -71.873, 33.217, 111.531, -440.43, 854.74, -42.18, 161.29, 42.98, -34.02, 0.35665, 0.77072, -0.24394, -0.46827
19, 15, -71.297, 32.122, 114.623, -374.57, 647.89, -110.84, 167.56, 66.67, -9.88, 0.34303, 0.78094, -0.25799, -0.45376
19, 16, -71.523, 34.310, 115.728, -542.66, 451.42, 143.07, 167.30, 96.19, 18.30, 0.32457, 0.78435, -0.25315, -0.46408
19, 17, -71.920, 35.295, 114.112, -452.09, 341.80, 259.64, 121.17, 141.32, 37.49, 0.32941, 0.77911, -0.24433, -0.47410
19, 16, -69.287, 37.342, 115.542, -888.73, 395.39, 79.35, 67.56, 160.30, 45.39, 0.32109, 0.78875, -0.22197, -0.47487
19, 15, -66.886, 34.235, 116.820, -425.78, 598.69, -160.52, 59.94, 142.88, -0.70, 0.33583, 0.79718, -0.22585, -0.44801
19, 15, -64.256, 30.305, 119.171, -349.67, 672.24, -270.94, 68.79, 123.79, -6.24, 0.34596, 0.80941, -0.23508, -0.41219
19, 16, -64.504, 29.506, 116.905, -367.80, 637.39, 19.78, 69.34, 90.32, -13.42, 0.36431, 0.80179, -0.23246, -0.41276
19, 15, -65.115, 31.245, 114.711, -391.60, 487.12, -31.92, 39.37, 44.88, -21.74, 0.37009, 0.79387, -0.22018, -0.42934
19, 15, -63.958, 30.873, 116.452, -542.11, 803.83, -433.47, 23.39, 28.55, -18.62, 0.36381, 0.80162, -0.22040, -0.42009
19, 16, -63.876, 31.233, 118.268, -908.08, 1069.15, -659.48, 31.99, 11.41, 4.17, 0.34987, 0.80745, -0.22474, -0.41847
19, 16, -63.582, 31.708, 120.326, -1298.46, 1311.16, -897.22, 36.89, 26.18, 15.20, 0.33441, 0.81414, -0.22792, -0.41641
19, 15, -63.986, 33.840, 121.959, -863.10, 845.21, -577.88, 44.42, -8.85, -30.95, 0.31239, 0.81751, -0.22692, -0.42731
19, 16, -65.834, 30.292, 120.859, -58.23, 194.76, -98.69, 24.99, -22.31, -21.48, 0.32840, 0.81102, -0.25237, -0.41317
19, 15, -66.804, 26.003, 120.491, -70.68, 285.52, -165.59, 8.54, -5.46, 20.61, 0.34560, 0.80684, -0.27755, -0.39057
19, 16, -67.102, 25.962, 120.434, -460.69, 636.90, -382.75, -1.34, 19.61, 53.55, 0.34515, 0.80593, -0.27964, -0.39135
19, 15, -66.687, 26.171, 121.092, -774.35, 969.85, -627.50, 1.02, 35.10, 48.98, 0.34105, 0.80898, -0.27801, -0.38980
19, 15, -66.348, 27.195, 121.705, -810.97, 1014.04, -607.85, 18.11, 30.72, 21.44, 0.33361, 0.81188, -0.27309, -0.39368
19, 16, -66.741, 26.547, 121.504, -426.70, 741.03, -407.17, 27.50, 18.65, -7.56, 0.33639, 0.81018, -0.27810, -0.39129
19, 17, -67.994, 22.764, 119.337, -76.72, 572.51, -183.78, 23.74, 5.42, 0.46, 0.36314, 0.79866, -0.29670, -0.37714
19, 14, -68.551, 18.446, 117.495, -97.60, 566.83, -209.41, 0.42, 23.21, 58.59, 0.39175, 0.78757, -0.31417, -0.35715
19, 16, -68.414, 15.575, 115.380, -215.03, 688.66, -250.49, -15.14, 39.33, 97.94, 0.41802, 0.77728, -0.31980, -0.34470
19, 16, -68.371, 17.630, 116.092, -1173.28, 1665.59, -865.54, 0.56, -2.46, 74.62, 0.40519, 0.78234, -0.31229, -0.35531
19, 15, -68.927, 12.837, 116.852, 115.30, 1046.14, -465.39, 35.63, -23.51, 46.97, 0.41719, 0.77762, -0.33987, -0.32520
19, 16, -71.494, 9.284, 115.795, 37.41, 1045.10, -335.75, 25.99, -84.34, 97.35, 0.43088, 0.76030, -0.36969, -0.31561
19, 15, -75.226, 11.384, 116.815, -343.87, 898.80, -453.98, 23.31, -152.39, 123.57, 0.40502, 0.75525, -0.38823, -0.33888
19, 16, -79.770, 13.310, 117.955, -281.80, 827.33, -459.96, 28.69, -164.55, 112.95, 0.37532, 0.74650, -0.41330, -0.36200
19, 16, -83.997, 17.842, 117.439, -629.70, 640.75, -281.68, 17.19, -137.66, 146.15, 0.34347, 0.73707, -0.41958, -0.40337
19, 15, -85.549, 23.226, 117.839, -895.75, 668.76, -341.98, 18.84, -66.11, 92.25, 0.30872, 0.74067, -0.40740, -0.43603
19, 16, -85.703, 26.306, 118.321, -593.63, 673.89, -367.74, 10.22, -22.84, 50.17, 0.28939, 0.74531, -0.39644, -0.45123
19, 15, -85.395, 29.074, 118.599, -626.22, 678.10, -384.95, -2.91, -6.72, 31.55, 0.27460, 0.75005, -0.38290, -0.46412
19, 15, -84.091, 31.108, 119.458, -639.04, 704.77, -426.51, -5.72, 19.82, 7.77, 0.26378, 0.75815, -0.36843, -0.46892
19, 16, -82.667, 33.314, 120.198, -672.55, 714.78, -403.56, 1.08, 29.61, -18.42, 0.25340, 0.76579, -0.35176, -0.47500
19, 15, -80.375, 32.499, 122.630, -430.54, 802.19, -594.18, 7.85, 16.12, -65.36, 0.25049, 0.77776, -0.34997, -0.45812
19, 15, -78.330, 31.264, 124.847, -406.98, 701.72, -483.46, 25.51, 37.13, -65.81, 0.24947, 0.78839, -0.35021, -0.43995
19, 17, -76.338, 29.893, 126.225, -395.14, 638.85, -383.61, 39.63, 75.11, -59.14, 0.25407, 0.79709, -0.34758, -0.42341
19, 15, -75.594, 27.815, 124.316, -289.55, 643.68, -155.21, 38.96, 97.64, -42.43, 0.27988, 0.79416, -0.34442, -0.41516
19, 16, -74.616, 25.176, 122.450, -299.44, 714.60, -245.97, 13.21, 93.20, -17.13, 0.30848, 0.79087, -0.34251, -0.40254
19, 15, -73.702, 21.599, 121.919, -217.10, 750.79, -410.16, -3.17, 56.29, 3.60, 0.33136, 0.78952, -0.34995, -0.38000
19, 15, -73.884, 19.276, 119.476, -197.69, 676.33, -292.05, -18.92, 27.76, 17.52, 0.35770, 0.77938, -0.35327, -0.37392
19, 16, -74.282, 19.675, 115.475, -298.89, 630.49, -174.87, -47.80, 24.26, 28.10, 0.38161, 0.76573, -0.34083, -0.38971
19, 16, -73.638, 19.328, 116.780, -468.14, 1041.56, -556.76, 15.56, 20.19, 33.97, 0.37653, 0.77155, -0.34249, -0.38163
19, 15, -73.992, 20.802, 114.008, -518.01, 881.53, -105.16, 17.69, 32.68, 26.03, 0.38749, 0.76301, -0.32860, -0.39960
19, 17, -74.044, 22.680, 110.606, -512.39, 930.54, -114.62, -22.91, 25.78, -11.82, 0.40162, 0.75343, -0.30774, -0.41992
19, 15, -73.818, 24.209, 108.101, -380.74, 890.75, -297.61, -70.96, -9.93, -56.73, 0.41217, 0.74700, -0.28927, -0.43408
19, 15, -74.899, 27.310, 103.852, -423.46, 886.47, -252.93, -112.22, -53.60, -95.45, 0.42161, 0.73278, -0.26344, -0.46463
19, 16, -75.858, 30.203, 100.095, -380.55, 838.62, -304.93, -150.19, -74.48, -127.68, 0.42832, 0.72044, -0.23814, -0.49072
19, 15, -79.007, 34.930, 91.702, -549.26, 807.86, -11.35, -168.12, -62.72, -141.89, 0.44368, 0.68924, -0.19269, -0.53942
19, 16, -82.134, 36.531, 83.578, -450.68, 904.97, 8.97, -204.31, -72.89, -152.35, 0.46853, 0.65483, -0.16204, -0.57045
19, 15, -84.915, 39.234, 75.759, -582.03, 814.70, 63.11, -223.81, -64.89, -140.91, 0.48498, 0.62462, -0.12075, -0.60005
19, 15, -83.942, 42.481, 72.994, -552.31, 727.11, -105.90, -250.00, -68.74, -137.44, 0.48943, 0.62106, -0.08018, -0.60688
19, 18, -77.988, 43.093, 77.661, -400.63, 798.71, -591.55, -219.92, -54.94, -103.48, 0.49148, 0.64608, -0.06749, -0.58006
19, 15, -73.993, 42.797, 80.632, -516.78, 797.36, -267.70, -127.64, -20.13, -60.59, 0.49584, 0.66069, -0.06139, -0.56023
19, 15, -71.658, 41.743, 81.701, -496.15, 828.19, -179.99, -109.67, -22.92, -45.59, 0.50587, 0.66526, -0.05978, -0.54584
19, 16, -70.112, 40.577, 82.852, -472.78, 883.61, -267.27, -97.22, -46.63, -41.37, 0.51180, 0.66985, -0.06362, -0.53414
19, 15, -67.475, 39.309, 86.631, -476.20, 883.00, -378.97, -48.34, -29.31, -21.64, 0.50723, 0.68694, -0.07331, -0.51523
19, 15, -65.990, 38.403, 89.195, -535.58, 843.38, -248.35, -23.90, -23.03, -14.91, 0.50232, 0.69848, -0.08134, -0.50316
19, 17, -66.571, 38.456, 88.544, -619.69, 788.70, -5.74, -13.51, -16.45, -11.54, 0.50349, 0.69526, -0.08168, -0.50640
19, 15, -65.278, 39.612, 90.932, -733.52, 812.56, -153.50, -13.16, -22.89, 0.82, 0.48949, 0.70732, -0.07719, -0.50412
19, 17, -63.743, 41.148, 94.768, -887.88, 904.42, -45.10, 84.97, 28.86, -12.41, 0.46546, 0.72501, -0.07516, -0.50205
19, 15, -66.188, 42.547, 92.916, -731.14, 806.76, 222.35, 74.13, 10.77, -40.41, 0.45993, 0.71644, -0.07389, -0.51935
19, 15, -68.160, 44.603, 91.847, -707.64, 693.79, 83.01, 53.79, -6.23, -47.92, 0.44799, 0.71186, -0.06879, -0.53650
19, 16, -70.753, 47.310, 89.833, -723.08, 596.13, 133.97, 48.71, -4.36, -60.40, 0.43508, 0.70397, -0.05862, -0.55829
19, 15, -70.537, 48.218, 90.306, -589.42, 506.47, 62.07, 34.69, 33.47, -42.86, 0.42880, 0.70630, -0.05401, -0.56068
19, 15, -70.406, 47.645, 89.840, -547.67, 497.50, 127.44, 34.46, 63.99, -15.38, 0.43510, 0.70434, -0.05446, -0.55824
19, 16, -71.516, 45.576, 86.426, -507.02, 553.59, 295.23, 12.18, 77.56, 9.16, 0.46049, 0.68912, -0.05745, -0.55657
19, 16, -68.923, 42.148, 87.304, -482.91, 757.57, 36.62, -31.09, 57.83, 27.10, 0.48368, 0.69139, -0.06739, -0.53243
19, 16, -64.659, 39.731, 92.515, -673.10, 1052.98, -303.96, 8.17, 42.88, 30.71, 0.48185, 0.71452, -0.07957, -0.50094
19, 15, -64.701, 37.337, 93.022, -455.75, 908.51, -49.93, 12.02, -7.20, -5.83, 0.48894, 0.71530, -0.09646, -0.48988
19, 15, -64.888, 37.014, 94.205, -531.37, 810.61, -95.76, 19.58, -26.51, -8.09, 0.48212, 0.71995, -0.10460, -0.48814
19, 16, -66.122, 38.685, 93.934, -641.05, 775.33, -42.24, 15.79, -37.64, -26.18, 0.47120, 0.71870, -0.10122, -0.50119
19, 15, -67.101, 40.479, 93.809, -655.46, 731.81, -41.20, 17.47, -27.44, -31.67, 0.45962, 0.71836, -0.09607, -0.51331
19, 15, -68.279, 41.052, 93.456, -654.85, 790.41, -50.84, 13.71, -30.73, -25.81, 0.45390, 0.71627, -0.09841, -0.52081
19, 16, -71.761, 33.738, 90.131, -171.45, 1226.38, 52.73, -17.52, -72.60, 45.15, 0.49174, 0.69193, -0.14894, -0.50719
19, 16, -74.500, 32.071, 88.394, -664.00, 1024.96, -25.45, -49.00, -117.58, 87.72, 0.49732, 0.67825, -0.16764, -0.51434
19, 15, -78.326, 25.277, 84.394, 14.40, 1100.83, 307.74, -45.08, -122.53, 76.21, 0.53283, 0.64075, -0.21279, -0.51015
19, 16, -79.093, 29.461, 85.490, -1100.10, 646.06, -111.82, -67.97, -130.66, 99.41, 0.50494, 0.65346, -0.19688, -0.52847
19, 15, -81.845, 22.265, 81.366, 179.20, 863.83, 460.08, -41.18, -94.38, 79.83, 0.54627, 0.61204, -0.23652, -0.52063
19, 16, -80.616, 28.831, 84.823, -1166.44, 550.23, -136.35, -43.76, -88.77, 57.14, 0.50447, 0.64649, -0.20622, -0.53388
19, 16, -81.149, 32.560, 84.011, -622.99, 622.86, 186.52, -26.79, -50.02, 27.58, 0.48958, 0.65008, -0.18282, -0.55162
19, 15, -79.550, 39.023, 86.397, -1195.50, 404.24, -113.40, -27.72, -31.11, 28.71, 0.45298, 0.67405, -0.14574, -0.56499
19, 16, -79.540, 42.161, 86.425, -837.52, 642.94, 78.67, -12.30, -12.17, -4.07, 0.43751, 0.67887, -0.12657, -0.57593
19, 16, -80.461, 40.419, 85.292, -615.11, 836.67, 140.32, -13.89, -21.05, 7.34, 0.44814, 0.67080, -0.13702, -0.57482
19, 15, -81.306, 38.867, 84.270, -584.78, 830.26, 184.20, -12.47, -21.67, 9.35, 0.45742, 0.66310, -0.14637, -0.57414
19, 16, -81.219, 37.917, 84.444, -581.97, 843.38, 178.77, -6.87, -10.66, 4.30, 0.46145, 0.66221, -0.15258, -0.57031
19, 15, -80.736, 37.543, 84.858, -577.15, 835.57, 183.78, -3.27, 2.62, -3.24, 0.46325, 0.66386, -0.15413, -0.56651
19, 15, -79.993, 37.634, 85.474, -588.01, 834.72, 174.93, 0.20, 11.53, -9.46, 0.46290, 0.66750, -0.15230, -0.56300
19, 16, -79.217, 38.011, 86.018, -602.48, 821.78, 169.68, 3.88, 18.16, -10.94, 0.46172, 0.67134, -0.14812, -0.56051
19, 15, -78.424, 38.287, 86.567, -609.01, 814.76, 155.94, 6.42, 21.03, -6.72, 0.46104, 0.67501, -0.14445, -0.55762
19, 16, -77.837, 38.066, 87.068, -593.75, 826.42, 149.11, 8.30, 14.56, -3.36, 0.46199, 0.67742, -0.14477, -0.55381
19, 16, -77.636, 37.967, 87.220, -592.96, 820.01, 147.83, 9.13, 8.66, -3.17, 0.46253, 0.67815, -0.14492, -0.55243
19, 15, -77.541, 37.999, 87.280, -599.43, 818.79, 142.52, 7.25, 5.15, -3.77, 0.46248, 0.67856, -0.14445, -0.55210
19, 16, -77.369, 38.131, 87.272, -608.83, 815.98, 145.69, 5.46, 8.77, -3.20, 0.46273, 0.67893, -0.14258, -0.55191
19, 15, -76.938, 38.158, 87.441, -609.99, 818.12, 139.34, 4.30, 14.18, -0.82, 0.46367, 0.68019, -0.14068, -0.55006
19, 15, -76.483, 38.010, 87.685, -593.20, 817.14, 120.61, 1.27, 10.93, -0.69, 0.46510, 0.68152, -0.14005, -0.54735
19, 16, -76.385, 37.910, 87.466, -593.38, 819.52, 128.66, -3.07, 4.43, -1.85, 0.46734, 0.68061, -0.13903, -0.54684
19, 15, -76.420, 37.933, 87.087, -600.83, 818.85, 140.93, -4.12, 1.98, -2.78, 0.46931, 0.67905, -0.13729, -0.54753
