1, 8, 13.530, 3.726, 2.642, -76.97, 55.05, 1165.41, 0.72, 1.24, 0.95, -0.97110, -0.01471, -0.03702, -0.23533
1, 27, 13.368, 4.724, 1.462, -100.04, 22.34, 1163.33, 0.78, 0.84, 0.92, -0.97124, -0.00271, -0.04305, -0.23414
1, 14, 13.028, 4.763, 1.193, -98.69, 18.80, 1157.47, 2.17, -0.48, 0.63, -0.97193, -0.00048, -0.04283, -0.23136
1, 16, 12.997, 4.068, 2.079, -74.04, 50.96, 1163.21, 3.13, -1.13, 0.14, -0.97216, -0.00941, -0.03872, -0.23091
1, 15, 13.128, 3.752, 2.401, -75.13, 49.32, 1160.16, 2.08, -0.43, 0.15, -0.97194, -0.01274, -0.03670, -0.23200
1, 14, 13.206, 3.977, 1.878, -81.54, 35.46, 1163.21, 1.94, -0.24, 0.80, -0.97178, -0.00783, -0.03756, -0.23277
1, 16, 13.205, 3.777, 2.044, -77.15, 39.92, 1164.61, 2.39, -0.15, 0.69, -0.97181, -0.00964, -0.03620, -0.23275
1, 15, 13.690, 3.840, 2.428, -75.20, 54.81, 1162.05, 2.49, 0.10, 0.43, -0.97077, -0.01261, -0.03756, -0.23673
1, 15, 14.032, 3.977, 2.371, -79.16, 51.21, 1165.53, 1.52, 0.38, 0.66, -0.97003, -0.01172, -0.03865, -0.23960
1, 16, 14.247, 4.183, 2.417, -84.35, 50.78, 1161.74, 1.06, 0.24, 0.88, -0.96952, -0.01160, -0.04051, -0.24136
1, 15, 14.289, 4.366, 1.886, -89.78, 35.34, 1163.94, 0.74, -0.24, 0.94, -0.96943, -0.00671, -0.04094, -0.24185
1, 15, 14.208, 4.107, 1.521, -83.80, 27.89, 1164.55, 1.33, -0.63, 0.92, -0.96969, -0.00420, -0.03797, -0.24135
1, 15, 14.220, 3.436, 1.992, -65.55, 41.69, 1163.88, 2.53, -0.66, 0.59, -0.96980, -0.00960, -0.03329, -0.24144
1, 15, 14.410, 3.195, 2.696, -61.77, 60.55, 1163.57, 2.23, 0.39, 0.69, -0.96936, -0.01601, -0.03276, -0.24290
1, 15, 14.611, 3.537, 2.464, -71.23, 50.72, 1163.02, 1.11, 1.27, 0.82, -0.96890, -0.01326, -0.03518, -0.24459
1, 15, 14.395, 4.119, 2.180, -86.55, 39.86, 1163.39, 0.93, 1.22, 0.63, -0.96925, -0.00969, -0.03948, -0.24271
1, 16, 14.154, 4.054, 2.156, -83.44, 40.22, 1162.72, 1.27, 0.76, 0.60, -0.96978, -0.00970, -0.03886, -0.24069
1, 15, 14.003, 4.151, 2.071, -85.21, 39.49, 1163.57, 1.10, 0.61, 0.69, -0.97007, -0.00883, -0.03949, -0.23942
1, 15, 13.878, 4.180, 1.922, -85.63, 36.38, 1161.19, 1.37, 0.24, 0.92, -0.97033, -0.00756, -0.03941, -0.23841
1, 15, 13.805, 4.147, 2.142, -85.02, 41.63, 1162.11, 1.59, -0.23, 0.66, -0.97048, -0.00951, -0.03959, -0.23772
1, 15, 13.824, 3.710, 2.260, -74.52, 45.17, 1163.27, 1.50, -0.15, 0.76, -0.97054, -0.01142, -0.03613, -0.23795
1, 15, 13.879, 3.076, 2.091, -58.65, 41.38, 1166.50, 1.40, 0.60, 0.60, -0.97058, -0.01129, -0.03042, -0.23860
1, 14, 13.962, 2.921, 2.226, -57.56, 45.29, 1163.94, 1.68, 1.99, 0.14, -0.97042, -0.01274, -0.02940, -0.23930
1, 16, 14.219, 3.916, 2.236, -86.73, 48.89, 1159.73, 0.99, 2.11, 0.26, -0.96967, -0.01065, -0.03787, -0.24125
1, 16, 14.275, 4.671, 1.862, -101.99, 33.33, 1159.00, 1.37, 1.02, 0.40, -0.96936, -0.00587, -0.04347, -0.24168
1, 14, 14.262, 4.062, 1.894, -80.14, 36.99, 1162.29, 1.90, 0.00, 0.41, -0.96956, -0.00743, -0.03838, -0.24170
1, 16, 14.370, 3.224, 2.291, -54.63, 51.15, 1166.50, 2.03, 0.26, 0.30, -0.96949, -0.01254, -0.03214, -0.24267
1, 15, 14.599, 3.275, 2.511, -64.64, 53.71, 1169.31, 1.44, 1.53, 0.08, -0.96897, -0.01423, -0.03307, -0.24453
1, 15, 14.675, 3.963, 2.141, -83.98, 41.02, 1160.28, 0.68, 2.10, 0.18, -0.96870, -0.00960, -0.03810, -0.24512
1, 15, 14.600, 4.568, 1.832, -95.89, 33.20, 1158.20, 0.87, 1.76, 0.62, -0.96871, -0.00571, -0.04254, -0.24446
1, 14, 14.457, 4.378, 1.891, -89.42, 35.77, 1163.27, 1.40, 0.72, 0.43, -0.96907, -0.00667, -0.04106, -0.24327
1, 16, 14.374, 3.556, 2.390, -65.98, 49.50, 1162.96, 1.59, 0.34, 0.58, -0.96941, -0.01266, -0.03516, -0.24260
1, 16, 14.423, 3.416, 2.454, -68.36, 49.62, 1162.41, 1.10, 1.14, 0.44, -0.96933, -0.01349, -0.03412, -0.24302
1, 14, 14.431, 3.662, 2.132, -73.91, 42.05, 1162.84, 0.56, 1.91, 0.63, -0.96929, -0.01024, -0.03551, -0.24313
1, 16, 14.333, 4.253, 1.895, -88.75, 35.34, 1159.18, 0.40, 1.98, 0.63, -0.96936, -0.00701, -0.04001, -0.24225
1, 15, 14.143, 4.298, 1.597, -87.71, 29.05, 1160.89, 0.69, 1.46, 0.85, -0.96977, -0.00446, -0.03975, -0.24074
1, 14, 14.028, 4.133, 1.878, -84.23, 36.01, 1163.64, 1.22, 0.95, 0.89, -0.97004, -0.00722, -0.03893, -0.23971
1, 16, 14.033, 4.157, 2.115, -84.59, 42.18, 1163.64, 1.34, 0.47, 0.77, -0.97000, -0.00918, -0.03964, -0.23966
1, 15, 14.090, 3.654, 2.145, -72.20, 43.21, 1162.48, 1.15, 0.38, 1.01, -0.97001, -0.01048, -0.03544, -0.24025
1, 14, 14.511, 3.668, 1.690, -70.68, 36.99, 1162.96, 1.16, 0.82, 0.62, -0.96915, -0.00647, -0.03463, -0.24395
1, 17, 14.786, 3.388, 1.904, -64.88, 42.30, 1166.50, 1.38, 1.52, 0.46, -0.96861, -0.00880, -0.03274, -0.24626
1, 15, 14.970, 4.018, 1.952, -83.07, 41.69, 1161.07, 1.27, 2.16, 0.08, -0.96806, -0.00778, -0.03818, -0.24767
1, 14, 14.984, 4.612, 1.575, -97.66, 28.02, 1160.52, 1.27, 1.33, 0.14, -0.96788, -0.00330, -0.04238, -0.24780
1, 16, 14.992, 4.416, 2.035, -88.87, 41.75, 1161.74, 1.79, 0.32, 0.25, -0.96790, -0.00761, -0.04172, -0.24773
1, 15, 15.080, 3.722, 2.061, -70.13, 42.18, 1163.70, 1.49, -0.01, 0.36, -0.96789, -0.00931, -0.03592, -0.24863
1, 15, 15.205, 3.539, 1.938, -69.95, 39.67, 1162.29, 1.20, 0.85, 0.50, -0.96767, -0.00863, -0.03413, -0.24976
1, 15, 15.247, 3.789, 1.675, -77.27, 32.71, 1166.93, 1.27, 1.14, 0.60, -0.96753, -0.00586, -0.03566, -0.25015
1, 14, 15.252, 4.140, 2.038, -85.33, 41.56, 1163.33, 1.67, 1.11, 0.32, -0.96741, -0.00815, -0.03941, -0.25000
1, 16, 14.601, 3.923, 2.580, -83.62, 44.13, 1167.36, 1.53, 0.84, 0.49, -0.96882, -0.01342, -0.03869, -0.24436
1, 16, 14.215, 4.094, 2.123, -85.63, 36.50, 1161.13, 1.46, 0.58, 0.50, -0.96964, -0.00932, -0.03913, -0.24121
1, 14, 13.893, 3.672, 2.080, -75.99, 37.35, 1160.58, 1.49, 0.52, 0.65, -0.97042, -0.00995, -0.03545, -0.23859
1, 16, 13.694, 3.588, 1.859, -73.91, 34.85, 1166.56, 1.44, 0.84, 0.48, -0.97087, -0.00831, -0.03426, -0.23700
1, 15, 13.602, 3.767, 2.311, -76.84, 44.98, 1160.71, 1.72, 1.04, 0.11, -0.97098, -0.01180, -0.03670, -0.23604
1, 14, 13.572, 4.471, 2.259, -94.97, 43.88, 1159.24, 1.20, 0.48, 0.47, -0.97086, -0.00991, -0.04255, -0.23562
1, 16, 13.451, 4.228, 1.955, -86.36, 37.29, 1159.12, 1.02, -0.16, 0.82, -0.97120, -0.00788, -0.03986, -0.23477
1, 15, 13.343, 3.657, 1.626, -73.61, 29.72, 1165.47, 1.38, -0.27, 0.76, -0.97159, -0.00630, -0.03434, -0.23408
1, 14, 13.800, 3.287, 1.623, -62.32, 37.66, 1167.05, 1.98, 0.40, 0.47, -0.97073, -0.00691, -0.03123, -0.23802
1, 17, 14.106, 3.703, 1.732, -74.34, 38.57, 1161.01, 1.68, 1.06, 0.42, -0.96999, -0.00687, -0.03500, -0.24050
1, 15, 14.337, 3.895, 2.028, -77.82, 43.76, 1161.80, 1.66, 1.01, 0.63, -0.96944, -0.00890, -0.03726, -0.24232
1, 15, 14.524, 3.726, 2.039, -73.67, 42.66, 1163.51, 1.34, 0.94, 0.73, -0.96908, -0.00929, -0.03587, -0.24393
1, 15, 14.635, 3.611, 1.860, -71.59, 37.78, 1164.37, 1.46, 1.45, 0.50, -0.96889, -0.00799, -0.03453, -0.24495
1, 15, 14.687, 3.945, 1.899, -79.77, 38.21, 1160.95, 1.26, 1.63, 0.49, -0.96869, -0.00758, -0.03743, -0.24531
1, 15, 14.709, 4.102, 2.013, -82.82, 40.22, 1162.84, 1.31, 1.57, 0.60, -0.96860, -0.00820, -0.03901, -0.24542
1, 15, 14.687, 4.313, 1.751, -87.59, 33.51, 1161.44, 1.16, 1.43, 0.88, -0.96860, -0.00554, -0.04023, -0.24529
1, 15, 14.535, 3.991, 1.458, -81.30, 26.37, 1164.31, 1.43, 0.98, 1.05, -0.96903, -0.00380, -0.03687, -0.24416
1, 16, 14.538, 3.729, 2.121, -73.97, 44.74, 1163.15, 2.08, 0.99, 0.71, -0.96905, -0.00998, -0.03607, -0.24403
1, 15, 14.648, 3.851, 2.297, -77.27, 47.18, 1162.23, 1.34, 1.21, 0.57, -0.96877, -0.01116, -0.03749, -0.24488
1, 15, 14.663, 3.997, 1.813, -80.99, 34.12, 1161.99, 1.09, 1.08, 0.85, -0.96873, -0.00675, -0.03768, -0.24513
1, 15, 14.667, 3.694, 2.265, -73.36, 46.33, 1162.48, 1.43, 1.18, 0.39, -0.96877, -0.01123, -0.03609, -0.24508
1, 15, 14.703, 4.082, 2.068, -83.01, 41.14, 1161.13, 0.86, 1.56, 0.28, -0.96861, -0.00871, -0.03895, -0.24536
1, 14, 14.608, 4.257, 1.602, -87.16, 28.75, 1163.33, 1.12, 1.14, 0.48, -0.96879, -0.00443, -0.03943, -0.24468
1, 16, 14.454, 4.457, 1.544, -91.61, 28.26, 1161.38, 1.56, 0.58, 0.47, -0.96906, -0.00357, -0.04099, -0.24335
1, 15, 14.106, 3.808, 1.913, -78.31, 33.57, 1163.76, 1.80, 0.02, 0.67, -0.96996, -0.00818, -0.03626, -0.24042
1, 15, 14.020, 3.338, 2.232, -67.57, 43.58, 1166.69, 2.01, 0.33, 0.12, -0.97022, -0.01190, -0.03295, -0.23970
1, 16, 14.060, 3.375, 2.278, -67.87, 45.72, 1163.39, 1.64, 1.06, 0.25, -0.97012, -0.01220, -0.03336, -0.24002
1, 15, 14.063, 3.872, 2.194, -78.98, 43.58, 1162.41, 1.05, 1.60, 0.35, -0.97001, -0.01044, -0.03739, -0.23995
1, 15, 13.963, 4.563, 1.959, -96.31, 35.95, 1156.49, 0.91, 1.52, 0.34, -0.97005, -0.00703, -0.04274, -0.23903
1, 15, 13.812, 4.016, 1.884, -81.05, 35.28, 1161.56, 1.18, 0.63, 0.55, -0.97052, -0.00760, -0.03794, -0.23790
1, 15, 13.768, 3.665, 1.937, -74.34, 37.90, 1164.25, 1.38, 0.72, 0.46, -0.97070, -0.00879, -0.03508, -0.23758
1, 15, 13.748, 3.678, 1.634, -74.16, 31.92, 1161.68, 1.21, 1.21, 0.68, -0.97075, -0.00620, -0.03456, -0.23750
1, 15, 13.928, 4.310, 1.704, -88.68, 35.83, 1163.45, 1.46, 1.27, 0.79, -0.97021, -0.00541, -0.04007, -0.23888
1, 16, 14.005, 4.138, 1.619, -83.13, 32.41, 1164.55, 1.61, 0.68, 0.90, -0.97010, -0.00503, -0.03843, -0.23960
1, 15, 14.109, 3.733, 1.950, -73.36, 40.53, 1162.84, 1.81, 0.72, 0.76, -0.96997, -0.00865, -0.03570, -0.24045
1, 15, 14.180, 3.933, 1.621, -79.71, 31.62, 1164.43, 1.81, 0.78, 0.22, -0.96979, -0.00542, -0.03671, -0.24112
1, 15, 14.226, 4.030, 1.975, -81.73, 39.79, 1162.35, 2.10, 0.64, 0.53, -0.96964, -0.00820, -0.03828, -0.24137
1, 15, 14.274, 3.965, 1.875, -80.02, 37.41, 1164.98, 1.73, 0.60, 0.37, -0.96957, -0.00747, -0.03753, -0.24182
1, 15, 14.282, 3.806, 1.833, -76.78, 36.19, 1165.59, 2.08, 0.63, -0.17, -0.96959, -0.00745, -0.03609, -0.24193
1, 15, 14.317, 4.020, 2.043, -81.67, 41.20, 1163.09, 1.86, 0.74, -0.11, -0.96945, -0.00877, -0.03835, -0.24212
1, 15, 13.980, 4.026, 1.602, -83.56, 27.53, 1164.18, 1.56, 0.51, 0.46, -0.97018, -0.00513, -0.03745, -0.23941
1, 16, 13.698, 4.011, 1.502, -83.25, 25.94, 1164.49, 2.49, 0.09, 0.36, -0.97078, -0.00441, -0.03711, -0.23706
1, 16, 13.629, 3.675, 2.083, -74.04, 41.14, 1161.80, 2.89, 0.07, 0.47, -0.97097, -0.01005, -0.03545, -0.23636
1, 14, 13.724, 3.529, 2.356, -70.68, 47.73, 1161.87, 1.98, 0.74, 0.63, -0.97078, -0.01263, -0.03479, -0.23711
1, 15, 13.784, 4.000, 2.131, -82.03, 41.87, 1158.81, 1.41, 0.93, 0.76, -0.97056, -0.00973, -0.03831, -0.23758
1, 15, 13.725, 4.095, 1.889, -83.62, 36.38, 1163.15, 1.35, 0.43, 0.89, -0.97068, -0.00750, -0.03861, -0.23714
1, 15, 13.622, 3.775, 1.628, -76.72, 30.33, 1163.21, 1.66, 0.27, 0.73, -0.97099, -0.00599, -0.03536, -0.23642
1, 15, 13.591, 3.446, 1.849, -69.76, 36.01, 1165.53, 1.98, 0.64, 0.71, -0.97112, -0.00855, -0.03303, -0.23615
1, 15, 13.903, 3.873, 1.862, -77.58, 40.47, 1165.41, 1.66, 1.03, 0.75, -0.97037, -0.00768, -0.03669, -0.23871
1, 16, 14.027, 4.326, 1.688, -88.13, 33.75, 1157.41, 1.41, 1.08, 0.95, -0.97000, -0.00521, -0.04017, -0.23972
1, 15, 14.063, 4.275, 1.745, -86.43, 34.55, 1161.07, 1.64, 0.48, 0.83, -0.96993, -0.00579, -0.03986, -0.24001
1, 15, 14.153, 3.834, 2.121, -75.68, 44.01, 1161.32, 1.88, -0.05, 0.62, -0.96984, -0.00987, -0.03692, -0.24074
1, 15, 14.283, 3.716, 1.978, -74.58, 40.41, 1163.94, 1.56, 0.05, 0.68, -0.96960, -0.00887, -0.03564, -0.24192
1, 15, 14.337, 3.664, 1.796, -74.04, 35.77, 1163.09, 1.50, 0.16, 0.66, -0.96951, -0.00742, -0.03482, -0.24244
1, 15, 14.331, 3.797, 1.712, -77.27, 33.39, 1162.11, 1.71, 0.32, 0.47, -0.96950, -0.00643, -0.03576, -0.24239
1, 15, 14.336, 3.871, 2.028, -78.86, 40.28, 1163.21, 2.10, 0.26, 0.22, -0.96945, -0.00895, -0.03706, -0.24232
1, 15, 13.767, 4.218, 2.268, -88.93, 38.51, 1161.80, 1.82, 0.11, 0.01, -0.97053, -0.01044, -0.04045, -0.23734
1, 16, 13.413, 4.010, 1.753, -83.74, 29.36, 1164.67, 1.72, -0.61, 0.44, -0.97135, -0.00663, -0.03760, -0.23456
1, 15, 13.132, 3.498, 1.747, -72.94, 31.01, 1163.21, 2.19, -0.75, 0.10, -0.97205, -0.00772, -0.03322, -0.23228
1, 16, 13.082, 3.043, 2.200, -61.65, 43.33, 1166.20, 2.58, -0.25, -0.11, -0.97221, -0.01249, -0.03028, -0.23182
1, 14, 13.200, 2.935, 2.465, -58.96, 50.23, 1165.10, 2.01, 0.40, 0.13, -0.97195, -0.01493, -0.02992, -0.23278
1, 15, 13.244, 3.448, 2.016, -71.23, 38.27, 1159.00, 1.40, 1.19, 0.47, -0.97181, -0.01006, -0.03336, -0.23316
1, 16, 13.129, 3.883, 1.768, -79.77, 33.14, 1162.66, 1.44, 1.05, 0.47, -0.97196, -0.00710, -0.03653, -0.23217
1, 14, 13.018, 3.568, 1.994, -72.75, 37.90, 1161.56, 1.69, 0.95, 0.59, -0.97225, -0.00970, -0.03432, -0.23122
1, 15, 13.222, 3.400, 2.196, -67.44, 45.53, 1162.11, 1.70, 1.13, 0.43, -0.97185, -0.01169, -0.03332, -0.23294
1, 17, 13.358, 3.666, 2.074, -73.24, 42.85, 1164.37, 1.07, 1.65, 0.50, -0.97153, -0.01007, -0.03534, -0.23406
1, 14, 13.343, 4.126, 1.697, -84.66, 32.35, 1163.64, 0.65, 1.76, 0.76, -0.97147, -0.00594, -0.03846, -0.23396
1, 15, 13.261, 3.854, 1.749, -78.12, 33.51, 1162.05, 1.17, 1.40, 1.02, -0.97170, -0.00696, -0.03626, -0.23331
1, 16, 13.280, 3.612, 2.034, -72.69, 40.53, 1164.61, 1.53, 1.26, 0.64, -0.97170, -0.00987, -0.03479, -0.23343
1, 14, 13.324, 3.783, 1.783, -76.23, 35.64, 1163.45, 1.05, 1.27, 0.95, -0.97159, -0.00738, -0.03573, -0.23384
1, 15, 13.281, 3.721, 1.639, -75.38, 31.86, 1164.61, 1.33, 1.37, 0.95, -0.97170, -0.00629, -0.03491, -0.23354
1, 16, 13.248, 3.981, 1.782, -80.57, 34.55, 1160.64, 1.49, 1.34, 0.81, -0.97169, -0.00699, -0.03740, -0.23316
1, 14, 13.163, 3.851, 1.967, -78.43, 37.72, 1164.86, 1.70, 1.29, 0.53, -0.97189, -0.00885, -0.03667, -0.23241
1, 17, 13.112, 4.055, 1.665, -82.58, 31.74, 1162.96, 1.64, 0.84, 0.56, -0.97196, -0.00589, -0.03778, -0.23203
1, 15, 13.020, 3.818, 1.573, -77.82, 29.60, 1162.11, 1.94, 0.56, 0.83, -0.97221, -0.00562, -0.03559, -0.23132
1, 14, 12.985, 3.814, 1.700, -77.51, 32.53, 1162.29, 2.32, 0.60, 0.65, -0.97227, -0.00671, -0.03581, -0.23099
1, 16, 13.018, 3.521, 1.944, -71.17, 38.33, 1165.34, 2.64, 0.43, 0.43, -0.97226, -0.00937, -0.03381, -0.23125
1, 15, 13.163, 3.346, 2.405, -66.41, 49.93, 1163.94, 2.11, 1.03, 0.57, -0.97196, -0.01360, -0.03327, -0.23239
1, 14, 13.310, 3.723, 2.350, -74.83, 48.34, 1163.21, 1.39, 1.45, 0.54, -0.97158, -0.01232, -0.03638, -0.23356
1, 16, 13.278, 3.870, 1.704, -78.74, 29.91, 1162.60, 1.30, 1.21, 0.78, -0.97167, -0.00654, -0.03630, -0.23346
1, 15, 13.450, 4.093, 1.753, -81.67, 36.19, 1160.83, 1.95, 0.92, 0.33, -0.97125, -0.00645, -0.03830, -0.23486
1, 15, 13.511, 3.801, 1.413, -76.05, 27.59, 1164.18, 1.71, 0.37, 0.83, -0.97122, -0.00415, -0.03513, -0.23554
1, 16, 13.623, 3.427, 2.047, -66.71, 44.31, 1163.64, 2.31, 0.69, 0.76, -0.97104, -0.01026, -0.03328, -0.23637
1, 15, 13.831, 3.657, 2.210, -72.94, 46.33, 1162.84, 1.61, 1.16, 0.82, -0.97054, -0.01110, -0.03558, -0.23803
1, 14, 13.888, 3.851, 1.720, -77.58, 33.08, 1161.68, 1.11, 1.44, 0.89, -0.97041, -0.00653, -0.03621, -0.23863
1, 16, 13.811, 4.135, 1.569, -84.05, 29.54, 1159.06, 1.55, 1.19, 0.63, -0.97051, -0.00468, -0.03829, -0.23797
1, 15, 13.793, 3.850, 1.953, -77.76, 38.39, 1162.66, 1.71, 0.73, 1.07, -0.97060, -0.00853, -0.03668, -0.23775
1, 14, 13.819, 3.586, 1.629, -71.72, 31.56, 1161.93, 1.68, 0.81, 0.99, -0.97063, -0.00633, -0.03377, -0.23812
1, 16, 13.853, 3.566, 2.010, -71.84, 39.79, 1161.19, 2.30, 0.94, 0.56, -0.97054, -0.00959, -0.03440, -0.23830
1, 15, 14.097, 3.699, 2.632, -73.36, 56.82, 1160.28, 1.95, 1.17, 0.47, -0.96993, -0.01450, -0.03685, -0.24014
1, 16, 14.164, 4.014, 1.810, -83.25, 27.89, 1162.41, 0.85, 1.32, 0.72, -0.96979, -0.00686, -0.03780, -0.24090
1, 15, 14.099, 3.773, 1.566, -76.23, 29.54, 1163.33, 1.69, 0.98, 0.68, -0.97000, -0.00532, -0.03524, -0.24047
1, 15, 14.093, 3.854, 1.981, -78.25, 39.31, 1163.94, 1.96, 1.02, 0.41, -0.96997, -0.00866, -0.03679, -0.24028
1, 15, 14.110, 4.145, 1.823, -84.59, 35.71, 1164.55, 1.76, 0.67, 0.64, -0.96987, -0.00671, -0.03893, -0.24041
1, 15, 14.100, 3.842, 1.973, -77.88, 38.70, 1164.31, 2.03, 0.30, 0.54, -0.96996, -0.00862, -0.03668, -0.24034
1, 14, 14.193, 3.536, 2.278, -70.43, 46.63, 1162.60, 1.75, 0.54, 0.59, -0.96981, -0.01182, -0.03473, -0.24110
1, 16, 14.271, 3.399, 1.796, -67.50, 35.10, 1164.98, 1.17, 1.10, 0.98, -0.96971, -0.00801, -0.03257, -0.24193
1, 15, 14.254, 3.904, 1.826, -79.77, 35.64, 1164.73, 1.82, 1.27, 0.31, -0.96963, -0.00720, -0.03690, -0.24168
1, 15, 14.231, 4.023, 2.050, -81.67, 40.34, 1163.21, 1.64, 1.11, 0.45, -0.96963, -0.00885, -0.03838, -0.24139
1, 16, 14.255, 3.930, 2.128, -79.35, 42.36, 1161.93, 1.50, 0.76, 0.68, -0.96960, -0.00970, -0.03776, -0.24158
1, 15, 14.241, 3.931, 1.756, -79.71, 33.69, 1163.76, 1.40, 0.63, 0.79, -0.96965, -0.00655, -0.03698, -0.24159
1, 15, 14.198, 3.625, 1.775, -73.55, 34.30, 1163.88, 1.65, 0.46, 0.82, -0.96982, -0.00737, -0.03443, -0.24128
1, 15, 14.245, 3.415, 2.075, -68.66, 41.63, 1163.09, 1.88, 0.60, 0.73, -0.96974, -0.01034, -0.03329, -0.24163
1, 15, 14.332, 3.510, 2.023, -70.37, 40.83, 1160.03, 1.35, 0.93, 0.95, -0.96954, -0.00968, -0.03399, -0.24237
1, 16, 14.310, 3.643, 1.605, -73.97, 30.27, 1163.70, 1.21, 1.08, 0.85, -0.96959, -0.00586, -0.03423, -0.24228
1, 14, 14.111, 4.175, 1.874, -87.10, 34.85, 1163.09, 1.57, 1.02, 0.60, -0.96985, -0.00708, -0.03929, -0.24039
1, 16, 13.972, 3.962, 1.819, -81.12, 34.12, 1163.33, 1.60, 0.32, 0.91, -0.97020, -0.00710, -0.03736, -0.23928
1, 15, 13.877, 3.764, 1.597, -76.78, 29.66, 1163.88, 1.94, 0.20, 0.85, -0.97047, -0.00567, -0.03522, -0.23859
1, 15, 13.856, 3.513, 1.939, -70.98, 37.90, 1162.41, 2.40, 0.36, 0.68, -0.97055, -0.00909, -0.03380, -0.23836
1, 15, 13.955, 3.510, 2.322, -70.86, 47.85, 1166.20, 1.80, 0.56, 0.66, -0.97031, -0.01231, -0.03458, -0.23908
1, 15, 14.006, 3.644, 1.945, -73.61, 37.90, 1163.94, 1.64, 0.94, 0.50, -0.97020, -0.00883, -0.03493, -0.23960
1, 15, 14.006, 3.611, 2.067, -72.88, 40.95, 1163.02, 1.43, 1.17, 0.70, -0.97020, -0.00993, -0.03491, -0.23957
1, 15, 13.993, 3.868, 1.833, -78.86, 35.52, 1162.54, 1.14, 0.99, 0.94, -0.97018, -0.00741, -0.03660, -0.23948
1, 15, 13.679, 4.230, 1.467, -88.20, 24.60, 1164.12, 1.56, 0.45, 0.95, -0.97076, -0.00366, -0.03888, -0.23687
1, 16, 13.510, 3.402, 1.707, -65.49, 31.37, 1167.72, 2.51, 0.01, 0.74, -0.97130, -0.00746, -0.03236, -0.23551
1, 15, 13.584, 3.045, 2.533, -58.11, 57.37, 1165.22, 2.39, 0.69, 0.62, -0.97114, -0.01517, -0.03104, -0.23599
1, 15, 13.697, 3.545, 2.174, -72.27, 43.40, 1163.70, 1.23, 1.67, 0.57, -0.97085, -0.01107, -0.03455, -0.23693
1, 15, 13.633, 4.154, 1.904, -86.43, 35.77, 1159.85, 0.98, 1.51, 0.49, -0.97085, -0.00754, -0.03914, -0.23634
1, 15, 13.492, 3.892, 1.853, -79.59, 35.10, 1162.48, 1.36, 0.93, 0.66, -0.97121, -0.00770, -0.03680, -0.23522
1, 15, 13.463, 3.450, 1.992, -69.52, 39.00, 1161.38, 1.44, 0.80, 0.66, -0.97137, -0.00979, -0.03334, -0.23503
1, 15, 13.442, 3.462, 1.522, -69.89, 28.99, 1163.02, 1.46, 0.98, 0.56, -0.97144, -0.00579, -0.03248, -0.23498
1, 16, 14.121, 3.911, 1.608, -75.93, 42.66, 1163.21, 1.95, 1.25, 0.35, -0.96992, -0.00538, -0.03650, -0.24063
1, 15, 14.633, 3.944, 1.836, -75.56, 45.10, 1165.83, 1.35, 1.38, 0.68, -0.96881, -0.00707, -0.03728, -0.24488
1, 15, 15.012, 3.756, 1.710, -71.66, 38.76, 1164.18, 1.11, 1.31, 0.74, -0.96805, -0.00630, -0.03545, -0.24815
1, 16, 15.225, 4.060, 1.466, -81.12, 30.70, 1158.33, 1.07, 1.38, 0.72, -0.96752, -0.00350, -0.03750, -0.24998
1, 14, 15.355, 4.150, 1.709, -83.31, 35.83, 1161.56, 1.41, 0.90, 0.69, -0.96720, -0.00531, -0.03879, -0.25097
1, 15, 15.457, 3.988, 1.595, -79.22, 32.10, 1157.53, 1.40, 0.61, 0.89, -0.96703, -0.00467, -0.03718, -0.25190
1, 15, 15.556, 3.452, 1.760, -66.35, 36.25, 1162.48, 1.98, 0.65, 0.69, -0.96693, -0.00722, -0.03302, -0.25279
1, 15, 15.737, 3.371, 2.134, -66.41, 45.65, 1165.10, 1.91, 1.16, 0.61, -0.96652, -0.01050, -0.03318, -0.25423
1, 15, 15.712, 3.678, 1.998, -74.77, 38.94, 1165.04, 1.24, 1.68, 0.91, -0.96652, -0.00868, -0.03547, -0.25399
1, 16, 15.621, 4.029, 1.904, -83.31, 36.25, 1166.63, 1.21, 1.37, 0.62, -0.96664, -0.00714, -0.03821, -0.25318
1, 15, 15.515, 3.961, 1.931, -80.32, 36.87, 1157.47, 1.18, 0.91, 0.44, -0.96689, -0.00755, -0.03769, -0.25229
1, 15, 15.464, 3.798, 1.882, -76.60, 36.44, 1159.24, 1.12, 0.79, 0.66, -0.96704, -0.00751, -0.03620, -0.25191
1, 16, 15.383, 3.671, 1.323, -74.04, 21.67, 1164.37, 1.32, 0.79, 0.87, -0.96728, -0.00310, -0.03390, -0.25142
1, 14, 15.325, 3.771, 1.794, -77.09, 35.28, 1159.97, 2.15, 0.82, 0.60, -0.96736, -0.00688, -0.03578, -0.25077
1, 16, 15.349, 3.903, 2.028, -79.28, 40.41, 1161.68, 2.17, 0.63, 0.41, -0.96726, -0.00855, -0.03740, -0.25087
1, 15, 15.388, 3.554, 1.956, -70.43, 38.64, 1163.02, 1.85, 0.71, 0.60, -0.96726, -0.00869, -0.03430, -0.25130
1, 14, 15.305, 3.399, 1.843, -69.15, 35.28, 1165.04, 1.62, 1.11, 0.75, -0.96749, -0.00811, -0.03275, -0.25066
1, 17, 15.268, 3.872, 2.015, -80.44, 39.55, 1165.41, 1.66, 1.25, 0.76, -0.96745, -0.00853, -0.03711, -0.25020
1, 15, 15.181, 4.121, 1.797, -84.90, 33.51, 1163.76, 1.69, 0.66, 0.76, -0.96759, -0.00618, -0.03873, -0.24948
1, 14, 15.081, 3.855, 1.810, -78.67, 34.12, 1164.92, 2.00, 0.30, 0.73, -0.96787, -0.00690, -0.03650, -0.24869
1, 16, 15.050, 3.424, 1.669, -68.36, 31.56, 1164.79, 1.98, 0.50, 0.93, -0.96805, -0.00665, -0.03255, -0.24856
1, 15, 15.102, 3.238, 2.047, -64.64, 41.56, 1164.73, 2.01, 1.05, 0.81, -0.96795, -0.01024, -0.03181, -0.24892
1, 14, 15.216, 3.499, 2.285, -70.31, 47.12, 1160.71, 1.49, 1.43, 0.66, -0.96762, -0.01165, -0.03455, -0.24976
1, 16, 15.247, 3.974, 2.069, -81.79, 40.34, 1160.28, 1.19, 1.48, 0.61, -0.96746, -0.00878, -0.03809, -0.24998
1, 15, 14.852, 4.184, 1.522, -87.71, 23.19, 1159.97, 1.48, 0.79, 0.88, -0.96829, -0.00383, -0.03865, -0.24678
1, 15, 14.603, 3.593, 1.860, -72.27, 33.81, 1163.21, 1.90, 0.58, 0.83, -0.96896, -0.00803, -0.03436, -0.24468
1, 16, 14.515, 3.478, 1.982, -70.80, 37.78, 1160.89, 2.01, 0.78, 0.54, -0.96916, -0.00934, -0.03365, -0.24393
1, 14, 14.501, 3.778, 2.112, -76.97, 41.38, 1162.29, 1.92, 0.92, 0.63, -0.96912, -0.00980, -0.03646, -0.24370
1, 15, 14.460, 3.782, 1.913, -76.97, 37.11, 1164.06, 1.55, 0.66, 0.84, -0.96922, -0.00812, -0.03607, -0.24342
1, 16, 14.447, 3.334, 2.092, -66.59, 41.44, 1165.16, 1.56, 0.96, 0.72, -0.96933, -0.01060, -0.03266, -0.24335
1, 14, 14.439, 3.794, 1.781, -78.25, 33.69, 1161.32, 1.46, 1.15, 0.55, -0.96927, -0.00699, -0.03589, -0.24328
1, 16, 14.350, 3.931, 1.849, -80.44, 35.28, 1165.10, 1.87, 0.72, 0.51, -0.96942, -0.00730, -0.03718, -0.24248
1, 15, 14.145, 3.511, 2.244, -72.27, 42.11, 1165.04, 1.67, 0.59, 0.48, -0.96992, -0.01160, -0.03445, -0.24071
1, 15, 14.054, 3.497, 1.681, -71.23, 30.40, 1165.34, 1.22, 0.85, 0.73, -0.97016, -0.00689, -0.03314, -0.24011
1, 16, 13.926, 3.697, 1.885, -75.74, 35.46, 1164.37, 1.85, 0.97, 0.64, -0.97036, -0.00823, -0.03525, -0.23893
1, 15, 13.827, 3.762, 1.632, -76.72, 30.64, 1162.90, 1.82, 0.84, 0.78, -0.97057, -0.00598, -0.03527, -0.23816
1, 14, 13.799, 3.478, 2.110, -70.01, 41.69, 1162.84, 2.11, 0.85, 0.66, -0.97066, -0.01063, -0.03386, -0.23783
1, 16, 13.860, 3.649, 2.061, -73.36, 41.32, 1161.44, 1.65, 1.02, 0.66, -0.97050, -0.00985, -0.03521, -0.23832
1, 15, 13.815, 3.905, 1.681, -79.77, 31.74, 1164.18, 1.50, 1.01, 0.66, -0.97055, -0.00611, -0.03658, -0.23801
1, 14, 13.767, 3.586, 2.015, -72.51, 39.37, 1162.60, 1.63, 0.76, 0.63, -0.97071, -0.00961, -0.03457, -0.23757
1, 16, 14.060, 3.747, 1.871, -73.91, 40.16, 1160.83, 1.58, 0.82, 0.81, -0.97007, -0.00797, -0.03566, -0.24006
1, 16, 14.175, 3.784, 1.621, -75.93, 33.08, 1165.77, 1.27, 0.94, 0.93, -0.96984, -0.00574, -0.03545, -0.24110
1, 14, 14.198, 3.889, 1.575, -78.67, 31.01, 1163.27, 1.63, 0.85, 0.82, -0.96976, -0.00512, -0.03624, -0.24129
1, 16, 14.241, 3.706, 1.856, -74.52, 36.87, 1160.89, 1.85, 0.79, 0.87, -0.96970, -0.00787, -0.03529, -0.24161
1, 15, 14.348, 3.486, 2.018, -69.64, 41.20, 1164.98, 1.73, 0.97, 0.68, -0.96951, -0.00967, -0.03378, -0.24251
1, 15, 14.444, 3.737, 1.976, -74.95, 40.16, 1161.32, 1.37, 1.30, 0.65, -0.96926, -0.00876, -0.03582, -0.24327
1, 15, 14.468, 3.921, 1.943, -79.04, 38.64, 1159.48, 1.18, 1.11, 0.72, -0.96916, -0.00808, -0.03731, -0.24345
1, 15, 14.406, 3.937, 1.553, -79.90, 29.05, 1161.50, 1.39, 0.83, 0.66, -0.96931, -0.00476, -0.03661, -0.24305
1, 15, 14.185, 3.852, 1.523, -79.22, 27.22, 1160.03, 1.84, 0.59, 0.69, -0.96980, -0.00476, -0.03582, -0.24120
1, 16, 14.164, 3.329, 1.982, -65.31, 40.28, 1165.59, 1.98, 0.62, 0.70, -0.96994, -0.00976, -0.03236, -0.24099
1, 15, 14.265, 3.187, 2.056, -63.54, 41.87, 1165.53, 1.62, 1.30, 0.73, -0.96975, -0.01066, -0.03132, -0.24185
1, 15, 14.346, 3.615, 2.215, -73.18, 45.29, 1162.78, 1.32, 1.78, 0.46, -0.96947, -0.01107, -0.03529, -0.24240
1, 15, 14.324, 4.122, 1.903, -85.33, 36.01, 1160.34, 1.02, 1.35, 0.56, -0.96942, -0.00736, -0.03891, -0.24220
1, 15, 14.182, 4.141, 1.565, -84.66, 28.69, 1162.78, 1.20, 0.82, 0.69, -0.96973, -0.00451, -0.03835, -0.24111
1, 15, 14.037, 3.747, 1.396, -75.93, 25.09, 1159.97, 1.68, 0.52, 0.60, -0.97014, -0.00395, -0.03466, -0.24001
1, 15, 14.017, 3.596, 1.786, -72.75, 34.91, 1162.05, 2.07, 0.70, 0.68, -0.97020, -0.00758, -0.03420, -0.23975
1, 15, 14.318, 3.728, 1.747, -73.55, 37.72, 1163.02, 1.89, 0.92, 0.60, -0.96954, -0.00688, -0.03525, -0.24228
1, 16, 14.487, 3.984, 1.869, -80.02, 38.94, 1160.89, 1.89, 0.91, 0.54, -0.96911, -0.00731, -0.03768, -0.24362
1, 15, 14.646, 3.737, 2.192, -73.91, 46.14, 1162.96, 1.56, 0.68, 0.74, -0.96881, -0.01052, -0.03630, -0.24491
1, 15, 14.743, 3.514, 1.683, -68.97, 32.41, 1163.09, 1.00, 0.75, 0.73, -0.96869, -0.00667, -0.03333, -0.24594
1, 15, 14.717, 3.698, 1.329, -75.44, 24.66, 1165.95, 1.46, 1.05, 0.53, -0.96872, -0.00329, -0.03412, -0.24579
1, 15, 14.683, 4.008, 1.738, -82.52, 34.36, 1163.51, 2.06, 0.95, 0.48, -0.96869, -0.00609, -0.03762, -0.24531
1, 16, 14.743, 3.641, 2.047, -72.08, 41.63, 1162.05, 1.84, 0.79, 0.83, -0.96864, -0.00947, -0.03518, -0.24580
1, 14, 14.828, 3.635, 1.898, -72.63, 38.27, 1160.71, 1.40, 0.99, 0.56, -0.96847, -0.00820, -0.03482, -0.24657
1, 15, 14.850, 3.555, 1.749, -71.41, 34.42, 1163.70, 1.60, 1.14, 0.66, -0.96845, -0.00710, -0.03382, -0.24682
1, 16, 14.556, 4.001, 1.658, -83.31, 28.99, 1165.28, 1.58, 1.07, 0.54, -0.96897, -0.00547, -0.03738, -0.24427
1, 15, 14.342, 3.928, 1.760, -81.05, 31.92, 1163.64, 1.85, 0.59, 0.86, -0.96944, -0.00656, -0.03697, -0.24244
1, 15, 14.286, 3.561, 2.048, -71.90, 39.86, 1162.90, 1.98, 0.47, 0.73, -0.96962, -0.00979, -0.03447, -0.24196
1, 15, 14.297, 3.443, 1.830, -69.40, 35.89, 1164.43, 1.68, 0.85, 0.72, -0.96964, -0.00820, -0.03302, -0.24214
1, 15, 14.300, 3.700, 2.007, -75.20, 39.67, 1164.25, 1.73, 1.21, 0.73, -0.96957, -0.00915, -0.03556, -0.24206
1, 15, 14.253, 3.914, 1.684, -79.71, 31.74, 1160.64, 1.41, 0.99, 0.70, -0.96964, -0.00597, -0.03669, -0.24171
1, 15, 14.178, 3.684, 1.780, -74.89, 34.06, 1164.61, 1.76, 0.91, 0.70, -0.96985, -0.00729, -0.03494, -0.24109
1, 15, 14.188, 3.475, 1.929, -69.89, 38.09, 1163.39, 1.89, 1.05, 0.56, -0.96986, -0.00899, -0.03348, -0.24118
1, 15, 14.794, 3.767, 1.614, -72.39, 38.76, 1165.71, 1.64, 1.49, 0.78, -0.96852, -0.00553, -0.03533, -0.24634
1, 16, 15.159, 4.105, 1.580, -81.48, 36.01, 1161.44, 1.50, 1.41, 0.66, -0.96765, -0.00438, -0.03812, -0.24937
1, 15, 15.405, 4.213, 1.691, -83.62, 36.62, 1161.93, 1.88, 1.08, 0.60, -0.96707, -0.00501, -0.03929, -0.25139
1, 16, 15.573, 4.017, 1.597, -78.92, 32.96, 1159.48, 1.64, 0.79, 0.72, -0.96676, -0.00459, -0.03743, -0.25287
1, 14, 15.691, 3.678, 1.519, -72.20, 30.76, 1164.55, 1.88, 0.60, 0.69, -0.96659, -0.00465, -0.03440, -0.25396
1, 15, 15.831, 3.574, 1.817, -70.74, 38.21, 1160.40, 1.88, 0.78, 0.62, -0.96629, -0.00735, -0.03420, -0.25507
1, 16, 15.993, 3.592, 1.980, -71.23, 41.38, 1162.78, 1.78, 1.27, 0.75, -0.96591, -0.00863, -0.03472, -0.25638
1, 14, 16.096, 3.928, 1.940, -79.83, 39.37, 1161.56, 1.38, 1.21, 0.70, -0.96560, -0.00751, -0.03747, -0.25719
1, 15, 15.390, 3.926, 1.898, -84.11, 29.66, 1166.44, 1.28, 0.84, 0.70, -0.96717, -0.00739, -0.03731, -0.25125
1, 17, 14.953, 3.760, 1.692, -79.04, 27.83, 1164.25, 1.84, 0.32, 0.56, -0.96818, -0.00615, -0.03544, -0.24767
1, 14, 14.741, 3.289, 1.955, -67.08, 35.89, 1163.94, 2.12, 0.56, 0.65, -0.96872, -0.00945, -0.03201, -0.24588
1, 15, 14.718, 3.232, 2.297, -65.37, 45.53, 1163.51, 1.56, 1.12, 0.54, -0.96875, -0.01247, -0.03226, -0.24561
1, 16, 14.699, 3.665, 1.920, -75.81, 35.95, 1163.21, 1.43, 1.31, 0.79, -0.96873, -0.00836, -0.03512, -0.24546
1, 14, 14.580, 4.006, 1.889, -82.52, 35.77, 1164.06, 1.34, 0.95, 0.72, -0.96891, -0.00741, -0.03792, -0.24440
1, 15, 14.450, 3.822, 1.661, -78.12, 30.76, 1162.84, 1.50, 0.53, 1.01, -0.96924, -0.00591, -0.03587, -0.24341
1, 16, 14.363, 3.443, 1.681, -69.76, 31.74, 1162.96, 1.85, 0.63, 0.67, -0.96952, -0.00692, -0.03270, -0.24273
1, 14, 14.242, 3.357, 2.009, -68.85, 37.90, 1166.02, 1.75, 0.99, 0.62, -0.96977, -0.00991, -0.03266, -0.24164
1, 16, 14.228, 3.807, 2.068, -77.88, 40.89, 1163.76, 1.20, 1.33, 0.65, -0.96969, -0.00946, -0.03659, -0.24141
1, 16, 14.146, 3.873, 1.841, -78.61, 35.58, 1163.64, 1.12, 1.37, 0.48, -0.96986, -0.00742, -0.03667, -0.24077
1, 14, 14.034, 3.835, 1.643, -78.25, 31.31, 1165.10, 1.10, 1.07, 0.63, -0.97012, -0.00586, -0.03592, -0.23989
1, 16, 13.930, 3.798, 1.598, -77.33, 30.09, 1160.95, 1.68, 0.84, 0.55, -0.97035, -0.00559, -0.03551, -0.23903
1, 15, 13.924, 3.847, 2.020, -78.31, 39.92, 1164.31, 1.94, 0.69, 0.62, -0.97032, -0.00906, -0.03680, -0.23884
1, 14, 13.956, 3.667, 1.788, -73.85, 35.40, 1162.41, 1.46, 0.62, 0.88, -0.97031, -0.00746, -0.03480, -0.23922
1, 16, 13.932, 3.370, 1.507, -67.81, 28.87, 1163.76, 1.59, 0.83, 0.72, -0.97045, -0.00572, -0.03170, -0.23915
1, 15, 13.973, 3.721, 1.909, -75.56, 38.15, 1166.08, 1.88, 1.17, 0.62, -0.97026, -0.00837, -0.03551, -0.23931
1, 15, 13.990, 3.998, 1.724, -81.30, 33.75, 1164.79, 1.63, 1.01, 0.81, -0.97016, -0.00622, -0.03747, -0.23946
1, 16, 13.949, 4.010, 1.773, -81.48, 34.24, 1161.25, 1.75, 0.60, 0.60, -0.97024, -0.00662, -0.03767, -0.23910
1, 15, 13.975, 3.493, 1.972, -69.40, 39.55, 1165.10, 1.79, 0.41, 0.57, -0.97030, -0.00938, -0.03371, -0.23936
1, 14, 14.067, 3.361, 1.966, -67.26, 40.10, 1164.06, 1.45, 0.90, 0.39, -0.97014, -0.00959, -0.03259, -0.24016
1, 16, 14.087, 3.630, 1.658, -73.49, 32.41, 1162.60, 1.25, 1.24, 0.50, -0.97006, -0.00640, -0.03422, -0.24038
1, 15, 14.012, 4.071, 1.531, -83.86, 28.69, 1162.41, 1.34, 1.02, 0.72, -0.97011, -0.00442, -0.03768, -0.23969
1, 14, 13.909, 3.792, 1.550, -77.33, 28.87, 1162.29, 1.95, 0.59, 0.73, -0.97039, -0.00520, -0.03536, -0.23887
1, 16, 13.991, 3.702, 1.949, -74.95, 39.00, 1166.38, 2.03, 0.47, 0.67, -0.97022, -0.00875, -0.03543, -0.23946
1, 15, 14.103, 3.493, 1.864, -69.95, 38.02, 1163.76, 1.69, 0.53, 0.71, -0.97004, -0.00843, -0.03349, -0.24048
1, 16, 14.196, 3.578, 1.970, -72.02, 39.98, 1164.49, 1.58, 0.78, 0.77, -0.96982, -0.00913, -0.03444, -0.24121
1, 15, 14.211, 3.499, 1.566, -70.50, 30.40, 1165.71, 1.44, 0.92, 0.82, -0.96983, -0.00586, -0.03292, -0.24148
1, 14, 14.194, 3.669, 1.852, -74.34, 36.07, 1162.54, 1.91, 1.14, 0.53, -0.96981, -0.00793, -0.03496, -0.24121
1, 16, 14.194, 3.928, 1.812, -79.41, 35.52, 1161.38, 1.72, 1.15, 0.56, -0.96975, -0.00705, -0.03707, -0.24118
1, 15, 14.209, 3.619, 2.023, -72.94, 40.16, 1163.94, 1.56, 0.92, 0.77, -0.96978, -0.00948, -0.03491, -0.24130
1, 14, 14.221, 3.763, 1.691, -76.17, 33.20, 1164.73, 1.33, 0.98, 0.52, -0.96974, -0.00636, -0.03542, -0.24147
1, 16, 14.162, 3.629, 1.723, -73.91, 33.20, 1165.65, 1.63, 1.00, 0.65, -0.96990, -0.00693, -0.03435, -0.24099
1, 16, 14.185, 3.558, 1.996, -71.84, 39.86, 1165.22, 1.59, 1.06, 0.66, -0.96984, -0.00938, -0.03433, -0.24112
1, 14, 14.185, 3.871, 1.605, -78.98, 30.15, 1161.50, 1.30, 1.26, 0.85, -0.96979, -0.00542, -0.03615, -0.24117
1, 16, 14.111, 3.876, 1.744, -78.92, 33.33, 1163.45, 1.81, 0.92, 0.51, -0.96994, -0.00660, -0.03648, -0.24050
1, 15, 14.110, 3.971, 1.907, -80.63, 37.48, 1162.54, 1.69, 0.72, 0.76, -0.96991, -0.00778, -0.03763, -0.24043
1, 14, 14.140, 3.471, 1.896, -68.42, 37.60, 1160.46, 1.43, 0.82, 0.76, -0.96997, -0.00874, -0.03338, -0.24078
1, 16, 14.128, 3.729, 1.464, -75.99, 26.79, 1160.89, 1.73, 1.07, 0.51, -0.96996, -0.00454, -0.03465, -0.24076
1, 15, 14.098, 3.657, 1.855, -74.10, 36.32, 1163.45, 1.91, 1.01, 0.60, -0.97001, -0.00801, -0.03486, -0.24040
1, 14, 14.149, 3.403, 2.093, -68.54, 41.69, 1164.06, 1.62, 1.11, 0.89, -0.96994, -0.01054, -0.03322, -0.24082
1, 17, 14.187, 3.766, 1.885, -76.54, 37.11, 1165.53, 1.78, 1.41, 0.65, -0.96980, -0.00801, -0.03586, -0.24112
1, 15, 14.097, 4.321, 1.590, -90.27, 28.38, 1160.10, 1.49, 1.21, 0.57, -0.96986, -0.00437, -0.03992, -0.24034
1, 15, 13.986, 3.815, 1.675, -77.39, 31.19, 1164.67, 1.95, 0.39, 1.03, -0.97022, -0.00619, -0.03581, -0.23948
1, 15, 13.999, 3.447, 1.863, -69.46, 36.74, 1162.78, 1.88, 0.39, 0.71, -0.97027, -0.00855, -0.03310, -0.23961
1, 15, 14.080, 3.469, 1.953, -69.76, 39.31, 1162.78, 1.82, 0.72, 0.69, -0.97009, -0.00924, -0.03347, -0.24026
1, 15, 14.123, 3.621, 1.862, -73.00, 37.23, 1163.15, 1.43, 1.00, 0.64, -0.96997, -0.00814, -0.03457, -0.24062
1, 15, 14.124, 3.706, 1.925, -74.71, 37.96, 1160.64, 1.50, 1.13, 0.53, -0.96994, -0.00850, -0.03542, -0.24059
1, 15, 14.003, 3.984, 1.679, -81.36, 31.86, 1165.83, 1.27, 1.21, 0.46, -0.97014, -0.00586, -0.03726, -0.23959
1, 16, 13.848, 4.131, 1.523, -84.84, 28.02, 1163.64, 1.51, 0.61, 0.53, -0.97043, -0.00429, -0.03817, -0.23830
1, 15, 13.735, 3.781, 1.585, -77.33, 29.60, 1163.82, 2.01, 0.08, 0.46, -0.97076, -0.00558, -0.03533, -0.23739
1, 15, 13.752, 3.509, 1.824, -71.17, 35.95, 1163.82, 2.11, -0.03, 0.67, -0.97077, -0.00816, -0.03352, -0.23751
1, 15, 13.834, 3.125, 1.817, -62.44, 36.44, 1165.59, 2.14, 0.33, 0.72, -0.97068, -0.00888, -0.03026, -0.23828
1, 15, 13.967, 3.129, 2.292, -62.32, 47.67, 1161.93, 2.07, 0.97, 0.50, -0.97036, -0.01286, -0.03130, -0.23928
1, 15, 14.022, 3.761, 1.853, -80.02, 33.87, 1161.01, 1.17, 1.40, 0.61, -0.97015, -0.00780, -0.03573, -0.23974
1, 15, 13.900, 4.258, 1.371, -90.03, 21.79, 1161.07, 1.37, 0.92, 0.69, -0.97029, -0.00271, -0.03893, -0.23877
1, 15, 13.867, 4.320, 1.342, -88.20, 25.27, 1162.11, 2.25, -0.11, 0.73, -0.97034, -0.00235, -0.03939, -0.23848
1, 17, 13.926, 3.708, 1.828, -71.78, 38.70, 1165.65, 2.62, -0.52, 0.64, -0.97036, -0.00773, -0.03523, -0.23895
1, 14, 14.108, 2.961, 2.084, -53.34, 44.92, 1165.16, 2.40, -0.21, 0.79, -0.97012, -0.01141, -0.02946, -0.24057
1, 15, 14.387, 2.837, 2.551, -54.75, 56.03, 1164.67, 1.79, 1.05, 0.68, -0.96950, -0.01556, -0.02942, -0.24284
1, 16, 14.533, 3.459, 2.057, -73.06, 39.18, 1161.99, 0.34, 2.11, 0.71, -0.96912, -0.01001, -0.03365, -0.24406
1, 14, 14.463, 4.130, 1.523, -90.15, 23.38, 1160.77, 0.75, 1.78, 0.63, -0.96914, -0.00409, -0.03818, -0.24350
1, 15, 14.272, 4.446, 1.503, -91.92, 26.98, 1161.74, 1.46, 0.77, 0.66, -0.96945, -0.00331, -0.04081, -0.24184
1, 16, 14.155, 3.809, 1.444, -75.74, 26.00, 1163.82, 1.76, -0.02, 0.98, -0.96988, -0.00419, -0.03529, -0.24098
1, 14, 14.122, 3.185, 1.787, -63.66, 34.79, 1165.95, 2.25, 0.13, 0.82, -0.97007, -0.00842, -0.03072, -0.24072
1, 16, 14.238, 3.126, 2.131, -62.74, 43.76, 1168.64, 2.06, 0.80, 0.68, -0.96981, -0.01143, -0.03096, -0.24162
1, 15, 14.330, 3.553, 1.967, -72.14, 39.61, 1164.73, 1.41, 1.43, 0.75, -0.96954, -0.00911, -0.03424, -0.24235
1, 15, 14.276, 3.979, 1.622, -82.03, 29.79, 1161.19, 1.34, 1.29, 0.88, -0.96957, -0.00530, -0.03711, -0.24192
1, 15, 14.144, 3.804, 1.550, -77.88, 28.63, 1163.64, 1.75, 0.75, 0.92, -0.96990, -0.00510, -0.03547, -0.24086
1, 15, 14.097, 3.574, 1.781, -72.57, 34.12, 1161.19, 2.23, 0.43, 0.50, -0.97004, -0.00756, -0.03400, -0.24043
1, 15, 14.185, 3.507, 2.291, -70.31, 47.24, 1162.78, 2.19, 0.71, 0.38, -0.96983, -0.01199, -0.03452, -0.24104
1, 15, 14.265, 3.768, 1.939, -76.35, 38.45, 1163.15, 1.34, 0.82, 0.66, -0.96963, -0.00844, -0.03599, -0.24177
1, 15, 14.233, 3.540, 1.724, -71.53, 33.57, 1162.96, 1.20, 0.79, 0.68, -0.96977, -0.00711, -0.03361, -0.24160
1, 15, 14.275, 3.632, 1.774, -73.24, 35.52, 1164.25, 1.29, 0.89, 0.53, -0.96965, -0.00732, -0.03449, -0.24193
1, 17, 14.274, 3.739, 1.636, -75.93, 32.10, 1164.92, 1.54, 0.69, 0.53, -0.96964, -0.00593, -0.03511, -0.24194
1, 14, 14.276, 3.489, 1.828, -70.25, 36.13, 1162.05, 1.60, 0.76, 0.42, -0.96968, -0.00809, -0.03340, -0.24195
1, 15, 14.352, 3.629, 2.075, -72.75, 42.11, 1159.61, 1.53, 1.16, 0.37, -0.96947, -0.00986, -0.03511, -0.24249
1, 16, 14.371, 3.796, 1.757, -76.60, 34.48, 1161.44, 1.21, 1.10, 0.36, -0.96941, -0.00681, -0.03585, -0.24272
1, 14, 14.290, 3.894, 1.437, -79.47, 26.79, 1162.60, 1.23, 0.67, 0.63, -0.96957, -0.00391, -0.03600, -0.24211
1, 15, 14.258, 3.376, 1.775, -66.59, 34.97, 1155.94, 1.69, 0.38, 0.70, -0.96975, -0.00788, -0.03233, -0.24183
1, 16, 14.316, 3.400, 1.783, -68.36, 35.83, 1162.84, 1.61, 0.79, 0.39, -0.96962, -0.00788, -0.03255, -0.24232
1, 14, 14.057, 3.410, 1.884, -70.50, 34.48, 1166.69, 1.59, 0.97, 0.21, -0.97015, -0.00879, -0.03283, -0.24010
1, 16, 13.932, 3.575, 1.832, -72.88, 34.79, 1163.15, 1.48, 1.15, 0.51, -0.97038, -0.00804, -0.03411, -0.23902
1, 16, 13.812, 3.730, 1.675, -76.29, 31.62, 1164.79, 1.51, 0.89, 0.68, -0.97060, -0.00642, -0.03509, -0.23802
1, 14, 13.745, 3.493, 1.964, -71.17, 38.02, 1164.86, 1.60, 0.73, 0.58, -0.97078, -0.00938, -0.03368, -0.23742
1, 15, 13.754, 3.277, 1.809, -65.98, 35.89, 1162.54, 1.42, 0.90, 0.47, -0.97082, -0.00852, -0.03153, -0.23757
1, 16, 13.720, 3.682, 1.617, -75.32, 31.31, 1165.41, 1.15, 1.20, 0.47, -0.97081, -0.00605, -0.03456, -0.23727
1, 14, 13.587, 3.810, 1.274, -77.88, 23.07, 1164.43, 1.38, 1.12, 0.61, -0.97107, -0.00292, -0.03493, -0.23622
1, 15, 13.531, 3.520, 1.790, -70.92, 34.97, 1162.29, 2.01, 0.90, 0.69, -0.97123, -0.00792, -0.03353, -0.23565
1, 16, 13.274, 3.253, 2.408, -67.20, 44.68, 1164.61, 1.95, 0.98, 0.63, -0.97175, -0.01378, -0.03251, -0.23334
1, 15, 13.172, 3.828, 2.118, -79.47, 39.73, 1161.01, 1.40, 1.30, 0.39, -0.97186, -0.01018, -0.03678, -0.23244
1, 16, 12.960, 3.775, 1.662, -77.39, 30.40, 1163.39, 1.05, 1.02, 0.77, -0.97234, -0.00648, -0.03539, -0.23079
1, 15, 12.807, 3.309, 1.846, -67.69, 34.73, 1164.06, 1.27, 0.83, 0.70, -0.97274, -0.00903, -0.03179, -0.22953
1, 14, 12.763, 3.308, 1.683, -67.02, 33.20, 1164.79, 1.03, 1.25, 0.73, -0.97284, -0.00765, -0.03146, -0.22920
1, 16, 12.659, 3.761, 1.387, -77.09, 25.51, 1164.67, 1.37, 1.53, 0.53, -0.97296, -0.00426, -0.03471, -0.22832
1, 15, 12.570, 4.137, 1.888, -84.90, 36.62, 1160.40, 1.66, 1.17, 0.48, -0.97301, -0.00780, -0.03889, -0.22733
1, 14, 12.517, 3.891, 1.579, -79.04, 30.58, 1163.09, 1.31, 0.68, 0.85, -0.97320, -0.00568, -0.03619, -0.22703
1, 16, 13.009, 3.355, 1.355, -61.52, 32.17, 1167.05, 1.58, 0.58, 0.85, -0.97235, -0.00471, -0.03121, -0.23138
1, 16, 13.374, 3.459, 1.429, -67.50, 32.78, 1165.71, 1.70, 1.41, 0.39, -0.97159, -0.00502, -0.03227, -0.23443
1, 14, 13.583, 3.798, 1.277, -76.11, 26.98, 1164.06, 1.63, 1.43, 0.69, -0.97108, -0.00298, -0.03483, -0.23619
1, 16, 13.737, 3.975, 1.864, -80.02, 40.77, 1161.62, 1.87, 1.23, 0.54, -0.97069, -0.00753, -0.03755, -0.23727
1, 15, 13.899, 3.846, 1.771, -76.48, 36.74, 1163.21, 1.35, 0.95, 0.72, -0.97039, -0.00696, -0.03628, -0.23871
1, 14, 13.926, 3.787, 1.242, -75.87, 22.58, 1163.21, 1.28, 0.89, 0.67, -0.97037, -0.00260, -0.03467, -0.23910
1, 16, 13.947, 3.723, 1.715, -75.01, 34.42, 1161.07, 2.09, 0.83, 0.57, -0.97032, -0.00674, -0.03512, -0.23916
1, 15, 14.102, 3.762, 2.326, -75.50, 50.42, 1163.45, 1.78, 0.80, 0.78, -0.96994, -0.01177, -0.03674, -0.24027
1, 15, 14.070, 3.903, 1.547, -79.90, 25.33, 1165.04, 1.05, 0.80, 0.77, -0.97003, -0.00489, -0.03630, -0.24021
1, 16, 13.941, 3.603, 1.491, -73.67, 27.40, 1165.04, 1.98, 0.50, 0.68, -0.97038, -0.00509, -0.03364, -0.23919
1, 14, 13.923, 3.529, 1.745, -71.72, 34.00, 1164.12, 1.75, 0.67, 0.87, -0.97042, -0.00740, -0.03354, -0.23898
1, 16, 13.927, 3.435, 1.511, -69.15, 29.11, 1161.38, 1.87, 0.85, 0.84, -0.97044, -0.00562, -0.03225, -0.23910
1, 15, 13.946, 3.367, 1.874, -67.93, 37.11, 1165.59, 2.24, 1.11, 0.57, -0.97040, -0.00883, -0.03243, -0.23917
1, 14, 14.006, 3.677, 1.919, -74.34, 38.51, 1163.21, 1.74, 1.21, 0.48, -0.97020, -0.00854, -0.03516, -0.23960
1, 16, 14.014, 3.744, 1.868, -75.56, 36.93, 1162.60, 1.52, 1.09, 0.47, -0.97017, -0.00796, -0.03562, -0.23967
1, 15, 13.969, 3.832, 1.637, -77.82, 31.56, 1164.49, 1.50, 0.99, 0.37, -0.97025, -0.00584, -0.03588, -0.23934
1, 14, 13.762, 3.646, 1.916, -75.13, 35.03, 1161.32, 1.70, 0.74, 0.49, -0.97071, -0.00865, -0.03488, -0.23754
1, 17, 13.697, 3.504, 1.794, -71.29, 34.91, 1164.49, 1.38, 0.91, 0.43, -0.97089, -0.00793, -0.03341, -0.23705
1, 15, 13.643, 3.444, 1.623, -69.82, 31.37, 1162.35, 1.40, 1.03, 0.79, -0.97102, -0.00662, -0.03255, -0.23666
1, 14, 13.573, 3.783, 1.621, -77.09, 31.07, 1165.22, 1.49, 1.27, 0.50, -0.97109, -0.00593, -0.03541, -0.23600
1, 16, 13.453, 4.159, 1.382, -85.45, 25.15, 1162.78, 1.55, 1.00, 0.40, -0.97124, -0.00316, -0.03810, -0.23499
1, 15, 13.381, 3.910, 1.848, -79.41, 35.83, 1162.72, 1.92, 0.53, 0.34, -0.97144, -0.00765, -0.03694, -0.23428
1, 14, 13.446, 3.509, 1.963, -70.43, 39.67, 1163.09, 1.63, 0.22, 0.34, -0.97139, -0.00943, -0.03378, -0.23488
1, 16, 13.536, 3.142, 1.768, -62.44, 35.83, 1161.87, 1.33, 0.59, 0.63, -0.97130, -0.00851, -0.03028, -0.23577
1, 15, 13.741, 3.303, 1.427, -65.49, 30.46, 1168.46, 1.08, 1.33, 0.53, -0.97086, -0.00523, -0.03095, -0.23757
1, 16, 13.791, 3.808, 1.439, -77.76, 28.81, 1163.88, 1.26, 1.60, 0.65, -0.97064, -0.00426, -0.03525, -0.23790
1, 15, 13.793, 3.918, 1.567, -79.16, 30.82, 1163.02, 1.32, 1.30, 0.66, -0.97060, -0.00512, -0.03645, -0.23786
1, 15, 13.789, 3.980, 1.511, -80.75, 29.48, 1163.39, 1.62, 0.66, 0.63, -0.97060, -0.00452, -0.03686, -0.23783
1, 15, 13.821, 3.516, 1.680, -70.07, 33.39, 1161.80, 1.66, 0.47, 0.92, -0.97064, -0.00691, -0.03328, -0.23814
1, 15, 13.875, 3.334, 1.431, -66.89, 28.32, 1163.88, 1.61, 0.62, 0.72, -0.97058, -0.00516, -0.03123, -0.23869
1, 15, 13.868, 3.739, 1.396, -76.29, 26.86, 1163.70, 1.85, 1.17, 0.56, -0.97050, -0.00402, -0.03459, -0.23858
1, 15, 13.882, 3.754, 1.855, -76.05, 36.99, 1163.02, 2.03, 0.81, 0.54, -0.97044, -0.00787, -0.03567, -0.23855
1, 15, 13.894, 3.714, 2.150, -75.26, 42.30, 1161.68, 1.73, 0.58, 0.66, -0.97040, -0.01045, -0.03595, -0.23857
1, 16, 13.879, 3.588, 1.613, -72.14, 29.85, 1162.90, 1.17, 0.53, 0.68, -0.97050, -0.00617, -0.03376, -0.23863
1, 15, 13.798, 3.428, 1.474, -69.70, 27.89, 1163.15, 1.49, 0.81, 0.70, -0.97072, -0.00535, -0.03211, -0.23802
1, 15, 13.811, 3.354, 1.993, -67.57, 40.47, 1164.18, 1.66, 1.08, 0.53, -0.97067, -0.00990, -0.03256, -0.23800
1, 15, 13.839, 3.715, 1.668, -75.68, 32.35, 1165.04, 1.28, 1.50, 0.59, -0.97055, -0.00638, -0.03494, -0.23826
1, 15, 13.757, 3.999, 1.543, -81.54, 29.17, 1162.05, 1.38, 1.19, 0.54, -0.97066, -0.00476, -0.03709, -0.23754
1, 15, 13.684, 3.971, 1.734, -80.75, 33.20, 1160.46, 1.59, 0.70, 0.51, -0.97080, -0.00646, -0.03725, -0.23687
1, 16, 13.658, 3.677, 1.571, -74.34, 30.33, 1163.33, 1.65, 0.37, 0.50, -0.97094, -0.00569, -0.03441, -0.23676
1, 14, 13.530, 3.449, 1.269, -70.86, 23.68, 1166.93, 1.78, 0.34, 0.04, -0.97127, -0.00365, -0.03185, -0.23580
1, 16, 13.548, 3.156, 1.952, -62.38, 41.87, 1169.01, 1.92, 0.93, 0.21, -0.97126, -0.01004, -0.03078, -0.23582
1, 16, 13.645, 3.412, 1.739, -68.30, 35.52, 1164.06, 1.12, 1.47, 0.43, -0.97102, -0.00768, -0.03252, -0.23665
1, 14, 13.570, 4.021, 1.261, -86.12, 19.65, 1160.83, 1.46, 1.08, 0.36, -0.97104, -0.00239, -0.03669, -0.23605
1, 15, 13.439, 3.885, 1.599, -79.77, 29.60, 1164.00, 2.14, 0.27, 0.27, -0.97134, -0.00557, -0.03622, -0.23486
1, 16, 13.498, 3.340, 1.988, -65.31, 41.14, 1163.88, 1.78, 0.34, 0.54, -0.97132, -0.00997, -0.03241, -0.23535
1, 14, 13.623, 3.029, 1.825, -59.69, 37.54, 1164.06, 1.46, 1.21, 0.37, -0.97114, -0.00921, -0.02945, -0.23651
1, 15, 13.654, 3.629, 1.631, -74.95, 31.68, 1160.52, 1.40, 1.54, 0.28, -0.97096, -0.00631, -0.03414, -0.23671
1, 16, 13.589, 4.045, 1.743, -82.40, 33.39, 1161.01, 1.14, 0.92, 1.16, -0.97098, -0.00641, -0.03788, -0.23604
1, 15, 13.477, 3.589, 1.159, -70.74, 17.33, 1166.56, 1.55, 0.63, 1.03, -0.97135, -0.00244, -0.03281, -0.23536
1, 15, 13.448, 2.760, 1.446, -49.19, 28.75, 1167.85, 2.44, 0.92, 1.06, -0.97158, -0.00658, -0.02637, -0.23517
1, 16, 13.592, 2.568, 2.260, -48.10, 52.31, 1167.97, 2.45, 2.52, 0.61, -0.97124, -0.01385, -0.02644, -0.23624
1, 14, 13.765, 3.592, 2.519, -82.82, 56.58, 1161.50, 0.83, 3.48, 0.66, -0.97066, -0.01387, -0.03567, -0.23739
1, 16, 13.772, 4.563, 2.035, -105.77, 33.45, 1156.98, -0.45, 2.86, 0.92, -0.97044, -0.00775, -0.04289, -0.23738
1, 14, 13.579, 4.625, 1.461, -94.73, 25.27, 1160.34, -0.08, 0.93, 0.95, -0.97084, -0.00283, -0.04222, -0.23595
1, 15, 13.472, 3.787, 1.689, -71.04, 33.45, 1160.95, 0.44, 0.26, 0.79, -0.97129, -0.00653, -0.03558, -0.23513
1, 16, 13.770, 3.385, 1.221, -64.03, 26.79, 1163.09, 0.36, 0.98, 0.56, -0.97079, -0.00330, -0.03122, -0.23786
1, 15, 13.894, 3.766, 0.972, -76.05, 19.96, 1164.31, 0.98, 1.62, 0.25, -0.97045, -0.00036, -0.03393, -0.23892
1, 15, 13.987, 3.846, 1.515, -77.21, 32.90, 1164.86, 1.14, 1.58, 0.30, -0.97022, -0.00477, -0.03575, -0.23953
1, 16, 14.086, 4.065, 1.374, -81.54, 28.26, 1161.87, 0.80, 1.42, 0.40, -0.96996, -0.00308, -0.03731, -0.24038
1, 14, 14.081, 4.089, 1.219, -82.40, 23.80, 1160.64, 1.16, 1.01, 0.08, -0.96996, -0.00172, -0.03719, -0.24038
1, 15, 14.101, 4.323, 1.626, -88.26, 33.14, 1160.10, 1.63, 0.40, 0.00, -0.96984, -0.00467, -0.04002, -0.24037
1, 16, 14.154, 3.909, 1.553, -78.12, 31.19, 1162.29, 1.29, -0.21, 0.30, -0.96985, -0.00491, -0.03636, -0.24092
1, 14, 14.220, 3.265, 1.437, -62.87, 28.99, 1167.24, 0.98, 0.08, 0.33, -0.96987, -0.00526, -0.03067, -0.24163
1, 15, 14.237, 3.516, 0.986, -72.02, 17.88, 1165.83, 1.08, 0.62, 0.21, -0.96979, -0.00091, -0.03184, -0.24186
1, 15, 14.023, 3.355, 1.422, -69.52, 25.15, 1168.58, 1.85, 0.72, 0.31, -0.97026, -0.00500, -0.03140, -0.23995
1, 16, 14.024, 3.737, 1.842, -77.03, 37.05, 1163.21, 1.93, 0.81, 0.47, -0.97015, -0.00775, -0.03551, -0.23976
1, 15, 14.004, 4.054, 1.568, -82.82, 29.72, 1159.36, 1.40, 0.68, 0.79, -0.97013, -0.00478, -0.03762, -0.23962
1, 15, 13.922, 3.458, 1.303, -67.93, 23.01, 1161.99, 1.57, 0.50, 0.72, -0.97046, -0.00381, -0.03202, -0.23911
1, 15, 13.944, 3.092, 1.731, -61.04, 35.10, 1162.41, 1.85, 1.11, 0.59, -0.97047, -0.00819, -0.02981, -0.23925
1, 16, 14.039, 3.592, 1.812, -72.81, 37.11, 1159.61, 1.16, 1.75, 0.61, -0.97016, -0.00780, -0.03422, -0.23993
1, 14, 14.020, 4.309, 1.643, -91.74, 30.94, 1159.61, 0.86, 1.35, 0.56, -0.97002, -0.00487, -0.03993, -0.23968
1, 15, 13.943, 4.089, 1.713, -83.13, 32.96, 1159.91, 0.92, 0.47, 0.88, -0.97024, -0.00595, -0.03821, -0.23905
1, 16, 13.891, 3.104, 1.634, -55.24, 30.88, 1169.07, 0.56, 0.52, 1.02, -0.97058, -0.00736, -0.02971, -0.23882
1, 15, 13.873, 2.719, 1.256, -53.34, 23.74, 1167.72, 0.85, 2.05, 0.72, -0.97071, -0.00496, -0.02566, -0.23882
1, 15, 13.855, 3.211, 1.521, -64.88, 30.21, 1163.57, 0.85, 2.85, 0.63, -0.97064, -0.00619, -0.03037, -0.23852
1, 16, 13.850, 4.032, 1.887, -87.34, 40.41, 1162.05, 0.62, 2.68, 0.16, -0.97044, -0.00758, -0.03808, -0.23821
1, 14, 13.740, 4.518, 1.364, -94.60, 22.95, 1163.33, 0.13, 1.50, 0.51, -0.97055, -0.00217, -0.04111, -0.23737
1, 15, 13.550, 3.934, 1.026, -78.37, 16.24, 1163.82, 0.78, 0.91, 0.79, -0.97111, -0.00058, -0.03546, -0.23597
1, 16, 13.402, 3.459, 0.650, -69.34, 8.85, 1164.06, 1.59, 0.91, 1.00, -0.97154, 0.00159, -0.03066, -0.23488
1, 14, 13.395, 3.051, 1.343, -58.47, 29.60, 1164.43, 2.06, 1.69, 0.42, -0.97163, -0.00513, -0.02863, -0.23470
1, 15, 13.659, 3.749, 1.295, -76.35, 28.69, 1165.10, 1.49, 1.99, 0.47, -0.97093, -0.00321, -0.03446, -0.23684
1, 16, 13.834, 4.077, 1.754, -82.09, 38.70, 1162.11, 0.98, 1.83, 0.56, -0.97047, -0.00636, -0.03819, -0.23811
1, 15, 13.910, 4.178, 1.245, -83.98, 24.11, 1163.94, 0.37, 1.24, 0.82, -0.97030, -0.00181, -0.03799, -0.23891
1, 15, 13.873, 3.822, 0.989, -76.78, 18.55, 1165.53, 0.67, 1.01, 0.81, -0.97047, -0.00040, -0.03444, -0.23873
1, 15, 13.863, 3.420, 1.086, -68.36, 21.18, 1163.45, 1.18, 1.07, 0.40, -0.97060, -0.00207, -0.03124, -0.23867
1, 15, 13.998, 3.196, 1.871, -61.16, 45.17, 1164.98, 1.48, 1.47, 0.34, -0.97032, -0.00915, -0.03098, -0.23964
1, 16, 14.201, 2.208, 2.664, -6.23, 85.39, 1171.02, 0.37, 2.72, -0.29, -0.96996, -0.01789, -0.02432, -0.24138
1, 14, 14.507, 1.595, 3.458, -0.06, 107.60, 1166.63, -3.14, 6.81, -1.27, -0.96921, -0.02585, -0.02087, -0.24398
1, 15, 14.996, 2.532, 3.196, -45.47, 77.94, 1166.56, -8.03, 10.68, -1.66, -0.96813, -0.02151, -0.02833, -0.24790
1, 17, 15.010, 3.586, 2.003, -82.52, 27.04, 1158.20, -10.42, 11.37, -1.77, -0.96808, -0.00914, -0.03465, -0.24808
1, 14, 14.861, 2.868, 1.397, -36.07, 27.28, 1170.59, -9.98, 11.42, -2.11, -0.96858, -0.00561, -0.02726, -0.24713
1, 15, 14.788, 2.763, 2.026, -39.00, 64.03, 1166.26, -10.93, 14.53, -3.52, -0.96871, -0.01117, -0.02773, -0.24637
1, 16, 14.580, 4.435, 0.907, -123.11, 0.49, 1156.68, -14.57, 16.75, -4.38, -0.96881, 0.00181, -0.03945, -0.24465
1, 14, 14.181, 5.988, -0.489, -167.36, -54.20, 1153.44, -13.54, 14.34, -2.49, -0.96895, 0.01676, -0.04966, -0.24165
1, 15, 13.582, 7.073, -1.389, -160.16, -47.12, 1152.77, -10.12, 10.44, -0.05, -0.96949, 0.02635, -0.05707, -0.23694
1, 16, 12.874, 6.584, -2.197, -125.98, -60.42, 1159.91, -7.79, 7.74, 0.95, -0.97099, 0.03186, -0.05145, -0.23133
1, 15, 11.863, 5.840, -1.739, -108.83, -46.51, 1161.62, -3.82, 6.68, -0.19, -0.97348, 0.02609, -0.04630, -0.22253
1, 15, 11.301, 6.187, -0.754, -131.47, -10.99, 1156.68, -2.17, 6.17, 0.23, -0.97458, 0.01814, -0.05125, -0.21733
1, 16, 10.759, 6.790, -0.473, -140.87, -15.26, 1156.56, -2.81, 4.61, 1.65, -0.97535, 0.01662, -0.05698, -0.21255
1, 15, 10.258, 6.502, -1.346, -129.58, -42.30, 1154.54, -0.97, 2.62, -0.02, -0.97626, 0.02329, -0.05302, -0.20871
1, 16, 9.778, 6.044, -0.888, -124.08, -24.60, 1159.61, 3.23, 0.63, -2.31, -0.97743, 0.01835, -0.05003, -0.20441
1, 14, 9.701, 5.948, -0.255, -121.03, -6.90, 1156.92, 2.68, -0.27, -1.37, -0.97770, 0.01274, -0.05034, -0.20349
1, 15, 9.672, 5.456, -0.588, -110.41, -13.49, 1163.15, 3.16, -1.01, -1.95, -0.97792, 0.01470, -0.04556, -0.20341
1, 15, 9.770, 4.457, -0.194, -79.28, -0.06, 1165.10, 2.88, -1.25, -0.46, -0.97817, 0.00960, -0.03772, -0.20415
1, 15, 10.178, 3.875, 0.025, -74.28, 5.37, 1166.02, 2.57, 0.56, -1.25, -0.97763, 0.00681, -0.03312, -0.20760
1, 16, 10.423, 4.738, 0.121, -100.10, 7.20, 1162.48, 1.34, 2.49, -1.49, -0.97691, 0.00764, -0.04063, -0.20960
1, 15, 10.460, 5.715, -0.376, -131.90, -15.75, 1158.81, 0.60, 1.76, -0.25, -0.97642, 0.01368, -0.04805, -0.21003
1, 15, 10.378, 6.079, -0.826, -125.12, -20.32, 1157.17, 1.13, 0.11, 1.05, -0.97634, 0.01814, -0.05034, -0.20951
1, 15, 10.318, 5.095, -0.819, -94.60, -19.78, 1162.96, 1.87, -0.05, 1.32, -0.97687, 0.01627, -0.04198, -0.20902
1, 15, 10.442, 4.171, -0.190, -65.67, 6.29, 1163.64, 2.10, 1.72, 1.26, -0.97704, 0.00926, -0.03524, -0.20990
1, 15, 10.739, 4.631, 0.523, -93.51, 19.35, 1159.85, -0.02, 3.48, 1.74, -0.97639, 0.00413, -0.04045, -0.21216
1, 14, 10.840, 5.547, -0.011, -122.31, -5.98, 1158.26, -0.60, 3.27, 1.57, -0.97583, 0.01042, -0.04726, -0.21313
1, 16, 10.860, 6.177, -0.636, -129.27, -18.19, 1157.23, 0.37, 1.56, 1.04, -0.97544, 0.01692, -0.05145, -0.21352
1, 16, 10.785, 5.596, -0.648, -112.55, -15.14, 1162.35, 1.47, 0.44, 0.52, -0.97583, 0.01591, -0.04650, -0.21291
1, 16, 10.730, 5.390, -0.984, -109.62, -22.09, 1161.74, 1.82, -0.28, 0.49, -0.97597, 0.01837, -0.04412, -0.21258
1, 14, 10.695, 5.011, -0.903, -102.17, -20.45, 1162.11, 2.77, -0.40, 0.56, -0.97620, 0.01696, -0.04105, -0.21226
1, 15, 10.773, 4.920, -0.499, -99.85, -11.35, 1161.32, 3.47, -0.33, 0.37, -0.97615, 0.01339, -0.04101, -0.21279
1, 16, 10.879, 5.194, -0.380, -105.90, -8.73, 1164.00, 3.89, -0.32, 0.20, -0.97586, 0.01292, -0.04356, -0.21363
1, 14, 11.019, 5.076, 0.236, -102.54, 5.19, 1159.91, 4.26, -0.75, -0.17, -0.97570, 0.00751, -0.04369, -0.21460
1, 15, 11.239, 4.896, 0.463, -98.33, 10.19, 1160.34, 3.19, -0.48, -0.02, -0.97536, 0.00532, -0.04257, -0.21641
1, 16, 11.520, 5.039, 0.146, -100.83, 4.82, 1161.01, 2.21, -0.11, -0.21, -0.97476, 0.00839, -0.04317, -0.21890
1, 15, 11.603, 4.838, -0.215, -97.29, -4.88, 1165.95, 1.90, 0.26, -0.13, -0.97464, 0.01111, -0.04077, -0.21975
1, 15, 11.596, 5.063, -0.506, -103.09, -11.78, 1165.47, 1.54, 0.95, 0.36, -0.97454, 0.01401, -0.04212, -0.21978
1, 16, 11.560, 4.966, -0.486, -100.52, -11.60, 1158.75, 1.71, 0.94, 1.10, -0.97465, 0.01365, -0.04133, -0.21947
1, 14, 11.574, 5.373, -0.319, -109.37, -7.81, 1159.61, 1.81, 1.09, 1.41, -0.97448, 0.01301, -0.04512, -0.21951
1, 15, 11.603, 5.177, -0.113, -104.49, -3.60, 1158.02, 1.89, 0.81, 1.33, -0.97452, 0.01089, -0.04384, -0.21969
1, 15, 11.720, 5.033, 0.275, -101.14, 5.55, 1158.75, 2.02, 0.62, 1.08, -0.97438, 0.00736, -0.04335, -0.22055
1, 15, 11.840, 5.170, 0.174, -103.70, 3.72, 1156.31, 1.22, 0.90, 1.26, -0.97409, 0.00853, -0.04431, -0.22160
1, 15, 11.043, 4.875, -0.309, -102.29, -17.40, 1160.77, 0.91, 0.89, 1.27, -0.97568, 0.01178, -0.04095, -0.21502
1, 16, 10.431, 4.773, -0.218, -100.10, -12.33, 1165.53, 2.34, 0.56, 0.40, -0.97686, 0.01060, -0.04031, -0.20978
1, 15, 10.096, 4.866, -0.117, -99.98, -7.51, 1163.15, 3.11, 0.63, 0.02, -0.97745, 0.00979, -0.04132, -0.20688
1, 16, 9.970, 5.158, 0.229, -104.74, 1.22, 1159.85, 3.08, 0.74, -0.20, -0.97759, 0.00732, -0.04444, -0.20565
1, 14, 9.895, 5.413, 0.068, -110.05, -0.73, 1162.54, 2.89, 0.47, -0.01, -0.97761, 0.00912, -0.04633, -0.20505
1, 15, 9.862, 5.351, 0.339, -109.01, 4.52, 1160.03, 2.47, 0.05, 0.42, -0.97771, 0.00668, -0.04630, -0.20466
1, 15, 9.806, 4.892, -0.289, -97.53, -11.11, 1164.55, 2.17, -0.41, 0.56, -0.97794, 0.01120, -0.04126, -0.20447
1, 15, 9.745, 4.457, -0.174, -91.37, -5.80, 1162.66, 2.65, 0.14, 0.24, -0.97821, 0.00942, -0.03776, -0.20393
1, 15, 10.212, 5.051, -0.152, -101.62, 1.71, 1159.24, 2.30, 0.77, 0.53, -0.97716, 0.01047, -0.04282, -0.20787
1, 16, 10.493, 5.561, -0.124, -112.85, 0.00, 1161.74, 1.37, 0.91, 1.02, -0.97645, 0.01127, -0.04720, -0.21022
1, 15, 10.621, 5.083, -0.430, -100.95, -8.79, 1160.77, 1.15, 0.37, 1.28, -0.97637, 0.01304, -0.04255, -0.21146
1, 14, 10.746, 4.480, -0.221, -88.44, -3.85, 1160.83, 1.63, 0.59, 0.95, -0.97638, 0.01019, -0.03778, -0.21248
1, 16, 10.913, 4.393, -0.249, -87.89, -4.27, 1162.17, 1.50, 1.19, 1.05, -0.97610, 0.01032, -0.03697, -0.21392
1, 15, 10.982, 5.155, -0.253, -107.91, -5.68, 1161.99, 1.34, 1.88, 1.18, -0.97569, 0.01180, -0.04345, -0.21446
1, 14, 10.897, 5.803, -0.672, -122.56, -19.71, 1157.47, 1.69, 1.19, 1.30, -0.97553, 0.01655, -0.04819, -0.21387
1, 16, 10.708, 5.266, -0.909, -106.57, -23.19, 1156.62, 2.97, 0.00, 1.21, -0.97608, 0.01749, -0.04321, -0.21237
1, 15, 10.482, 4.902, 0.003, -99.91, -3.17, 1161.01, 4.11, -0.14, 0.51, -0.97674, 0.00897, -0.04182, -0.21013
1, 15, 10.520, 5.028, 0.554, -102.97, 8.97, 1163.70, 4.12, -0.76, 0.61, -0.97665, 0.00452, -0.04390, -0.21023
1, 16, 10.600, 4.745, 0.550, -96.68, 10.31, 1162.41, 3.49, -0.75, -0.14, -0.97661, 0.00406, -0.04147, -0.21095
1, 15, 10.590, 4.314, 0.012, -85.94, -3.72, 1162.48, 3.47, -0.48, -0.20, -0.97674, 0.00785, -0.03681, -0.21108
1, 15, 10.638, 4.069, 0.620, -81.79, 12.02, 1162.35, 3.15, 0.56, -0.65, -0.97676, 0.00223, -0.03584, -0.21133
1, 15, 10.680, 4.913, 0.397, -106.63, 5.19, 1159.91, 2.52, 0.79, -0.57, -0.97639, 0.00570, -0.04262, -0.21167
1, 14, 10.585, 5.506, -0.041, -116.03, -6.23, 1158.45, 2.00, 0.12, 0.21, -0.97631, 0.01049, -0.04687, -0.21097
1, 16, 10.372, 5.337, -0.348, -109.62, -10.80, 1157.90, 2.94, -0.76, 0.56, -0.97674, 0.01272, -0.04489, -0.20929
1, 15, 10.331, 4.681, 0.068, -94.30, -0.67, 1162.05, 3.00, -0.62, 0.92, -0.97710, 0.00796, -0.04005, -0.20883
1, 14, 10.926, 4.205, 0.272, -80.44, 12.15, 1165.53, 2.40, 0.19, 1.24, -0.97617, 0.00554, -0.03635, -0.21387
1, 17, 11.376, 4.504, 0.376, -89.17, 12.57, 1164.61, 1.49, 1.15, 1.08, -0.97523, 0.00537, -0.03906, -0.21764
1, 15, 11.715, 4.341, 0.546, -85.21, 14.53, 1162.66, 0.63, 1.83, 1.34, -0.97464, 0.00372, -0.03799, -0.22049
1, 14, 11.835, 5.126, 0.236, -108.83, 3.72, 1161.87, 0.14, 2.10, 0.87, -0.97412, 0.00792, -0.04406, -0.22154
1, 16, 11.753, 5.598, -0.330, -116.46, -11.96, 1159.48, 0.27, 1.34, 0.98, -0.97404, 0.01360, -0.04698, -0.22102
1, 15, 11.539, 5.496, -0.616, -112.61, -16.05, 1160.10, 1.30, 0.33, 1.05, -0.97446, 0.01575, -0.04560, -0.21932
1, 14, 11.499, 4.730, -0.190, -92.16, -4.33, 1161.62, 2.27, -0.44, 0.96, -0.97488, 0.01065, -0.03990, -0.21886
1, 16, 11.623, 4.335, 0.265, -86.43, 6.16, 1161.62, 2.43, 0.12, 0.36, -0.97481, 0.00606, -0.03740, -0.21980
1, 14, 11.618, 4.803, -0.084, -98.75, -4.09, 1163.21, 2.23, 0.57, -0.08, -0.97464, 0.00994, -0.04072, -0.21984
1, 17, 11.653, 4.617, 0.600, -92.65, 13.43, 1162.48, 2.45, 0.63, -0.04, -0.97467, 0.00377, -0.04044, -0.21991
