1, 8, 11.705, 5.717, 4.402, -108.46, 103.58, 1158.39, 2.04, -2.98, -0.72, -0.97382, -0.02641, -0.05707, -0.21843
1, 26, 12.156, 4.834, 4.359, -101.07, 91.98, 1163.82, 0.17, -0.44, -0.79, -0.97325, -0.02756, -0.04960, -0.22265
1, 16, 12.425, 4.683, 4.795, -92.47, 101.75, 1155.70, -1.00, 1.21, 0.69, -0.97265, -0.03144, -0.04923, -0.22481
1, 15, 12.508, 5.251, 4.032, -108.83, 76.97, 1154.66, -2.53, 3.19, 1.19, -0.97250, -0.02380, -0.05257, -0.22562
1, 14, 12.444, 6.298, 3.530, -141.66, 63.17, 1152.59, -2.56, 4.60, 2.38, -0.97234, -0.01748, -0.06045, -0.22493
1, 16, 12.265, 7.159, 3.457, -151.73, 66.71, 1151.73, -1.30, 3.62, 2.09, -0.97232, -0.01525, -0.06759, -0.22313
1, 15, 12.092, 7.759, 3.611, -160.89, 71.11, 1152.04, -0.82, 2.03, 2.46, -0.97234, -0.01549, -0.07295, -0.22133
1, 14, 11.941, 7.520, 3.877, -152.83, 76.97, 1152.34, -0.41, 0.01, 1.15, -0.97271, -0.01831, -0.07141, -0.21998
1, 16, 12.217, 7.225, 3.588, -144.84, 74.89, 1155.52, -0.32, -1.22, -0.92, -0.97237, -0.01626, -0.06840, -0.22262
1, 16, 12.348, 6.629, 3.614, -131.04, 75.68, 1153.87, -0.39, -1.66, -2.48, -0.97238, -0.01759, -0.06341, -0.22394
1, 15, 12.379, 6.728, 3.313, -137.21, 67.93, 1155.46, -0.34, -1.86, -3.85, -0.97232, -0.01482, -0.06367, -0.22433
1, 15, 12.262, 7.008, 2.847, -144.65, 55.60, 1153.08, -0.08, -2.02, -4.47, -0.97247, -0.01038, -0.06511, -0.22350
1, 15, 12.180, 7.220, 3.088, -149.05, 63.48, 1150.88, 0.92, -3.26, -4.67, -0.97250, -0.01206, -0.06738, -0.22260
1, 15, 12.198, 6.614, 3.264, -133.61, 67.81, 1156.56, 0.90, -4.35, -3.76, -0.97273, -0.01473, -0.06258, -0.22287
1, 16, 12.274, 5.539, 3.488, -99.30, 75.93, 1155.40, 0.82, -4.20, -3.82, -0.97297, -0.01872, -0.05391, -0.22378
1, 14, 12.420, 4.492, 3.696, -73.79, 82.89, 1160.95, 0.18, -2.24, -4.04, -0.97297, -0.02250, -0.04546, -0.22530
1, 16, 12.320, 3.969, 4.093, -78.31, 85.08, 1161.93, -1.02, 1.02, -3.07, -0.97321, -0.02695, -0.04178, -0.22449
1, 16, 12.271, 4.582, 3.656, -93.14, 74.22, 1160.64, -2.17, 3.82, -2.93, -0.97324, -0.02204, -0.04611, -0.22401
1, 14, 12.189, 5.604, 3.706, -121.22, 77.39, 1155.76, -2.79, 5.42, -1.86, -0.97307, -0.02048, -0.05487, -0.22293
1, 16, 12.021, 6.732, 3.170, -153.08, 55.91, 1156.19, -3.62, 5.77, -0.86, -0.97303, -0.01380, -0.06338, -0.22137
1, 15, 11.723, 7.429, 2.814, -153.20, 53.47, 1148.38, -2.88, 3.80, -0.59, -0.97331, -0.00959, -0.06858, -0.21881
1, 14, 11.445, 8.015, 2.688, -164.67, 52.55, 1150.94, -2.64, 2.69, -0.11, -0.97354, -0.00756, -0.07329, -0.21633
1, 16, 11.226, 7.800, 2.762, -158.08, 55.18, 1151.43, -2.38, 0.54, -0.11, -0.97406, -0.00874, -0.07159, -0.21449
1, 15, 11.099, 7.032, 2.523, -139.04, 49.99, 1155.03, -1.83, -0.75, -0.43, -0.97470, -0.00824, -0.06461, -0.21380
1, 14, 10.078, 6.377, 2.671, -131.29, 44.68, 1157.17, -1.43, -0.82, 0.26, -0.97686, -0.01126, -0.05922, -0.20522
1, 17, 9.362, 6.721, 2.093, -141.36, 33.39, 1156.37, -0.43, -0.94, 0.02, -0.97801, -0.00610, -0.06107, -0.19933
1, 15, 8.840, 6.648, 2.420, -137.63, 43.40, 1154.48, 0.76, -1.81, 0.79, -0.97892, -0.00929, -0.06098, -0.19471
1, 14, 8.537, 6.380, 1.966, -131.90, 37.11, 1158.14, 1.48, -2.16, 0.76, -0.97958, -0.00603, -0.05790, -0.19243
1, 16, 8.395, 6.011, 2.359, -124.45, 44.25, 1157.78, 2.71, -2.40, 0.16, -0.97995, -0.01008, -0.05540, -0.19111
1, 15, 8.492, 5.934, 3.038, -121.34, 60.73, 1155.64, 3.24, -2.33, -0.52, -0.97974, -0.01597, -0.05588, -0.19163
1, 14, 8.692, 5.849, 3.565, -118.90, 72.27, 1153.32, 2.65, -2.25, -1.24, -0.97936, -0.02052, -0.05608, -0.19312
1, 16, 8.880, 5.312, 3.728, -107.79, 76.72, 1157.59, 1.76, -1.57, -2.24, -0.97920, -0.02275, -0.05180, -0.19484
1, 15, 9.499, 5.130, 3.225, -99.91, 70.80, 1161.25, 0.70, -0.44, -2.44, -0.97829, -0.01850, -0.04949, -0.20041
1, 16, 9.823, 5.112, 2.743, -100.16, 58.65, 1156.49, -0.11, 1.89, -2.55, -0.97779, -0.01428, -0.04853, -0.20338
1, 15, 9.908, 5.831, 2.503, -119.08, 51.70, 1158.51, -0.21, 3.04, -2.53, -0.97740, -0.01091, -0.05424, -0.20401
1, 14, 9.903, 6.628, 2.511, -136.84, 51.27, 1153.99, 0.00, 2.93, -1.76, -0.97707, -0.00954, -0.06105, -0.20375
1, 16, 9.838, 6.856, 2.410, -137.70, 48.52, 1154.66, 0.14, 2.24, -1.56, -0.97709, -0.00830, -0.06281, -0.20318
1, 15, 9.893, 6.608, 2.986, -131.77, 62.99, 1155.82, -0.29, 1.80, -1.32, -0.97705, -0.01363, -0.06172, -0.20341
1, 14, 10.034, 6.469, 3.079, -129.58, 63.96, 1154.30, -0.96, 1.60, -0.77, -0.97685, -0.01460, -0.06073, -0.20461
1, 16, 10.058, 6.167, 2.611, -123.05, 53.41, 1155.58, -1.02, 1.83, -0.57, -0.97699, -0.01115, -0.05732, -0.20515
1, 15, 9.745, 5.655, 2.864, -114.44, 55.42, 1154.66, -0.97, 2.43, -0.22, -0.97772, -0.01438, -0.05337, -0.20251
1, 15, 9.617, 6.322, 2.643, -128.36, 52.67, 1155.70, -1.63, 3.07, 0.04, -0.97770, -0.01136, -0.05865, -0.20133
1, 16, 9.461, 7.157, 2.491, -149.11, 48.46, 1153.02, -1.53, 2.75, 0.27, -0.97760, -0.00867, -0.06549, -0.19983
1, 15, 9.305, 7.700, 2.685, -158.02, 53.65, 1156.68, -1.15, 1.25, 0.22, -0.97758, -0.00946, -0.07045, -0.19822
1, 14, 9.215, 7.159, 2.718, -145.26, 54.44, 1150.76, -1.51, -0.42, 0.75, -0.97801, -0.01074, -0.06588, -0.19760
1, 16, 9.189, 6.402, 2.500, -129.21, 50.96, 1158.45, -1.90, -1.26, 0.70, -0.97842, -0.01022, -0.05905, -0.19772
1, 15, 9.154, 5.489, 2.136, -105.77, 41.93, 1154.97, -1.85, -1.14, 0.20, -0.97889, -0.00872, -0.05062, -0.19784
1, 14, 9.134, 4.738, 1.992, -94.18, 41.08, 1159.61, -1.56, 0.30, -0.60, -0.97920, -0.00880, -0.04396, -0.19790
1, 16, 8.874, 5.691, 1.908, -119.08, 37.29, 1159.24, -1.88, 2.75, -1.33, -0.97931, -0.00654, -0.05194, -0.19550
1, 16, 8.632, 6.707, 1.369, -150.94, 17.33, 1154.54, -1.54, 2.94, -0.31, -0.97929, -0.00032, -0.05969, -0.19347
1, 15, 8.326, 7.528, 1.133, -159.79, 17.09, 1156.07, 0.48, 1.33, 0.69, -0.97938, 0.00291, -0.06632, -0.19083
1, 15, 8.062, 7.418, 1.588, -151.73, 28.14, 1155.33, 1.96, -0.37, 0.44, -0.97988, -0.00131, -0.06613, -0.18833
1, 15, 8.115, 6.751, 2.273, -134.16, 48.16, 1156.49, 2.52, -1.68, -0.08, -0.98009, -0.00825, -0.06156, -0.18857
1, 15, 8.309, 5.868, 2.708, -113.28, 58.23, 1157.10, 1.90, -2.01, 0.37, -0.98012, -0.01335, -0.05475, -0.19025
1, 15, 8.494, 4.851, 2.670, -87.04, 55.42, 1158.14, 0.79, -0.52, 0.17, -0.98018, -0.01465, -0.04601, -0.19213
1, 15, 8.634, 4.337, 2.186, -84.72, 44.86, 1162.90, 0.24, 2.00, -0.59, -0.98016, -0.01134, -0.04082, -0.19364
1, 15, 9.042, 5.350, 1.872, -113.95, 40.71, 1157.41, 0.35, 4.10, -1.51, -0.97915, -0.00676, -0.04897, -0.19703
1, 16, 9.174, 6.522, 1.696, -149.11, 33.75, 1157.17, 0.61, 4.33, -1.66, -0.97844, -0.00315, -0.05868, -0.19797
1, 14, 9.186, 7.586, 1.466, -169.49, 25.57, 1152.77, 1.10, 2.50, -1.08, -0.97789, 0.00067, -0.06736, -0.19797
1, 16, 9.221, 7.968, 1.737, -162.11, 34.61, 1150.88, 1.91, 0.11, -0.29, -0.97762, -0.00095, -0.07109, -0.19801
1, 15, 9.338, 7.225, 2.091, -143.49, 43.09, 1154.30, 2.05, -1.49, 0.62, -0.97781, -0.00521, -0.06537, -0.19899
1, 14, 9.517, 6.311, 2.240, -121.95, 46.14, 1153.75, 2.07, -1.93, 1.15, -0.97792, -0.00799, -0.05785, -0.20068
1, 16, 9.732, 5.402, 2.471, -101.75, 52.55, 1157.17, 1.75, -1.01, 0.97, -0.97788, -0.01148, -0.05051, -0.20265
1, 15, 10.028, 4.894, 2.932, -95.09, 63.35, 1155.94, 0.83, 0.76, 0.71, -0.97747, -0.01620, -0.04704, -0.20512
1, 15, 10.263, 5.647, 3.059, -116.09, 65.00, 1153.02, -0.34, 2.82, 0.53, -0.97677, -0.01581, -0.05372, -0.20684
1, 15, 10.238, 6.604, 2.512, -141.24, 46.08, 1154.36, -1.58, 3.27, 0.48, -0.97648, -0.00941, -0.06088, -0.20660
1, 16, 10.048, 7.506, 1.879, -167.72, 25.39, 1151.86, -1.34, 1.43, 0.69, -0.97641, -0.00249, -0.06742, -0.20510
1, 15, 9.710, 7.934, 1.540, -164.49, 26.55, 1152.65, -0.11, -1.19, 0.78, -0.97678, 0.00097, -0.07045, -0.20231
1, 15, 9.491, 6.861, 1.272, -129.52, 18.98, 1156.98, 0.73, -2.27, 0.63, -0.97773, 0.00123, -0.06084, -0.20083
1, 15, 9.415, 5.669, 1.447, -95.21, 29.42, 1160.16, 1.89, -1.19, -0.66, -0.97840, -0.00241, -0.05098, -0.20033
1, 15, 9.445, 5.077, 1.567, -101.62, 31.31, 1161.01, 1.98, 0.92, -0.82, -0.97857, -0.00446, -0.04613, -0.20066
1, 15, 9.503, 5.686, 1.424, -115.30, 27.77, 1158.20, 2.10, 2.18, 0.21, -0.97824, -0.00214, -0.05108, -0.20109
1, 15, 9.468, 6.407, 1.456, -131.77, 27.16, 1158.69, 2.95, 2.34, 0.15, -0.97799, -0.00116, -0.05729, -0.20063
1, 15, 9.667, 7.204, 1.750, -150.33, 36.93, 1155.64, 3.27, 1.17, -0.13, -0.97725, -0.00215, -0.06461, -0.20199
1, 16, 9.843, 7.681, 2.282, -159.12, 49.01, 1153.14, 3.11, -0.69, -0.35, -0.97667, -0.00572, -0.06961, -0.20306
1, 15, 10.035, 7.464, 2.504, -151.43, 50.84, 1152.95, 2.46, -2.10, 0.11, -0.97643, -0.00790, -0.06817, -0.20462
1, 15, 10.134, 6.619, 2.311, -130.62, 45.53, 1155.70, 1.87, -3.15, 0.01, -0.97668, -0.00773, -0.06064, -0.20582
1, 15, 10.137, 6.039, 1.662, -119.75, 28.14, 1157.10, 1.83, -2.82, 0.05, -0.97696, -0.00325, -0.05453, -0.20632
1, 16, 10.178, 5.077, 1.742, -97.17, 34.42, 1158.81, 2.51, -2.53, 0.13, -0.97726, -0.00565, -0.04647, -0.20684
1, 14, 10.342, 4.470, 2.213, -87.71, 47.00, 1161.19, 2.51, -0.70, -0.18, -0.97712, -0.01072, -0.04216, -0.20819
1, 15, 10.525, 4.774, 2.001, -95.34, 40.71, 1156.31, 1.85, 1.61, 0.40, -0.97671, -0.00828, -0.04438, -0.20976
1, 15, 10.368, 5.860, 2.246, -129.33, 43.95, 1157.17, 1.73, 2.89, 0.03, -0.97659, -0.00844, -0.05407, -0.20805
1, 16, 10.295, 6.825, 2.660, -150.94, 56.34, 1155.03, 1.11, 2.29, 0.62, -0.97627, -0.01024, -0.06303, -0.20694
1, 15, 10.108, 7.414, 2.264, -153.87, 41.44, 1154.05, 0.02, 0.87, 0.97, -0.97634, -0.00589, -0.06732, -0.20540
1, 16, 9.801, 7.113, 1.451, -143.74, 20.02, 1154.60, 0.56, -0.98, 0.68, -0.97706, 0.00032, -0.06330, -0.20333
1, 14, 9.505, 6.434, 0.769, -126.59, 4.33, 1154.30, 1.91, -1.95, 0.85, -0.97790, 0.00477, -0.05632, -0.20129
1, 15, 9.403, 5.582, 1.291, -109.31, 25.27, 1160.22, 3.56, -1.88, 0.66, -0.97846, -0.00123, -0.04995, -0.20031
1, 15, 9.546, 5.256, 2.092, -105.16, 44.31, 1158.57, 3.72, -0.57, 0.95, -0.97829, -0.00859, -0.04859, -0.20126
1, 15, 9.764, 5.739, 2.433, -116.64, 49.62, 1156.98, 3.40, 0.60, 0.83, -0.97770, -0.01054, -0.05332, -0.20285
1, 15, 9.690, 6.626, 2.682, -140.20, 52.43, 1156.25, 2.78, 0.76, 0.14, -0.97743, -0.01112, -0.06132, -0.20184
1, 16, 9.568, 6.304, 2.730, -128.97, 53.10, 1155.88, 2.48, -0.69, -0.94, -0.97779, -0.01216, -0.05865, -0.20087
1, 15, 9.528, 5.682, 2.519, -115.30, 49.80, 1158.08, 1.85, -1.02, -0.66, -0.97813, -0.01149, -0.05297, -0.20081
1, 15, 9.432, 5.533, 1.879, -112.12, 35.52, 1158.20, 1.53, -0.25, -0.66, -0.97841, -0.00633, -0.05057, -0.20031
1, 15, 9.255, 5.672, 1.524, -114.99, 28.93, 1157.17, 2.05, 0.61, -0.55, -0.97867, -0.00313, -0.05113, -0.19893
1, 15, 9.168, 5.669, 1.945, -114.81, 36.68, 1158.14, 2.33, 1.11, -0.53, -0.97881, -0.00677, -0.05183, -0.19800
1, 16, 9.151, 6.308, 1.796, -128.97, 34.36, 1156.19, 2.21, 1.31, 0.06, -0.97858, -0.00439, -0.05703, -0.19778
1, 14, 9.114, 6.862, 2.050, -140.38, 39.73, 1154.79, 2.56, 0.36, 0.06, -0.97837, -0.00562, -0.06219, -0.19720
1, 15, 9.446, 6.340, 2.327, -126.89, 48.89, 1156.49, 2.49, -0.73, -0.50, -0.97802, -0.00872, -0.05824, -0.20002
1, 17, 9.687, 5.676, 2.181, -111.63, 44.92, 1159.61, 1.66, -0.32, 0.56, -0.97788, -0.00853, -0.05234, -0.20232
1, 14, 9.841, 5.348, 1.824, -106.87, 36.74, 1159.42, 1.70, 0.77, 0.93, -0.97776, -0.00601, -0.04892, -0.20387
1, 15, 9.950, 5.826, 2.107, -118.53, 42.72, 1159.12, 1.72, 1.27, 1.01, -0.97736, -0.00751, -0.05350, -0.20456
1, 15, 9.983, 6.406, 1.912, -131.47, 36.56, 1153.81, 1.48, 0.92, 1.87, -0.97707, -0.00479, -0.05810, -0.20480
1, 15, 9.880, 6.637, 1.688, -135.68, 31.37, 1158.87, 2.52, -0.13, 1.22, -0.97715, -0.00252, -0.05967, -0.20398
1, 15, 9.899, 6.071, 2.272, -121.22, 46.33, 1156.98, 2.49, -0.74, 0.77, -0.97734, -0.00850, -0.05588, -0.20399
1, 15, 10.035, 6.018, 2.544, -122.07, 51.27, 1157.47, 1.86, -0.51, 0.66, -0.97710, -0.01086, -0.05593, -0.20503
1, 15, 10.524, 5.794, 2.284, -114.99, 49.32, 1157.65, 1.43, -0.39, 0.76, -0.97632, -0.00881, -0.05359, -0.20938
1, 16, 10.790, 5.451, 2.200, -108.70, 46.26, 1159.73, 1.16, 0.18, 0.34, -0.97597, -0.00861, -0.05054, -0.21177
1, 15, 10.978, 5.661, 2.374, -114.14, 49.44, 1158.45, 0.93, 0.70, 0.07, -0.97553, -0.00962, -0.05266, -0.21324
1, 15, 11.007, 6.033, 2.026, -122.68, 39.92, 1156.19, 0.69, 0.90, -0.30, -0.97535, -0.00594, -0.05518, -0.21355
1, 16, 10.957, 6.184, 1.915, -125.12, 37.78, 1155.52, 0.70, 0.78, 0.01, -0.97539, -0.00474, -0.05626, -0.21315
1, 14, 10.891, 6.084, 1.760, -123.17, 34.42, 1156.62, 0.86, 0.62, 0.27, -0.97556, -0.00363, -0.05511, -0.21268
1, 15, 10.806, 5.786, 1.418, -116.82, 26.73, 1159.36, 1.21, 0.72, 0.50, -0.97585, -0.00132, -0.05194, -0.21218
1, 16, 10.766, 5.642, 1.545, -114.01, 29.48, 1155.58, 1.96, 0.79, 0.60, -0.97598, -0.00269, -0.05095, -0.21181
1, 14, 11.075, 6.105, 1.956, -123.90, 42.54, 1156.74, 2.42, 1.01, 0.17, -0.97520, -0.00518, -0.05566, -0.21415
1, 16, 11.286, 6.520, 2.256, -133.36, 47.91, 1158.63, 2.08, 0.69, -0.24, -0.97461, -0.00684, -0.05977, -0.21569
1, 16, 11.431, 6.200, 2.261, -124.27, 46.14, 1156.43, 1.74, -0.26, -0.33, -0.97447, -0.00742, -0.05706, -0.21700
1, 14, 11.562, 5.491, 2.286, -106.75, 46.94, 1158.69, 1.29, -0.24, 0.16, -0.97450, -0.00893, -0.05110, -0.21829
1, 15, 11.651, 5.072, 1.943, -100.22, 38.70, 1158.20, 0.83, 0.51, -0.10, -0.97451, -0.00677, -0.04688, -0.21930
1, 16, 11.662, 5.193, 1.626, -104.55, 31.92, 1159.42, 0.97, 1.55, 0.01, -0.97446, -0.00384, -0.04731, -0.21950
1, 14, 11.656, 5.925, 1.836, -124.27, 37.29, 1156.49, 1.19, 2.11, 0.34, -0.97418, -0.00422, -0.05393, -0.21920
1, 15, 11.614, 6.583, 1.903, -136.41, 37.23, 1154.97, 1.19, 1.95, 0.31, -0.97397, -0.00355, -0.05965, -0.21864
1, 16, 10.512, 6.733, 2.389, -142.15, 37.05, 1154.85, 1.21, 0.97, 0.15, -0.97594, -0.00798, -0.06178, -0.20897
1, 15, 9.672, 6.634, 2.101, -138.18, 34.24, 1158.69, 1.35, -0.41, 0.13, -0.97751, -0.00615, -0.06037, -0.20199
1, 15, 9.236, 5.884, 2.142, -120.73, 38.21, 1156.98, 1.45, -1.52, 0.27, -0.97859, -0.00804, -0.05401, -0.19844
1, 16, 9.079, 4.968, 2.006, -97.90, 37.11, 1159.61, 1.36, -1.14, 0.73, -0.97921, -0.00854, -0.04594, -0.19738
1, 14, 9.013, 4.201, 1.842, -83.25, 35.34, 1161.74, 1.34, 0.70, 0.59, -0.97958, -0.00849, -0.03910, -0.19704
1, 16, 8.986, 5.108, 1.699, -107.85, 31.56, 1159.91, 1.54, 2.94, 1.21, -0.97934, -0.00572, -0.04660, -0.19668
1, 15, 8.890, 6.219, 1.615, -139.89, 27.71, 1155.70, 1.59, 3.36, 1.14, -0.97907, -0.00313, -0.05595, -0.19566
1, 14, 8.818, 7.043, 2.110, -150.02, 43.15, 1153.99, 2.11, 1.62, 1.27, -0.97879, -0.00598, -0.06382, -0.19459
1, 16, 8.837, 6.557, 2.431, -133.42, 47.49, 1154.48, 1.58, 0.01, 0.86, -0.97896, -0.00955, -0.06022, -0.19471
1, 16, 8.826, 5.907, 1.998, -118.35, 38.64, 1161.19, 1.30, -0.72, -0.01, -0.97930, -0.00697, -0.05393, -0.19500
1, 14, 8.798, 5.428, 1.884, -110.66, 37.54, 1159.48, 1.59, -0.12, -0.78, -0.97954, -0.00683, -0.04964, -0.19492
1, 16, 8.861, 5.275, 2.127, -106.87, 42.42, 1160.10, 1.34, 0.78, -0.36, -0.97947, -0.00914, -0.04875, -0.19539
1, 15, 8.859, 5.650, 1.662, -113.95, 32.29, 1156.31, 1.37, 1.59, 0.11, -0.97936, -0.00453, -0.05117, -0.19549
1, 14, 8.786, 6.410, 1.783, -133.12, 34.73, 1156.92, 1.52, 1.22, -0.21, -0.97916, -0.00429, -0.05786, -0.19465
1, 16, 8.705, 6.901, 1.887, -140.93, 36.50, 1155.40, 1.59, -0.20, -0.11, -0.97906, -0.00438, -0.06223, -0.19378
1, 15, 8.650, 6.168, 1.849, -124.02, 35.58, 1152.22, 1.96, -0.95, -0.02, -0.97949, -0.00533, -0.05590, -0.19350
1, 14, 8.681, 5.427, 1.780, -108.83, 35.10, 1159.91, 1.79, -0.43, 0.42, -0.97974, -0.00599, -0.04945, -0.19397
1, 16, 9.244, 5.632, 1.415, -112.37, 31.98, 1161.19, 2.08, 0.39, 0.89, -0.97871, -0.00227, -0.05060, -0.19890
1, 16, 9.601, 5.736, 1.616, -115.17, 34.61, 1161.38, 2.23, 0.60, 0.99, -0.97804, -0.00364, -0.05185, -0.20183
1, 14, 9.903, 5.662, 2.087, -113.28, 43.70, 1158.02, 2.27, 0.93, 1.53, -0.97751, -0.00766, -0.05206, -0.20421
1, 16, 10.112, 6.098, 2.120, -123.05, 43.40, 1154.97, 1.72, 1.17, 1.24, -0.97696, -0.00706, -0.05586, -0.20587
1, 14, 10.195, 6.458, 2.017, -131.04, 40.04, 1156.92, 1.46, 0.67, 1.62, -0.97666, -0.00548, -0.05874, -0.20654
1, 16, 10.231, 5.757, 2.032, -114.50, 40.10, 1159.24, 1.37, 0.34, 1.63, -0.97689, -0.00687, -0.05279, -0.20701
1, 15, 10.297, 5.396, 1.943, -108.89, 38.88, 1158.63, 1.11, 0.86, 1.53, -0.97691, -0.00674, -0.04956, -0.20770
1, 14, 10.356, 5.557, 2.157, -111.76, 43.09, 1157.29, 1.09, 1.45, 0.67, -0.97673, -0.00824, -0.05132, -0.20807
1, 16, 9.819, 5.715, 2.575, -117.25, 46.45, 1160.71, 0.69, 1.63, 0.59, -0.97760, -0.01177, -0.05337, -0.20326
1, 16, 9.524, 5.855, 2.065, -119.02, 39.18, 1158.39, 0.15, 1.63, 0.89, -0.97811, -0.00730, -0.05365, -0.20094
1, 14, 9.199, 5.997, 1.434, -122.07, 24.84, 1158.14, 0.38, 1.72, 0.50, -0.97864, -0.00182, -0.05375, -0.19843
1, 16, 8.880, 6.188, 1.439, -125.55, 25.88, 1157.47, 1.27, 1.34, 0.14, -0.97911, -0.00168, -0.05538, -0.19566
1, 15, 8.767, 6.227, 1.845, -126.59, 34.85, 1160.77, 1.80, 1.01, -0.24, -0.97927, -0.00514, -0.05640, -0.19449
1, 14, 8.762, 6.301, 1.818, -127.20, 35.77, 1155.82, 1.79, 0.72, 0.23, -0.97925, -0.00478, -0.05699, -0.19444
1, 16, 8.725, 6.369, 1.646, -129.03, 32.29, 1157.59, 1.90, 0.45, 0.47, -0.97928, -0.00321, -0.05728, -0.19420
1, 15, 8.670, 6.293, 1.506, -127.93, 29.05, 1156.07, 2.09, -0.06, 0.98, -0.97941, -0.00218, -0.05639, -0.19381
1, 14, 9.155, 5.584, 1.672, -108.40, 37.96, 1161.32, 2.41, -0.15, 0.31, -0.97888, -0.00459, -0.05063, -0.19803
1, 17, 9.575, 5.391, 1.937, -106.87, 42.24, 1158.20, 2.11, 0.76, 0.15, -0.97821, -0.00701, -0.04946, -0.20154
1, 15, 9.829, 5.811, 1.909, -116.70, 39.98, 1155.94, 1.72, 1.43, -0.07, -0.97759, -0.00590, -0.05302, -0.20363
1, 15, 9.979, 6.093, 2.080, -122.62, 42.48, 1157.90, 1.69, 1.37, 0.01, -0.97720, -0.00678, -0.05573, -0.20475
1, 15, 10.127, 6.184, 2.396, -124.45, 48.95, 1157.65, 1.17, 1.34, 0.55, -0.97688, -0.00924, -0.05708, -0.20584
1, 14, 10.147, 5.931, 1.783, -118.53, 33.75, 1159.97, 0.56, 1.17, 1.04, -0.97698, -0.00447, -0.05382, -0.20637
1, 16, 10.038, 5.704, 1.220, -114.81, 21.67, 1157.47, 1.02, 0.93, 0.89, -0.97728, -0.00013, -0.05088, -0.20574
1, 15, 9.933, 6.033, 1.353, -122.44, 25.15, 1158.20, 1.74, 1.08, 0.70, -0.97733, -0.00072, -0.05392, -0.20473
1, 14, 9.667, 6.314, 1.632, -128.54, 28.81, 1160.52, 2.09, 1.06, 0.75, -0.97768, -0.00272, -0.05681, -0.20226
1, 17, 9.613, 6.195, 2.066, -125.98, 39.61, 1158.14, 2.13, 0.40, 0.18, -0.97781, -0.00667, -0.05656, -0.20162
1, 15, 9.696, 5.596, 2.335, -111.88, 47.49, 1159.36, 1.57, 0.52, -0.02, -0.97789, -0.00998, -0.05193, -0.20234
1, 14, 9.792, 5.381, 2.086, -108.28, 42.91, 1159.61, 0.99, 1.18, -0.02, -0.97782, -0.00820, -0.04965, -0.20333
1, 16, 9.751, 5.958, 1.696, -122.38, 31.92, 1157.29, 0.92, 1.33, 0.16, -0.97768, -0.00387, -0.05389, -0.20303
1, 15, 9.648, 5.914, 1.785, -119.75, 34.30, 1156.49, 1.23, 1.15, 0.11, -0.97788, -0.00475, -0.05367, -0.20211
1, 14, 9.623, 5.742, 1.879, -116.03, 37.05, 1157.71, 1.11, 1.55, -0.19, -0.97799, -0.00587, -0.05237, -0.20190
1, 16, 9.565, 6.060, 1.433, -122.44, 27.40, 1156.13, 0.94, 1.56, 0.21, -0.97797, -0.00153, -0.05429, -0.20154
1, 15, 9.454, 6.527, 1.462, -132.32, 27.71, 1156.74, 1.45, 0.77, 0.06, -0.97796, -0.00101, -0.05832, -0.20049
1, 15, 9.361, 6.282, 1.338, -127.87, 25.51, 1157.35, 1.54, 0.11, 0.54, -0.97823, -0.00042, -0.05602, -0.19981
1, 16, 9.328, 5.882, 1.387, -119.69, 26.55, 1157.71, 2.02, -0.11, 0.34, -0.97846, -0.00156, -0.05268, -0.19958
1, 15, 9.335, 5.946, 1.264, -120.42, 24.41, 1157.96, 2.24, 0.29, 0.72, -0.97843, -0.00039, -0.05302, -0.19968
1, 15, 9.370, 6.222, 1.646, -126.59, 31.62, 1158.08, 3.11, -0.01, 0.64, -0.97824, -0.00315, -0.05604, -0.19975
1, 15, 9.534, 6.192, 2.442, -125.31, 51.94, 1154.79, 3.07, -0.54, 0.63, -0.97792, -0.00991, -0.05718, -0.20076
1, 15, 9.779, 5.949, 3.062, -119.57, 64.88, 1156.19, 2.02, -1.04, -0.12, -0.97752, -0.01552, -0.05623, -0.20261
1, 15, 9.955, 5.477, 2.826, -110.11, 58.72, 1160.10, 0.59, -0.95, -1.04, -0.97742, -0.01427, -0.05181, -0.20437
1, 15, 9.550, 5.103, 2.605, -106.14, 51.51, 1161.01, -0.44, -0.40, -2.30, -0.97829, -0.01324, -0.04818, -0.20111
1, 16, 9.288, 5.134, 1.760, -104.80, 31.74, 1160.40, -1.45, 0.38, -1.85, -0.97881, -0.00607, -0.04694, -0.19922
1, 15, 8.954, 5.326, 1.101, -108.70, 19.53, 1159.79, -0.86, 1.21, -0.83, -0.97933, -0.00025, -0.04744, -0.19661
1, 15, 8.596, 5.586, 0.654, -113.22, 10.86, 1157.84, -0.18, 1.84, -0.13, -0.97983, 0.00387, -0.04891, -0.19369
1, 15, 8.376, 6.153, 0.868, -124.82, 14.71, 1158.94, 0.82, 2.19, 0.56, -0.97997, 0.00290, -0.05412, -0.19163
1, 15, 8.338, 6.355, 1.462, -128.48, 27.89, 1156.92, 1.59, 1.69, 0.76, -0.97994, -0.00186, -0.05684, -0.19099
1, 15, 8.489, 6.138, 2.173, -122.50, 45.29, 1153.99, 1.72, 1.30, 0.82, -0.97975, -0.00823, -0.05618, -0.19198
1, 15, 8.670, 5.569, 2.080, -110.96, 42.97, 1157.47, 0.76, 1.65, 1.02, -0.97969, -0.00832, -0.05118, -0.19371
1, 15, 8.493, 6.135, 1.436, -125.49, 25.02, 1157.23, 0.18, 2.14, 1.45, -0.97978, -0.00193, -0.05492, -0.19237
1, 16, 8.178, 6.296, 0.952, -127.81, 16.36, 1158.81, 0.82, 1.95, 1.60, -0.98024, 0.00232, -0.05549, -0.18988
1, 16, 7.865, 6.298, 0.458, -127.99, 5.86, 1158.14, 1.56, 1.72, 1.90, -0.98073, 0.00640, -0.05470, -0.18744
1, 14, 7.824, 6.045, 1.341, -121.15, 27.71, 1158.14, 2.92, 1.27, 1.27, -0.98093, -0.00159, -0.05398, -0.18671
1, 15, 7.953, 6.185, 2.021, -124.76, 40.47, 1158.02, 2.87, 1.21, 0.21, -0.98063, -0.00712, -0.05629, -0.18745
1, 15, 8.130, 6.324, 2.227, -127.08, 44.80, 1157.59, 2.23, 1.05, -0.01, -0.98027, -0.00856, -0.05783, -0.18883
1, 15, 8.295, 6.190, 2.564, -124.94, 51.51, 1156.01, 1.63, 0.60, -0.04, -0.98002, -0.01158, -0.05725, -0.19011
1, 15, 8.308, 5.779, 1.928, -115.11, 37.54, 1156.68, 0.70, 0.66, -0.33, -0.98022, -0.00683, -0.05269, -0.19063
1, 15, 8.976, 5.632, 1.365, -108.40, 32.84, 1159.61, 0.53, 0.85, -1.22, -0.97917, -0.00196, -0.05051, -0.19663
1, 16, 9.333, 6.018, 1.041, -120.73, 24.23, 1159.48, 0.72, 1.69, -1.83, -0.97840, 0.00164, -0.05324, -0.19975
1, 15, 9.479, 6.709, 0.888, -138.79, 18.55, 1157.78, 1.11, 1.50, -1.02, -0.97782, 0.00422, -0.05887, -0.20096
1, 15, 9.582, 7.000, 0.893, -141.42, 17.88, 1153.02, 1.53, 0.42, 0.59, -0.97749, 0.00475, -0.06136, -0.20179
1, 15, 9.599, 6.478, 0.760, -130.37, 14.16, 1156.19, 2.08, -0.24, 0.22, -0.97772, 0.00497, -0.05667, -0.20208
1, 15, 9.720, 5.810, 1.276, -114.07, 27.77, 1161.74, 2.93, -0.29, 0.02, -0.97781, -0.00056, -0.05188, -0.20299
1, 15, 9.974, 5.383, 1.698, -106.63, 36.13, 1158.08, 2.59, 0.52, 0.38, -0.97751, -0.00482, -0.04899, -0.20505
1, 15, 10.264, 5.284, 2.012, -105.53, 42.54, 1162.11, 1.86, 1.35, 0.44, -0.97701, -0.00754, -0.04873, -0.20741
1, 15, 10.495, 5.607, 2.140, -111.88, 44.62, 1156.25, 1.05, 2.17, 0.83, -0.97646, -0.00794, -0.05173, -0.20925
1, 15, 9.768, 5.831, 2.375, -119.32, 41.32, 1158.94, 0.24, 2.69, 0.42, -0.97766, -0.00987, -0.05400, -0.20288
1, 16, 9.414, 6.639, 1.863, -143.07, 28.50, 1157.59, -0.05, 2.10, -0.37, -0.97797, -0.00425, -0.05997, -0.19991
1, 15, 8.921, 6.654, 1.157, -135.99, 16.85, 1153.69, 0.27, 0.59, -0.50, -0.97882, 0.00155, -0.05888, -0.19607
1, 15, 8.617, 5.855, 1.218, -117.61, 21.12, 1159.00, 0.87, 0.08, 0.00, -0.97970, -0.00049, -0.05216, -0.19358
1, 15, 8.450, 5.394, 0.849, -109.56, 15.14, 1158.02, 1.10, 0.76, 0.87, -0.98016, 0.00181, -0.04760, -0.19239
1, 15, 8.355, 5.851, 0.988, -118.04, 17.76, 1158.94, 1.67, 1.49, 0.92, -0.98014, 0.00135, -0.05174, -0.19145
1, 15, 8.382, 6.411, 1.578, -131.41, 32.41, 1155.76, 1.98, 1.67, 0.76, -0.97984, -0.00274, -0.05751, -0.19130
1, 15, 8.498, 6.384, 2.047, -128.72, 40.59, 1155.94, 1.50, 1.01, 0.91, -0.97964, -0.00673, -0.05807, -0.19206
1, 15, 8.713, 6.255, 1.695, -126.04, 36.01, 1159.18, 1.10, 0.44, -0.09, -0.97935, -0.00384, -0.05638, -0.19410
1, 16, 8.734, 6.373, 1.379, -128.91, 28.08, 1158.26, 0.72, 0.46, -0.20, -0.97927, -0.00092, -0.05686, -0.19441
1, 14, 8.647, 6.351, 1.038, -128.85, 20.32, 1156.43, 0.92, 0.14, -0.06, -0.97943, 0.00191, -0.05609, -0.19384
1, 16, 8.590, 5.589, 0.861, -111.02, 15.38, 1159.67, 1.22, 0.37, 0.85, -0.97985, 0.00211, -0.04928, -0.19355
1, 15, 8.546, 6.009, 0.632, -122.19, 11.05, 1162.05, 1.83, 1.02, 1.21, -0.97974, 0.00475, -0.05249, -0.19322
1, 14, 8.577, 6.615, 1.276, -138.37, 27.59, 1155.94, 2.51, 0.56, 1.11, -0.97942, 0.00029, -0.05875, -0.19307
1, 16, 8.730, 6.364, 1.970, -128.42, 40.59, 1155.15, 2.28, -0.60, 1.46, -0.97926, -0.00599, -0.05778, -0.19408
1, 15, 8.855, 5.607, 1.700, -110.35, 33.45, 1157.78, 1.43, -0.49, 1.27, -0.97938, -0.00492, -0.05087, -0.19545
1, 14, 8.963, 5.412, 1.182, -109.50, 24.41, 1163.39, 1.51, 0.37, 0.56, -0.97929, -0.00078, -0.04831, -0.19663
1, 17, 8.990, 5.827, 1.445, -118.10, 28.44, 1161.25, 1.60, 0.82, 0.05, -0.97907, -0.00230, -0.05231, -0.19667
1, 15, 9.003, 5.906, 1.378, -119.20, 27.28, 1158.14, 1.53, 0.89, 0.37, -0.97902, -0.00159, -0.05287, -0.19680
1, 15, 8.977, 6.060, 1.205, -122.25, 23.50, 1157.23, 1.42, 1.05, 0.89, -0.97900, 0.00014, -0.05389, -0.19663
1, 15, 8.902, 6.566, 1.071, -133.61, 19.59, 1155.58, 1.56, 0.79, 0.96, -0.97889, 0.00212, -0.05798, -0.19596
1, 15, 8.813, 6.309, 1.095, -129.15, 20.02, 1160.10, 2.02, 0.11, 1.33, -0.97916, 0.00143, -0.05583, -0.19524
1, 15, 8.836, 5.502, 1.113, -109.01, 20.69, 1158.20, 2.33, -0.18, 1.75, -0.97947, -0.00009, -0.04896, -0.19556
1, 15, 8.978, 5.224, 1.683, -104.98, 33.63, 1158.51, 2.60, 0.82, 0.98, -0.97932, -0.00539, -0.04757, -0.19658
1, 15, 8.943, 6.032, 2.000, -123.96, 38.82, 1159.06, 2.12, 1.79, 0.98, -0.97904, -0.00671, -0.05501, -0.19597
1, 16, 8.935, 6.070, 2.366, -122.80, 46.08, 1159.36, 1.29, 1.41, 0.48, -0.97902, -0.00978, -0.05596, -0.19571
1, 15, 8.897, 6.025, 1.893, -121.28, 38.45, 1155.82, 0.21, 1.53, 0.27, -0.97913, -0.00583, -0.05476, -0.19562
1, 15, 8.713, 6.433, 1.331, -131.41, 23.99, 1157.41, 0.30, 1.12, -0.18, -0.97928, -0.00042, -0.05729, -0.19424
1, 15, 8.489, 6.076, 1.356, -124.82, 25.33, 1159.06, 0.66, 0.41, -0.38, -0.97982, -0.00135, -0.05428, -0.19238
1, 15, 8.478, 5.366, 1.437, -107.30, 28.75, 1156.31, 0.08, 0.98, 0.41, -0.98012, -0.00325, -0.04834, -0.19239
1, 14, 8.427, 5.506, 0.797, -110.72, 14.77, 1157.71, 0.47, 1.88, 0.53, -0.98016, 0.00244, -0.04846, -0.19220
1, 16, 8.417, 6.008, 1.391, -121.83, 27.95, 1153.63, 0.92, 2.24, 0.95, -0.97997, -0.00180, -0.05375, -0.19177
1, 15, 8.655, 6.648, 1.453, -133.61, 30.82, 1153.99, 0.38, 2.07, 1.24, -0.97928, -0.00113, -0.05934, -0.19364
1, 17, 8.608, 6.710, 0.761, -135.68, 12.08, 1157.65, 0.70, 1.09, 0.66, -0.97931, 0.00487, -0.05870, -0.19358
1, 14, 8.557, 6.277, 1.004, -127.62, 18.62, 1157.10, 1.47, 0.27, 0.47, -0.97961, 0.00203, -0.05541, -0.19310
1, 15, 8.516, 6.378, 0.519, -129.76, 8.79, 1160.40, 1.53, 0.24, 1.01, -0.97962, 0.00633, -0.05545, -0.19297
1, 15, 8.510, 5.918, 0.969, -119.81, 17.82, 1156.01, 2.53, -0.10, 0.61, -0.97985, 0.00170, -0.05228, -0.19277
1, 15, 8.722, 5.379, 1.857, -101.99, 47.18, 1157.59, 2.49, 0.14, 0.97, -0.97969, -0.00671, -0.04918, -0.19429
1, 15, 9.048, 4.749, 2.233, -90.88, 49.38, 1160.10, 0.82, 1.85, 1.30, -0.97932, -0.01088, -0.04446, -0.19707
1, 15, 9.156, 5.455, 1.550, -114.32, 25.70, 1153.87, -0.24, 3.40, 0.85, -0.97893, -0.00377, -0.04932, -0.19811
1, 15, 9.409, 6.289, 1.222, -129.39, 25.70, 1157.41, -0.11, 3.52, 0.04, -0.97815, 0.00060, -0.05587, -0.20027
1, 16, 9.471, 6.992, 1.058, -143.01, 21.42, 1154.85, -0.29, 3.20, -0.02, -0.97770, 0.00327, -0.06158, -0.20075
1, 15, 9.366, 7.446, 0.569, -151.86, 8.30, 1154.05, 0.14, 2.18, 0.15, -0.97762, 0.00819, -0.06460, -0.20005
1, 15, 9.254, 7.469, 0.724, -151.61, 12.88, 1154.66, 1.05, 0.47, 0.22, -0.97781, 0.00684, -0.06508, -0.19900
1, 14, 9.312, 6.631, 1.036, -129.27, 21.97, 1157.35, 1.34, -0.71, 1.01, -0.97815, 0.00274, -0.05846, -0.19947
1, 16, 9.422, 5.815, 1.015, -113.71, 20.45, 1157.47, 1.26, -0.76, 0.94, -0.97833, 0.00155, -0.05146, -0.20056
1, 15, 9.557, 5.353, 0.986, -107.48, 20.08, 1156.68, 1.40, 0.13, 0.93, -0.97828, 0.00104, -0.04747, -0.20180
1, 14, 9.622, 5.701, 0.788, -115.17, 15.32, 1158.57, 1.40, 1.24, 0.94, -0.97802, 0.00337, -0.05009, -0.20238
1, 16, 8.788, 6.109, 1.393, -128.72, 19.53, 1158.20, 1.83, 1.53, 1.24, -0.97930, -0.00147, -0.05463, -0.19492
1, 16, 8.256, 6.741, 1.493, -139.83, 23.62, 1157.10, 2.04, 1.05, 1.01, -0.97990, -0.00152, -0.06019, -0.19019
1, 15, 7.834, 7.009, 1.557, -142.76, 26.92, 1153.93, 2.05, -0.07, 0.35, -0.98046, -0.00185, -0.06258, -0.18649
1, 15, 7.707, 6.355, 1.929, -129.58, 36.87, 1156.13, 1.68, -1.17, -0.09, -0.98096, -0.00617, -0.05759, -0.18535
1, 15, 7.642, 5.565, 1.439, -109.44, 26.06, 1159.55, 0.86, -0.84, -0.50, -0.98142, -0.00330, -0.05003, -0.18520
1, 15, 7.613, 4.936, 1.254, -100.77, 25.02, 1162.54, 0.81, 0.23, 0.11, -0.98171, -0.00275, -0.04434, -0.18513
1, 15, 7.595, 5.449, 1.161, -109.25, 23.13, 1160.40, 0.70, 1.52, 0.16, -0.98155, -0.00112, -0.04858, -0.18493
1, 15, 7.473, 6.260, 0.753, -131.29, 10.62, 1155.94, 0.76, 2.24, 0.27, -0.98140, 0.00363, -0.05487, -0.18394
1, 15, 7.560, 6.956, 0.458, -141.48, 8.48, 1154.60, 1.39, 1.48, 0.48, -0.98090, 0.00732, -0.06036, -0.18474
1, 16, 7.662, 6.896, 1.125, -139.53, 22.40, 1155.94, 2.20, 0.23, 0.40, -0.98080, 0.00157, -0.06091, -0.18527
1, 14, 7.817, 6.129, 1.182, -122.50, 24.29, 1160.95, 1.84, -0.37, 0.75, -0.98091, -0.00009, -0.05444, -0.18671
1, 16, 7.982, 5.795, 1.133, -117.61, 23.32, 1156.62, 1.86, -0.17, 0.62, -0.98078, -0.00015, -0.05150, -0.18820
1, 15, 8.114, 5.665, 1.264, -114.81, 25.33, 1159.61, 1.53, 0.52, 0.56, -0.98062, -0.00143, -0.05060, -0.18929
1, 14, 8.157, 5.784, 0.981, -116.46, 20.02, 1159.06, 1.53, 1.10, 0.58, -0.98049, 0.00121, -0.05116, -0.18977
1, 16, 8.134, 6.217, 1.115, -125.18, 21.18, 1157.71, 1.59, 1.24, 0.26, -0.98035, 0.00077, -0.05509, -0.18944
1, 15, 8.070, 6.752, 1.088, -137.27, 20.45, 1156.56, 1.91, 0.41, -0.40, -0.98020, 0.00186, -0.05961, -0.18881
1, 14, 8.039, 6.538, 1.608, -133.18, 29.97, 1154.24, 1.75, -0.45, -0.14, -0.98035, -0.00295, -0.05864, -0.18832
1, 17, 8.009, 6.017, 0.961, -120.18, 15.75, 1160.58, 1.43, -0.60, 0.42, -0.98064, 0.00171, -0.05312, -0.18847
1, 15, 8.006, 5.471, 1.137, -111.76, 21.55, 1157.23, 1.90, -0.36, 0.42, -0.98087, -0.00071, -0.04874, -0.18845
1, 15, 8.094, 5.461, 1.253, -110.53, 24.72, 1159.24, 1.70, 0.29, 0.48, -0.98073, -0.00168, -0.04885, -0.18916
1, 15, 8.133, 5.617, 1.070, -112.98, 21.61, 1159.12, 1.37, 1.17, 0.83, -0.98060, 0.00017, -0.04988, -0.18955
1, 15, 8.101, 6.327, 1.111, -129.70, 21.06, 1158.81, 1.55, 1.46, 0.51, -0.98035, 0.00097, -0.05601, -0.18914
1, 15, 8.035, 6.485, 1.191, -130.80, 22.28, 1155.15, 1.72, 0.83, 0.54, -0.98039, 0.00052, -0.05750, -0.18850
1, 15, 7.971, 6.679, 1.103, -134.95, 21.18, 1155.76, 1.58, 0.41, 0.13, -0.98040, 0.00157, -0.05901, -0.18796
1, 15, 7.944, 5.942, 1.132, -119.69, 21.67, 1158.94, 1.67, 0.03, 0.19, -0.98078, 0.00009, -0.05276, -0.18785
1, 15, 7.980, 5.820, 0.671, -117.74, 13.98, 1156.31, 1.60, 0.20, 0.47, -0.98076, 0.00385, -0.05096, -0.18839
1, 16, 8.010, 6.066, 1.027, -122.38, 18.92, 1155.52, 2.02, 0.41, 0.93, -0.98062, 0.00122, -0.05365, -0.18844
1, 14, 8.135, 5.998, 1.413, -121.46, 27.16, 1158.69, 2.18, 0.55, 1.47, -0.98044, -0.00214, -0.05370, -0.18934
1, 16, 8.258, 6.053, 1.444, -121.70, 28.75, 1154.91, 1.85, 0.81, 1.27, -0.98021, -0.00225, -0.05422, -0.19037
1, 15, 8.321, 5.934, 1.538, -120.18, 30.40, 1157.35, 1.46, 0.69, 0.61, -0.98015, -0.00322, -0.05336, -0.19089
1, 14, 8.297, 6.026, 1.173, -121.58, 23.62, 1156.37, 1.06, 0.69, 0.12, -0.98016, 0.00004, -0.05354, -0.19084
1, 16, 8.208, 5.772, 1.061, -117.43, 20.63, 1156.86, 1.06, 0.82, -0.13, -0.98042, 0.00053, -0.05119, -0.19017
1, 15, 8.117, 6.409, 0.812, -131.53, 14.28, 1157.41, 1.24, 0.91, -0.18, -0.98028, 0.00368, -0.05622, -0.18941
1, 15, 7.848, 6.792, 1.080, -137.76, 18.01, 1156.74, 1.63, 0.30, 0.25, -0.98055, 0.00188, -0.05995, -0.18691
1, 16, 7.796, 6.129, 1.265, -125.00, 23.80, 1158.39, 1.73, -0.53, 0.76, -0.98094, -0.00081, -0.05458, -0.18648
1, 15, 7.793, 5.497, 0.917, -111.08, 17.46, 1158.87, 1.38, -0.40, 0.79, -0.98121, 0.00113, -0.04860, -0.18672
1, 15, 7.798, 5.325, 0.988, -108.52, 18.86, 1157.96, 1.67, 0.14, 0.47, -0.98127, 0.00024, -0.04725, -0.18676
1, 15, 7.821, 5.835, 1.064, -117.55, 20.57, 1158.33, 1.74, 0.85, 0.34, -0.98103, 0.00044, -0.05173, -0.18684
1, 15, 7.860, 5.848, 1.359, -117.86, 25.82, 1156.62, 1.59, 1.26, 0.57, -0.98096, -0.00205, -0.05233, -0.18704
1, 15, 7.885, 6.158, 1.202, -123.41, 24.11, 1157.10, 1.27, 1.59, 0.46, -0.98078, -0.00018, -0.05472, -0.18727
1, 15, 7.857, 6.540, 1.224, -131.47, 23.56, 1155.03, 1.17, 1.12, 0.82, -0.98065, 0.00024, -0.05803, -0.18696
1, 14, 8.351, 6.401, 0.821, -127.62, 20.26, 1162.17, 1.02, 0.47, 0.70, -0.97990, 0.00370, -0.05616, -0.19141
1, 17, 8.641, 6.055, 0.874, -121.70, 19.59, 1159.00, 1.01, 0.25, 0.63, -0.97957, 0.00281, -0.05328, -0.19391
1, 15, 8.853, 5.599, 0.903, -112.67, 19.53, 1160.83, 0.90, 0.44, 0.88, -0.97940, 0.00187, -0.04943, -0.19578
1, 14, 9.001, 5.708, 0.824, -114.50, 17.33, 1156.86, 0.89, 1.04, 0.95, -0.97910, 0.00280, -0.05022, -0.19707
1, 16, 9.016, 6.011, 0.579, -121.15, 11.11, 1157.84, 0.97, 1.42, 1.11, -0.97893, 0.00542, -0.05239, -0.19726
1, 15, 8.993, 6.456, 0.753, -130.86, 13.79, 1157.35, 1.33, 1.22, 1.13, -0.97878, 0.00470, -0.05649, -0.19692
1, 14, 8.979, 6.245, 0.754, -127.14, 13.85, 1159.55, 1.61, 0.53, 1.60, -0.97890, 0.00431, -0.05470, -0.19683
1, 16, 9.031, 6.046, 1.061, -122.25, 19.96, 1154.54, 1.97, 0.45, 1.11, -0.97891, 0.00137, -0.05352, -0.19716
1, 15, 8.725, 5.789, 1.116, -119.08, 18.92, 1158.26, 1.87, 0.58, 0.90, -0.97954, 0.00032, -0.05142, -0.19457
1, 16, 8.602, 6.237, 1.009, -126.65, 18.13, 1157.78, 1.87, 0.63, 0.75, -0.97955, 0.00194, -0.05507, -0.19349
1, 15, 8.457, 6.396, 0.879, -129.70, 15.75, 1155.82, 1.79, 0.24, 0.88, -0.97972, 0.00325, -0.05622, -0.19228
1, 14, 8.415, 6.073, 1.157, -124.02, 21.06, 1155.94, 1.93, -0.31, 1.11, -0.97994, 0.00031, -0.05392, -0.19185
1, 16, 8.518, 5.663, 1.479, -114.69, 29.05, 1153.56, 1.58, -0.20, 1.05, -0.97994, -0.00309, -0.05095, -0.19266
1, 15, 8.628, 5.442, 1.411, -110.11, 29.05, 1156.98, 0.92, 0.47, 0.34, -0.97984, -0.00284, -0.04896, -0.19366
1, 14, 8.670, 5.602, 1.328, -112.79, 27.16, 1158.87, 0.47, 0.82, 0.14, -0.97971, -0.00183, -0.05018, -0.19403
1, 16, 8.634, 5.858, 1.169, -117.61, 23.56, 1156.25, 0.17, 1.35, 0.08, -0.97967, -0.00006, -0.05210, -0.19375
1, 15, 8.869, 5.986, 0.463, -119.32, 9.40, 1156.07, 0.14, 1.45, 0.06, -0.97919, 0.00631, -0.05199, -0.19606
1, 15, 8.877, 6.568, 0.138, -135.01, 1.04, 1156.68, 0.93, 1.22, -0.05, -0.97888, 0.01008, -0.05640, -0.19622
1, 16, 8.900, 6.688, 0.638, -135.56, 12.27, 1154.72, 1.88, 0.19, -0.16, -0.97882, 0.00603, -0.05829, -0.19614
1, 15, 9.035, 5.985, 1.047, -117.61, 22.95, 1157.04, 1.89, -0.40, 0.11, -0.97893, 0.00139, -0.05298, -0.19721
1, 14, 9.207, 5.254, 0.983, -102.78, 20.51, 1160.10, 1.49, 0.08, 0.47, -0.97892, 0.00074, -0.04662, -0.19883
1, 16, 9.336, 5.553, 0.760, -111.76, 15.63, 1158.81, 1.24, 1.12, 0.74, -0.97858, 0.00322, -0.04878, -0.19997
1, 14, 9.328, 6.231, 0.637, -128.72, 11.05, 1158.45, 1.41, 1.46, 0.85, -0.97830, 0.00546, -0.05436, -0.19986
1, 16, 9.268, 6.256, 0.688, -126.77, 12.15, 1158.26, 1.66, 0.98, 1.06, -0.97839, 0.00504, -0.05466, -0.19933
1, 15, 9.036, 5.676, 1.139, -115.72, 19.35, 1159.06, 1.82, 0.53, 0.98, -0.97906, 0.00007, -0.05050, -0.19723
1, 15, 9.008, 5.684, 1.279, -115.30, 24.29, 1160.28, 1.56, 0.83, 0.85, -0.97910, -0.00112, -0.05081, -0.19693
1, 16, 8.941, 6.058, 0.922, -122.99, 17.03, 1159.18, 1.24, 1.12, 0.56, -0.97905, 0.00254, -0.05339, -0.19646
1, 15, 8.838, 5.766, 0.937, -117.74, 17.33, 1161.38, 1.24, 0.91, 0.59, -0.97936, 0.00186, -0.05092, -0.19561
1, 14, 8.801, 5.978, 0.811, -120.67, 15.50, 1159.55, 1.01, 1.33, 1.14, -0.97933, 0.00329, -0.05252, -0.19532
1, 16, 8.706, 6.437, 0.510, -130.86, 8.06, 1156.62, 1.04, 1.32, 1.46, -0.97927, 0.00660, -0.05593, -0.19459
1, 14, 8.555, 6.753, 0.442, -137.70, 6.35, 1159.55, 1.73, 0.30, 1.39, -0.97936, 0.00764, -0.05852, -0.19329
1, 15, 8.482, 6.213, 0.628, -126.77, 10.31, 1157.90, 2.24, -0.44, 1.14, -0.97976, 0.00510, -0.05423, -0.19264
1, 16, 8.497, 5.637, 0.938, -115.23, 16.97, 1156.56, 2.41, -0.50, 0.67, -0.97999, 0.00149, -0.04982, -0.19272
1, 15, 8.651, 5.232, 1.371, -105.83, 27.47, 1159.79, 2.52, -0.15, 0.28, -0.97988, -0.00283, -0.04709, -0.19392
1, 15, 8.856, 5.398, 1.607, -108.15, 32.96, 1157.41, 1.74, 0.71, 0.06, -0.97946, -0.00449, -0.04892, -0.19554
1, 16, 8.894, 5.752, 1.151, -116.15, 22.83, 1158.69, 0.76, 1.40, 0.06, -0.97927, 0.00003, -0.05117, -0.19599
1, 14, 8.770, 6.181, 0.785, -125.55, 14.04, 1158.57, 0.88, 1.38, -0.02, -0.97929, 0.00384, -0.05421, -0.19504
1, 15, 8.582, 6.159, 0.539, -125.00, 9.34, 1156.98, 1.04, 0.97, 0.37, -0.97961, 0.00582, -0.05361, -0.19355
1, 16, 8.409, 6.202, 0.258, -125.85, 3.54, 1156.62, 1.36, 0.63, 0.45, -0.97986, 0.00821, -0.05352, -0.19220
1, 14, 8.390, 5.901, 0.795, -119.51, 14.22, 1155.88, 1.98, 0.37, 0.72, -0.98005, 0.00311, -0.05184, -0.19183
1, 16, 8.719, 6.024, 1.037, -120.79, 22.03, 1158.20, 1.79, 0.64, 1.02, -0.97945, 0.00140, -0.05330, -0.19451
1, 15, 8.893, 5.941, 0.963, -119.45, 20.20, 1157.10, 1.24, 0.89, 0.79, -0.97919, 0.00196, -0.05246, -0.19604
1, 15, 8.938, 5.999, 0.637, -121.03, 12.45, 1157.29, 1.32, 0.76, 1.32, -0.97908, 0.00488, -0.05239, -0.19657
1, 16, 8.994, 5.792, 0.968, -117.25, 18.37, 1157.41, 1.12, 0.81, 1.80, -0.97908, 0.00171, -0.05119, -0.19693
1, 14, 9.020, 5.585, 0.618, -112.61, 12.08, 1159.30, 0.98, 1.30, 1.48, -0.97911, 0.00436, -0.04882, -0.19733
1, 15, 8.986, 5.739, 0.563, -116.03, 10.13, 1161.44, 1.40, 1.35, 1.31, -0.97910, 0.00508, -0.05004, -0.19704
1, 16, 8.967, 6.084, 0.726, -122.56, 13.18, 1156.43, 1.34, 1.55, 1.22, -0.97899, 0.00427, -0.05327, -0.19676
1, 14, 8.947, 6.199, 0.631, -125.12, 11.35, 1157.71, 1.68, 1.37, 1.88, -0.97897, 0.00527, -0.05409, -0.19662
1, 15, 8.903, 6.484, 0.651, -131.10, 11.35, 1155.52, 1.68, 0.76, 1.49, -0.97892, 0.00557, -0.05656, -0.19619
1, 16, 8.188, 6.183, 1.209, -128.36, 16.11, 1159.18, 1.68, 0.05, 1.16, -0.98027, -0.00006, -0.05495, -0.18986
1, 15, 7.805, 5.665, 0.989, -117.25, 16.17, 1158.69, 1.65, -0.18, 1.05, -0.98112, 0.00080, -0.05016, -0.18677
1, 15, 7.643, 5.092, 1.123, -104.80, 19.96, 1157.47, 1.60, 0.37, 0.76, -0.98161, -0.00136, -0.04546, -0.18542
1, 16, 7.646, 5.606, 1.272, -112.37, 24.48, 1157.47, 1.20, 1.18, 0.95, -0.98140, -0.00180, -0.05011, -0.18529
1, 14, 7.565, 6.205, 0.864, -126.59, 15.20, 1158.39, 0.77, 1.56, 1.28, -0.98128, 0.00264, -0.05458, -0.18469
1, 16, 7.335, 6.639, 0.405, -135.01, 5.19, 1156.07, 0.86, 1.22, 1.05, -0.98142, 0.00715, -0.05757, -0.18288
1, 14, 7.069, 6.499, 0.479, -133.00, 6.47, 1156.98, 1.80, 0.30, 0.42, -0.98192, 0.00616, -0.05650, -0.18059
1, 15, 7.054, 5.906, 0.801, -120.91, 14.28, 1159.12, 2.11, -0.45, 0.47, -0.98222, 0.00246, -0.05193, -0.18038
1, 16, 7.765, 5.815, 0.429, -114.87, 14.10, 1161.74, 1.94, -0.30, 1.09, -0.98111, 0.00581, -0.05052, -0.18665
1, 15, 8.255, 5.383, 0.713, -106.75, 18.43, 1163.27, 1.88, 0.32, 1.31, -0.98049, 0.00288, -0.04728, -0.19078
1, 15, 8.644, 5.535, 0.851, -110.23, 19.71, 1159.12, 1.40, 1.26, 1.12, -0.97978, 0.00212, -0.04880, -0.19403
1, 15, 8.845, 5.864, 0.761, -117.07, 16.36, 1156.07, 1.14, 1.72, 1.13, -0.97930, 0.00354, -0.05146, -0.19574
1, 15, 8.888, 6.236, 0.652, -125.18, 12.70, 1155.15, 1.20, 1.62, 0.93, -0.97906, 0.00513, -0.05445, -0.19610
1, 15, 8.885, 6.555, 0.819, -132.14, 15.32, 1154.17, 1.29, 0.98, 0.74, -0.97892, 0.00425, -0.05746, -0.19595
1, 15, 8.833, 6.530, 0.590, -132.57, 11.17, 1158.14, 1.15, 0.35, 0.54, -0.97901, 0.00613, -0.05686, -0.19562
1, 15, 8.785, 6.102, 0.511, -124.39, 9.03, 1156.37, 1.43, -0.27, 0.86, -0.97929, 0.00606, -0.05307, -0.19531
1, 15, 8.302, 5.422, 0.607, -112.79, 6.59, 1162.41, 1.81, -0.29, 0.95, -0.98039, 0.00388, -0.04744, -0.19122
1, 16, 8.148, 4.992, 0.945, -102.97, 15.81, 1163.57, 2.28, 0.11, 0.46, -0.98082, 0.00020, -0.04432, -0.18982
1, 15, 8.184, 5.258, 1.155, -105.53, 21.97, 1158.39, 1.79, 0.93, 0.62, -0.98066, -0.00113, -0.04695, -0.19000
1, 15, 8.165, 5.910, 0.903, -120.67, 16.60, 1159.55, 1.22, 1.66, 0.95, -0.98043, 0.00209, -0.05210, -0.18985
1, 15, 8.043, 6.513, 0.746, -132.39, 12.76, 1154.85, 1.22, 1.42, 0.89, -0.98035, 0.00438, -0.05701, -0.18879
1, 15, 7.910, 6.147, 0.788, -125.85, 13.85, 1158.94, 1.32, 0.71, 0.95, -0.98074, 0.00336, -0.05395, -0.18769
1, 15, 7.796, 6.259, 0.295, -126.95, 4.39, 1156.86, 1.35, 0.43, 0.85, -0.98085, 0.00770, -0.05411, -0.18693
1, 15, 7.710, 5.707, 0.503, -116.52, 7.81, 1157.04, 1.92, 0.18, 0.86, -0.98125, 0.00498, -0.04973, -0.18616
1, 15, 7.738, 5.518, 0.757, -112.92, 13.06, 1162.17, 2.08, 0.53, 1.21, -0.98129, 0.00251, -0.04852, -0.18631
1, 16, 7.802, 5.744, 0.811, -115.17, 15.63, 1157.96, 1.88, 1.10, 0.82, -0.98109, 0.00244, -0.05054, -0.18681
1, 15, 7.792, 6.234, 0.669, -125.61, 12.45, 1158.02, 1.63, 1.30, 0.95, -0.98089, 0.00446, -0.05451, -0.18672
1, 15, 7.722, 6.637, 0.697, -133.85, 12.21, 1155.76, 1.78, 0.73, 0.94, -0.98081, 0.00484, -0.05800, -0.18605
1, 15, 7.596, 6.526, 0.343, -132.81, 5.62, 1155.40, 1.90, -0.11, 0.91, -0.98105, 0.00763, -0.05649, -0.18516
1, 15, 7.569, 5.865, 0.738, -119.20, 13.06, 1157.35, 2.54, -0.92, 0.32, -0.98142, 0.00317, -0.05147, -0.18483
1, 15, 7.672, 5.111, 0.816, -102.78, 16.17, 1159.42, 2.40, -0.51, 0.31, -0.98155, 0.00131, -0.04513, -0.18578
1, 15, 7.769, 5.126, 0.523, -103.21, 11.17, 1158.26, 2.17, 0.54, 0.41, -0.98138, 0.00389, -0.04478, -0.18672
1, 15, 7.279, 5.545, 1.231, -113.77, 18.62, 1156.31, 2.20, 1.31, 0.43, -0.98202, -0.00170, -0.04952, -0.18218
1, 16, 7.008, 6.135, 1.026, -124.33, 17.52, 1158.81, 1.75, 1.43, 0.68, -0.98220, 0.00087, -0.05424, -0.17985
1, 15, 6.732, 6.702, 0.707, -136.96, 10.56, 1156.43, 1.91, 0.52, 0.34, -0.98235, 0.00436, -0.05862, -0.17756
1, 15, 6.522, 6.069, 0.836, -125.31, 13.79, 1159.30, 1.98, -0.18, 0.47, -0.98298, 0.00216, -0.05340, -0.17578
1, 14, 6.512, 5.629, 0.953, -115.91, 17.76, 1156.62, 1.67, -0.23, 0.67, -0.98318, 0.00048, -0.04980, -0.17571
1, 16, 6.535, 5.391, 0.712, -109.86, 14.89, 1156.56, 1.40, 0.44, 0.72, -0.98324, 0.00219, -0.04739, -0.17604
1, 15, 6.438, 5.721, 0.222, -115.54, 3.36, 1159.18, 1.71, 0.95, 0.68, -0.98323, 0.00686, -0.04946, -0.17538
1, 15, 6.313, 5.849, 0.539, -118.10, 7.32, 1159.00, 2.29, 1.11, 0.53, -0.98338, 0.00429, -0.05105, -0.17416
1, 15, 7.010, 6.077, 0.463, -120.42, 14.04, 1156.98, 2.33, 0.97, 1.27, -0.98220, 0.00560, -0.05286, -0.18013
1, 16, 7.452, 5.810, 0.749, -116.52, 17.21, 1161.68, 2.27, 0.76, 1.36, -0.98163, 0.00293, -0.05101, -0.18383
1, 15, 7.713, 5.978, 0.632, -119.93, 13.85, 1159.06, 2.08, 0.82, 0.88, -0.98113, 0.00432, -0.05225, -0.18610
1, 15, 7.873, 5.852, 0.892, -118.16, 17.33, 1158.26, 2.14, 0.87, 0.84, -0.98093, 0.00196, -0.05159, -0.18737
1, 15, 8.011, 5.951, 1.032, -119.57, 20.45, 1156.86, 1.95, 0.94, 0.53, -0.98067, 0.00099, -0.05267, -0.18847
1, 15, 8.054, 6.135, 0.789, -123.47, 15.75, 1156.74, 1.51, 0.95, 0.83, -0.98051, 0.00339, -0.05384, -0.18892
1, 15, 8.032, 5.757, 0.771, -117.00, 14.53, 1155.33, 1.50, 0.60, 0.63, -0.98071, 0.00291, -0.05058, -0.18879
1, 15, 7.995, 6.125, 0.548, -124.21, 10.13, 1161.44, 1.48, 0.71, 0.39, -0.98060, 0.00541, -0.05336, -0.18853
1, 15, 8.138, 6.484, 0.379, -130.68, 8.00, 1158.94, 1.67, 0.54, 0.68, -0.98019, 0.00752, -0.05615, -0.18979
1, 16, 8.245, 5.878, 0.726, -118.35, 14.40, 1160.46, 2.17, -0.08, 0.99, -0.98030, 0.00359, -0.05154, -0.19062
1, 14, 8.367, 5.449, 0.465, -109.80, 9.16, 1158.63, 2.01, 0.37, 1.46, -0.98027, 0.00516, -0.04742, -0.19183
1, 16, 8.434, 5.920, 0.677, -120.00, 12.63, 1159.06, 2.52, 0.62, 0.72, -0.97997, 0.00416, -0.05180, -0.19225
1, 15, 8.538, 6.220, 1.202, -126.22, 23.86, 1157.35, 2.49, 0.36, 0.62, -0.97967, 0.00024, -0.05525, -0.19285
1, 14, 8.644, 5.784, 1.151, -116.70, 23.07, 1153.63, 1.71, 0.17, 0.73, -0.97968, -0.00002, -0.05144, -0.19386
1, 16, 8.659, 5.435, 0.727, -109.56, 13.98, 1157.53, 1.46, 0.34, 0.49, -0.97979, 0.00301, -0.04773, -0.19422
1, 15, 8.665, 5.582, 0.910, -112.61, 17.03, 1159.36, 1.71, 0.98, 0.43, -0.97973, 0.00170, -0.04930, -0.19417
1, 15, 8.388, 6.038, 1.152, -122.19, 19.59, 1158.33, 1.56, 1.11, 0.46, -0.98000, 0.00028, -0.05361, -0.19163
1, 16, 8.181, 6.020, 0.676, -122.68, 11.66, 1161.74, 1.36, 0.80, 0.53, -0.98035, 0.00423, -0.05267, -0.19008
1, 15, 8.003, 5.602, 0.618, -114.93, 10.38, 1161.13, 1.66, 0.57, 0.34, -0.98082, 0.00395, -0.04900, -0.18863
1, 15, 7.942, 5.666, 0.715, -114.62, 12.76, 1159.42, 1.92, 0.92, 0.14, -0.98089, 0.00320, -0.04971, -0.18806
1, 15, 7.958, 5.713, 0.863, -115.11, 16.05, 1156.19, 1.83, 0.96, 0.58, -0.98085, 0.00201, -0.05035, -0.18813
1, 14, 7.952, 6.119, 0.765, -123.11, 14.47, 1155.21, 1.75, 1.01, 0.37, -0.98068, 0.00352, -0.05367, -0.18806
1, 16, 7.973, 5.832, 1.121, -117.80, 21.06, 1153.56, 1.67, 0.93, 0.40, -0.98078, 0.00002, -0.05180, -0.18812
1, 15, 7.986, 5.909, 0.734, -119.14, 14.65, 1157.78, 1.34, 0.96, 0.47, -0.98072, 0.00346, -0.05182, -0.18839
1, 14, 7.962, 5.767, 0.922, -117.13, 17.15, 1159.18, 1.44, 0.90, 0.19, -0.98082, 0.00160, -0.05092, -0.18813
1, 16, 7.748, 5.928, 0.557, -120.00, 10.19, 1159.79, 1.41, 1.06, 0.51, -0.98109, 0.00490, -0.05171, -0.18644
1, 16, 7.597, 6.050, 0.749, -122.44, 12.27, 1158.20, 1.79, 0.96, 0.35, -0.98129, 0.00338, -0.05307, -0.18504
1, 14, 7.604, 6.049, 1.052, -122.31, 19.29, 1156.74, 1.59, 0.81, 0.51, -0.98129, 0.00079, -0.05354, -0.18496
1, 16, 7.606, 5.767, 0.710, -117.13, 14.53, 1159.24, 1.28, 0.85, 0.59, -0.98140, 0.00326, -0.05058, -0.18518
1, 14, 7.591, 5.996, 0.870, -120.73, 16.17, 1157.84, 1.34, 0.72, 0.29, -0.98133, 0.00226, -0.05280, -0.18494
1, 16, 7.586, 6.164, 0.841, -124.27, 16.36, 1156.86, 1.24, 0.45, 0.47, -0.98126, 0.00277, -0.05419, -0.18489
1, 15, 7.513, 5.848, 0.462, -119.20, 8.91, 1158.69, 1.24, 0.37, 0.53, -0.98150, 0.00548, -0.05088, -0.18447
1, 14, 7.451, 5.318, 0.442, -109.07, 7.57, 1161.01, 1.68, 0.58, 0.42, -0.98182, 0.00476, -0.04630, -0.18401
1, 16, 7.131, 5.379, 0.502, -109.37, 6.59, 1161.32, 2.03, 1.22, 0.64, -0.98231, 0.00422, -0.04693, -0.18124
1, 16, 7.097, 6.128, 0.903, -126.28, 17.09, 1156.98, 2.39, 1.40, 0.53, -0.98206, 0.00195, -0.05399, -0.18067
1, 14, 7.042, 6.742, 0.853, -136.47, 15.26, 1155.03, 2.25, 0.97, 0.60, -0.98186, 0.00333, -0.05917, -0.18013
1, 16, 7.010, 6.331, 1.106, -129.76, 19.90, 1156.07, 2.30, -0.15, 0.80, -0.98210, 0.00049, -0.05605, -0.17980
1, 14, 7.049, 5.781, 0.997, -118.71, 19.71, 1158.26, 2.03, -0.82, 0.43, -0.98228, 0.00058, -0.05117, -0.18027
1, 15, 7.096, 5.096, 0.968, -104.06, 19.17, 1156.62, 1.70, -0.66, 0.07, -0.98248, -0.00024, -0.04524, -0.18079
1, 16, 7.118, 5.086, 0.562, -102.78, 12.15, 1158.94, 1.50, 0.49, 0.30, -0.98244, 0.00324, -0.04452, -0.18114
1, 14, 7.082, 5.759, 0.731, -116.46, 13.24, 1159.18, 1.76, 1.45, 0.34, -0.98224, 0.00283, -0.05056, -0.18067
1, 15, 7.422, 6.334, 0.747, -127.20, 17.15, 1159.18, 1.66, 1.22, 0.46, -0.98144, 0.00377, -0.05550, -0.18351
1, 17, 7.614, 5.874, 0.789, -118.90, 16.66, 1160.03, 1.34, 0.68, 0.71, -0.98134, 0.00276, -0.05162, -0.18519
1, 14, 7.719, 5.310, 0.580, -106.81, 11.84, 1158.87, 1.60, 0.65, 0.50, -0.98140, 0.00368, -0.04645, -0.18626
1, 15, 7.817, 5.384, 0.759, -108.40, 14.77, 1161.13, 1.57, 1.20, 0.18, -0.98121, 0.00231, -0.04737, -0.18701
1, 15, 7.853, 5.957, 0.651, -120.12, 12.63, 1157.23, 1.29, 1.59, 0.38, -0.98091, 0.00419, -0.05210, -0.18729
1, 15, 7.800, 6.111, 0.506, -123.29, 9.46, 1160.03, 1.28, 1.45, 0.76, -0.98093, 0.00566, -0.05319, -0.18688
1, 16, 7.735, 6.347, 0.486, -127.50, 8.36, 1154.54, 1.50, 1.34, 0.92, -0.98092, 0.00618, -0.05518, -0.18631
1, 14, 7.659, 6.592, 0.412, -132.87, 6.71, 1154.24, 1.92, 0.69, 0.78, -0.98092, 0.00718, -0.05716, -0.18566
1, 15, 7.985, 6.426, 0.572, -130.00, 12.51, 1159.06, 2.29, -0.31, 0.55, -0.98048, 0.00570, -0.05598, -0.18839
1, 17, 8.197, 5.597, 0.773, -109.13, 16.97, 1159.00, 2.39, -0.63, 0.83, -0.98050, 0.00270, -0.04921, -0.19022
1, 14, 8.428, 5.111, 0.682, -102.91, 14.59, 1161.32, 2.19, 0.10, 1.02, -0.98030, 0.00276, -0.04490, -0.19230
1, 15, 8.597, 5.388, 0.821, -108.22, 16.48, 1161.68, 2.27, 1.05, 0.85, -0.97992, 0.00211, -0.04750, -0.19366
1, 15, 8.693, 6.059, 1.059, -124.02, 21.30, 1156.01, 2.17, 1.24, 0.79, -0.97948, 0.00126, -0.05363, -0.19427
1, 15, 8.721, 6.249, 0.972, -125.92, 18.92, 1156.07, 1.62, 0.80, 0.91, -0.97935, 0.00234, -0.05511, -0.19452
1, 15, 8.640, 6.318, 0.672, -128.30, 12.51, 1158.26, 1.55, 0.19, 0.31, -0.97944, 0.00498, -0.05520, -0.19396
1, 15, 8.594, 5.535, 0.717, -110.78, 13.00, 1159.24, 1.69, -0.49, 0.31, -0.97986, 0.00324, -0.04858, -0.19365
1, 15, 8.099, 4.943, 0.969, -102.97, 13.79, 1160.89, 1.64, 0.26, 0.59, -0.98092, -0.00010, -0.04394, -0.18940
1, 16, 7.882, 5.404, 0.679, -109.62, 11.17, 1161.38, 1.65, 1.16, 0.70, -0.98110, 0.00306, -0.04741, -0.18760
1, 15, 7.681, 5.910, 0.686, -119.32, 10.99, 1159.12, 1.69, 1.40, 0.92, -0.98121, 0.00374, -0.05176, -0.18581
1, 15, 7.509, 6.104, 0.605, -122.99, 10.19, 1156.19, 1.63, 1.30, 1.01, -0.98140, 0.00466, -0.05330, -0.18434
1, 16, 7.398, 6.434, 0.663, -130.07, 11.23, 1160.10, 1.89, 0.81, 0.76, -0.98143, 0.00464, -0.05622, -0.18332
1, 14, 7.397, 5.946, 1.009, -121.28, 18.43, 1156.13, 1.95, -0.05, 0.69, -0.98166, 0.00090, -0.05259, -0.18322
1, 15, 7.439, 5.424, 0.695, -110.05, 13.73, 1158.45, 1.72, 0.08, 0.75, -0.98181, 0.00276, -0.04762, -0.18380
1, 15, 7.461, 5.167, 0.704, -105.29, 13.49, 1158.39, 1.70, 0.77, 0.47, -0.98187, 0.00228, -0.04543, -0.18401
1, 15, 7.886, 5.431, 0.710, -107.42, 17.03, 1156.98, 1.74, 1.34, 0.32, -0.98108, 0.00283, -0.04769, -0.18761
1, 16, 8.081, 5.960, 0.860, -120.24, 18.55, 1161.93, 1.23, 1.53, 0.34, -0.98054, 0.00251, -0.05246, -0.18915
1, 15, 8.120, 6.360, 0.594, -128.72, 11.72, 1159.55, 1.19, 0.90, 0.31, -0.98029, 0.00546, -0.05544, -0.18955
1, 15, 8.101, 5.914, 0.644, -120.36, 11.90, 1156.19, 1.48, 0.34, 0.32, -0.98052, 0.00429, -0.05171, -0.18942
1, 15, 8.140, 5.555, 0.614, -112.79, 12.02, 1156.86, 1.38, 0.62, 0.42, -0.98061, 0.00397, -0.04859, -0.18981
1, 15, 8.159, 5.501, 0.434, -111.27, 8.54, 1160.22, 1.72, 1.05, 0.51, -0.98059, 0.00542, -0.04783, -0.19006
1, 15, 8.176, 5.883, 0.687, -118.47, 12.51, 1158.75, 1.86, 1.19, 0.43, -0.98042, 0.00390, -0.05151, -0.19004
1, 15, 8.257, 6.184, 1.134, -124.76, 22.16, 1156.98, 1.79, 0.95, 0.49, -0.98016, 0.00062, -0.05483, -0.19049
1, 15, 8.755, 6.157, 0.700, -122.38, 17.09, 1160.03, 1.43, 0.56, 0.64, -0.97932, 0.00452, -0.05386, -0.19496
1, 16, 9.005, 5.559, 0.572, -109.44, 13.00, 1161.80, 1.21, 0.75, 0.51, -0.97915, 0.00470, -0.04852, -0.19722
1, 14, 9.168, 5.718, 0.376, -114.81, 8.30, 1159.97, 1.18, 1.34, 0.69, -0.97879, 0.00672, -0.04953, -0.19869
1, 16, 9.251, 6.054, 0.630, -122.25, 12.57, 1159.12, 1.43, 1.42, 0.46, -0.97851, 0.00518, -0.05284, -0.19924
1, 15, 9.290, 6.200, 0.533, -124.51, 10.31, 1153.50, 1.19, 1.19, 0.68, -0.97837, 0.00627, -0.05391, -0.19959
1, 15, 9.239, 6.316, 0.325, -127.62, 5.43, 1155.94, 1.37, 0.81, 0.28, -0.97840, 0.00823, -0.05454, -0.19925
1, 15, 9.213, 6.105, 0.459, -123.60, 7.69, 1153.87, 1.88, 0.27, 0.56, -0.97855, 0.00670, -0.05298, -0.19899
1, 14, 9.279, 5.607, 0.748, -112.98, 14.65, 1157.96, 2.07, -0.19, 0.24, -0.97866, 0.00339, -0.04923, -0.19949
1, 16, 8.976, 5.211, 0.901, -107.67, 14.22, 1157.90, 1.86, 0.25, 0.45, -0.97934, 0.00127, -0.04611, -0.19689
1, 16, 8.876, 5.421, 0.801, -109.68, 14.65, 1160.95, 1.66, 0.91, 0.61, -0.97943, 0.00245, -0.04773, -0.19605
1, 14, 8.798, 6.059, 0.861, -124.15, 15.63, 1158.26, 1.43, 1.01, 0.47, -0.97930, 0.00300, -0.05330, -0.19526
1, 16, 8.665, 6.103, 0.670, -123.35, 12.21, 1153.93, 1.15, 0.77, 0.40, -0.97950, 0.00464, -0.05335, -0.19421
1, 15, 8.493, 5.800, 0.038, -117.19, -3.42, 1159.67, 1.52, 0.40, 0.56, -0.97988, 0.00946, -0.04970, -0.19306
1, 14, 8.361, 5.465, 0.299, -111.82, 2.99, 1158.51, 2.46, 0.31, 0.26, -0.98026, 0.00660, -0.04729, -0.19185
1, 16, 8.384, 5.932, 0.513, -120.36, 8.97, 1160.10, 2.54, 0.62, 0.41, -0.98004, 0.00556, -0.05164, -0.19190
1, 14, 8.431, 6.008, 0.762, -121.46, 13.79, 1157.78, 2.52, 0.40, 0.50, -0.97994, 0.00358, -0.05270, -0.19218
1, 15, 8.544, 5.628, 0.934, -114.32, 18.13, 1159.36, 2.06, 0.34, 1.29, -0.97991, 0.00152, -0.04974, -0.19312
1, 16, 8.729, 5.603, 0.725, -112.92, 15.32, 1159.61, 1.88, 0.59, 1.21, -0.97961, 0.00335, -0.04917, -0.19480
1, 15, 8.757, 6.006, 0.736, -121.58, 13.98, 1158.08, 1.88, 0.54, 0.35, -0.97939, 0.00396, -0.05263, -0.19498
1, 15, 8.826, 5.477, 1.131, -110.05, 22.52, 1157.90, 1.90, 0.17, 0.47, -0.97950, -0.00029, -0.04878, -0.19547
1, 16, 8.899, 5.362, 0.758, -108.03, 15.44, 1160.16, 1.27, 0.96, 0.63, -0.97941, 0.00273, -0.04716, -0.19627
1, 14, 8.845, 5.905, 0.555, -120.18, 9.64, 1159.30, 1.30, 1.52, 0.20, -0.97927, 0.00537, -0.05146, -0.19582
1, 16, 8.744, 6.274, 0.563, -127.01, 9.58, 1157.35, 1.51, 0.99, 0.26, -0.97928, 0.00589, -0.05462, -0.19491
1, 15, 8.661, 6.089, 0.431, -123.96, 7.08, 1157.53, 1.88, 0.18, 1.04, -0.97950, 0.00666, -0.05282, -0.19429
1, 14, 8.673, 5.435, 0.645, -108.64, 11.72, 1152.65, 2.11, 0.11, 0.99, -0.97976, 0.00372, -0.04759, -0.19437
1, 16, 8.378, 5.607, 0.959, -114.26, 14.59, 1161.62, 2.14, 0.50, 0.65, -0.98020, 0.00120, -0.04960, -0.19169
1, 15, 8.262, 5.533, 0.811, -112.49, 14.95, 1158.26, 1.91, 0.75, 0.76, -0.98042, 0.00229, -0.04873, -0.19078
1, 15, 8.169, 5.798, 0.701, -116.76, 12.63, 1158.02, 1.79, 1.11, 0.81, -0.98046, 0.00364, -0.05081, -0.18999
1, 16, 8.056, 5.862, 0.555, -118.41, 9.70, 1156.86, 1.89, 1.20, 0.90, -0.98062, 0.00494, -0.05112, -0.18908
1, 14, 7.964, 6.358, 0.510, -128.78, 8.00, 1157.29, 2.22, 0.85, 0.98, -0.98054, 0.00610, -0.05530, -0.18825
1, 15, 7.911, 6.589, 0.802, -133.54, 13.43, 1155.76, 2.49, -0.10, 1.08, -0.98053, 0.00396, -0.05776, -0.18762
1, 15, 7.972, 5.828, 1.037, -117.00, 20.02, 1154.97, 2.21, -0.85, 1.24, -0.98078, 0.00073, -0.05163, -0.18815
1, 15, 8.124, 4.957, 1.227, -96.37, 25.82, 1158.94, 1.59, -0.56, 1.21, -0.98087, -0.00228, -0.04448, -0.18951
1, 15, 8.066, 4.500, 1.058, -92.83, 21.06, 1160.40, 0.90, 0.63, 0.69, -0.98112, -0.00161, -0.04030, -0.18915
1, 16, 8.012, 5.312, 0.860, -110.78, 15.26, 1160.64, 0.72, 1.76, 0.67, -0.98092, 0.00141, -0.04692, -0.18865
1, 15, 7.881, 6.081, 0.822, -125.73, 14.53, 1159.85, 0.63, 1.48, 0.53, -0.98082, 0.00294, -0.05344, -0.18743
1, 16, 7.703, 6.381, 0.759, -128.97, 13.67, 1157.29, 0.46, 0.79, 0.73, -0.98097, 0.00389, -0.05591, -0.18590
1, 14, 7.521, 5.982, 0.300, -121.70, 4.39, 1156.19, 0.89, 0.26, 0.56, -0.98142, 0.00708, -0.05177, -0.18460
1, 15, 7.408, 5.611, 0.446, -115.11, 6.84, 1157.04, 1.43, 0.10, 0.43, -0.98177, 0.00519, -0.04883, -0.18361
1, 15, 7.439, 5.364, 0.556, -109.50, 10.25, 1160.34, 1.38, 0.56, 0.76, -0.98183, 0.00386, -0.04688, -0.18386
1, 15, 7.439, 5.695, 0.244, -114.50, 4.33, 1156.07, 1.63, 0.82, 1.05, -0.98168, 0.00706, -0.04922, -0.18395
1, 15, 7.582, 5.794, 0.687, -116.82, 12.33, 1160.58, 1.73, 0.85, 1.05, -0.98142, 0.00349, -0.05077, -0.18498
1, 16, 7.678, 5.869, 0.543, -118.23, 11.29, 1158.81, 1.57, 0.82, 0.80, -0.98123, 0.00489, -0.05118, -0.18585
1, 15, 7.737, 5.709, 0.848, -115.91, 15.75, 1158.75, 1.68, 0.57, 0.27, -0.98121, 0.00204, -0.05030, -0.18624
1, 14, 7.850, 5.466, 0.934, -111.21, 18.68, 1161.62, 1.69, 0.68, 0.36, -0.98113, 0.00096, -0.04836, -0.18721
1, 16, 7.953, 5.712, 1.069, -114.38, 21.30, 1157.47, 1.34, 1.10, 0.31, -0.98086, 0.00025, -0.05069, -0.18799
1, 15, 7.935, 5.829, 0.636, -117.31, 12.94, 1157.53, 0.88, 1.33, 0.43, -0.98083, 0.00414, -0.05098, -0.18801
1, 14, 7.797, 5.760, 0.240, -116.76, 4.15, 1157.90, 0.89, 1.15, 0.66, -0.98107, 0.00736, -0.04974, -0.18701
1, 16, 7.669, 6.046, 0.332, -121.95, 4.64, 1158.39, 1.28, 0.98, 0.37, -0.98116, 0.00698, -0.05236, -0.18585
1, 15, 7.701, 5.757, 0.681, -117.61, 11.78, 1159.91, 1.63, 0.56, 0.45, -0.98125, 0.00354, -0.05044, -0.18600
1, 15, 7.812, 5.583, 0.748, -113.34, 15.01, 1160.95, 1.47, 0.73, 0.47, -0.98114, 0.00272, -0.04906, -0.18694
1, 16, 7.878, 5.580, 0.658, -112.73, 13.49, 1160.95, 1.28, 1.04, 0.49, -0.98103, 0.00352, -0.04888, -0.18755
1, 14, 7.924, 5.344, 0.741, -108.58, 14.40, 1161.38, 1.03, 1.50, 0.76, -0.98105, 0.00244, -0.04700, -0.18794
1, 16, 7.919, 5.776, 0.432, -116.03, 8.30, 1157.90, 0.82, 1.75, 0.83, -0.98087, 0.00580, -0.05019, -0.18797
1, 15, 7.803, 6.419, 0.268, -130.98, 3.17, 1157.35, 1.12, 1.50, 0.62, -0.98076, 0.00820, -0.05543, -0.18698
1, 14, 7.671, 6.504, 0.485, -131.71, 7.20, 1155.15, 1.50, 0.53, 0.26, -0.98095, 0.00641, -0.05652, -0.18574
1, 16, 7.649, 5.716, 0.386, -114.38, 6.29, 1158.69, 1.66, -0.20, 0.54, -0.98134, 0.00598, -0.04961, -0.18569
1, 14, 7.997, 5.151, 0.142, -102.66, 4.88, 1161.19, 1.82, 0.25, 1.06, -0.98098, 0.00728, -0.04436, -0.18882
1, 16, 8.239, 5.355, 0.315, -107.12, 6.77, 1160.03, 2.19, 1.23, 1.13, -0.98051, 0.00623, -0.04638, -0.19081
1, 16, 8.400, 5.943, 0.716, -121.52, 15.44, 1162.23, 2.25, 1.42, 0.85, -0.98002, 0.00385, -0.05207, -0.19194
1, 14, 8.499, 6.407, 0.733, -129.70, 14.40, 1159.48, 1.91, 1.01, 0.93, -0.97964, 0.00454, -0.05606, -0.19272
