102, 9, 7.995, -2.370, -11.660, 75.13, 13.18, 1168.03, 63.35, -14.70, 14.58, 0.97708, -0.09584, -0.03940, 0.18597
102, 26, 10.488, -4.554, -9.393, 238.22, 18.55, 1168.27, -27.69, 14.21, 11.09, 0.97426, -0.07165, -0.05592, 0.20631
102, 16, 11.171, -6.471, -12.140, 317.50, -170.59, 813.60, -66.67, 43.91, -6.99, 0.97062, -0.09094, -0.07762, 0.20881
102, 15, 12.531, -8.007, -21.024, 448.97, -708.13, 532.23, -94.74, 66.09, 14.57, 0.95794, -0.16158, -0.10829, 0.21100
102, 15, 14.813, -6.041, -29.992, 433.78, -1341.67, 533.51, -64.42, 102.55, 97.68, 0.93805, -0.23780, -0.11317, 0.22515
102, 16, 17.063, 2.762, -26.423, -226.07, -525.82, 1999.94, 2.83, 139.41, 188.95, 0.93670, -0.22649, -0.03818, 0.26428
102, 16, 20.041, 10.018, -22.560, -215.82, -290.53, 1329.59, 5.54, 141.97, 208.72, 0.92967, -0.21135, 0.02521, 0.30067
102, 15, 19.831, 20.085, -19.797, -1089.72, -133.06, 892.64, 23.76, 105.51, 68.44, 0.91987, -0.21173, 0.11547, 0.30932
102, 16, 19.300, 26.146, -16.483, -1048.52, -173.77, 1231.57, 44.31, 70.62, 28.98, 0.91485, -0.19761, 0.17480, 0.30569
102, 15, 13.613, 29.029, -17.104, -1004.03, -508.00, 1225.89, 83.89, 50.75, -110.89, 0.92123, -0.19858, 0.20667, 0.26305
102, 16, 11.406, 32.269, -9.907, -978.76, 409.24, 1068.48, 131.16, 53.05, -142.94, 0.92873, -0.14135, 0.25209, 0.23223
102, 15, 8.856, 34.680, -13.179, -944.03, -508.18, 673.83, 40.05, -21.99, -39.54, 0.92306, -0.16556, 0.26879, 0.21979
102, 15, 5.190, 24.159, -17.235, 113.77, -440.06, 895.14, 3.34, -101.61, -131.68, 0.94840, -0.17864, 0.17990, 0.19041
102, 16, 3.012, 14.908, -24.218, 35.77, -1023.74, 928.59, -16.54, -140.03, -99.27, 0.95509, -0.22431, 0.09508, 0.16864
102, 17, 2.755, 6.606, -28.488, 160.03, -1045.53, 966.06, 11.04, -141.32, -88.89, 0.95553, -0.25112, 0.01990, 0.15334
102, 15, 3.241, 6.988, -29.472, -412.29, -349.98, 435.24, 31.68, -147.51, -91.41, 0.95236, -0.25982, 0.02067, 0.15835
102, 16, 6.256, 0.398, -32.580, 4.33, -1067.75, 963.26, 18.18, -207.34, -22.99, 0.94502, -0.27679, -0.04556, 0.16809
102, 14, 9.524, -1.650, -24.871, -182.80, 157.29, 708.68, 33.87, -182.82, 10.64, 0.95691, -0.20803, -0.05730, 0.19434
102, 15, 14.712, -9.234, -28.716, 487.37, -1609.19, 1509.28, 19.45, -246.48, 50.54, 0.94080, -0.22036, -0.13644, 0.21844
102, 16, 13.410, -15.321, -20.571, 859.68, 108.46, 1431.52, 104.01, -61.90, -34.61, 0.95338, -0.14114, -0.16911, 0.20625
102, 16, 11.217, -17.126, -15.016, 493.59, -59.20, 1272.28, 64.99, -3.29, -70.74, 0.96132, -0.09417, -0.17210, 0.19334
102, 16, 10.697, -10.619, -15.479, -396.85, -668.70, 1298.40, 72.46, 21.28, -85.16, 0.96682, -0.11159, -0.11805, 0.19714
102, 16, 9.089, -6.661, -7.658, -137.57, 302.73, 1298.71, 111.82, 40.04, -73.55, 0.97705, -0.05384, -0.07004, 0.19384
102, 15, 10.299, -10.581, -12.926, 1039.31, -1568.73, 782.90, 85.74, 4.04, -57.60, 0.96978, -0.09048, -0.11300, 0.19640
102, 16, 8.040, -6.701, -0.494, -7.75, 1184.88, 1046.57, 136.75, 92.34, -75.84, 0.98025, 0.00684, -0.05820, 0.18887
102, 15, 9.116, -5.266, -5.749, 82.34, -432.13, 917.05, -2.17, 20.64, -59.87, 0.97826, -0.03998, -0.05491, 0.19593
102, 14, 10.237, -0.383, -9.863, -342.53, -421.33, 836.49, -0.62, 6.53, -28.84, 0.97451, -0.08338, -0.02115, 0.20717
102, 16, 11.848, 0.831, -8.518, -83.13, -69.58, 1086.55, 15.22, -12.08, -5.44, 0.97222, -0.07401, -0.00943, 0.22187
102, 15, 13.789, -4.708, -10.498, 517.46, -229.98, 1317.50, -42.49, -62.72, 13.13, 0.96716, -0.07902, -0.06152, 0.23359
102, 15, 16.924, -4.687, -6.951, 234.99, 647.46, 1825.32, -52.93, -1.30, 88.07, 0.96235, -0.04759, -0.05540, 0.26182
102, 17, 16.142, -3.322, -5.391, 18.62, 942.57, 1999.94, -135.66, 24.38, -28.88, 0.96494, -0.03794, -0.04011, 0.25662
103, 7, -7.382, -16.207, -27.480, 633.91, -48.95, 1091.49, 14.56, -30.15, -49.13, 0.96205, -0.22711, -0.14987, 0.02040
103, 27, -5.448, -19.167, -30.436, 549.38, -293.21, 934.08, -74.71, 28.09, 4.09, 0.95212, -0.24645, -0.17907, 0.02570
103, 16, -4.037, -15.408, -35.508, 183.47, -678.28, 890.93, -89.04, 46.21, 17.21, 0.94383, -0.29022, -0.15292, 0.03959
103, 16, -2.769, -10.763, -39.550, 60.97, -881.77, 935.42, -62.42, 49.00, 46.75, 0.93559, -0.32680, -0.12022, 0.05846
103, 15, -2.086, -5.698, -40.372, -44.74, -819.82, 1030.64, -28.54, 49.67, 62.68, 0.93427, -0.33808, -0.08158, 0.07860
103, 16, -1.457, -2.084, -37.406, -45.78, -458.44, 1132.75, -15.90, 41.02, 68.37, 0.94218, -0.31690, -0.05159, 0.09601
103, 15, -0.121, 0.005, -33.951, 67.20, -315.67, 1293.46, -27.87, 38.58, 81.18, 0.94962, -0.28989, -0.03473, 0.11391
103, 15, 1.536, 2.254, -31.727, -14.65, -360.47, 1333.56, -48.48, 36.45, 79.64, 0.95241, -0.27338, -0.01771, 0.13365
103, 16, 2.492, 1.483, -31.832, 219.73, -600.95, 1250.37, -49.55, 38.30, 53.50, 0.95138, -0.27320, -0.02654, 0.13977
103, 15, 6.705, 10.071, -31.607, -565.55, -390.99, 997.74, -66.91, 31.01, 171.15, 0.93893, -0.28199, 0.03482, 0.19412
103, 16, 5.291, 8.577, -33.398, -66.53, -622.13, 892.52, -36.42, 21.45, -10.22, 0.93836, -0.29445, 0.02312, 0.17958
103, 16, 4.135, 7.436, -36.120, -67.26, -727.11, 824.10, -34.31, 10.49, -8.02, 0.93400, -0.31519, 0.01267, 0.16774
103, 15, 6.332, 9.747, -35.785, -145.02, -519.84, 774.60, -49.00, -4.49, 117.10, 0.92904, -0.31554, 0.02610, 0.19142
103, 15, 6.592, 7.627, -39.107, 66.59, -951.97, 790.04, -37.66, -18.22, 51.35, 0.92146, -0.33976, 0.00257, 0.18834
103, 15, 6.912, 5.025, -41.585, 316.65, -1209.59, 772.34, 3.78, -6.71, 70.49, 0.91596, -0.35623, -0.02344, 0.18321
103, 15, 6.465, 8.742, -32.331, -357.67, 72.08, 1582.15, 70.27, 68.39, 41.92, 0.93900, -0.28615, 0.02322, 0.18936
103, 16, 4.583, 9.858, -26.928, -293.70, -45.78, 1105.41, 18.32, 34.95, -69.08, 0.95328, -0.24234, 0.04543, 0.17452
103, 15, 2.521, 9.041, -27.579, -179.50, -653.56, 1164.31, 24.69, 32.29, -62.79, 0.95569, -0.24607, 0.04204, 0.15603
103, 16, 0.985, 13.019, -24.324, -438.90, -484.50, 1260.74, 83.77, 93.44, -45.43, 0.96011, -0.22184, 0.08297, 0.14865
103, 16, -1.583, 15.892, -21.554, -363.04, -395.14, 1110.60, 94.09, 106.21, -105.39, 0.96465, -0.19859, 0.11532, 0.12924
103, 15, -0.505, 21.111, -15.361, -644.65, 103.33, 914.92, 85.00, 68.93, -40.73, 0.96488, -0.15152, 0.16511, 0.13710
103, 15, -3.022, 23.637, -17.711, -526.00, -418.33, 672.61, 60.06, 27.95, -100.33, 0.95990, -0.16902, 0.18732, 0.12222
103, 16, -4.352, 13.769, -20.187, 265.44, -450.81, 903.02, 7.79, -85.59, -122.83, 0.97237, -0.18312, 0.10328, 0.10144
103, 15, -4.865, 9.915, -24.366, -154.36, -871.15, 953.19, 25.92, -73.61, -87.96, 0.96944, -0.21619, 0.06784, 0.09403
103, 15, -5.349, 8.361, -29.166, -649.60, -1188.11, 583.25, 57.43, -134.05, -112.10, 0.96123, -0.25563, 0.05186, 0.08942
103, 16, -2.873, 0.918, -24.358, -75.68, -370.00, 1046.75, 101.55, -194.37, -87.56, 0.97286, -0.21075, -0.01229, 0.09475
103, 16, -0.299, -2.052, -31.278, -265.75, -867.49, -55.60, 79.96, -198.36, -55.59, 0.95672, -0.26564, -0.04881, 0.10839
103, 16, 4.885, -8.686, -24.680, 183.53, -72.88, 1347.84, 82.35, -250.00, 48.37, 0.96380, -0.19826, -0.10759, 0.14216
103, 15, 7.699, -14.799, -21.990, 267.27, -317.99, 837.34, 90.84, -165.11, 5.13, 0.96097, -0.16224, -0.15948, 0.15743
103, 15, 8.062, -22.068, -17.177, 776.31, -67.20, 1342.65, 72.63, -151.24, -36.17, 0.95832, -0.10803, -0.21361, 0.15597
103, 17, 5.572, -24.640, -9.634, 811.22, 356.26, 1251.04, 78.51, -8.96, -57.82, 0.96266, -0.04510, -0.22339, 0.14613
103, 14, 6.386, -21.998, -11.846, 300.29, -572.33, 1398.38, 25.63, -3.46, -71.22, 0.96473, -0.06647, -0.20459, 0.15173
103, 16, 6.308, -18.177, -10.260, 258.42, -299.50, 1271.97, 79.29, 44.98, -59.12, 0.97085, -0.05947, -0.17033, 0.15779
103, 16, 3.873, -12.595, -2.272, 73.00, 450.44, 1208.19, 86.71, 85.91, -90.83, 0.98231, -0.00262, -0.11139, 0.15051
103, 16, 6.025, -14.434, -6.626, 904.24, -664.73, 996.03, 38.02, 65.51, -45.20, 0.97688, -0.03489, -0.13341, 0.16334
103, 15, 4.832, -7.200, -1.283, -120.12, 323.91, 974.85, 53.96, 110.45, -77.96, 0.98492, -0.00086, -0.06377, 0.16086
103, 16, 6.910, -6.915, -5.755, 128.23, -293.95, 948.73, -12.16, -8.67, -24.67, 0.98123, -0.03846, -0.06826, 0.17622
104, 8, -9.239, -0.928, -34.850, 62.19, -371.15, 667.54, 32.62, -4.76, -15.98, 0.95342, -0.29890, -0.01963, 0.03554
104, 26, -5.459, -3.643, -38.402, 139.95, -618.59, 671.63, 6.97, -20.07, 27.05, 0.94215, -0.32567, -0.05385, 0.05821
104, 17, -3.590, -4.753, -37.940, 198.85, -684.69, 911.07, 13.89, -10.76, 52.00, 0.94233, -0.32001, -0.06796, 0.07065
104, 15, -2.551, -4.331, -34.807, 146.67, -552.37, 1134.95, 24.48, 4.19, 43.91, 0.95006, -0.29391, -0.06517, 0.08220
104, 15, -1.931, -3.289, -30.893, 48.52, -400.57, 1311.10, 20.75, 7.71, 25.25, 0.95911, -0.26194, -0.05504, 0.09202
104, 16, -1.388, -2.543, -26.969, 17.03, -191.59, 1416.56, -4.14, 3.02, 12.13, 0.96706, -0.22943, -0.04665, 0.09995
104, 15, -0.686, -2.952, -24.556, 120.42, -149.23, 1443.18, -44.57, -4.43, 7.23, 0.97104, -0.20832, -0.04928, 0.10610
104, 15, 0.364, -4.543, -24.693, 244.51, -304.63, 1217.96, -72.97, -2.24, 15.69, 0.96970, -0.20725, -0.06477, 0.11194
104, 16, 1.837, -5.757, -28.273, 252.14, -508.54, 921.45, -81.37, 12.21, 38.39, 0.96116, -0.23503, -0.08142, 0.11960
104, 15, 3.734, -4.811, -34.327, 152.53, -734.62, 701.17, -73.95, 21.60, 63.93, 0.94536, -0.28528, -0.08457, 0.13326
104, 17, 6.282, -2.017, -39.387, 46.14, -1025.09, 660.46, -37.40, 14.20, 128.44, 0.92798, -0.32889, -0.07506, 0.15829
104, 15, 8.130, 1.975, -42.124, -152.10, -1240.36, 632.08, 31.92, 7.32, 138.92, 0.91484, -0.35583, -0.05256, 0.18356
104, 15, 8.481, 7.632, -31.585, -674.07, 514.16, 1584.41, 63.10, 39.14, 75.91, 0.93853, -0.27880, 0.01037, 0.20328
104, 15, 5.585, 7.583, -32.681, -309.20, -895.51, 1257.39, -7.54, -6.42, -57.13, 0.94071, -0.28741, 0.01528, 0.17954
104, 15, 2.955, 7.173, -29.193, -271.42, -423.22, 1227.78, 27.73, 2.46, -91.69, 0.95323, -0.25765, 0.02325, 0.15631
104, 15, -0.532, 4.695, -31.078, 179.26, -1056.03, 954.22, 69.85, 56.59, -89.07, 0.95493, -0.27044, 0.00828, 0.12211
104, 16, -3.109, 6.256, -23.650, -212.22, 37.17, 1249.33, 83.55, 73.92, -99.11, 0.97203, -0.20870, 0.03411, 0.10218
104, 15, -3.791, 5.260, -24.152, 39.43, -489.69, 825.13, 58.60, 51.27, -38.10, 0.97228, -0.21211, 0.02647, 0.09477
104, 16, -5.515, 8.675, -19.545, -254.39, -82.76, 786.38, 71.46, 72.22, -94.77, 0.97917, -0.17419, 0.06211, 0.08379
104, 16, -4.847, 4.182, -22.913, 139.83, -607.67, 882.75, -0.61, -46.69, -40.25, 0.97587, -0.20068, 0.02016, 0.08367
104, 15, -4.719, 3.040, -27.985, -308.29, -1249.51, 910.34, 20.97, -73.59, -63.44, 0.96643, -0.24299, 0.00653, 0.08318
104, 16, -3.707, 1.122, -29.220, -329.83, -992.37, 1037.84, 75.10, -125.07, -62.88, 0.96365, -0.25208, -0.01275, 0.08758
104, 15, -2.663, 2.843, -29.164, -560.61, -522.16, 419.19, 113.40, -147.03, -69.87, 0.96232, -0.25283, -0.00053, 0.10010
104, 15, 1.957, -5.194, -25.291, 121.89, -576.29, 1153.87, 125.17, -244.74, 19.85, 0.96690, -0.21057, -0.07377, 0.12378
104, 16, 2.588, -6.085, -13.385, -167.05, 277.65, 181.03, 88.62, -177.95, -37.27, 0.98254, -0.10767, -0.06877, 0.13523
104, 16, 4.782, -14.431, -8.777, 628.60, 109.50, 1635.38, 84.45, -204.60, 6.82, 0.97775, -0.05470, -0.13584, 0.15021
104, 15, 3.602, -20.364, -3.563, 1084.17, 291.44, 1266.54, 87.55, -51.09, -66.25, 0.97328, -0.00352, -0.17929, 0.14339
104, 16, 3.816, -20.218, -7.066, 599.73, -579.47, 1260.19, 24.73, 17.28, -103.88, 0.97267, -0.03313, -0.18241, 0.13977
104, 15, 3.954, -16.274, -8.241, 258.79, -454.22, 1377.08, 56.88, 58.26, -75.31, 0.97712, -0.04849, -0.15046, 0.14232
104, 15, 1.106, -8.872, -2.485, -200.99, 268.19, 1244.81, 77.73, 101.50, -115.29, 0.98857, -0.01140, -0.07948, 0.12763
104, 16, 1.344, -13.538, -3.996, 1222.66, -215.27, 1045.23, 12.45, 53.54, -66.92, 0.98431, -0.01879, -0.12133, 0.12670
104, 15, -0.923, -1.418, 2.693, -480.83, 668.76, 1059.63, 53.15, 219.86, -115.29, 0.99331, 0.02474, -0.00966, 0.11239
104, 16, 0.609, 1.490, -6.229, -27.22, -622.19, 774.29, -29.30, 60.53, -44.20, 0.99047, -0.05553, 0.00607, 0.12592
104, 16, 1.280, 6.092, -10.317, -207.46, -477.29, 831.60, 27.32, 85.97, -27.06, 0.98532, -0.09595, 0.04068, 0.13523
104, 15, 3.174, 0.810, -10.409, 387.88, -93.38, 985.41, -11.45, -20.16, 1.54, 0.98485, -0.09076, -0.00642, 0.14760
104, 16, 5.970, -3.722, -13.698, 615.66, -484.74, 1158.02, -23.80, -11.21, 44.68, 0.97827, -0.11189, -0.05223, 0.16654
105, 8, -5.933, 6.479, -43.698, 296.14, -522.64, 992.68, 87.96, 20.22, 7.68, 0.92306, -0.37429, 0.02684, 0.08456
105, 27, -7.241, 0.783, -31.052, 269.84, -224.00, 1107.73, 80.88, 26.69, -30.17, 0.96180, -0.26761, -0.00874, 0.05694
105, 14, -7.122, -1.641, -25.922, 271.73, -149.84, 1046.45, 54.35, 25.41, -21.85, 0.97296, -0.22307, -0.02699, 0.05354
105, 15, -6.034, -2.394, -22.357, 147.83, -117.19, 972.78, 15.56, 20.58, 1.95, 0.97884, -0.19199, -0.03357, 0.06238
105, 16, -4.534, -2.410, -22.051, 46.14, -302.43, 953.31, -18.14, 1.87, -14.36, 0.97844, -0.18891, -0.03601, 0.07525
105, 15, -3.869, -4.153, -25.914, 147.16, -628.60, 941.35, -34.47, -18.09, -32.27, 0.97095, -0.22017, -0.05457, 0.07620
105, 15, -3.287, -6.271, -29.852, 234.38, -845.21, 988.71, -17.04, -20.18, -27.13, 0.96205, -0.25126, -0.07619, 0.07437
105, 17, -2.998, -7.381, -32.348, 189.45, -960.88, 1030.33, 15.09, -17.70, -29.32, 0.95586, -0.27093, -0.08771, 0.07236
105, 15, -2.697, -6.571, -32.467, 60.67, -888.00, 1152.83, 49.35, -11.55, -15.05, 0.95561, -0.27246, -0.08177, 0.07678
105, 15, -2.387, -4.775, -28.686, -98.39, -570.19, 1329.10, 69.35, -17.07, -4.16, 0.96422, -0.24228, -0.06477, 0.08598
105, 16, -1.953, -4.446, -23.592, -26.12, -234.92, 1350.89, 59.64, -29.40, -7.03, 0.97374, -0.19926, -0.05885, 0.09306
105, 15, -1.092, -5.478, -19.292, 102.54, -63.96, 1179.50, 25.49, -37.09, 1.67, 0.97957, -0.16113, -0.06535, 0.10102
105, 15, 0.193, -8.410, -17.707, 250.37, -116.64, 922.30, -14.92, -39.60, 10.73, 0.97946, -0.14352, -0.09061, 0.10883
105, 16, 1.641, -12.063, -21.158, 353.58, -387.88, 711.73, -34.97, -30.45, 1.82, 0.97129, -0.16704, -0.12688, 0.11221
105, 15, 3.997, -14.680, -27.319, 416.32, -711.12, 638.12, -29.61, -19.13, 12.95, 0.95682, -0.21219, -0.15888, 0.11927
105, 17, 6.382, -14.125, -31.101, 455.63, -1088.01, 697.33, 54.24, 36.30, 59.19, 0.94707, -0.24118, -0.16323, 0.13507
105, 15, 3.282, -7.497, -20.276, -950.56, 1092.90, 1999.94, 80.22, 70.24, -15.39, 0.97310, -0.16413, -0.08973, 0.13450
105, 15, 1.958, -6.622, -24.505, -168.64, -1042.48, 1238.16, -19.07, -27.66, -89.86, 0.96806, -0.20213, -0.08495, 0.12159
105, 16, 0.693, -9.229, -25.166, 408.02, -701.84, 1282.71, 11.89, 7.48, -64.19, 0.96726, -0.20551, -0.10529, 0.10533
105, 15, -2.201, -1.395, -17.517, -681.34, 234.80, 1421.81, 88.62, 112.41, -69.00, 0.98339, -0.15026, -0.02735, 0.09802
105, 15, -1.599, -1.505, -15.248, 120.61, -160.64, 1074.95, 22.98, 40.93, -20.05, 0.98565, -0.13052, -0.02704, 0.10359
105, 16, -2.487, -2.766, -17.958, 354.00, -540.59, 810.49, 34.76, 88.15, -58.17, 0.98302, -0.15292, -0.03910, 0.09358
105, 15, -3.012, -6.427, -17.792, 353.58, -273.44, 872.13, 22.35, 19.86, -58.52, 0.98286, -0.14851, -0.06965, 0.08409
105, 16, -0.852, -8.981, -21.342, 426.27, -705.38, 1096.56, -0.08, -21.56, 9.58, 0.97508, -0.17475, -0.09726, 0.09606
105, 16, -0.298, -7.549, -25.557, -403.32, -1319.95, 995.79, 46.52, -65.32, -65.05, 0.96808, -0.21162, -0.08970, 0.09994
105, 15, 0.332, -6.898, -27.451, -405.27, -1058.78, 621.22, 130.26, -103.85, -74.57, 0.96408, -0.22785, -0.08713, 0.10512
105, 16, 2.914, -11.640, -21.054, 66.89, -401.25, 973.02, 191.36, -215.00, -19.57, 0.97041, -0.16534, -0.12506, 0.12382
105, 15, 1.899, -12.253, -10.411, -241.33, 293.95, -131.23, 156.62, -163.32, -68.80, 0.98223, -0.07485, -0.11761, 0.12564
105, 15, 2.546, -18.912, -0.837, 855.53, 1175.05, 1677.92, 122.38, -159.87, 14.32, 0.97654, 0.01622, -0.16364, 0.13904
105, 16, 0.527, -17.016, 5.660, 224.61, 627.99, 1253.42, 55.92, -6.25, -82.58, 0.97917, 0.06688, -0.14053, 0.13042
105, 15, 0.600, -15.590, -1.824, 361.69, -660.83, 1265.75, -25.38, -5.58, -156.56, 0.98309, 0.00135, -0.13652, 0.12202
105, 16, -0.396, -12.427, -3.039, 279.05, -141.60, 1431.21, 20.62, 47.14, -140.62, 0.98732, -0.01356, -0.11053, 0.11313
105, 16, -1.942, -8.627, -2.039, 197.63, 60.49, 1381.65, 26.81, 71.92, -150.57, 0.99182, -0.00988, -0.07663, 0.10165
105, 15, -1.322, -3.541, 1.066, -6.41, 504.03, 944.03, -33.91, 106.83, -52.95, 0.99353, 0.01260, -0.02970, 0.10891
105, 15, 0.083, 0.035, -7.584, 112.30, -556.64, 697.57, -42.35, 130.84, -45.13, 0.99049, -0.06569, -0.00769, 0.12061
105, 16, 1.484, 2.185, -13.736, -52.80, -495.73, 849.98, -39.78, 42.66, -5.03, 0.98352, -0.12102, 0.00286, 0.13426
105, 15, 3.837, -1.269, -16.644, 349.37, -512.88, 1091.06, -5.46, -19.05, 34.82, 0.97796, -0.14133, -0.03302, 0.15010
105, 16, 5.759, -6.375, -15.388, 997.31, -29.54, 1265.93, -11.36, 18.53, 48.65, 0.97635, -0.12238, -0.07701, 0.16073
106, 9, -7.994, -3.246, -27.588, 412.96, -248.11, 1074.22, 21.90, 11.05, -46.79, 0.96987, -0.23664, -0.03954, 0.04242
106, 26, -7.088, -5.605, -32.826, 184.81, -604.13, 810.91, -27.34, 10.31, -15.21, 0.95727, -0.27899, -0.06334, 0.04230
106, 16, -6.986, -6.357, -35.570, 161.50, -717.47, 804.99, -18.70, 7.63, -19.27, 0.95007, -0.30130, -0.07083, 0.03959
106, 14, -7.174, -5.233, -37.205, -21.06, -737.12, 810.12, 1.19, -4.28, -30.65, 0.94603, -0.31564, -0.06161, 0.04018
106, 15, -6.547, -3.556, -36.970, -114.50, -708.62, 927.12, 15.03, -32.33, -8.10, 0.94667, -0.31441, -0.04941, 0.05014
106, 16, -5.446, -3.919, -33.857, 18.86, -567.02, 1213.01, 23.13, -48.64, 9.60, 0.95430, -0.28785, -0.05382, 0.05971
106, 15, -4.373, -5.619, -30.445, 175.96, -477.48, 1329.16, 23.72, -49.56, 10.69, 0.96155, -0.25748, -0.06868, 0.06637
106, 16, -3.692, -8.666, -27.319, 350.89, -412.96, 1332.21, 22.38, -37.32, -12.82, 0.96674, -0.22810, -0.09387, 0.06758
106, 16, -2.889, -11.059, -25.513, 402.04, -443.85, 1274.66, 16.89, -20.44, -5.23, 0.96840, -0.20985, -0.11445, 0.07111
106, 15, -1.850, -12.287, -24.257, 340.76, -418.27, 1145.39, 12.89, -2.95, 4.93, 0.96912, -0.19687, -0.12581, 0.07883
106, 16, -0.915, -11.366, -23.207, 204.47, -362.43, 976.26, 7.70, 9.68, -0.35, 0.97083, -0.18800, -0.11885, 0.08958
106, 15, 0.346, -10.442, -25.801, 137.51, -526.98, 754.64, 10.85, 6.49, 6.16, 0.96583, -0.20972, -0.11540, 0.09936
106, 15, 1.997, -9.680, -29.472, 125.43, -771.48, 658.08, 31.98, -1.95, 21.19, 0.95747, -0.23984, -0.11566, 0.11117
106, 15, 3.508, -9.254, -31.556, 201.29, -873.78, 704.83, 69.69, 4.28, 39.90, 0.95157, -0.25626, -0.11753, 0.12264
106, 15, 4.311, -8.150, -30.909, 173.22, -747.01, 793.03, 108.44, 21.35, 46.27, 0.95240, -0.25171, -0.10948, 0.13262
106, 15, 3.816, -1.715, -21.433, -454.04, -16.24, 1410.46, 129.27, 48.60, 41.73, 0.97129, -0.18149, -0.04301, 0.14769
106, 17, 2.003, 3.552, -13.274, -1253.66, 798.40, 1853.15, 73.15, 13.85, -61.66, 0.98290, -0.11865, 0.01461, 0.14003
106, 15, 2.239, -1.078, -12.393, 147.28, -132.02, 1520.51, -28.82, -87.41, -31.39, 0.98453, -0.10557, -0.02432, 0.13768
106, 15, 1.611, -7.373, -14.719, 887.51, -437.26, 1064.45, -25.52, 1.77, -43.14, 0.98188, -0.11813, -0.08033, 0.12454
106, 16, -0.159, -3.056, -8.797, -39.31, 469.12, 1365.60, 9.36, 109.02, -40.32, 0.98989, -0.07297, -0.03551, 0.11634
106, 15, 0.708, -5.995, -13.728, 601.14, -410.89, 941.59, -77.91, 61.51, -0.07, 0.98433, -0.11184, -0.06657, 0.11899
106, 16, 0.707, -4.159, -19.219, 159.97, -654.24, 965.52, -50.87, 81.90, -11.34, 0.97820, -0.16097, -0.05656, 0.11840
106, 15, 0.935, -6.364, -22.313, 493.35, -540.89, 892.64, -31.81, 58.92, 11.38, 0.97288, -0.18462, -0.07878, 0.11496
106, 15, 3.160, -7.001, -27.425, 409.48, -1152.89, 1275.82, -33.26, 4.35, 56.92, 0.96122, -0.22527, -0.09356, 0.12868
106, 17, 3.786, -6.110, -29.643, -404.48, -1801.51, 950.50, 118.11, -64.74, -28.76, 0.95609, -0.24457, -0.08997, 0.13409
106, 15, 4.432, -2.856, -28.721, -577.03, -980.96, 440.43, 206.58, -71.81, -21.71, 0.95720, -0.24099, -0.06312, 0.14734
106, 15, 6.486, -11.065, -15.602, 544.31, 425.96, 1717.77, 225.46, -220.09, 23.12, 0.97302, -0.11617, -0.11782, 0.16078
106, 16, 5.624, -20.379, -8.451, 1084.53, -7.75, 988.10, 178.44, -103.59, -42.27, 0.96968, -0.04172, -0.18613, 0.15273
106, 15, 2.438, -21.993, 2.813, 486.69, 1735.66, 1544.49, 90.41, -67.09, -39.67, 0.97084, 0.05079, -0.18538, 0.14323
106, 15, 3.443, -14.254, -3.032, -484.01, -503.60, 1006.35, -35.05, 17.17, -66.88, 0.98121, -0.00736, -0.12656, 0.14545
106, 16, 2.380, -15.368, -7.951, 393.49, -694.82, 1240.60, -11.23, -23.97, -117.77, 0.98010, -0.04925, -0.14173, 0.12995
106, 15, 2.362, -14.360, -9.162, 292.79, -355.71, 1402.10, 35.04, -5.16, -75.38, 0.98057, -0.06094, -0.13449, 0.12914
106, 17, 0.109, -15.863, -5.334, 627.44, 304.57, 1385.74, 8.35, 16.94, -94.86, 0.98286, -0.02906, -0.14240, 0.11342
106, 15, -0.955, -6.053, -5.241, -163.45, 174.38, 1439.27, -55.18, 190.87, -66.57, 0.99157, -0.03947, -0.05752, 0.10918
106, 15, 0.461, -9.449, -9.466, 872.56, -149.29, 572.81, -81.92, 134.31, -3.43, 0.98637, -0.07141, -0.09166, 0.11654
106, 16, 2.305, -3.491, -15.766, 172.91, -524.11, 1077.76, -84.89, 189.16, 45.24, 0.98091, -0.13151, -0.04908, 0.13456
106, 15, 4.961, 4.867, -21.804, -485.47, -808.90, 880.55, -54.12, 105.93, 113.98, 0.96664, -0.19323, 0.01034, 0.16782
107, 7, 27.394, -1.727, -28.150, -288.45, -262.33, 977.91, 70.56, -102.63, 68.88, 0.90916, -0.22248, -0.09923, 0.33776
107, 27, 25.029, 0.039, -21.123, -250.06, -295.17, 935.12, 34.13, -81.38, 52.47, 0.92714, -0.17298, -0.06061, 0.32682
107, 15, 23.219, 1.143, -21.973, -284.30, -604.55, 893.62, 25.72, -62.33, 33.13, 0.93024, -0.18382, -0.05121, 0.31343
107, 16, 21.317, 2.922, -22.045, -348.94, -624.15, 1024.29, 25.71, -44.38, 27.42, 0.93405, -0.18978, -0.03380, 0.30067
107, 16, 19.520, 3.988, -21.663, -252.38, -582.58, 1094.91, 25.61, -31.53, 33.18, 0.93851, -0.18972, -0.02111, 0.28768
107, 15, 17.996, 4.647, -20.906, -196.04, -672.49, 1384.52, 31.37, -12.80, 50.48, 0.94300, -0.18527, -0.01132, 0.27624
107, 16, 16.322, 6.000, -20.823, -404.05, -990.23, 1508.67, 68.82, -12.92, 25.89, 0.94599, -0.18764, 0.00281, 0.26435
107, 15, 14.244, 7.739, -19.661, -591.25, -942.14, 1430.73, 107.89, -25.38, -4.42, 0.95099, -0.18138, 0.02324, 0.24937
107, 15, 12.624, 9.089, -16.997, -511.96, -613.83, 1234.07, 127.85, -43.67, -7.42, 0.95714, -0.16133, 0.04262, 0.23674
107, 16, 11.865, 9.887, -13.797, -333.62, -312.62, 898.62, 116.84, -57.42, 5.92, 0.96206, -0.13568, 0.05684, 0.22977
107, 15, 11.450, 8.731, -9.317, -199.46, -60.49, 804.87, 72.99, -72.55, -8.58, 0.96842, -0.09561, 0.05633, 0.22325
107, 15, 11.129, 4.743, -5.947, -26.86, 44.13, 912.90, 23.87, -76.82, -34.63, 0.97382, -0.05953, 0.02917, 0.21746
107, 17, 10.162, -2.703, -7.713, 405.70, -162.48, 827.21, -26.30, -72.08, -53.78, 0.97606, -0.06089, -0.03698, 0.20551
107, 14, 10.746, -10.162, -13.617, 789.25, -614.69, 736.21, -54.78, -52.22, -22.54, 0.96867, -0.09670, -0.11103, 0.19998
107, 15, 12.894, -14.726, -20.127, 898.32, -950.50, 674.38, -30.22, 1.91, 25.25, 0.95529, -0.13949, -0.16278, 0.20364
107, 17, 15.983, -15.351, -25.247, 749.76, -1180.54, 789.61, 23.47, 47.69, 84.69, 0.94211, -0.17582, -0.18161, 0.22032
107, 15, 14.716, -9.433, -16.486, -191.59, 378.23, 1949.65, 79.74, 82.82, 56.44, 0.95884, -0.11844, -0.11406, 0.23149
107, 16, 13.921, -5.491, -17.813, -91.55, -466.43, 989.44, 7.74, 43.50, -7.84, 0.95985, -0.13881, -0.08299, 0.22919
107, 14, 12.968, -0.235, -18.554, -519.35, -528.50, 1122.07, 9.54, 18.14, -13.34, 0.96019, -0.15636, -0.03928, 0.22813
107, 15, 11.648, 6.044, -18.191, -740.23, -626.04, 1224.43, 57.23, 38.25, -16.11, 0.96000, -0.16545, 0.01601, 0.22531
107, 17, 11.190, 4.129, -19.253, 25.51, -928.59, 1344.06, 73.84, -19.15, 1.85, 0.96064, -0.17084, -0.00148, 0.21905
107, 15, 9.134, 10.348, -10.296, -883.00, 339.72, 1129.46, 151.91, 47.71, -78.67, 0.97050, -0.10543, 0.07026, 0.20512
107, 15, 7.924, 1.560, -9.289, 495.91, -212.77, 733.28, 77.80, -53.06, -61.89, 0.97856, -0.08207, -0.00193, 0.18889
107, 16, 7.309, -6.279, -8.992, 724.06, -231.81, 810.67, 52.96, -33.97, -56.86, 0.97937, -0.06695, -0.06801, 0.17811
107, 15, 8.588, -12.617, -13.459, 831.60, -870.97, 1005.31, 20.84, -69.21, -31.60, 0.97082, -0.09307, -0.12966, 0.17899
107, 15, 9.809, -16.177, -15.361, 558.72, -695.31, 1067.08, 70.19, -49.51, -32.56, 0.96427, -0.10100, -0.16356, 0.18232
107, 16, 11.722, -14.447, -20.884, -112.37, -734.31, 291.87, 93.94, -42.56, -47.38, 0.95657, -0.14805, -0.16032, 0.19328
107, 15, 13.605, -16.752, -16.637, 137.15, -271.00, 1357.18, 89.20, -159.36, 5.59, 0.95606, -0.10492, -0.17394, 0.21142
107, 18, 14.280, -15.897, -7.730, -0.37, 336.98, 848.69, 107.34, -73.03, 43.98, 0.96088, -0.03129, -0.15004, 0.23068
107, 15, 17.632, -16.969, -9.868, 53.89, -463.07, 1087.16, 64.75, -140.91, 33.02, 0.95199, -0.04207, -0.16454, 0.25470
107, 15, 17.100, -17.766, -3.720, 482.48, 408.02, 1656.74, 66.80, -35.44, 4.59, 0.95314, 0.01021, -0.15730, 0.25823
107, 16, 16.253, -14.579, -1.434, 46.94, 128.60, 1117.61, 9.36, -3.22, -34.66, 0.95834, 0.02090, -0.12575, 0.25562
107, 15, 18.272, -14.521, -4.748, 191.96, -333.19, 1246.70, 1.82, -50.31, 15.30, 0.95401, -0.00461, -0.13271, 0.26876
107, 15, 19.229, -16.125, -5.836, 519.35, -373.54, 1482.67, 45.01, -24.61, -4.14, 0.95007, -0.00851, -0.14862, 0.27424
107, 16, 18.565, -17.051, -5.313, 582.46, -355.41, 1207.70, 85.66, 35.55, -51.48, 0.95066, -0.00275, -0.15500, 0.26872
107, 15, 13.859, -7.740, 6.598, -552.92, 1055.42, 985.72, 114.99, 99.86, -136.41, 0.96626, 0.07186, -0.05170, 0.24186
107, 17, 13.570, -11.246, 2.563, 453.19, -276.98, 679.75, 24.00, -2.33, -102.42, 0.96617, 0.04480, -0.08991, 0.23752
107, 15, 14.932, -16.780, -0.355, 1048.89, -276.55, 970.76, 4.84, -12.54, -39.47, 0.95847, 0.03324, -0.14211, 0.24502
107, 15, 17.528, -16.135, -1.680, 488.22, -110.29, 1044.49, 34.93, 61.07, 5.38, 0.95379, 0.02391, -0.13903, 0.26531
108, 7, 3.333, -15.947, -33.775, 78.06, -791.44, 622.99, 25.50, 106.80, -37.03, 0.94306, -0.26471, -0.17411, 0.10131
108, 26, 3.097, -8.693, -31.801, 52.19, -529.36, 734.01, 52.33, 48.96, 27.44, 0.95162, -0.25951, -0.11224, 0.12036
108, 16, 3.270, -6.347, -27.885, 15.93, -334.59, 866.82, 54.88, 12.67, 30.79, 0.96030, -0.22994, -0.08883, 0.13063
108, 15, 3.628, -7.300, -23.932, 135.31, -247.86, 929.38, 45.23, -26.93, 8.00, 0.96702, -0.19508, -0.09291, 0.13487
108, 16, 3.940, -12.586, -22.273, 412.05, -320.19, 927.06, 32.55, -61.12, -25.73, 0.96686, -0.17311, -0.13586, 0.12946
108, 16, 4.624, -18.568, -22.625, 646.18, -438.35, 914.61, 24.84, -74.45, -35.23, 0.96031, -0.16577, -0.18715, 0.12369
108, 15, 5.463, -24.206, -23.360, 819.03, -491.70, 896.55, 28.84, -62.51, -37.34, 0.95113, -0.16080, -0.23555, 0.11836
108, 16, 6.480, -28.329, -23.626, 962.89, -504.09, 1012.08, 35.74, -37.82, -21.55, 0.94306, -0.15322, -0.27073, 0.11777
108, 15, 5.902, -29.946, -20.384, 764.22, -170.78, 1058.53, 38.06, -6.35, -12.35, 0.94461, -0.12491, -0.27979, 0.11763
108, 15, 4.744, -28.586, -16.095, 484.44, 102.11, 988.83, 11.38, 16.46, 3.82, 0.95254, -0.09451, -0.26311, 0.12048
108, 16, 4.468, -24.603, -13.868, 198.97, 99.98, 934.75, -29.24, 19.96, 10.77, 0.96168, -0.08289, -0.22754, 0.12857
108, 15, 7.073, -21.401, -17.215, 276.18, -232.30, 952.03, -62.79, 10.67, 38.53, 0.96050, -0.11137, -0.20719, 0.14866
108, 15, 11.674, -19.298, -23.697, 435.67, -633.30, 1047.06, -66.06, 18.37, 98.99, 0.94869, -0.16127, -0.20463, 0.17916
108, 17, 14.834, -17.105, -28.154, 476.62, -875.49, 1059.02, -28.55, 41.77, 108.70, 0.93834, -0.19738, -0.19924, 0.20214
108, 16, 14.095, -10.123, -21.524, -499.76, 226.14, 1999.94, 20.15, 55.34, 76.43, 0.95370, -0.15963, -0.12895, 0.21988
108, 16, 13.333, -7.340, -21.927, -59.75, -474.24, 974.91, 2.34, 4.49, -3.49, 0.95525, -0.16975, -0.10561, 0.21799
108, 14, 12.777, -3.685, -19.730, -267.82, -317.75, 1237.73, 12.02, 2.61, 11.22, 0.95961, -0.15937, -0.07019, 0.22097
108, 15, 11.569, -2.483, -20.376, 33.02, -811.04, 1388.73, 49.41, 33.86, -9.35, 0.96083, -0.16784, -0.05963, 0.21233
108, 16, 9.682, 2.288, -15.612, -442.81, -189.39, 1462.16, 75.42, 56.52, -32.23, 0.96926, -0.13698, -0.00827, 0.20421
108, 15, 9.206, 5.617, -9.906, -342.65, 59.75, 1030.52, 81.87, 14.88, -19.97, 0.97424, -0.09424, 0.03064, 0.20258
108, 15, 8.316, -2.512, -10.250, 1004.52, -378.66, 586.18, 73.77, 34.67, -33.63, 0.97765, -0.08346, -0.03855, 0.18907
108, 17, 7.296, -9.397, -7.994, 747.68, -21.30, 670.41, 54.44, 14.05, -54.66, 0.97846, -0.05333, -0.09305, 0.17639
108, 15, 9.542, -15.176, -10.575, 1260.80, -560.42, 1003.60, 24.97, 1.56, 19.68, 0.96908, -0.06286, -0.14725, 0.18775
108, 15, 11.489, -16.493, -14.441, 511.23, -747.56, 936.95, 50.47, 4.43, -9.36, 0.96195, -0.09022, -0.16607, 0.19733
108, 16, 13.599, -13.580, -18.440, 4.27, -658.33, 469.91, 103.84, 19.45, -1.88, 0.95676, -0.12694, -0.15107, 0.21373
108, 15, 17.799, -13.108, -17.235, -68.54, -622.01, 1351.62, 115.79, -130.55, 93.32, 0.94980, -0.11251, -0.14912, 0.25099
108, 16, 18.364, -11.673, -7.987, -41.50, 94.36, 442.63, 145.87, -64.70, 47.41, 0.95553, -0.03847, -0.11666, 0.26810
108, 15, 20.795, -12.256, -3.201, -198.43, 104.31, 1544.80, 106.56, -153.89, 78.77, 0.94983, 0.00521, -0.11014, 0.29267
108, 15, 21.541, -14.191, 4.206, 485.72, 826.42, 1451.54, 65.21, -37.03, 40.25, 0.94351, 0.07217, -0.10656, 0.30534
108, 17, 22.425, -10.002, 2.988, -101.50, 4.03, 1176.82, -2.06, 3.49, -6.84, 0.94580, 0.05177, -0.07475, 0.31176
108, 15, 23.660, -9.381, -2.181, 103.58, -544.92, 1243.71, -6.13, -15.87, -1.84, 0.94420, 0.00828, -0.08352, 0.31850
108, 15, 22.834, -12.638, -1.413, 678.89, -88.38, 1525.45, 33.04, -9.84, -38.01, 0.94392, 0.02296, -0.10833, 0.31105
108, 16, 19.610, -9.266, 5.320, 140.56, 688.11, 1316.53, 44.88, 69.09, -94.99, 0.95256, 0.06750, -0.06398, 0.28979
108, 15, 19.226, -14.644, 3.414, 1411.25, -67.02, 862.79, -27.23, 59.17, -59.29, 0.94944, 0.06453, -0.11374, 0.28543
108, 15, 17.777, -6.607, 2.652, 28.69, -21.91, 734.74, 13.25, 168.07, -106.61, 0.96005, 0.03791, -0.04915, 0.27284
108, 16, 19.341, -9.423, -4.852, 415.89, -647.83, 815.19, -31.25, -11.04, -8.69, 0.95537, -0.01703, -0.09069, 0.28064
108, 14, 21.351, -12.566, -8.932, 731.38, -570.68, 1093.26, 2.32, 24.41, 29.49, 0.94729, -0.04084, -0.12739, 0.29111
109, 7, 1.113, -20.123, -33.435, 318.18, -700.13, 717.53, 59.34, 91.04, -54.67, 0.94155, -0.25912, -0.20266, 0.07255
109, 28, -1.348, -6.776, -21.468, -260.68, -54.75, 815.92, 75.40, 58.14, -1.75, 0.97619, -0.17853, -0.07788, 0.09543
109, 16, -1.375, -2.375, -16.155, -321.04, 97.66, 870.42, 51.29, -0.56, -30.81, 0.98437, -0.13744, -0.03560, 0.10423
109, 15, -0.839, -3.880, -13.701, -49.56, -54.26, 1061.95, 14.43, -90.20, -58.78, 0.98641, -0.11466, -0.04686, 0.10798
109, 15, 0.599, -13.607, -15.615, 720.21, -339.54, 1068.54, -11.38, -168.43, -52.22, 0.97802, -0.11912, -0.13334, 0.10732
109, 16, 4.406, -23.597, -20.142, 1679.26, -876.71, 1177.12, -13.85, -163.25, -0.38, 0.95731, -0.13716, -0.22587, 0.11717
109, 16, 5.126, -29.021, -20.153, 1202.64, -406.86, 872.56, 46.06, -20.47, -34.29, 0.94740, -0.12652, -0.27119, 0.11347
109, 15, 1.608, -28.690, -13.886, 592.22, 54.20, 970.40, 59.13, 43.26, -80.12, 0.95705, -0.08308, -0.25942, 0.09925
109, 16, -0.933, -25.528, -9.152, 319.89, 203.25, 978.39, 13.28, 39.80, -69.56, 0.96803, -0.05264, -0.22757, 0.09142
109, 15, 0.761, -22.117, -10.122, 221.62, 48.89, 939.64, -48.74, -6.84, 0.56, 0.97187, -0.06167, -0.20049, 0.10710
109, 16, 4.883, -21.579, -16.909, 407.17, -451.97, 924.93, -61.96, -16.62, 29.45, 0.96323, -0.11245, -0.20615, 0.13056
109, 16, 9.377, -20.346, -23.386, 373.11, -703.31, 982.73, -43.92, -20.05, 67.19, 0.95140, -0.16068, -0.20950, 0.15855
109, 15, 12.336, -21.880, -26.876, 723.82, -788.88, 985.29, 1.51, -11.51, 55.60, 0.94019, -0.18052, -0.23139, 0.17296
109, 15, 13.507, -24.481, -25.625, 1018.01, -403.02, 904.85, 41.89, 38.82, 69.53, 0.93710, -0.16179, -0.25205, 0.17925
109, 16, 11.751, -16.937, -16.563, -214.66, 732.24, 1682.80, 50.06, 99.33, 75.47, 0.95924, -0.10671, -0.17363, 0.19576
109, 15, 12.284, -10.671, -18.977, -207.46, -479.00, 971.68, -15.65, 40.76, 8.00, 0.96017, -0.13920, -0.12639, 0.20668
109, 16, 12.132, -6.213, -18.847, -310.06, -396.67, 1294.13, -12.37, 2.80, 3.85, 0.96193, -0.14733, -0.08878, 0.21237
109, 15, 11.417, -4.679, -15.534, 65.06, -250.12, 1555.79, 22.29, 22.93, 2.94, 0.96733, -0.12295, -0.06895, 0.21072
109, 16, 8.771, -7.222, -14.146, 934.39, -309.20, 1267.03, 32.41, 118.80, -58.01, 0.97279, -0.10828, -0.08534, 0.18622
109, 16, 8.094, -11.237, -15.050, 1154.54, -452.27, 899.11, 23.39, 99.12, -19.98, 0.97111, -0.10952, -0.12004, 0.17478
109, 15, 4.677, -9.175, -10.893, 220.28, 3.54, 650.02, 34.90, 145.99, -88.60, 0.98064, -0.08060, -0.09377, 0.15181
109, 14, 6.755, -12.736, -14.787, 411.13, -413.21, 692.57, 5.91, -22.66, 6.24, 0.97230, -0.10622, -0.13105, 0.16179
109, 16, 9.772, -15.440, -20.044, 686.71, -938.66, 867.31, 15.58, -8.74, 35.92, 0.96002, -0.14180, -0.16472, 0.17643
109, 15, 11.908, -15.705, -22.306, 263.85, -881.77, 880.62, 93.57, -31.54, 10.83, 0.95344, -0.15699, -0.17331, 0.19046
109, 16, 13.443, -15.294, -15.412, 123.11, -270.26, 1260.38, 166.37, -78.45, 32.32, 0.95873, -0.09810, -0.15946, 0.21397
109, 17, 19.395, -21.105, -17.183, 533.02, -736.27, 608.15, 172.19, -132.41, 93.36, 0.93937, -0.08902, -0.21549, 0.25145
109, 15, 18.910, -25.093, -5.288, 607.12, 628.30, 1299.13, 191.38, -116.11, 38.74, 0.93845, 0.01790, -0.22090, 0.26495
109, 16, 19.711, -26.635, 0.647, 406.49, 239.20, 1024.90, 112.33, -94.47, 35.93, 0.93140, 0.07166, -0.21898, 0.28177
109, 15, 18.408, -25.801, 6.845, 682.80, 826.72, 1671.75, 60.59, -21.77, -10.67, 0.93114, 0.11773, -0.19797, 0.28271
109, 15, 19.680, -20.795, 1.834, 56.40, -373.90, 1034.18, -2.88, 21.13, -64.40, 0.94094, 0.06705, -0.16827, 0.28603
109, 16, 19.549, -22.111, 1.497, 742.31, 11.90, 1589.42, 8.30, -17.31, -43.03, 0.93937, 0.06730, -0.18000, 0.28399
109, 15, 17.974, -21.633, 3.905, 951.90, 280.21, 1752.32, 18.70, 53.13, -66.31, 0.94242, 0.08353, -0.17123, 0.27487
109, 15, 17.020, -5.556, 7.618, -1494.32, 850.59, 893.55, -8.87, 174.95, -61.52, 0.95993, 0.07681, -0.02899, 0.26793
109, 17, 18.175, -3.770, 0.018, 73.43, -300.78, 600.34, -47.37, 55.98, -21.65, 0.96080, 0.00921, -0.03158, 0.27529
110, 7, 4.408, -23.471, -25.433, 151.06, -459.47, 674.26, 9.67, 93.11, -81.52, 0.95013, -0.18142, -0.23001, 0.10691
110, 27, 1.684, -17.495, -23.310, 208.56, -405.64, 866.94, 38.74, 50.49, -53.99, 0.96331, -0.17778, -0.17448, 0.09996
110, 16, 1.488, -14.598, -17.763, 132.57, 84.66, 1018.07, 38.46, 31.24, 28.74, 0.97390, -0.13508, -0.14478, 0.11092
110, 15, 1.907, -13.806, -12.632, 296.45, 279.85, 1201.78, 19.62, 15.08, 27.17, 0.97928, -0.09187, -0.13326, 0.12173
110, 16, 2.370, -13.923, -9.886, 333.25, 121.03, 1197.51, -1.40, -0.66, -5.44, 0.98057, -0.06770, -0.13158, 0.12875
110, 15, 2.837, -16.418, -10.297, 430.97, -110.11, 1004.03, -8.53, -20.67, -41.77, 0.97724, -0.06731, -0.15356, 0.12993
110, 15, 3.182, -20.863, -12.728, 691.77, -340.76, 945.25, -2.51, -39.13, -65.94, 0.96966, -0.08125, -0.19407, 0.12447
110, 17, 4.357, -24.440, -15.157, 715.03, -412.96, 984.07, 10.89, -43.46, -46.10, 0.96107, -0.09418, -0.22753, 0.12530
110, 15, 5.549, -27.492, -15.597, 707.46, -246.64, 1005.68, 21.66, -38.83, -26.70, 0.95411, -0.09036, -0.25423, 0.12995
110, 17, 5.753, -29.531, -13.902, 655.27, -24.96, 871.64, 10.74, -15.92, -11.26, 0.95117, -0.07236, -0.26919, 0.13259
110, 15, 5.492, -29.116, -11.299, 455.63, 148.01, 847.90, -17.03, -13.07, 4.71, 0.95372, -0.05202, -0.26257, 0.13700
110, 15, 5.951, -28.297, -11.222, 458.13, 4.15, 904.97, -41.94, -21.13, -16.03, 0.95482, -0.05169, -0.25592, 0.14196
110, 16, 8.902, -28.865, -15.956, 768.80, -351.93, 1113.10, -54.24, -11.64, 11.80, 0.94712, -0.08321, -0.26845, 0.15485
110, 15, 10.189, -23.618, -16.597, 231.20, -264.59, 1590.58, -25.05, 21.06, 32.96, 0.95358, -0.09611, -0.22744, 0.17240
110, 15, 11.570, -17.502, -18.376, -91.43, -445.50, 1086.36, -1.12, 23.54, 19.66, 0.95720, -0.12098, -0.18118, 0.19055
110, 16, 13.234, -13.410, -19.870, -89.36, -500.00, 1086.91, 4.30, -14.39, 37.82, 0.95588, -0.13973, -0.15187, 0.20906
110, 15, 13.709, -16.255, -17.692, 808.17, -354.98, 1535.28, 26.78, -0.95, 34.23, 0.95530, -0.11466, -0.17189, 0.21146
110, 16, 10.948, -11.099, -12.362, 7.75, 18.31, 1455.87, 47.81, 90.29, -42.00, 0.96877, -0.08407, -0.11688, 0.20187
110, 16, 9.686, -16.525, -10.462, 1506.65, 41.32, 922.97, 18.71, 69.19, -31.52, 0.96754, -0.05921, -0.15848, 0.18774
110, 15, 8.074, -11.614, -8.258, 59.69, 15.44, 909.18, 0.16, 78.99, -52.00, 0.97565, -0.05119, -0.11267, 0.18111
110, 16, 7.869, -13.452, -10.787, 615.05, -326.66, 787.35, -0.87, 85.17, -43.19, 0.97317, -0.06977, -0.13207, 0.17504
110, 15, 10.540, -17.594, -14.658, 526.00, -412.29, 594.06, 17.79, -17.41, 24.22, 0.96225, -0.09126, -0.17485, 0.18756
110, 15, 13.314, -18.088, -19.283, 578.55, -1231.69, 1098.51, 56.15, -2.28, 15.88, 0.95266, -0.12446, -0.18942, 0.20264
110, 16, 16.200, -13.229, -20.995, -215.64, -794.01, 555.54, 156.46, -2.73, 36.75, 0.94887, -0.14550, -0.15624, 0.23252
110, 15, 20.651, -13.725, -20.049, 18.19, -823.55, 728.45, 222.73, -108.89, 71.90, 0.93998, -0.13023, -0.16357, 0.26966
110, 16, 18.649, -17.750, -2.660, 169.80, 600.77, 378.36, 247.94, -88.97, 14.50, 0.94942, 0.02108, -0.15450, 0.27255
110, 16, 18.452, -23.714, 5.445, 871.89, 257.69, 1417.54, 214.51, -128.07, -13.98, 0.93639, 0.10166, -0.18425, 0.28089
110, 15, 17.103, -24.012, 16.026, 978.64, 1420.35, 1613.10, 173.67, -11.75, -18.26, 0.92584, 0.18630, -0.16221, 0.28600
110, 15, 16.596, -18.163, 21.633, 46.08, 956.60, 1179.26, 59.10, 36.73, -45.43, 0.92823, 0.21948, -0.10103, 0.28286
110, 16, 18.496, -14.754, 16.828, 115.84, 53.28, 1181.03, -26.34, 9.71, -36.74, 0.93712, 0.17471, -0.08164, 0.29090
110, 15, 19.501, -12.157, 10.931, 22.03, -332.76, 1049.80, 5.46, -10.15, -54.31, 0.94546, 0.12094, -0.07385, 0.29329
110, 16, 17.961, -10.610, 14.965, 367.86, 977.48, 1568.42, 2.03, 29.17, -65.56, 0.94627, 0.14980, -0.05269, 0.28172
110, 15, 17.246, -0.954, 16.795, -494.32, 864.32, 1164.86, -52.22, 99.04, -105.06, 0.95283, 0.14291, 0.03115, 0.26592
110, 16, 17.960, -5.812, 15.267, 1152.28, 684.51, 874.27, -119.65, 51.83, -52.52, 0.95024, 0.14135, -0.01203, 0.27733
110, 16, 18.165, 2.784, 4.943, -398.25, -439.76, 781.86, -118.12, 99.22, -73.27, 0.96046, 0.03476, 0.03520, 0.27400
110, 15, 19.981, -3.200, -3.301, 739.44, -638.92, 933.96, -89.85, -15.99, 30.53, 0.95632, -0.01944, -0.03507, 0.28954
110, 15, 21.978, -5.636, -10.171, 367.07, -637.63, 724.37, -27.44, 16.15, 42.24, 0.94810, -0.06921, -0.07380, 0.30145
110, 16, 23.862, -12.349, -9.092, 1133.42, -13.79, 1170.53, 1.53, -22.31, 68.07, 0.94078, -0.03997, -0.12691, 0.31183
111, 7, 0.695, -8.133, -26.709, -84.17, -231.51, 919.01, -87.96, 37.31, 53.63, 0.96482, -0.21984, -0.09751, 0.10619
111, 26, 1.838, -9.307, -34.195, 237.00, -1011.78, 1048.16, -43.85, -18.81, 4.30, 0.94704, -0.27975, -0.11669, 0.10597
111, 16, 1.569, -11.266, -34.723, 319.58, -962.34, 1090.76, 23.67, -33.32, -14.85, 0.94522, -0.28176, -0.13255, 0.09798
111, 15, 0.027, -13.278, -28.975, 257.93, -339.42, 1038.94, 69.18, -36.19, -39.34, 0.95820, -0.23321, -0.14103, 0.08705
111, 16, -2.196, -15.481, -21.185, 237.61, 63.42, 992.55, 51.12, -44.81, -48.06, 0.97152, -0.16783, -0.15012, 0.07383
111, 16, -3.553, -20.103, -17.315, 458.07, 11.84, 776.25, 16.23, -45.65, -53.73, 0.97189, -0.13221, -0.18509, 0.06076
111, 15, -3.005, -25.021, -19.150, 643.19, -326.97, 747.74, -2.24, -45.79, -55.11, 0.96178, -0.14157, -0.22793, 0.05468
111, 16, -0.095, -28.091, -23.529, 828.06, -701.17, 831.36, 6.45, -32.13, -5.88, 0.94885, -0.16803, -0.25949, 0.06419
111, 15, 1.294, -24.640, -22.425, 629.27, -689.88, 1921.26, 44.75, 13.66, 37.78, 0.95547, -0.16084, -0.23244, 0.08474
111, 15, -2.187, -16.746, -13.871, -333.86, 541.69, 1202.21, 38.28, 95.02, -15.30, 0.97884, -0.10423, -0.15589, 0.08186
111, 16, -0.724, -10.582, -18.879, -503.54, -954.16, 1077.51, 4.25, 12.18, -21.29, 0.97759, -0.15189, -0.10897, 0.09681
111, 15, -0.480, -5.608, -19.170, -369.57, -642.70, 1420.17, 42.53, 10.84, -23.93, 0.97916, -0.15959, -0.06720, 0.10613
111, 16, -0.953, -7.808, -15.229, 484.99, -132.51, 1490.42, 57.56, 16.81, -30.04, 0.98368, -0.12382, -0.08185, 0.10166
111, 16, -2.702, -3.999, -9.417, 159.06, 346.07, 1378.97, 36.60, 136.77, -50.70, 0.99163, -0.07829, -0.04254, 0.09346
111, 15, -1.067, -9.603, -6.899, 1170.41, 525.33, 666.81, -30.09, 60.79, 27.83, 0.98911, -0.05033, -0.08968, 0.10529
111, 16, -0.116, -3.722, -12.975, -84.35, -628.30, 1088.68, -42.88, 116.77, -17.15, 0.98644, -0.10828, -0.04549, 0.11467
111, 15, 1.247, -5.597, -17.484, 398.25, -682.68, 921.51, 1.93, 26.01, 9.04, 0.97968, -0.14418, -0.06772, 0.12190
111, 15, 1.894, -9.713, -17.196, 710.57, -367.98, 1074.46, 32.18, 17.93, 5.74, 0.97771, -0.13614, -0.10326, 0.12197
111, 16, 5.074, -7.457, -21.365, -37.84, -1109.56, 1000.37, 60.63, -7.39, 62.40, 0.96929, -0.17200, -0.09337, 0.14889
111, 15, 6.330, -6.811, -14.787, 103.03, -252.56, 1222.66, 146.09, -14.83, 34.15, 0.97603, -0.11619, -0.08045, 0.16548
111, 16, 10.344, -5.631, -19.459, -415.65, -1459.59, -4.94, 164.45, -82.45, 67.27, 0.96439, -0.15494, -0.08264, 0.19777
111, 16, 10.880, -12.430, -5.218, 744.20, 1062.13, 1664.00, 234.38, -146.02, 28.16, 0.97120, -0.02109, -0.11532, 0.20742
111, 15, 9.911, -17.872, 3.044, 613.40, 307.37, 880.98, 163.10, -61.08, -30.56, 0.96560, 0.05758, -0.14657, 0.20692
111, 15, 7.433, -16.836, 10.757, 651.61, 1302.25, 1678.10, 66.31, 22.80, -78.35, 0.96548, 0.11799, -0.12617, 0.19493
111, 16, 6.658, -12.626, 11.910, 74.65, 495.67, 1150.51, -35.39, 19.15, -80.66, 0.97083, 0.12090, -0.08931, 0.18678
111, 15, 6.672, -10.535, 5.434, 86.61, -512.88, 1305.54, -16.27, -10.93, -105.54, 0.97805, 0.06275, -0.08185, 0.18104
111, 16, 5.338, -8.685, 7.839, 291.63, 386.35, 1415.22, 15.67, 43.53, -110.05, 0.98009, 0.07977, -0.06316, 0.17048
111, 15, 4.156, -6.849, 10.215, 435.49, 803.65, 1316.28, -43.53, 73.48, -121.35, 0.98124, 0.09706, -0.04490, 0.16041
111, 16, 5.991, -5.653, 6.703, 412.11, 288.82, 1120.12, -112.49, 107.47, -52.96, 0.98175, 0.06598, -0.03846, 0.17419
111, 16, 8.437, -4.126, 0.468, 326.35, -5.49, 988.89, -133.61, 124.33, -7.55, 0.98056, 0.01095, -0.03454, 0.19286
111, 15, 11.135, -1.355, -7.079, 146.61, -273.74, 941.10, -130.87, 114.88, 48.06, 0.97464, -0.05773, -0.02485, 0.21475
111, 15, 12.537, 4.794, -10.443, -420.04, -233.83, 1297.00, -92.01, 75.63, 48.08, 0.96795, -0.09802, 0.01984, 0.23038
111, 16, 14.666, 4.514, -7.647, -35.46, 489.93, 1414.98, -93.99, -0.37, 61.55, 0.96575, -0.07424, 0.02171, 0.24767
111, 15, 16.035, -1.289, -7.625, 555.97, 376.59, 1288.64, -140.86, -45.82, 40.06, 0.96429, -0.06135, -0.02796, 0.25612
111, 15, 16.435, -8.107, -13.394, 1230.29, -357.36, 1107.36, -159.24, 12.62, 15.51, 0.95856, -0.09399, -0.09811, 0.25041
111, 16, 15.682, -12.461, -19.684, 1137.70, -609.01, 867.68, -138.37, 89.86, 28.04, 0.95195, -0.13712, -0.14665, 0.23128
112, 8, 42.008, 10.449, -14.014, -393.49, 81.05, 868.16, -56.02, -33.84, 114.73, 0.86829, -0.14966, 0.02302, 0.47238
112, 26, 36.506, 8.726, -18.853, -372.80, -437.32, 971.44, -71.46, -100.65, 64.16, 0.88507, -0.17972, -0.00148, 0.42936
112, 16, 35.166, 5.244, -22.814, -215.70, -1152.16, 1302.86, -36.54, -129.46, 88.18, 0.88742, -0.19839, -0.04107, 0.41405
112, 15, 34.294, 2.313, -23.916, -147.40, -939.09, 1095.21, 35.96, -125.46, 90.16, 0.89151, -0.19722, -0.06638, 0.40238
112, 16, 33.796, 4.993, -22.117, -824.65, -600.10, 854.86, 75.45, -132.92, 75.20, 0.89376, -0.19258, -0.03821, 0.40329
112, 15, 28.639, -0.003, -19.634, -213.32, -582.89, 983.70, 103.89, -159.81, -89.52, 0.91855, -0.15894, -0.06174, 0.35663
112, 16, 24.098, -7.943, -17.744, 147.40, -568.42, 939.21, 110.83, -167.44, -127.83, 0.93572, -0.12330, -0.11469, 0.30997
112, 16, 22.540, -13.882, -16.318, 186.28, -470.46, 931.95, 98.73, -161.17, -56.76, 0.93897, -0.09655, -0.15759, 0.29013
112, 15, 22.379, -19.928, -16.261, 574.71, -779.05, 1464.48, 73.49, -152.57, -39.84, 0.93442, -0.07923, -0.20608, 0.27948
112, 15, 20.794, -23.706, -12.988, 957.76, -325.07, 1999.94, 38.00, -72.40, -30.74, 0.93533, -0.04501, -0.22777, 0.26693
112, 16, 17.416, -26.721, -9.096, 984.56, 27.59, 1262.57, 16.85, 9.30, -71.37, 0.93904, -0.01233, -0.24261, 0.24330
112, 15, 15.522, -28.878, -8.854, 541.08, -46.08, 453.06, -28.18, 75.46, -60.45, 0.93896, -0.00940, -0.25943, 0.22575
112, 15, 18.110, -24.118, -17.661, 156.25, -504.94, 440.37, -65.17, 95.33, -18.95, 0.93793, -0.08759, -0.23976, 0.23480
112, 16, 20.645, -17.220, -27.296, -71.35, -962.52, 571.66, -70.95, 84.11, 31.41, 0.92819, -0.17976, -0.20804, 0.25074
112, 16, 22.810, -12.432, -34.084, 59.63, -1215.52, 695.31, -47.56, 63.01, 104.66, 0.91234, -0.24410, -0.18979, 0.26839
112, 16, 25.054, -7.605, -37.726, 232.54, -1360.96, 779.85, 9.77, 80.49, 195.57, 0.89759, -0.28336, -0.16648, 0.29383
112, 15, 25.384, -0.223, -37.602, -272.34, -1433.47, 758.54, 108.96, 93.91, 178.93, 0.89205, -0.30300, -0.10981, 0.31684
112, 16, 22.508, 4.616, -22.400, -614.07, 1385.19, 1999.94, 154.17, 95.60, 33.56, 0.92893, -0.19673, -0.02293, 0.31282
112, 16, 20.944, 6.108, -26.522, -713.50, -1474.24, 1034.55, 11.41, -48.83, 9.14, 0.92397, -0.23409, -0.01890, 0.30186
112, 15, 17.789, 11.572, -18.057, -1142.64, 292.97, 1253.97, 111.12, 21.56, -72.01, 0.94117, -0.17733, 0.05331, 0.28267
112, 15, 14.662, 15.998, -12.173, -845.89, -166.02, 1051.27, 165.70, 7.28, -81.69, 0.95084, -0.13579, 0.10831, 0.25637
112, 16, 11.292, 9.740, -15.594, 253.54, -927.55, 868.90, 108.41, -40.92, -74.10, 0.96110, -0.15022, 0.05274, 0.22568
112, 16, 13.527, 7.147, -5.443, -124.15, 514.10, 756.65, 85.33, -95.87, -1.04, 0.96802, -0.06075, 0.04930, 0.23837
112, 15, 12.649, -3.453, -7.348, 945.37, -410.28, 841.98, 29.75, -94.51, -62.69, 0.97148, -0.05547, -0.04392, 0.22631
112, 16, 13.412, -9.857, -12.660, 827.88, -888.73, 1039.37, -7.80, -61.18, -36.00, 0.96467, -0.08668, -0.10884, 0.22374
112, 15, 14.057, -11.623, -17.525, 291.87, -1219.42, 999.51, 54.75, -43.24, -57.85, 0.95805, -0.12301, -0.13361, 0.22171
112, 16, 15.898, -11.635, -15.303, 95.40, -288.09, 1136.47, 67.21, -80.92, 18.67, 0.95652, -0.10229, -0.13105, 0.23964
112, 15, 20.943, -12.724, -22.216, -3.23, -1181.52, 677.55, 36.87, -120.70, 73.93, 0.93712, -0.15027, -0.16094, 0.27080
112, 15, 20.963, -8.440, -12.267, -772.09, 775.33, 496.70, 83.04, -84.72, 29.96, 0.94865, -0.07983, -0.10166, 0.28871
112, 16, 26.040, -15.071, -14.880, 422.49, -1058.53, 1999.94, 51.49, -227.15, 92.61, 0.92999, -0.07639, -0.16599, 0.31896
112, 16, 22.875, -17.066, -4.333, 426.94, 752.69, 1255.74, 91.73, -30.62, -32.39, 0.93981, 0.01116, -0.15251, 0.30558
112, 15, 19.868, -11.495, -2.542, -394.23, 41.93, 1206.73, 4.15, -16.53, -105.63, 0.95275, 0.00787, -0.10222, 0.28594
112, 16, 16.892, -8.610, -2.642, -353.70, -207.03, 1447.02, 21.00, -63.82, -132.45, 0.96183, -0.00231, -0.07845, 0.26216
112, 15, 12.890, -11.577, 0.075, 802.55, 19.71, 1738.22, 63.78, 4.22, -169.63, 0.96802, 0.02391, -0.09798, 0.22971
112, 15, 6.781, -1.963, 9.908, -1067.75, 1349.73, 1050.35, 98.14, 82.21, -250.00, 0.97983, 0.08800, -0.00137, 0.17940
113, 8, -11.105, -4.073, -55.144, -128.66, -858.64, 254.52, 136.28, -9.09, -122.44, 0.88601, -0.46170, -0.04237, 0.00439
113, 28, -10.541, -15.150, -44.592, 412.96, -645.69, 672.24, 156.41, -76.39, -65.34, 0.91821, -0.37246, -0.13261, -0.02391
113, 15, -11.417, -22.139, -36.854, 744.57, -342.83, 877.75, 163.59, -55.03, -78.68, 0.93214, -0.30636, -0.18857, -0.04132
113, 15, -11.625, -26.284, -28.878, 726.07, 62.38, 940.25, 124.75, -34.81, -6.24, 0.94396, -0.23860, -0.22475, -0.03878
113, 16, -11.056, -25.064, -22.934, 295.10, 105.16, 1163.02, 71.05, -35.22, 10.12, 0.95745, -0.18892, -0.21724, -0.02022
113, 15, -9.149, -24.125, -19.717, 419.43, 139.59, 1373.23, 16.17, -38.00, 30.38, 0.96414, -0.15894, -0.21252, 0.00334
113, 16, -6.825, -23.092, -18.325, 527.59, 159.91, 1487.73, -33.70, -18.90, 44.22, 0.96741, -0.14370, -0.20673, 0.02703
113, 16, -4.603, -21.812, -18.830, 505.68, 24.72, 1263.31, -78.82, 9.80, 40.13, 0.96807, -0.14515, -0.19893, 0.04681
113, 15, -0.213, -18.924, -26.352, 389.16, -517.09, 1043.33, -115.52, 26.21, 60.42, 0.95812, -0.20433, -0.18554, 0.07640
113, 17, 3.912, -15.476, -34.684, 352.91, -1251.83, 1179.08, -111.03, 23.45, 93.64, 0.94075, -0.27205, -0.17247, 0.10596
113, 15, 6.364, -10.351, -36.813, 216.37, -1024.90, 1355.65, -40.21, 40.52, 127.91, 0.93536, -0.29463, -0.13933, 0.13738
113, 15, 7.362, -6.106, -33.521, 66.83, -343.87, 1102.48, -21.97, 47.29, 119.81, 0.94272, -0.27370, -0.10301, 0.16048
113, 16, 9.102, -2.225, -31.442, -13.31, -244.20, 764.65, -46.88, 31.30, 124.32, 0.94430, -0.26180, -0.07210, 0.18591
113, 15, 11.649, 0.668, -34.864, 26.37, -681.09, 731.51, -53.50, 25.05, 157.46, 0.93024, -0.29343, -0.06056, 0.21185
113, 15, 13.495, 3.901, -38.331, -48.52, -1148.38, 734.38, -12.85, 25.67, 165.92, 0.91474, -0.32643, -0.04617, 0.23360
113, 16, 14.236, 7.175, -32.870, -279.11, -903.32, 1672.67, 70.91, 26.91, 107.06, 0.92446, -0.28850, -0.01017, 0.24905
113, 16, 13.081, 10.901, -23.525, -616.15, 561.89, 1406.86, 47.65, 46.55, -18.93, 0.94338, -0.21899, 0.04328, 0.24536
113, 15, 10.084, 8.261, -25.620, -237.92, -911.74, 1377.75, 12.42, -36.10, -84.85, 0.94822, -0.23089, 0.02296, 0.21688
113, 16, 6.338, 10.078, -21.723, -413.51, -435.30, 1435.61, 87.17, 56.36, -116.89, 0.96033, -0.19990, 0.05211, 0.18734
113, 15, 5.724, 13.239, -17.489, -524.96, -275.70, 1194.76, 103.84, 28.43, -46.33, 0.96460, -0.16815, 0.08668, 0.18374
113, 16, 5.133, 8.778, -18.659, 255.07, -677.00, 827.03, 106.00, 5.78, -21.35, 0.96844, -0.17186, 0.04790, 0.17405
113, 15, 3.557, 2.879, -12.063, 213.50, 107.42, 687.32, 97.85, -27.04, -115.07, 0.98237, -0.10761, 0.00885, 0.15262
113, 15, 4.495, -5.826, -14.288, 702.94, -456.79, 775.33, 33.52, -75.78, -42.95, 0.97936, -0.11461, -0.06952, 0.15130
113, 16, 6.985, -8.595, -20.145, 176.76, -1193.79, 961.73, 47.85, -91.84, -21.16, 0.96808, -0.15823, -0.10403, 0.16422
113, 16, 9.315, -8.097, -19.225, -86.49, -270.02, 638.18, 77.38, -111.65, 5.10, 0.96592, -0.14925, -0.10157, 0.18550
113, 15, 12.433, -12.054, -19.918, 231.63, -691.83, 1274.60, 75.74, -153.69, 19.08, 0.95805, -0.14403, -0.13974, 0.20460
113, 16, 13.369, -14.920, -12.445, 251.28, 262.27, 1170.72, 81.79, -107.97, 25.96, 0.96142, -0.07415, -0.15070, 0.21784
113, 15, 16.772, -19.117, -14.800, 477.42, -539.06, 1102.17, 47.26, -117.39, 30.43, 0.94895, -0.07910, -0.19233, 0.23718
113, 15, 16.634, -18.845, -8.969, 298.16, 293.40, 1622.56, 53.83, -51.28, 15.25, 0.95237, -0.03159, -0.17773, 0.24579
113, 16, 15.416, -16.173, -7.487, 148.74, -123.66, 1197.27, 24.72, -0.89, -60.96, 0.95832, -0.02715, -0.15213, 0.24028
113, 15, 14.755, -13.438, -8.416, 91.13, -451.66, 1374.57, 44.19, 6.48, -69.32, 0.96198, -0.04185, -0.13105, 0.23594
113, 16, 13.363, -14.051, -7.236, 787.54, -353.45, 1538.82, 77.42, 70.27, -92.90, 0.96463, -0.03221, -0.13336, 0.22510
113, 16, 8.096, -5.342, 3.040, -305.85, 998.23, 1169.31, 94.12, 164.64, -181.51, 0.98015, 0.03487, -0.04070, 0.19086
113, 15, 10.398, -5.985, -5.883, 284.42, -600.16, 504.27, -21.12, 50.55, -27.32, 0.97573, -0.03918, -0.06172, 0.20642
113, 16, 10.486, 2.471, -10.125, -400.02, -453.13, 607.60, 29.60, 94.89, -44.11, 0.97319, -0.09077, 0.00244, 0.21134
113, 15, 12.162, -1.925, -8.713, 370.30, 8.24, 1221.68, -0.95, -34.98, 9.03, 0.97178, -0.07025, -0.03338, 0.22270
114, 8, -7.274, -0.599, -54.551, -158.69, -1024.48, 357.12, 111.27, 43.79, -80.10, 0.88750, -0.45725, -0.03072, 0.04820
114, 27, -7.778, -5.174, -41.565, 125.12, -519.04, 676.82, 155.00, -28.34, -31.94, 0.93353, -0.35175, -0.06076, 0.03307
114, 15, -7.443, -9.914, -33.050, 301.39, -140.26, 664.79, 148.56, -41.84, -24.02, 0.95500, -0.27834, -0.09842, 0.02842
114, 16, -7.469, -14.391, -25.101, 457.15, 103.58, 778.44, 100.27, -20.48, -17.67, 0.96844, -0.20851, -0.13398, 0.02630
114, 15, -7.130, -15.328, -18.263, 296.94, 253.42, 975.16, 51.75, -10.91, -3.91, 0.97808, -0.14936, -0.14060, 0.03579
114, 15, -5.723, -13.886, -14.936, 164.25, 133.00, 1246.46, 5.94, -15.37, -4.81, 0.98291, -0.12025, -0.12864, 0.05365
114, 17, -3.501, -12.388, -15.104, 170.59, -114.14, 1352.97, -26.02, -20.94, -4.78, 0.98283, -0.12053, -0.11826, 0.07433
114, 15, -1.054, -11.511, -17.125, 218.02, -276.86, 1295.23, -42.70, -19.13, -5.39, 0.97945, -0.13622, -0.11499, 0.09437
114, 15, 1.061, -11.266, -20.957, 227.48, -460.82, 1139.95, -51.46, -15.90, -1.65, 0.97267, -0.16698, -0.11911, 0.10885
114, 16, 3.236, -11.420, -26.291, 270.69, -817.69, 1106.93, -52.06, -20.55, 12.54, 0.96163, -0.20945, -0.12933, 0.12115
114, 15, 6.345, -12.202, -31.343, 588.38, -1446.96, 1528.81, -41.60, -32.49, 62.40, 0.94764, -0.24655, -0.14773, 0.13917
114, 16, 8.367, -12.725, -28.791, 630.43, -552.49, 1628.17, 10.84, -6.65, 101.65, 0.94998, -0.22184, -0.15283, 0.15802
114, 15, 7.737, -9.970, -21.548, 74.52, 154.05, 850.71, 25.30, 44.98, 51.83, 0.96446, -0.16700, -0.11866, 0.16690
114, 15, 7.334, -5.575, -20.136, -95.34, -83.68, 460.21, -26.41, 6.73, -2.54, 0.96832, -0.16287, -0.07909, 0.17199
114, 17, 8.165, -5.952, -25.192, 228.70, -852.66, 834.17, -20.20, 17.43, 21.51, 0.95892, -0.20414, -0.09123, 0.17456
114, 15, 8.785, -6.036, -28.386, 284.42, -1095.89, 993.65, 25.88, 23.83, 33.71, 0.95192, -0.23011, -0.09800, 0.17692
114, 15, 6.875, -1.655, -20.106, -472.47, 149.11, 1999.94, 89.82, 54.57, -16.78, 0.96901, -0.16916, -0.04531, 0.17419
114, 16, 4.478, 1.253, -17.180, -249.39, -237.79, 1377.38, 31.17, 40.84, -77.09, 0.97591, -0.14918, -0.01305, 0.15865
114, 14, 3.435, 4.872, -17.646, -590.27, -498.29, 1244.87, 23.03, -8.03, -56.82, 0.97515, -0.15781, 0.01856, 0.15438
114, 15, 2.244, 6.991, -18.043, -211.06, -638.92, 1167.24, 85.15, 53.36, -39.53, 0.97481, -0.16339, 0.03778, 0.14703
114, 16, 1.620, 10.236, -11.473, -416.93, 146.85, 1259.34, 96.55, 51.80, -58.72, 0.98087, -0.11056, 0.07460, 0.14179
114, 15, 1.340, 4.411, -15.087, 594.91, -683.72, 732.91, 58.92, 31.23, -26.86, 0.98131, -0.13506, 0.02054, 0.13550
114, 17, 0.644, 4.743, -8.150, -9.58, 284.79, 892.33, 67.93, 45.50, -75.72, 0.98834, -0.07563, 0.03202, 0.12820
114, 15, 4.202, -3.962, -10.996, 908.45, -353.52, 997.99, -27.64, -74.97, 54.72, 0.98307, -0.08919, -0.04897, 0.15237
114, 15, 6.530, -6.270, -17.234, 252.14, -1395.69, 946.04, 46.62, -59.14, 6.48, 0.97318, -0.13771, -0.07963, 0.16617
114, 16, 8.322, -8.940, -17.031, 303.77, -764.34, 1237.12, 125.17, -62.93, 7.27, 0.96987, -0.13010, -0.10397, 0.17783
114, 15, 10.307, -12.209, -19.655, 200.07, -754.88, 574.04, 128.49, -90.32, -14.65, 0.96193, -0.14409, -0.13791, 0.18685
114, 15, 12.369, -14.329, -11.002, 118.47, 508.73, 1497.68, 100.64, -135.74, 69.61, 0.96469, -0.06454, -0.14246, 0.21194
114, 16, 12.064, -11.396, -4.654, -192.93, 214.66, 758.18, 68.94, -65.55, -7.33, 0.96992, -0.01717, -0.10573, 0.21857
114, 15, 14.843, -10.603, -4.375, -105.59, -28.44, 1297.30, 18.45, -106.70, 31.32, 0.96495, -0.01398, -0.09886, 0.24270
114, 16, 13.511, -10.192, 1.720, 211.43, 550.17, 1246.15, 43.55, -1.14, -55.71, 0.96747, 0.03549, -0.08278, 0.23642
114, 16, 13.223, -10.756, -4.023, 408.69, -881.84, 1450.93, 2.23, -7.61, -95.91, 0.96822, -0.01209, -0.09924, 0.22927
114, 15, 11.714, -12.981, -1.976, 936.16, 113.10, 1688.17, 31.53, 37.39, -90.23, 0.96935, 0.00824, -0.11401, 0.21747
114, 15, 9.317, -0.173, 2.206, -596.92, 378.17, 1299.56, 50.75, 218.69, -126.08, 0.97953, 0.01916, 0.00238, 0.20036
114, 16, 11.372, -0.675, -3.049, 294.25, -260.74, 709.11, -33.65, 102.35, 6.61, 0.97564, -0.02468, -0.01155, 0.21767
114, 15, 10.922, 8.810, -4.999, -764.59, -307.07, 971.62, 18.97, 109.21, -45.72, 0.97229, -0.05890, 0.06564, 0.21651
115, 8, -4.454, 0.477, -49.321, -210.69, -769.84, 414.25, 107.28, 29.75, -15.41, 0.90563, -0.41615, -0.03022, 0.07577
115, 26, -3.511, 0.433, -36.075, -57.13, -471.25, 799.26, 140.22, -38.27, 9.61, 0.94691, -0.30871, -0.02419, 0.08643
115, 16, -2.489, -3.688, -25.734, 210.51, 11.17, 1035.22, 134.26, -68.96, -6.40, 0.97035, -0.21840, -0.05315, 0.08890
115, 16, -2.506, -10.148, -18.258, 478.15, 110.66, 994.51, 103.36, -81.62, -44.71, 0.98007, -0.14868, -0.10245, 0.08281
115, 15, -2.490, -17.524, -14.267, 831.60, 16.78, 951.29, 71.73, -64.41, -48.53, 0.97777, -0.10724, -0.16251, 0.07781
115, 16, -1.778, -21.622, -12.023, 722.35, -30.82, 1017.70, 43.84, -27.69, -26.82, 0.97354, -0.08277, -0.19629, 0.08276
115, 15, -0.335, -21.367, -10.479, 515.87, -65.37, 1242.86, 21.35, 0.66, -11.99, 0.97380, -0.06747, -0.19385, 0.09791
115, 15, 0.541, -19.080, -9.433, 383.67, -66.65, 1347.23, 10.21, 17.21, -22.37, 0.97685, -0.05984, -0.17401, 0.10915
115, 16, 1.184, -14.995, -9.028, 94.42, -75.32, 1309.33, -0.78, 25.69, -22.90, 0.98128, -0.06040, -0.13914, 0.11869
115, 15, 1.552, -10.644, -8.890, -83.98, -62.56, 1155.58, -13.15, 16.60, -29.27, 0.98476, -0.06412, -0.10196, 0.12547
115, 16, 3.201, -7.761, -12.904, -46.75, -359.99, 1074.10, -35.00, -6.32, -15.08, 0.98162, -0.10094, -0.08308, 0.13903
115, 16, 5.340, -8.983, -18.647, 263.49, -886.60, 1221.74, -30.81, -38.63, 6.15, 0.97218, -0.14641, -0.10305, 0.15104
115, 15, 7.231, -11.823, -20.499, 651.00, -731.99, 1576.35, -1.43, -28.75, 28.48, 0.96571, -0.15552, -0.13194, 0.16062
115, 16, 7.169, -14.360, -17.579, 505.55, -57.31, 1054.75, 2.60, 2.16, 9.72, 0.96761, -0.12660, -0.14904, 0.15964
115, 15, 7.381, -17.263, -18.962, 324.28, -184.39, 517.70, -24.08, 11.40, -14.59, 0.96310, -0.13287, -0.17543, 0.15492
115, 15, 9.517, -18.709, -25.400, 672.30, -999.33, 742.68, -23.75, 24.52, 9.07, 0.94992, -0.18041, -0.19913, 0.15951
115, 16, 8.564, -11.538, -22.617, -280.76, -736.51, 1999.94, 56.91, 86.40, 11.14, 0.96092, -0.17228, -0.13453, 0.16987
115, 15, 5.453, -7.183, -15.163, -152.59, 287.35, 1403.99, 47.97, 73.55, -54.96, 0.97676, -0.11944, -0.08324, 0.15729
115, 15, 4.128, -3.084, -14.130, -216.31, -227.36, 1253.05, 7.45, 25.12, -56.29, 0.98045, -0.11729, -0.04554, 0.15130
115, 17, 3.197, 4.934, -12.546, -572.14, -217.53, 1175.84, 46.94, 107.92, -33.66, 0.98149, -0.11429, 0.02619, 0.15141
115, 15, 2.292, 9.369, -8.633, -349.06, 115.30, 1196.53, 37.74, 84.95, -60.06, 0.98319, -0.08567, 0.07014, 0.14519
115, 16, 2.878, 10.301, -10.629, -140.44, -290.16, 1126.77, -0.30, 52.78, -8.58, 0.97999, -0.10423, 0.07506, 0.15205
115, 15, 2.210, 6.385, -12.913, 307.86, -383.73, 838.68, 22.36, 41.53, -33.58, 0.98158, -0.11889, 0.03916, 0.14436
115, 15, 3.637, 0.651, -13.011, 542.54, -154.42, 878.97, -8.29, 11.27, 21.22, 0.98197, -0.11284, -0.01160, 0.15124
115, 15, 6.314, -5.907, -15.730, 920.41, -532.53, 1154.05, -23.01, -36.58, 57.26, 0.97531, -0.12565, -0.07412, 0.16581
115, 15, 7.880, -3.749, -20.782, -172.36, -1195.50, 833.80, 53.85, -3.96, 22.74, 0.96664, -0.17100, -0.06550, 0.17909
115, 15, 10.922, -6.139, -19.045, 159.30, -722.96, 1313.05, 132.61, -86.11, 69.98, 0.96387, -0.15007, -0.08695, 0.20217
115, 17, 13.215, 0.975, -16.667, -1097.84, -237.98, -266.05, 163.12, -84.88, 52.04, 0.96175, -0.14289, -0.02567, 0.23230
115, 15, 17.390, -7.902, -6.928, 552.55, 713.13, 1891.11, 123.97, -237.29, 122.70, 0.96026, -0.03957, -0.08245, 0.26369
115, 15, 16.096, -6.463, 1.952, -111.88, 324.04, 737.43, 116.55, -41.04, -14.50, 0.96424, 0.03097, -0.05007, 0.25843
115, 16, 15.107, -11.390, 6.590, 269.53, 596.98, 1601.93, 33.42, -157.52, -11.17, 0.96055, 0.08011, -0.08166, 0.25348
115, 16, 13.281, -7.223, 6.400, 12.02, 52.80, 1215.27, 20.68, 44.49, -91.78, 0.96794, 0.06889, -0.04810, 0.23672
115, 15, 11.229, -9.580, 2.615, 418.88, -360.23, 1560.42, -9.79, -45.91, -108.60, 0.97217, 0.04029, -0.07657, 0.21774
115, 15, 11.032, -12.898, 2.869, 1999.94, 76.66, 992.31, 22.02, 148.15, -75.19, 0.96952, 0.04843, -0.10431, 0.21633
116, 7, -3.224, 5.954, -42.200, -516.91, -617.31, 331.42, -6.48, 80.01, -23.18, 0.92601, -0.36245, 0.01511, 0.10448
116, 27, -7.216, 1.827, -46.244, 102.42, -817.32, 412.41, 44.55, 22.64, -26.13, 0.91768, -0.39284, -0.00791, 0.05906
116, 16, -8.035, -0.509, -42.885, 131.96, -561.77, 581.97, 89.04, 7.63, 2.37, 0.92968, -0.36489, -0.02252, 0.04518
116, 16, -8.361, -3.058, -34.878, 219.42, -187.99, 895.51, 97.58, -7.94, -4.31, 0.95300, -0.29804, -0.03964, 0.03726
116, 15, -9.373, -7.106, -27.223, 419.92, -12.33, 1141.48, 85.75, -13.05, -45.94, 0.96988, -0.23239, -0.06926, 0.02289
116, 15, -10.485, -10.484, -21.455, 414.61, -45.84, 1183.59, 66.02, -11.64, -64.64, 0.97850, -0.18268, -0.09509, 0.01131
116, 16, -10.510, -12.840, -17.878, 396.67, -98.57, 1239.93, 36.73, -17.25, -47.01, 0.98175, -0.15118, -0.11485, 0.01082
116, 15, -9.510, -14.052, -16.496, 359.99, -229.61, 1322.94, 13.87, -18.18, -39.19, 0.98219, -0.13775, -0.12630, 0.01923
116, 15, -8.628, -14.070, -15.175, 322.88, -178.71, 1359.01, 2.64, -8.22, -33.45, 0.98351, -0.12543, -0.12719, 0.02823
116, 16, -6.877, -11.950, -14.883, 140.26, -138.31, 1282.10, -11.40, -2.95, -15.69, 0.98521, -0.12234, -0.11080, 0.04609
116, 16, -4.400, -10.036, -14.866, 77.09, -83.37, 1146.97, -34.46, -13.63, 22.27, 0.98540, -0.12133, -0.09700, 0.06966
116, 16, -1.364, -10.011, -15.528, 178.16, -112.30, 1027.71, -58.82, -24.25, 41.80, 0.98252, -0.12443, -0.10052, 0.09519
116, 15, 1.451, -11.388, -19.304, 284.97, -307.19, 906.43, -70.30, -13.15, 43.21, 0.97451, -0.15238, -0.11908, 0.11369
116, 15, 4.105, -12.162, -25.054, 367.74, -661.99, 794.37, -53.16, 7.71, 53.71, 0.96245, -0.19695, -0.13572, 0.12836
116, 16, 6.052, -11.581, -30.263, 425.42, -1113.59, 804.50, -6.77, 39.17, 60.39, 0.95057, -0.23903, -0.14071, 0.13961
116, 15, 4.650, -3.960, -24.552, -1012.76, -289.49, 1999.94, 66.09, 55.02, 10.22, 0.96510, -0.20433, -0.06739, 0.14930
116, 15, 2.499, 0.454, -22.164, -437.62, -367.43, 1122.86, 32.23, 12.48, -58.33, 0.97133, -0.19082, -0.02340, 0.13986
116, 17, 1.895, 0.110, -18.907, -115.54, -227.11, 1268.31, 23.65, -37.32, -40.33, 0.97716, -0.16284, -0.02149, 0.13484
116, 15, -0.068, 0.499, -12.717, 106.38, 102.17, 873.35, 62.71, 78.66, -62.45, 0.98665, -0.11047, -0.00895, 0.11929
116, 15, -1.809, 4.368, -7.447, -357.79, 486.69, 1316.41, 10.45, 63.26, -92.65, 0.99145, -0.06851, 0.03104, 0.10661
116, 16, -2.365, -2.016, -11.381, 832.21, -392.52, 941.41, -43.30, 22.69, -66.34, 0.99014, -0.09690, -0.02730, 0.09738
116, 15, -3.879, 1.309, -12.221, -45.84, -225.40, 1277.47, -16.34, 89.25, -100.61, 0.99042, -0.10702, 0.00211, 0.08719
116, 16, -2.447, 0.873, -18.069, 72.69, -647.52, 872.99, -30.83, 9.71, 4.78, 0.98261, -0.15699, -0.00805, 0.09887
116, 14, -0.979, -5.603, -19.878, 717.65, -487.12, 1105.96, -16.53, -44.93, 3.11, 0.97861, -0.16594, -0.06709, 0.10147
116, 15, -0.208, -6.207, -24.038, 39.43, -1520.02, 1133.18, 74.07, -36.79, -35.93, 0.97112, -0.20021, -0.07719, 0.10437
116, 17, 0.870, -9.181, -17.607, 431.40, -240.30, 1372.92, 141.85, -35.28, 17.56, 0.97855, -0.14121, -0.09792, 0.11361
116, 15, 6.477, -10.105, -22.156, -54.63, -1632.81, 427.00, 162.28, -108.63, 87.73, 0.96527, -0.17320, -0.11877, 0.15542
116, 16, 8.657, -7.424, -7.426, -342.41, 617.92, 156.31, 206.61, -90.48, 93.46, 0.97756, -0.05080, -0.07595, 0.18979
116, 15, 10.203, -14.341, 2.297, 858.70, 1153.69, 1999.94, 148.93, -161.65, 67.87, 0.96978, 0.04540, -0.11793, 0.20872
116, 16, 7.380, -12.983, 11.433, 405.64, 1351.26, 1144.65, 51.23, 49.58, -62.75, 0.96974, 0.11795, -0.09239, 0.19276
116, 15, 7.029, -7.121, 2.786, -387.70, -819.64, 1094.54, -50.97, 31.39, -98.58, 0.98106, 0.03508, -0.05668, 0.18185
116, 16, 6.423, -2.025, -2.018, -512.57, -635.01, 1351.99, -5.07, 18.49, -61.38, 0.98422, -0.01423, -0.02048, 0.17520
116, 14, 4.102, 5.879, 0.752, -615.97, 129.46, 1300.23, 67.12, 83.60, -118.63, 0.98655, -0.00150, 0.05167, 0.15505
116, 17, 2.663, 1.294, 1.813, 1442.20, 555.60, 846.86, -38.15, 125.43, -109.42, 0.98954, 0.01404, 0.01344, 0.14297
116, 15, 3.675, -2.028, 0.092, 665.59, 61.58, 995.06, -43.07, 81.38, -30.08, 0.98824, 0.00348, -0.01737, 0.15190
116, 15, 4.044, 2.737, -5.607, -58.04, -507.45, 1250.79, -35.61, 130.00, -35.62, 0.98626, -0.05200, 0.01598, 0.15602
116, 16, 6.953, 0.164, -10.962, 430.42, -642.82, 1161.38, -37.93, 22.36, 71.37, 0.97912, -0.09421, -0.01580, 0.17943
116, 15, 8.817, -1.779, -8.058, 401.31, 233.58, 1559.02, -16.56, 17.23, 53.59, 0.97826, -0.06585, -0.02896, 0.19452
116, 15, 12.715, -1.881, -3.315, 190.19, 1203.13, 1845.95, -60.43, 1.85, 129.64, 0.97292, -0.02439, -0.02260, 0.22874
117, 8, 36.122, -8.381, -13.927, -509.40, -496.58, 1203.61, 33.13, -58.82, 35.56, 0.90124, -0.07901, -0.11678, 0.40974
117, 26, 31.921, -1.480, -12.300, -764.59, -347.35, 856.14, 29.55, -96.29, 0.32, 0.91661, -0.09372, -0.05345, 0.38494
117, 17, 29.983, -0.514, -13.954, -510.01, -484.01, 747.07, 17.46, -131.20, 6.18, 0.92122, -0.11105, -0.04942, 0.36958
117, 15, 29.080, -5.460, -16.909, 50.42, -817.02, 1075.26, 12.05, -146.29, 27.92, 0.92220, -0.11948, -0.09753, 0.35463
117, 15, 28.673, -10.373, -18.093, 303.10, -831.54, 1298.71, 31.75, -115.04, 36.40, 0.92188, -0.11363, -0.13993, 0.34300
117, 16, 27.210, -12.747, -17.215, 208.25, -632.26, 1338.44, 53.40, -79.63, 17.84, 0.92619, -0.10087, -0.15490, 0.32864
117, 15, 25.935, -14.032, -14.595, 208.98, -429.99, 1463.56, 45.84, -73.11, 26.09, 0.93115, -0.07739, -0.15679, 0.31998
117, 16, 25.016, -15.524, -12.113, 290.28, -287.96, 1422.73, 28.20, -63.53, 35.21, 0.93406, -0.05397, -0.16141, 0.31397
117, 15, 24.892, -15.500, -10.789, 178.28, -192.26, 1012.27, 11.92, -49.06, 35.60, 0.93498, -0.04342, -0.15754, 0.31483
117, 16, 26.473, -16.026, -13.775, 175.60, -386.41, 821.78, 0.39, -45.49, 52.28, 0.92876, -0.06385, -0.17081, 0.32274
117, 16, 28.401, -16.228, -18.055, 150.51, -647.28, 738.28, 17.54, -38.53, 50.44, 0.92014, -0.09474, -0.18597, 0.33132
117, 15, 30.064, -17.050, -20.309, 281.37, -695.50, 954.71, 33.78, -38.76, 67.05, 0.91277, -0.10724, -0.20048, 0.33935
117, 15, 30.783, -19.425, -18.477, 525.15, -417.05, 1142.40, 39.70, -26.36, 85.30, 0.91045, -0.08325, -0.21410, 0.34397
117, 16, 30.877, -21.119, -15.490, 559.88, -205.87, 1149.78, 27.35, -4.91, 79.74, 0.91038, -0.05352, -0.21831, 0.34739
117, 16, 31.236, -21.864, -13.559, 515.32, -148.56, 1007.57, 5.22, 26.39, 89.22, 0.90923, -0.03495, -0.21835, 0.35272
117, 15, 32.179, -21.268, -14.719, 364.44, -247.80, 784.48, -13.80, 55.83, 93.02, 0.90655, -0.04442, -0.21765, 0.35893
117, 16, 35.050, -18.476, -19.305, 349.37, -586.85, 929.38, -22.19, 68.25, 113.11, 0.89710, -0.08525, -0.21253, 0.37786
117, 16, 37.626, -16.264, -24.005, 390.63, -877.69, 794.31, -0.02, 84.34, 132.65, 0.88518, -0.12545, -0.21398, 0.39361
117, 16, 35.555, -9.130, -19.786, -521.73, -736.82, 1999.94, 73.72, 90.23, 47.39, 0.89803, -0.12289, -0.14275, 0.39757
117, 15, 32.055, -3.330, -15.780, -676.70, -72.69, 1117.61, 7.84, 16.89, -28.07, 0.91345, -0.11516, -0.07996, 0.38204
117, 15, 27.616, -1.549, -16.315, -495.61, -637.70, 1244.87, 14.56, -38.47, -92.83, 0.92652, -0.12799, -0.06269, 0.34820
117, 16, 24.402, -3.362, -17.153, 66.53, -900.63, 1461.98, 52.63, -21.60, -56.76, 0.93541, -0.13137, -0.07619, 0.31930
117, 15, 19.799, -1.330, -11.698, -223.33, -287.60, 1392.52, 124.81, 16.88, -109.95, 0.95262, -0.09421, -0.04050, 0.28636
117, 15, 16.503, -6.260, -14.129, 804.08, -1195.01, 722.11, 125.61, 23.06, -106.96, 0.95824, -0.10437, -0.08440, 0.25252
117, 16, 11.558, -9.181, -2.156, 558.78, 560.91, 1007.26, 157.89, 47.51, -134.26, 0.97264, -0.00073, -0.08219, 0.21728
117, 16, 13.208, -15.116, -0.187, 581.36, 36.07, 514.53, 67.83, 5.96, 5.78, 0.96395, 0.02914, -0.12827, 0.23128
117, 15, 16.267, -19.428, -2.379, 1065.12, -134.95, 1059.45, -4.51, 13.05, 36.64, 0.95263, 0.02399, -0.16823, 0.25223
117, 16, 19.474, -16.052, -9.143, 65.06, -637.27, 778.02, 8.80, 23.69, 2.38, 0.94892, -0.03577, -0.15595, 0.27194
117, 15, 22.129, -12.738, -13.836, -293.03, -749.76, 901.25, 29.59, -59.23, 21.25, 0.94261, -0.07991, -0.14168, 0.29158
117, 16, 24.337, -12.053, -11.908, 77.09, -198.06, 1266.11, 37.79, -67.79, 76.52, 0.93839, -0.06338, -0.13240, 0.31285
117, 15, 28.283, -14.131, -12.764, 98.02, -507.45, 1514.28, 46.08, -161.37, 105.36, 0.92540, -0.05907, -0.15370, 0.34135
117, 15, 31.102, -15.737, -9.390, 215.33, -111.45, 1199.28, 59.59, -96.91, 107.44, 0.91671, -0.02283, -0.15706, 0.36668
117, 18, 32.442, -17.126, -5.657, 206.48, 102.97, 1170.59, 34.16, -87.18, 83.82, 0.91120, 0.01352, -0.15593, 0.38107
117, 15, 32.297, -16.469, -3.154, 251.22, 88.99, 1549.32, 11.86, -29.65, 38.60, 0.91188, 0.03099, -0.14240, 0.38370
117, 15, 31.785, -9.928, -5.686, -506.90, -377.81, 978.33, -2.98, 4.54, -14.08, 0.91899, -0.01208, -0.09882, 0.38151
117, 16, 32.196, -11.916, -10.397, 176.51, -1083.62, 1575.99, 2.93, -79.09, 8.01, 0.91545, -0.04257, -0.13037, 0.37834
117, 15, 32.133, -17.846, -12.823, 1290.34, -1518.13, 1271.55, 87.78, -44.78, -22.23, 0.91066, -0.04143, -0.18496, 0.36711
117, 15, 23.096, -12.718, 2.686, -283.33, 1267.03, 1080.26, 149.52, 84.95, -185.16, 0.94170, 0.05714, -0.09766, 0.31687
117, 16, 21.362, -17.660, 5.242, 601.20, 148.01, 832.03, 39.55, -35.74, -66.26, 0.93889, 0.08940, -0.13253, 0.30486
117, 15, 24.226, -20.285, 1.400, 891.97, -399.23, 905.64, 34.90, 49.53, -11.57, 0.92990, 0.06873, -0.16256, 0.32270
117, 17, 26.267, -21.146, 1.323, 737.49, 61.77, 1194.15, 17.87, 39.14, 20.25, 0.92275, 0.07352, -0.16849, 0.33872
118, 8, 6.276, -23.321, -36.212, 203.49, -1092.59, 161.80, 23.04, 100.63, -134.90, 0.92757, -0.26622, -0.24221, 0.10041
118, 27, 3.977, -15.628, -37.352, -36.87, -867.80, 585.14, 92.64, 59.84, -80.98, 0.93400, -0.29354, -0.17627, 0.10200
118, 15, 1.665, -13.615, -30.865, 85.82, -358.83, 783.87, 107.33, 25.02, -42.81, 0.95269, -0.24645, -0.14878, 0.09753
118, 17, 1.090, -13.849, -23.946, 186.22, -42.11, 910.95, 79.06, -16.75, -7.39, 0.96616, -0.18892, -0.14363, 0.10103
118, 15, 1.185, -13.882, -18.198, 93.81, 135.99, 1001.22, 36.27, -54.15, -10.22, 0.97430, -0.14008, -0.13878, 0.10886
118, 15, 1.888, -16.951, -16.145, 283.51, -14.47, 1072.39, -15.90, -107.75, -33.57, 0.97294, -0.11768, -0.16352, 0.11314
118, 16, 5.267, -24.418, -20.827, 1191.10, -593.57, 1346.44, -59.62, -141.81, -2.59, 0.95434, -0.13977, -0.23438, 0.12151
118, 15, 8.397, -29.138, -24.320, 1251.83, -514.59, 1325.32, -53.26, -79.57, 27.22, 0.93863, -0.15272, -0.28055, 0.13014
118, 15, 8.933, -30.073, -23.677, 713.13, -184.88, 1033.20, -37.03, -13.01, 26.09, 0.93717, -0.14420, -0.28798, 0.13411
118, 16, 8.902, -26.013, -23.376, 213.07, -176.57, 822.39, -43.50, 16.53, 16.03, 0.94445, -0.15015, -0.25493, 0.14309
118, 15, 10.502, -21.543, -26.468, 151.37, -416.75, 836.12, -50.62, 8.67, 27.95, 0.94387, -0.18156, -0.22519, 0.15947
118, 16, 13.522, -20.877, -30.066, 542.54, -666.99, 968.32, -35.32, 10.25, 90.16, 0.93402, -0.20654, -0.23028, 0.17866
118, 17, 15.412, -20.244, -30.116, 638.37, -610.23, 1168.82, -13.38, 26.84, 112.59, 0.93142, -0.20470, -0.22872, 0.19554
118, 15, 16.485, -19.226, -29.442, 462.83, -532.96, 959.72, 6.47, 36.51, 93.97, 0.93157, -0.19965, -0.22135, 0.20814
118, 16, 18.064, -18.532, -30.479, 480.90, -639.47, 793.95, 24.76, 47.44, 91.65, 0.92729, -0.20682, -0.22060, 0.22069
118, 15, 17.128, -12.935, -21.287, -232.79, 629.58, 1999.94, 45.73, 51.06, 96.44, 0.94674, -0.14736, -0.15563, 0.24032
118, 15, 15.257, -6.128, -18.337, -375.49, -96.01, 990.30, -7.58, 53.54, -11.63, 0.95642, -0.14079, -0.09100, 0.23906
118, 16, 14.491, -0.809, -18.348, -634.46, -327.03, 1172.97, -27.29, -6.71, -10.26, 0.95753, -0.15289, -0.04572, 0.24016
118, 15, 12.102, 2.332, -19.030, -410.34, -731.69, 1459.17, 26.47, 17.11, -48.58, 0.96020, -0.16556, -0.01748, 0.22427
118, 16, 8.507, -2.075, -19.729, 416.26, -849.55, 1348.63, 59.26, -0.51, -113.47, 0.96705, -0.16461, -0.05064, 0.18751
118, 16, 4.349, 1.437, -13.614, -388.06, -86.24, 1192.63, 121.73, 33.60, -148.85, 0.98021, -0.11900, -0.00640, 0.15806
118, 15, 3.523, -7.260, -15.292, 1227.54, -820.37, 380.31, 114.48, -14.07, -73.64, 0.97911, -0.12182, -0.08203, 0.14063
118, 15, 3.043, -12.973, -8.052, 856.38, 460.39, 573.55, 82.65, 40.06, -16.87, 0.98162, -0.05250, -0.12169, 0.13731
118, 16, 6.464, -17.073, -11.236, 780.58, -378.11, 917.42, 9.26, -8.09, 33.62, 0.97138, -0.06932, -0.16246, 0.15882
118, 15, 9.266, -16.133, -14.627, 310.73, -552.25, 963.01, 40.11, 10.25, 16.14, 0.96579, -0.09567, -0.16157, 0.17884
118, 15, 12.592, -9.263, -20.726, -463.68, -578.25, 61.34, 60.26, -11.83, 31.22, 0.95790, -0.15643, -0.11826, 0.20969
118, 16, 16.096, -10.978, -16.002, 64.45, -194.46, 1734.74, 70.40, -140.71, 85.59, 0.95580, -0.10943, -0.12726, 0.24139
118, 16, 19.523, -17.519, -17.069, 341.31, -238.46, 363.83, 68.87, -81.82, 76.15, 0.94284, -0.09734, -0.18633, 0.25858
118, 16, 21.460, -17.380, -11.136, 14.89, 398.74, 1595.46, 42.53, -111.19, 93.19, 0.94209, -0.04587, -0.17236, 0.28401
118, 15, 23.086, -16.938, -6.479, 267.82, 407.10, 1300.05, 5.88, -28.10, 102.95, 0.93943, -0.00650, -0.15717, 0.30452
118, 15, 23.632, -11.649, -8.132, -253.78, -269.17, 1173.10, -16.64, 6.20, 17.15, 0.94217, -0.03433, -0.11851, 0.31160
118, 16, 24.634, -10.150, -12.567, -109.31, -916.02, 1284.18, 9.48, -34.13, 18.00, 0.93811, -0.07401, -0.11892, 0.31674
118, 15, 23.104, -12.477, -12.254, 501.59, -769.84, 1519.47, 87.80, -11.42, -40.70, 0.94126, -0.06645, -0.13608, 0.30183
118, 15, 20.399, -16.552, -8.643, 1103.88, -261.05, 1480.71, 90.65, 31.80, -83.65, 0.94634, -0.02907, -0.15912, 0.27978
118, 17, 16.025, -9.199, 2.606, -330.26, 978.70, 917.79, 94.01, 105.41, -105.85, 0.96249, 0.04253, -0.07163, 0.25821
119, 7, 7.174, -24.740, -29.361, 720.70, -670.84, 471.86, -7.86, 99.81, -113.71, 0.93899, -0.20569, -0.24882, 0.11860
119, 28, 5.378, -22.044, -39.070, 330.93, -1026.98, 239.69, 35.61, 107.22, -100.62, 0.92278, -0.29361, -0.23234, 0.09106
119, 16, 3.962, -18.062, -40.297, 39.49, -939.21, 438.17, 85.29, 80.49, -52.32, 0.92440, -0.31335, -0.19812, 0.08972
119, 15, 0.934, -15.625, -32.388, 123.96, -272.09, 835.88, 106.19, 52.89, -26.05, 0.94842, -0.25728, -0.16489, 0.08440
119, 16, -0.616, -13.952, -22.395, 103.15, 281.01, 994.14, 91.55, 18.19, 5.24, 0.96997, -0.17780, -0.14048, 0.08835
119, 15, -0.771, -12.172, -14.002, -72.33, 500.92, 809.45, 44.48, -29.67, 1.98, 0.98204, -0.10848, -0.11830, 0.09913
119, 16, -0.095, -13.340, -10.009, 85.69, 260.38, 822.14, -9.48, -88.45, -22.52, 0.98359, -0.07222, -0.12522, 0.10799
119, 14, 3.313, -20.865, -14.752, 1072.45, -459.59, 1231.08, -47.62, -131.64, -1.79, 0.96793, -0.09814, -0.19636, 0.12213
119, 16, 8.076, -26.048, -19.946, 1467.16, -754.88, 1663.82, -30.23, -93.67, 28.56, 0.94953, -0.12355, -0.24994, 0.14375
119, 17, 8.599, -26.396, -17.597, 974.43, -182.37, 1572.33, 29.46, 9.25, 2.25, 0.95059, -0.10226, -0.25025, 0.15261
119, 15, 6.143, -23.103, -11.410, 308.41, 375.67, 1172.42, 20.90, 43.88, -35.13, 0.96361, -0.06142, -0.21311, 0.14921
119, 15, 5.043, -18.031, -7.752, -105.71, 383.42, 752.01, -57.29, 0.67, -23.19, 0.97383, -0.04027, -0.16516, 0.15086
119, 16, 7.546, -17.755, -12.217, 219.36, -95.95, 668.03, -90.32, -25.87, -8.95, 0.96846, -0.07490, -0.17026, 0.16581
119, 15, 12.251, -20.382, -20.482, 812.01, -789.18, 915.53, -78.33, -22.05, 55.05, 0.95071, -0.13124, -0.20907, 0.18765
119, 15, 16.230, -21.632, -26.115, 850.28, -914.86, 974.67, -25.02, 4.17, 71.31, 0.93515, -0.16698, -0.23406, 0.20694
119, 16, 18.113, -23.817, -28.023, 1043.27, -745.18, 784.48, 31.46, 47.84, 54.08, 0.92652, -0.17274, -0.25762, 0.21295
119, 15, 15.004, -17.714, -18.120, 108.15, 530.09, 1534.30, 38.00, 104.96, 61.43, 0.95112, -0.11289, -0.18597, 0.21920
119, 17, 14.608, -10.975, -18.292, -219.54, -301.64, 1027.89, -22.03, 51.51, 10.86, 0.95645, -0.13022, -0.13035, 0.22641
119, 15, 15.373, -4.098, -20.772, -641.11, -649.23, 1031.98, -16.24, 11.63, 36.06, 0.95293, -0.16550, -0.07941, 0.24132
119, 15, 15.838, -2.292, -16.403, -90.94, -45.72, 1565.06, 7.71, 4.79, 56.11, 0.95739, -0.13282, -0.05562, 0.25034
119, 16, 13.519, -5.407, -14.316, 612.55, -246.70, 1571.17, 10.06, 36.63, -45.20, 0.96446, -0.10990, -0.07487, 0.22834
119, 15, 7.470, 0.986, -9.344, -290.71, 33.39, 1505.00, 65.19, 151.12, -170.91, 0.97939, -0.08164, -0.00660, 0.18462
119, 15, 6.310, -4.029, -13.637, 862.79, -758.42, 497.74, 46.65, 67.76, -56.92, 0.97780, -0.11073, -0.05508, 0.16915
119, 16, 6.449, -9.155, -16.909, 583.13, -482.54, 439.21, 44.45, 36.79, -26.59, 0.97269, -0.13039, -0.10347, 0.16177
119, 15, 6.470, -16.614, -14.590, 1063.90, -72.94, 852.54, 43.91, -10.40, -18.87, 0.96941, -0.09847, -0.16319, 0.15465
119, 16, 10.315, -18.399, -20.303, 622.38, -958.80, 736.76, 39.59, -3.15, 34.13, 0.95613, -0.13728, -0.19024, 0.17542
119, 16, 14.176, -17.019, -21.479, 216.80, -538.76, 860.05, 83.68, -30.40, 80.19, 0.94952, -0.14368, -0.18562, 0.20812
119, 15, 14.698, -16.569, -13.398, 153.38, 75.50, 1031.62, 129.39, -48.61, 44.12, 0.95671, -0.07666, -0.16712, 0.22561
119, 16, 20.541, -17.882, -14.520, 289.86, -739.38, 1338.20, 123.19, -117.32, 122.67, 0.94205, -0.07376, -0.18415, 0.27052
119, 16, 21.678, -14.438, -4.264, -98.21, 192.02, 455.26, 155.86, -48.03, 86.98, 0.94567, 0.00311, -0.13085, 0.29760
119, 15, 22.919, -14.291, 1.204, -106.45, 221.01, 1186.04, 104.94, -120.64, 60.12, 0.94126, 0.04907, -0.11477, 0.31375
119, 16, 21.688, -15.618, 7.169, 394.59, 645.63, 1617.55, 62.54, -52.35, -2.39, 0.93916, 0.10032, -0.11028, 0.30944
119, 15, 21.577, -7.643, 3.700, -486.63, -223.02, 977.91, -0.95, 5.08, -67.36, 0.94946, 0.05093, -0.05368, 0.30505
119, 16, 21.681, -12.243, 2.724, 648.80, -29.54, 1697.51, 9.73, -78.97, -31.44, 0.94598, 0.05499, -0.09433, 0.30530
119, 16, 19.898, -14.774, 6.330, 1160.83, 583.62, 1586.36, 33.29, 34.96, -79.03, 0.94562, 0.08962, -0.10700, 0.29380
119, 15, 17.519, -2.727, 10.276, -742.49, 842.83, 1117.31, -20.23, 153.84, -122.36, 0.95817, 0.09260, 0.00135, 0.27081
119, 15, 18.147, -9.028, 4.451, 1410.83, -365.48, 522.71, -79.49, 65.82, -51.08, 0.95684, 0.05886, -0.06495, 0.27707
119, 16, 18.654, -8.930, -3.016, 446.23, -507.75, 610.47, -31.86, 116.10, -63.21, 0.95749, -0.00345, -0.08206, 0.27653
119, 15, 21.563, -12.113, -9.086, 807.31, -880.98, 980.96, 1.45, 17.43, 37.75, 0.94700, -0.04310, -0.12413, 0.29312
119, 16, 23.242, -14.289, -8.142, 633.79, -90.45, 1165.22, 22.00, 26.92, 52.05, 0.94128, -0.02739, -0.14001, 0.30602
119, 15, 24.338, -9.187, -3.352, -132.93, 339.84, 1073.12, 8.53, 37.40, 71.40, 0.94245, -0.00140, -0.08519, 0.32330
120, 9, -3.484, -13.319, -25.625, 213.87, -289.12, 634.28, -23.80, 50.22, -84.67, 0.96691, -0.20921, -0.13243, 0.06146
120, 26, -2.567, -13.050, -32.068, 118.04, -527.04, 626.71, -7.84, -17.54, -53.74, 0.95336, -0.26241, -0.13555, 0.06222
120, 16, -1.689, -16.956, -34.356, 308.72, -647.09, 657.47, 16.40, -76.93, -45.45, 0.94427, -0.27562, -0.17088, 0.05639
120, 16, -0.966, -24.389, -33.627, 762.70, -610.84, 769.17, 53.94, -109.02, -55.47, 0.93662, -0.25836, -0.23253, 0.04386
120, 15, -1.866, -31.253, -29.254, 1194.46, -346.86, 1133.36, 72.51, -85.53, -55.37, 0.93385, -0.21478, -0.28451, 0.02922
120, 16, -3.445, -34.720, -23.435, 1258.79, -93.93, 1440.92, 78.96, -41.92, -30.71, 0.93622, -0.16668, -0.30845, 0.02399
120, 15, -5.344, -34.274, -16.568, 875.06, 329.96, 1417.48, 68.45, 0.11, 0.54, 0.94619, -0.11581, -0.30094, 0.02738
120, 15, -6.990, -30.536, -10.326, 276.61, 524.54, 1098.57, 25.99, 14.91, 8.92, 0.96050, -0.07108, -0.26696, 0.03341
120, 16, -6.966, -25.177, -7.668, -4.27, 296.33, 802.61, -25.62, -2.45, 1.38, 0.97291, -0.05218, -0.22097, 0.04349
120, 15, -4.156, -22.328, -11.814, 142.33, -117.19, 714.11, -55.61, -26.90, -5.91, 0.97409, -0.08442, -0.20040, 0.06218
120, 15, 0.182, -24.407, -19.369, 608.46, -469.67, 766.72, -55.40, -22.56, 3.53, 0.96064, -0.13784, -0.22683, 0.08197
120, 17, 3.643, -26.068, -24.158, 1023.01, -664.12, 991.39, -23.65, 16.75, 35.91, 0.94881, -0.16807, -0.24890, 0.09781
120, 15, 2.419, -17.508, -18.722, -324.46, 242.86, 1999.94, 28.89, 92.99, 29.98, 0.96893, -0.13797, -0.17134, 0.11306
120, 16, 1.870, -12.631, -13.991, -73.24, 343.93, 1109.44, -17.60, 44.33, 8.94, 0.97915, -0.10504, -0.12466, 0.12121
120, 15, 3.962, -5.755, -17.913, -796.33, -771.24, 1102.66, 4.46, -11.66, 6.35, 0.97594, -0.14597, -0.07299, 0.14459
120, 15, 4.791, -7.867, -14.520, 391.91, -118.90, 1562.26, 43.46, -20.19, 0.40, 0.97805, -0.11343, -0.08752, 0.15130
120, 16, 2.900, -4.956, -8.316, -74.83, 453.55, 1534.48, 44.08, 46.16, -73.78, 0.98633, -0.06541, -0.05318, 0.14160
120, 15, 2.433, -11.764, -6.898, 1676.57, 302.00, 796.02, 1.86, 48.81, -54.72, 0.98386, -0.04480, -0.10972, 0.13409
120, 15, -0.128, -15.243, -6.524, 1153.56, 114.87, 947.81, -22.97, 104.58, -119.32, 0.98342, -0.04024, -0.13818, 0.11029
120, 17, 1.322, -11.857, -13.062, 201.84, -489.62, 906.56, -45.85, 77.44, -39.94, 0.98115, -0.09865, -0.11661, 0.11838
120, 15, 4.029, -16.307, -18.511, 689.94, -512.70, 509.34, -10.38, 15.79, 16.36, 0.96874, -0.13560, -0.16296, 0.12886
120, 15, 7.068, -16.813, -23.340, 601.20, -920.65, 957.64, 15.01, 18.65, 41.34, 0.95814, -0.17086, -0.17705, 0.14637
120, 16, 9.450, -13.485, -21.462, 62.74, -548.95, 1198.91, 100.56, -16.48, 60.39, 0.96011, -0.15787, -0.15025, 0.17520
120, 15, 15.347, -15.400, -25.283, 196.78, -1250.61, 172.00, 196.70, -93.44, 88.68, 0.94323, -0.17701, -0.18111, 0.21493
120, 16, 16.672, -15.242, -12.977, 47.12, 247.99, 1307.19, 220.70, -89.10, 75.62, 0.95414, -0.07344, -0.15657, 0.24435
120, 15, 17.823, -20.592, -2.925, 708.37, 320.37, 1478.39, 207.12, -123.06, 27.63, 0.94761, 0.02452, -0.17875, 0.26361
120, 17, 17.458, -20.345, 7.545, 354.13, 830.02, 1056.09, 153.25, -26.18, 14.40, 0.94270, 0.10984, -0.15226, 0.27579
120, 16, 17.205, -15.756, 14.145, -129.88, 965.88, 1320.80, 74.37, -7.99, -20.47, 0.94275, 0.15388, -0.09848, 0.27900
120, 15, 18.438, -7.852, 12.693, -612.61, 130.00, 1033.08, 2.52, -5.17, -25.41, 0.95046, 0.12484, -0.03476, 0.28256
120, 15, 18.793, -6.788, 8.564, -80.63, -189.21, 1035.40, 12.66, -62.67, -40.80, 0.95422, 0.08811, -0.03575, 0.28358
120, 16, 17.058, -12.384, 12.736, 1800.60, 1307.37, 1786.01, 22.27, -28.76, -74.91, 0.94924, 0.13481, -0.07399, 0.27439
121, 9, -3.877, -12.138, -41.355, -109.31, -1150.51, 600.04, -142.59, 92.54, 70.72, 0.93008, -0.34125, -0.12892, 0.04327
121, 27, -5.102, -7.505, -44.637, -92.83, -1019.23, 724.43, 6.76, 5.13, -23.46, 0.92233, -0.37326, -0.08911, 0.04522
121, 16, -6.099, -8.240, -40.835, 79.16, -708.86, 975.46, 49.84, -36.10, -41.49, 0.93433, -0.34265, -0.09054, 0.03776
121, 15, -6.749, -12.641, -35.225, 496.77, -453.19, 1231.75, 66.76, -56.38, -41.15, 0.94759, -0.29372, -0.12322, 0.02501
121, 15, -6.984, -16.678, -29.982, 613.71, -326.05, 1232.60, 69.72, -45.81, -22.92, 0.95629, -0.24715, -0.15506, 0.01937
121, 16, -7.114, -19.234, -25.158, 520.81, -221.56, 1061.77, 71.81, -20.36, -15.15, 0.96276, -0.20485, -0.17530, 0.01980
121, 15, -7.230, -18.123, -21.000, 228.94, -185.06, 951.84, 67.80, -2.62, -25.06, 0.97103, -0.17079, -0.16491, 0.02699
121, 15, -7.146, -15.385, -19.428, 54.63, -306.88, 888.79, 69.23, -10.16, -55.24, 0.97646, -0.15927, -0.14142, 0.03414
121, 17, -5.721, -15.367, -19.420, 181.34, -341.92, 825.93, 71.27, -36.26, -35.51, 0.97599, -0.15745, -0.14323, 0.04632
121, 15, -4.024, -18.314, -17.692, 367.25, -216.37, 839.60, 65.80, -44.14, -6.85, 0.97405, -0.13787, -0.16961, 0.05873
121, 16, -2.971, -22.245, -14.964, 829.96, -35.52, 1099.85, 49.72, -21.60, 6.82, 0.97089, -0.10915, -0.20247, 0.06680
121, 15, -2.223, -18.545, -11.647, 232.24, 139.28, 1999.94, 32.51, 14.35, 16.20, 0.97848, -0.08346, -0.16958, 0.08276
121, 15, -2.602, -12.357, -7.984, -130.98, 194.82, 1134.64, 21.13, 57.73, -21.76, 0.98778, -0.05841, -0.11360, 0.08931
121, 16, -1.620, -4.617, -8.692, -543.88, -106.51, 1079.96, -8.07, 36.08, -14.11, 0.99102, -0.07103, -0.04797, 0.10266
121, 15, -1.267, -0.802, -10.607, -292.97, -351.20, 1330.38, -2.40, 17.12, -35.69, 0.98982, -0.09111, -0.01702, 0.10804
121, 15, -1.507, -6.433, -9.525, 906.92, 12.57, 1229.00, 3.14, 26.92, -43.54, 0.98976, -0.07643, -0.06446, 0.10190
121, 17, -2.228, 0.291, -9.816, -322.75, -114.62, 1112.37, -9.37, 90.81, -57.21, 0.99123, -0.08538, -0.00611, 0.10066
121, 15, -1.907, -5.500, -10.956, 845.76, -155.21, 1005.98, -18.26, 25.13, -32.38, 0.98941, -0.08990, -0.05738, 0.09845
121, 15, -2.140, -8.411, -12.735, 643.49, -226.87, 946.04, -23.19, 74.26, -42.20, 0.98686, -0.10263, -0.08374, 0.09259
121, 16, -2.443, -10.345, -14.276, 494.02, -304.57, 1048.34, -6.17, 48.40, -51.50, 0.98447, -0.11430, -0.10127, 0.08663
121, 15, -0.698, -12.685, -15.426, 644.53, -244.26, 990.05, -8.00, 49.31, 28.63, 0.98015, -0.12003, -0.12397, 0.09763
121, 16, 1.192, -12.053, -12.861, 345.95, 92.35, 1119.02, -10.06, 35.74, 64.74, 0.98131, -0.09681, -0.11797, 0.11726
121, 15, 4.485, -7.646, -18.709, -30.21, -1115.42, 1229.25, 1.59, 57.06, 70.50, 0.97372, -0.14966, -0.09072, 0.14573
121, 15, 7.884, 0.700, -19.742, -837.95, -853.27, 1037.66, 79.67, 19.27, 106.70, 0.96740, -0.16950, -0.02633, 0.18634
121, 17, 9.853, 4.359, -22.027, -1011.29, -1477.17, 292.05, 148.55, -81.97, 65.10, 0.95856, -0.19450, -0.00259, 0.20814
121, 15, 11.650, -5.024, -8.285, 642.70, 517.33, 1565.25, 247.56, -191.10, 36.91, 0.97265, -0.06077, -0.05854, 0.21639
121, 15, 12.353, -15.545, -1.811, 955.63, 75.20, 663.27, 174.93, -102.11, 24.16, 0.96548, 0.01534, -0.13526, 0.22207
121, 16, 10.286, -21.333, 7.243, 1588.62, 1302.19, 1843.02, 128.71, -78.38, -35.84, 0.95674, 0.09925, -0.16770, 0.21606
121, 15, 8.175, -16.471, 12.877, 227.97, 874.39, 1153.02, 9.40, 76.49, -73.38, 0.96236, 0.13607, -0.11858, 0.20321
121, 15, 8.737, -9.802, 4.817, -638.12, -936.34, 1053.10, -19.89, 3.24, -94.45, 0.97557, 0.05775, -0.07553, 0.19804
121, 16, 7.847, -4.815, 2.510, -326.90, -354.80, 1296.02, 47.80, 16.39, -87.23, 0.98093, 0.02938, -0.03714, 0.18848
121, 15, 5.840, -2.532, 6.682, 66.22, 862.43, 1427.98, -17.78, 38.48, -115.75, 0.98321, 0.06117, -0.01180, 0.17149
121, 17, 4.875, -3.664, 6.784, 656.80, 745.97, 1208.44, -106.14, 73.15, -107.73, 0.98421, 0.06353, -0.02190, 0.16375
121, 15, 6.440, -4.533, 0.321, 621.46, 36.62, 966.06, -164.31, 128.66, -32.55, 0.98365, 0.00971, -0.03844, 0.17568
121, 14, 8.255, -0.235, -10.096, 108.03, -526.92, 917.11, -159.22, 147.00, 19.35, 0.97776, -0.08597, -0.01884, 0.19036
121, 16, 7.907, 5.650, -17.384, -341.31, -720.03, 932.68, -85.15, 101.33, 8.16, 0.96825, -0.15741, 0.01942, 0.19323
121, 15, 9.210, 9.926, -19.096, -413.27, -366.76, 918.40, -45.40, 13.70, 64.91, 0.95985, -0.17894, 0.05064, 0.21001
121, 15, 10.331, 2.670, -14.193, 678.59, 304.63, 1294.86, -10.23, -56.01, 20.78, 0.96955, -0.12561, -0.00321, 0.21019
121, 16, 10.407, -0.618, -13.511, 272.46, -195.98, 1249.88, -16.43, -6.54, 3.03, 0.97110, -0.11389, -0.02990, 0.20760
121, 15, 8.818, -1.239, -7.440, 127.44, 690.49, 1598.39, -21.24, 11.80, -35.77, 0.97860, -0.06150, -0.02330, 0.19499
121, 16, 7.031, 3.472, -6.832, -695.01, 357.30, 1260.38, -98.72, -3.24, -69.85, 0.98100, -0.06404, 0.01897, 0.18215
121, 16, 5.695, 6.314, -10.797, -531.37, -157.47, 1044.19, -119.09, -45.83, -62.03, 0.97883, -0.10187, 0.03813, 0.17341
121, 15, 5.461, 5.473, -15.330, -169.74, -218.99, 941.16, -128.21, -68.09, -29.18, 0.97492, -0.13927, 0.02436, 0.17189
121, 16, 5.432, -1.704, -20.152, 370.61, -430.24, 1012.15, -123.75, -91.35, -26.62, 0.97107, -0.17003, -0.04366, 0.16189
121, 15, 5.795, -9.203, -24.551, 937.56, -588.44, 1085.21, -117.28, -51.65, -3.72, 0.96269, -0.19549, -0.11331, 0.14893
121, 15, 5.316, -13.501, -26.099, 792.66, -310.73, 1041.56, -107.35, 19.21, 15.20, 0.95840, -0.20210, -0.15015, 0.13446
121, 16, 3.973, -14.381, -27.466, 493.77, -292.91, 925.17, -120.04, 72.44, 16.59, 0.95679, -0.21392, -0.15652, 0.11952
121, 15, 3.343, -7.473, -33.104, -150.63, -664.73, 813.42, -121.86, 78.47, 32.96, 0.94861, -0.27180, -0.10414, 0.12420
121, 16, 2.584, -2.078, -37.880, -306.64, -883.30, 807.62, -95.37, 43.66, 33.36, 0.93689, -0.31877, -0.06322, 0.12893
121, 16, 1.243, 1.019, -40.400, -376.71, -913.82, 839.23, -48.58, -9.57, -11.18, 0.92998, -0.34341, -0.03693, 0.12588
121, 15, 0.126, -3.365, -40.649, 198.67, -890.75, 922.12, -4.90, -58.43, -39.11, 0.93166, -0.34129, -0.06942, 0.10351
121, 15, -1.756, -10.216, -37.670, 768.98, -643.19, 1028.63, 34.83, -28.25, -57.72, 0.94051, -0.31095, -0.11753, 0.07031
121, 16, -3.721, -15.257, -33.318, 839.17, -304.44, 1050.60, 27.46, 13.99, -27.08, 0.94922, -0.27187, -0.15165, 0.04550
121, 15, -5.680, -13.863, -26.834, 175.96, 166.99, 1081.24, -14.11, 32.75, 3.17, 0.96516, -0.22145, -0.13340, 0.04043
121, 16, -5.643, -10.818, -23.684, -29.36, 140.01, 1159.12, -71.37, 11.63, 25.55, 0.97327, -0.19722, -0.10656, 0.05001
121, 15, -3.190, -10.551, -25.933, 203.13, -294.98, 942.87, -114.27, -8.09, 50.53, 0.96812, -0.21419, -0.10987, 0.06918
121, 16, -1.095, -11.350, -31.503, 385.44, -604.68, 874.76, -118.88, 13.04, 62.52, 0.95482, -0.25795, -0.12447, 0.07929
121, 16, -0.679, -8.531, -36.044, 158.02, -629.64, 800.60, -103.45, 55.55, 57.80, 0.94472, -0.29843, -0.10551, 0.08549
121, 15, -1.510, -2.041, -37.555, -273.13, -560.12, 974.67, -105.80, 67.84, 50.64, 0.94180, -0.31819, -0.05122, 0.09563
121, 15, -2.309, 4.181, -39.243, -516.54, -573.49, 897.89, -99.21, 36.42, 26.95, 0.93535, -0.33733, 0.00059, 0.10642
121, 16, -2.891, 6.350, -41.643, -304.69, -859.62, 1005.07, -87.13, -7.72, 10.60, 0.92716, -0.35822, 0.01780, 0.10831
121, 15, -3.381, 3.457, -43.904, 36.32, -1018.01, 961.55, -52.57, -37.71, -6.97, 0.92222, -0.37465, -0.00607, 0.09540
121, 15, -4.200, -2.140, -43.770, 416.44, -969.06, 910.71, 9.57, -40.78, -36.92, 0.92510, -0.36993, -0.04845, 0.07070
121, 15, -4.734, -6.989, -42.967, 399.29, -1037.54, 935.97, 54.91, -32.05, -51.07, 0.92765, -0.35992, -0.08543, 0.05115
121, 16, -5.755, -10.538, -38.300, 338.07, -572.39, 967.22, 75.44, -22.45, -55.34, 0.94047, -0.31976, -0.10945, 0.03594
121, 16, -6.556, -12.630, -33.042, 291.81, -362.79, 1019.29, 64.18, -18.71, -42.91, 0.95297, -0.27541, -0.12310, 0.02898
121, 15, -6.524, -14.397, -28.953, 365.11, -265.50, 1003.11, 35.38, -8.09, -11.44, 0.96067, -0.23981, -0.13682, 0.02969
121, 16, -6.160, -13.669, -25.799, 220.70, -171.88, 969.30, -1.63, 11.04, 8.83, 0.96746, -0.21344, -0.13051, 0.03797
121, 15, -5.086, -10.919, -26.419, 99.61, -374.63, 925.54, -34.39, 21.12, 8.38, 0.96798, -0.21978, -0.10964, 0.05195
121, 15, -4.066, -7.444, -29.192, -19.65, -535.28, 889.71, -49.09, 25.73, 11.73, 0.96359, -0.24523, -0.08393, 0.06563
121, 15, -3.423, -4.617, -32.653, -56.58, -685.97, 889.71, -51.67, 19.71, 7.96, 0.95599, -0.27624, -0.06390, 0.07544
121, 16, -3.143, -3.262, -35.177, 37.90, -677.12, 938.29, -45.65, 11.67, 6.45, 0.94955, -0.29823, -0.05506, 0.07993
121, 16, -3.263, -4.536, -35.924, 131.84, -689.27, 1004.70, -37.28, 4.09, -5.26, 0.94762, -0.30339, -0.06578, 0.07512
121, 15, -3.438, -6.264, -37.467, 239.56, -792.11, 968.63, -23.80, 4.48, -9.42, 0.94333, -0.31470, -0.08049, 0.06792
121, 16, -3.682, -7.734, -37.978, 222.29, -734.68, 928.22, -8.25, 6.20, -9.07, 0.94169, -0.31776, -0.09215, 0.06133
121, 14, -3.908, -8.711, -36.838, 209.90, -623.29, 916.69, -3.35, 4.71, -4.40, 0.94458, -0.30767, -0.09895, 0.05765
121, 15, -4.004, -8.904, -35.263, 191.77, -558.35, 961.00, -6.81, 4.29, 0.42, 0.94869, -0.29456, -0.09949, 0.05770
121, 16, -3.893, -9.046, -33.941, 199.71, -506.47, 950.50, -16.61, 6.95, 7.71, 0.95190, -0.28337, -0.10026, 0.05940
121, 15, -3.178, -7.818, -34.977, 155.33, -638.37, 939.88, -24.15, 11.45, 14.05, 0.94937, -0.29251, -0.09249, 0.06768
121, 16, -2.195, -6.151, -35.142, 124.88, -615.30, 933.53, -25.53, 16.75, 20.65, 0.94873, -0.29473, -0.08136, 0.08013
121, 16, -1.722, -4.650, -34.569, 83.50, -549.93, 944.40, -31.38, 20.32, 26.99, 0.95003, -0.29115, -0.06975, 0.08839
121, 15, -1.362, -3.268, -33.351, 60.24, -414.73, 972.66, -44.89, 24.32, 32.00, 0.95281, -0.28219, -0.05822, 0.09560
121, 15, -1.067, -2.835, -33.642, 95.52, -484.19, 887.82, -62.27, 29.16, 27.38, 0.95181, -0.28488, -0.05561, 0.09899
121, 15, -1.031, -1.517, -36.908, 47.79, -635.93, 827.21, -71.04, 36.97, 24.90, 0.94308, -0.31316, -0.04767, 0.10131
