24, 7, -77.510, 25.059, 119.761, -372.31, 708.56, -407.78, -16.95, -25.53, 14.90, 0.31704, 0.77466, -0.35317, -0.41792
24, 26, -77.814, 24.342, 119.160, -358.09, 687.93, -414.12, -21.86, -14.93, 28.90, 0.32335, 0.77139, -0.35626, -0.41650
24, 16, -78.113, 23.636, 117.770, -351.44, 711.98, -365.17, -18.70, -3.01, 38.25, 0.33489, 0.76577, -0.35641, -0.41764
24, 16, -77.548, 24.379, 118.519, -483.28, 689.88, -460.94, -20.35, 5.40, 43.39, 0.32846, 0.77043, -0.35197, -0.41794
24, 15, -76.468, 24.622, 120.800, -491.03, 697.75, -593.93, -5.10, 7.71, 30.95, 0.31579, 0.78037, -0.35181, -0.40931
24, 16, -76.332, 26.163, 121.263, -604.86, 798.65, -487.00, 10.32, 8.75, 22.52, 0.30594, 0.78319, -0.34570, -0.41653
24, 15, -76.033, 25.361, 121.551, -414.55, 748.96, -443.36, 12.19, 19.07, 15.37, 0.30879, 0.78431, -0.34825, -0.41016
24, 16, -75.559, 24.137, 122.500, -367.98, 714.23, -471.37, 11.31, 16.29, 21.39, 0.30961, 0.78743, -0.35371, -0.39873
24, 15, -74.801, 23.205, 124.248, -379.39, 690.61, -501.95, 23.69, 24.50, 27.32, 0.30440, 0.79381, -0.35845, -0.38564
24, 16, -73.952, 22.216, 126.414, -368.84, 667.91, -527.77, 33.47, 30.25, 29.49, 0.29658, 0.80151, -0.36381, -0.37049
24, 16, -73.186, 21.621, 128.677, -396.67, 648.19, -515.63, 47.55, 46.75, 31.01, 0.28577, 0.80935, -0.36801, -0.35757
24, 16, -72.250, 21.009, 130.940, -411.32, 648.44, -542.60, 56.47, 64.27, 30.51, 0.27527, 0.81759, -0.37067, -0.34405
24, 15, -71.015, 20.205, 133.053, -406.98, 654.17, -558.78, 63.22, 85.21, 21.88, 0.26724, 0.82624, -0.37103, -0.32902
24, 16, -70.284, 19.418, 133.289, -400.33, 691.96, -471.98, 62.84, 88.03, 13.39, 0.27097, 0.82883, -0.36931, -0.32130
24, 15, -69.275, 19.399, 133.436, -442.50, 696.04, -457.58, 58.03, 90.90, 0.37, 0.27281, 0.83239, -0.36247, -0.31831
24, 15, -67.748, 19.887, 133.871, -509.89, 685.73, -467.90, 52.44, 106.22, -11.32, 0.27184, 0.83834, -0.35077, -0.31662
24, 16, -66.205, 19.769, 133.046, -404.42, 709.29, -402.28, 41.08, 104.74, -42.27, 0.28262, 0.84095, -0.33762, -0.31456
24, 15, -64.393, 19.028, 132.212, -421.45, 811.71, -471.80, 35.05, 118.16, -48.00, 0.29659, 0.84386, -0.32478, -0.30733
24, 16, -63.419, 20.085, 130.954, -369.02, 697.39, -392.52, 29.14, 72.33, -80.93, 0.30441, 0.84354, -0.31021, -0.31550
24, 16, -62.890, 19.407, 129.322, -200.20, 792.97, -468.63, 6.27, 35.51, -107.92, 0.32045, 0.84032, -0.30445, -0.31380
24, 15, -62.896, 19.704, 127.701, -260.07, 815.80, -526.18, -7.26, 12.45, -107.03, 0.33115, 0.83580, -0.29884, -0.32011
24, 17, -63.552, 24.095, 124.161, -482.30, 774.84, -324.52, -29.90, -10.89, -129.77, 0.33785, 0.82508, -0.27485, -0.35994
24, 15, -66.116, 29.694, 118.139, -465.15, 756.53, -208.62, -72.59, -73.32, -174.62, 0.34905, 0.80230, -0.24731, -0.41632
24, 15, -67.982, 30.708, 115.299, -192.02, 833.92, -517.76, -92.42, -105.59, -177.93, 0.35752, 0.78978, -0.24485, -0.43413
24, 16, -68.679, 29.395, 114.847, -68.79, 899.29, -770.02, -89.14, -86.03, -133.55, 0.36369, 0.78635, -0.25437, -0.42974
24, 15, -69.689, 28.947, 114.126, -221.98, 805.24, -610.72, -79.36, -77.06, -107.20, 0.36677, 0.78156, -0.26077, -0.43201
24, 15, -70.488, 28.985, 113.341, -184.20, 788.82, -606.51, -88.92, -99.34, -94.83, 0.36892, 0.77724, -0.26304, -0.43658
24, 17, -72.709, 28.409, 110.358, -197.75, 861.88, -407.59, -80.19, -102.81, -74.53, 0.38295, 0.76187, -0.26933, -0.44761
24, 15, -75.654, 28.619, 107.165, -310.67, 866.21, -411.07, -96.94, -129.39, -42.96, 0.39124, 0.74429, -0.27488, -0.46626
24, 16, -77.890, 28.614, 105.728, -321.04, 862.79, -532.41, -97.37, -131.44, -21.24, 0.39133, 0.73393, -0.28341, -0.47737
24, 16, -82.601, 25.015, 99.848, -3.60, 977.97, -133.18, -90.70, -144.42, -1.39, 0.42498, 0.69515, -0.30701, -0.49183
24, 15, -85.706, 26.924, 99.858, -566.10, 786.80, -682.43, -111.84, -194.21, 48.74, 0.40219, 0.69043, -0.31563, -0.51178
24, 16, -89.084, 20.718, 98.829, 170.90, 871.64, -404.72, -82.85, -172.22, 80.75, 0.42337, 0.66299, -0.36361, -0.49898
24, 15, -89.429, 26.360, 103.423, -868.77, 413.33, -797.00, -42.86, -141.63, 57.78, 0.36688, 0.69036, -0.35694, -0.51127
24, 15, -90.004, 28.160, 106.161, -445.56, 630.80, -373.17, -8.04, -93.99, 70.66, 0.33847, 0.70039, -0.36352, -0.51258
24, 17, -91.543, 34.307, 106.771, -962.10, 569.76, -247.31, 12.10, -92.82, 45.81, 0.29513, 0.70752, -0.34437, -0.54196
24, 15, -92.467, 32.480, 108.846, -368.41, 822.27, -415.28, 31.73, -73.93, 50.31, 0.28787, 0.70712, -0.36910, -0.52998
24, 15, -93.602, 34.890, 112.064, -722.41, 591.61, -418.03, 62.13, -81.62, 87.26, 0.24943, 0.71442, -0.37903, -0.53266
24, 16, -94.698, 37.321, 114.394, -771.30, 653.08, -302.49, 90.04, -42.07, 71.79, 0.21611, 0.71847, -0.38474, -0.53765
24, 15, -93.345, 35.778, 121.563, -517.70, 597.66, -601.32, 132.08, -14.98, 80.20, 0.18554, 0.73429, -0.41610, -0.50324
24, 17, -92.647, 35.736, 127.914, -687.07, 598.63, -404.36, 198.59, 41.89, 109.37, 0.14773, 0.74611, -0.43899, -0.47831
24, 15, -94.415, 38.124, 128.774, -941.71, 675.29, 75.56, 184.10, 60.06, 92.05, 0.12107, 0.74127, -0.44368, -0.48889
24, 15, -96.378, 41.140, 128.061, -1073.12, 684.88, 154.60, 139.83, 64.31, 59.27, 0.09962, 0.73397, -0.43980, -0.50787
24, 17, -95.992, 42.359, 129.419, -827.82, 602.17, -127.99, 121.41, 89.80, 29.75, 0.08548, 0.73681, -0.43786, -0.50802
24, 15, -95.676, 42.172, 129.285, -767.40, 747.62, -62.50, 105.40, 116.70, 8.73, 0.08883, 0.73789, -0.43607, -0.50742
24, 15, -93.519, 41.536, 130.497, -729.25, 743.29, -183.04, 93.40, 134.74, -18.12, 0.09413, 0.74695, -0.43025, -0.49808
24, 16, -91.103, 41.443, 131.530, -711.24, 694.82, -178.96, 80.45, 132.51, -34.60, 0.09831, 0.75678, -0.41927, -0.49176
24, 15, -89.381, 36.219, 130.760, -262.51, 1008.85, -297.73, 56.89, 123.25, -43.96, 0.13975, 0.76218, -0.42714, -0.46594
24, 17, -87.004, 33.204, 130.609, -396.61, 848.51, -403.20, 40.66, 99.38, -32.78, 0.16664, 0.77014, -0.42331, -0.44712
24, 15, -84.976, 29.036, 129.013, -172.91, 877.08, -389.28, 15.14, 70.52, -36.24, 0.20716, 0.77340, -0.42077, -0.42649
24, 16, -83.098, 25.867, 127.937, -153.20, 852.42, -486.88, -2.33, 37.09, -33.52, 0.23753, 0.77629, -0.41710, -0.40863
24, 16, -82.215, 24.944, 125.282, -248.29, 870.24, -422.97, -22.20, 5.37, -37.69, 0.26326, 0.77297, -0.40544, -0.41089
24, 15, -82.115, 27.292, 121.506, -461.98, 901.55, -371.83, -48.33, -22.08, -52.65, 0.27730, 0.76635, -0.38068, -0.43692
24, 15, -80.502, 28.628, 121.932, -468.87, 982.42, -820.07, -60.29, -42.71, -75.23, 0.27398, 0.77364, -0.36552, -0.43910
24, 16, -79.016, 29.449, 124.015, -398.25, 924.07, -843.20, -12.09, -49.60, -85.52, 0.26145, 0.78369, -0.35972, -0.43368
24, 15, -79.985, 33.290, 122.340, -512.82, 733.40, -375.18, 10.48, -58.43, -91.22, 0.25006, 0.77861, -0.34256, -0.46249
24, 15, -81.407, 38.204, 120.356, -508.97, 546.81, -270.81, -8.05, -66.39, -101.07, 0.23253, 0.77176, -0.32086, -0.49736
24, 16, -81.271, 42.176, 120.269, -427.98, 412.54, -273.56, -25.33, -62.42, -92.53, 0.21310, 0.77238, -0.30036, -0.51750
24, 16, -80.817, 43.834, 120.766, -368.23, 329.83, -265.75, -36.03, -49.49, -66.78, 0.20314, 0.77431, -0.29144, -0.52367
24, 17, -80.707, 44.516, 120.876, -403.63, 336.67, -271.61, -40.31, -36.27, -37.99, 0.19934, 0.77466, -0.28785, -0.52660
24, 15, -82.894, 46.176, 117.771, -473.21, 338.38, -171.57, -44.98, -16.79, -10.58, 0.20115, 0.76360, -0.27971, -0.54610
24, 15, -85.525, 45.366, 113.288, -489.62, 417.79, -157.35, -63.32, 1.34, 13.22, 0.22243, 0.74879, -0.27964, -0.55825
24, 16, -86.294, 42.840, 110.568, -504.52, 524.84, -221.19, -78.37, 5.74, 33.30, 0.25008, 0.74010, -0.28471, -0.55557
24, 15, -86.145, 38.653, 108.577, -408.94, 625.85, -279.05, -88.93, 7.17, 54.22, 0.28603, 0.73254, -0.29629, -0.54202
24, 15, -84.968, 35.817, 112.684, -807.19, 1241.39, -863.77, 43.62, -9.88, 49.67, 0.27996, 0.74330, -0.32227, -0.51504
24, 16, -82.495, 33.228, 117.102, -485.53, 743.29, -563.42, 29.40, 27.39, 33.40, 0.27516, 0.75911, -0.33807, -0.48347
24, 16, -83.722, 33.936, 116.113, -528.50, 704.04, -304.32, 24.50, -20.41, 21.90, 0.27282, 0.75364, -0.33854, -0.49293
24, 15, -86.952, 32.719, 111.064, -473.94, 1029.42, 75.01, 22.83, -5.17, 22.21, 0.29772, 0.73027, -0.34337, -0.51007
24, 16, -87.706, 31.511, 107.355, -535.03, 1021.55, -41.08, -16.97, 28.34, 32.81, 0.32405, 0.71635, -0.33762, -0.51753
24, 16, -87.207, 31.472, 104.492, -572.63, 956.79, -244.57, -75.79, 2.28, 27.57, 0.34433, 0.70938, -0.32171, -0.52414
24, 16, -89.369, 29.075, 99.322, -265.20, 978.94, -163.51, -113.69, -73.72, 9.67, 0.37798, 0.68267, -0.32365, -0.53512
24, 15, -93.952, 29.475, 91.564, -358.52, 753.23, -65.00, -156.54, -158.51, 21.71, 0.39871, 0.64458, -0.31048, -0.57372
24, 15, -93.389, 33.107, 93.438, -712.95, 563.23, -806.34, -148.68, -122.67, 15.87, 0.37218, 0.66119, -0.29656, -0.57997
24, 16, -94.045, 33.374, 92.850, -432.68, 778.20, -295.23, -99.53, -90.57, 6.17, 0.37083, 0.65820, -0.29586, -0.58457
24, 16, -94.234, 34.437, 92.668, -536.19, 745.24, -311.04, -97.81, -80.76, 15.18, 0.36534, 0.65959, -0.29007, -0.58935
24, 15, -93.529, 36.911, 93.351, -664.25, 671.94, -307.86, -79.44, -53.58, 5.25, 0.35195, 0.66889, -0.27560, -0.59394
24, 16, -91.643, 38.646, 95.571, -608.28, 647.46, -338.93, -56.10, -27.11, -11.74, 0.33933, 0.68344, -0.26612, -0.58902
24, 15, -89.369, 40.541, 98.517, -689.76, 608.64, -385.99, -41.13, -19.26, -12.44, 0.32303, 0.70025, -0.25676, -0.58256
24, 16, -86.635, 42.058, 102.429, -695.86, 594.18, -398.13, -13.89, -4.67, -25.51, 0.30445, 0.71894, -0.25106, -0.57220
24, 16, -87.395, 41.273, 101.735, -605.29, 763.31, -137.63, 2.36, -6.30, -29.11, 0.30919, 0.71452, -0.25670, -0.57269
24, 15, -88.292, 40.528, 100.878, -599.06, 782.53, -135.38, -0.98, -13.11, -24.02, 0.31402, 0.70923, -0.26213, -0.57417
24, 16, -89.497, 40.168, 99.531, -589.11, 791.08, -123.17, -8.45, -24.55, -21.86, 0.31817, 0.70225, -0.26478, -0.57922
24, 16, -91.039, 40.309, 97.758, -607.79, 783.08, -75.68, -4.75, -25.82, -21.60, 0.32036, 0.69397, -0.26435, -0.58813
24, 15, -91.815, 40.326, 96.972, -598.39, 784.00, -77.45, 1.01, -15.24, -22.00, 0.32102, 0.69000, -0.26489, -0.59218
24, 16, -92.478, 40.655, 96.548, -615.54, 776.86, -71.29, 8.84, -13.80, -23.57, 0.31835, 0.68784, -0.26482, -0.59615
24, 15, -93.015, 40.898, 96.256, -621.52, 782.78, -56.09, 14.83, -6.38, -24.54, 0.31598, 0.68621, -0.26515, -0.59914
24, 15, -92.720, 41.269, 96.881, -629.82, 776.12, -68.18, 21.60, 9.70, -29.21, 0.31174, 0.68923, -0.26455, -0.59816
24, 16, -91.334, 41.548, 98.420, -621.95, 766.30, -83.68, 26.08, 35.00, -36.51, 0.30811, 0.69703, -0.26259, -0.59184
24, 15, -89.493, 41.724, 100.394, -617.43, 759.03, -102.42, 31.08, 46.58, -42.91, 0.30450, 0.70675, -0.26044, -0.58306
24, 15, -87.349, 42.237, 102.695, -618.84, 741.52, -118.53, 36.67, 49.76, -50.13, 0.29825, 0.71825, -0.25587, -0.57419
24, 17, -85.336, 42.796, 105.183, -633.67, 727.48, -157.35, 42.23, 45.43, -58.05, 0.28954, 0.72963, -0.25244, -0.56575
24, 15, -83.623, 43.403, 107.543, -643.25, 700.13, -191.10, 40.51, 35.56, -61.68, 0.27959, 0.73968, -0.24973, -0.55887
24, 17, -82.607, 44.344, 109.157, -694.82, 677.19, -199.77, 35.11, 26.37, -58.27, 0.26908, 0.74623, -0.24592, -0.55700
24, 15, -81.985, 45.315, 110.316, -765.44, 652.40, -207.28, 28.50, 27.28, -40.50, 0.25939, 0.75058, -0.24228, -0.55735
24, 15, -79.740, 44.819, 112.934, -774.11, 612.24, -305.54, 9.32, 49.12, -8.03, 0.25552, 0.76112, -0.24269, -0.54453
24, 16, -76.105, 42.278, 117.833, -846.44, 742.13, -874.94, -13.24, 27.60, 16.13, 0.25233, 0.77991, -0.25388, -0.51342
24, 15, -72.548, 38.888, 124.175, -857.06, 1154.66, -1091.00, 72.36, 56.04, -24.22, 0.24038, 0.80257, -0.27293, -0.47286
24, 15, -71.843, 34.761, 128.390, -412.41, 956.60, -548.34, 143.12, 45.12, -40.16, 0.23281, 0.81438, -0.30311, -0.43670
24, 17, -74.153, 32.095, 127.321, -229.43, 596.19, -128.30, 128.62, 31.08, -2.12, 0.24409, 0.80619, -0.32690, -0.42850
24, 15, -76.613, 31.187, 125.806, -245.79, 423.58, -95.21, 106.30, 17.24, 34.72, 0.24975, 0.79565, -0.34233, -0.43287
24, 16, -77.731, 31.424, 126.498, -367.61, 401.73, -186.40, 97.47, 31.12, 73.29, 0.23958, 0.79379, -0.35167, -0.43454
24, 15, -78.633, 32.073, 127.432, -573.24, 468.38, -200.81, 97.86, 54.04, 101.06, 0.22649, 0.79302, -0.35867, -0.43724
24, 15, -79.301, 32.373, 128.130, -719.06, 545.72, -214.05, 91.67, 76.42, 112.97, 0.21763, 0.79231, -0.36468, -0.43806
24, 17, -79.561, 32.182, 128.321, -807.74, 632.93, -213.93, 79.09, 99.71, 113.09, 0.21626, 0.79181, -0.36801, -0.43684
24, 15, -78.832, 32.018, 129.123, -876.04, 653.26, -295.84, 65.59, 113.59, 103.62, 0.21429, 0.79563, -0.36670, -0.43195
24, 15, -77.577, 31.685, 130.271, -776.79, 623.90, -360.11, 57.04, 110.84, 80.35, 0.21261, 0.80175, -0.36363, -0.42400
24, 17, -76.470, 28.715, 130.652, -433.72, 600.83, -431.95, 47.24, 91.26, 63.06, 0.22824, 0.80575, -0.36939, -0.40278
24, 15, -75.449, 24.344, 131.726, -296.57, 599.79, -474.49, 44.85, 72.89, 70.35, 0.24466, 0.81023, -0.38305, -0.37006
24, 15, -74.842, 21.711, 131.608, -328.06, 612.92, -464.05, 42.40, 61.49, 84.21, 0.25951, 0.81090, -0.38845, -0.35241
24, 16, -74.626, 20.554, 131.134, -397.64, 641.05, -429.26, 36.09, 61.49, 91.61, 0.26876, 0.80993, -0.38986, -0.34611
24, 15, -74.167, 20.029, 130.645, -458.13, 658.51, -430.97, 27.02, 67.20, 91.19, 0.27597, 0.81001, -0.38713, -0.34330
24, 16, -73.693, 20.269, 129.509, -490.30, 679.44, -399.11, 13.34, 60.28, 75.36, 0.28434, 0.80897, -0.37944, -0.34748
24, 15, -73.484, 20.663, 127.521, -421.88, 683.35, -376.65, -6.26, 37.91, 55.77, 0.29723, 0.80486, -0.37032, -0.35597
24, 15, -73.772, 20.432, 126.341, -404.11, 784.79, -570.80, -16.99, 15.95, 37.06, 0.30562, 0.80066, -0.36959, -0.35908
24, 17, -73.584, 20.161, 128.054, -423.71, 868.04, -738.59, 24.56, -1.72, 17.80, 0.29540, 0.80557, -0.37466, -0.35131
24, 15, -73.516, 18.754, 128.604, -267.03, 698.55, -550.23, 17.22, 4.50, 18.18, 0.29795, 0.80621, -0.38135, -0.34033
24, 15, -73.869, 20.184, 127.800, -370.97, 687.50, -454.16, 18.71, -0.55, 10.64, 0.29621, 0.80400, -0.37579, -0.35302
24, 16, -74.666, 22.733, 125.756, -491.15, 766.60, -374.57, 7.79, -12.02, -7.50, 0.29651, 0.79787, -0.36452, -0.37764
24, 15, -75.643, 26.047, 122.869, -528.44, 782.65, -360.41, -22.46, -30.50, -37.66, 0.29795, 0.78944, -0.34726, -0.40918
24, 15, -77.016, 30.013, 119.296, -531.86, 761.11, -377.99, -57.87, -56.89, -69.24, 0.29856, 0.77843, -0.32542, -0.44610
24, 17, -79.422, 34.469, 114.105, -533.87, 728.03, -312.68, -86.01, -74.91, -100.67, 0.30185, 0.76094, -0.29887, -0.49044
24, 16, -77.333, 33.402, 115.890, -200.56, 626.46, -613.46, -82.06, -36.33, -100.64, 0.30397, 0.77048, -0.29770, -0.47470
24, 16, -75.948, 32.262, 116.434, -318.91, 711.49, -477.23, -52.75, -2.26, -78.05, 0.31147, 0.77493, -0.29614, -0.46343
24, 15, -77.535, 34.533, 111.835, -550.11, 787.90, -210.33, -67.06, -18.55, -90.03, 0.32468, 0.75951, -0.27630, -0.49131
24, 15, -78.319, 35.498, 109.555, -435.91, 758.00, -342.47, -82.15, -49.93, -109.15, 0.33159, 0.75178, -0.26660, -0.50379
24, 16, -80.253, 36.871, 105.866, -451.72, 778.87, -306.88, -104.50, -79.02, -120.86, 0.34006, 0.73767, -0.25534, -0.52441
24, 15, -81.022, 37.725, 104.117, -405.21, 764.95, -452.76, -119.46, -87.81, -119.99, 0.34342, 0.73156, -0.24756, -0.53442
24, 16, -81.268, 38.381, 103.110, -415.53, 732.67, -483.46, -121.96, -82.75, -110.86, 0.34537, 0.72864, -0.24081, -0.54020
24, 16, -80.421, 38.421, 103.442, -354.43, 781.43, -551.27, -106.13, -77.32, -92.71, 0.34703, 0.73144, -0.23675, -0.53713
24, 16, -81.879, 39.441, 100.881, -504.88, 772.03, -363.83, -112.22, -96.95, -75.87, 0.35118, 0.72169, -0.22817, -0.55117
24, 15, -83.665, 38.795, 98.572, -411.25, 821.72, -376.83, -105.86, -108.18, -60.38, 0.36026, 0.71019, -0.23178, -0.55868
24, 16, -88.152, 36.322, 92.006, -328.19, 880.49, -95.70, -123.93, -122.44, -30.49, 0.39040, 0.67546, -0.24053, -0.57748
24, 16, -88.506, 36.857, 91.521, -592.35, 811.95, -468.32, -127.95, -104.38, -0.27, 0.38873, 0.67411, -0.23707, -0.58161
24, 16, -88.362, 36.486, 91.702, -505.80, 767.33, -408.51, -111.38, -88.13, 11.12, 0.39029, 0.67430, -0.23929, -0.57942
24, 15, -87.750, 34.933, 92.897, -426.70, 751.77, -481.38, -107.44, -88.49, 37.45, 0.39423, 0.67669, -0.25060, -0.56909
24, 15, -87.969, 37.159, 93.414, -819.27, 699.34, -398.19, -76.77, -84.54, 33.02, 0.37869, 0.68213, -0.24172, -0.57695
24, 16, -89.584, 33.808, 91.980, -301.57, 863.10, -113.71, -55.44, -80.76, 30.26, 0.39617, 0.66714, -0.26321, -0.57332
24, 16, -90.770, 37.492, 92.113, -812.50, 603.52, -162.48, -38.74, -92.41, 43.89, 0.37039, 0.67250, -0.24974, -0.59007
24, 15, -92.871, 42.592, 90.920, -1091.98, 516.72, -85.69, -23.43, -83.75, 22.99, 0.33923, 0.67432, -0.22626, -0.61564
24, 16, -93.092, 40.339, 93.326, -528.50, 787.66, -297.67, 5.34, -76.09, 40.32, 0.33603, 0.67668, -0.25340, -0.60413
24, 15, -94.766, 39.616, 94.649, -675.42, 738.77, -163.15, 38.08, -78.37, 70.95, 0.32332, 0.67524, -0.27436, -0.60353
24, 15, -95.968, 39.597, 96.839, -720.95, 786.44, -206.42, 53.28, -69.37, 55.35, 0.30417, 0.67822, -0.29308, -0.60133
24, 16, -97.155, 40.447, 99.599, -751.28, 750.18, -148.74, 97.14, -49.14, 47.34, 0.27681, 0.68367, -0.30992, -0.59994
24, 16, -97.658, 40.844, 103.438, -715.09, 750.00, -156.37, 130.48, -20.68, 43.51, 0.24891, 0.69175, -0.33073, -0.59173
24, 16, -98.251, 38.059, 108.283, -523.38, 768.55, -193.91, 164.05, -0.60, 55.47, 0.23248, 0.69572, -0.37347, -0.56785
24, 16, -96.758, 32.879, 117.227, -286.99, 840.21, -561.28, 205.98, 15.10, 82.14, 0.21422, 0.71105, -0.43188, -0.51185
24, 15, -98.648, 34.109, 119.095, -619.69, 729.92, 1.46, 206.43, 21.71, 81.50, 0.18711, 0.70864, -0.44625, -0.51350
24, 16, -99.726, 36.479, 121.077, -776.92, 731.93, -46.57, 181.53, 30.24, 62.30, 0.15611, 0.71006, -0.45093, -0.51778
24, 15, -101.560, 38.691, 120.854, -796.14, 745.85, 199.52, 172.90, 57.63, 52.62, 0.13595, 0.70482, -0.45097, -0.53044
24, 15, -102.576, 39.732, 120.674, -744.93, 767.27, 84.66, 143.46, 76.86, 43.17, 0.12605, 0.70166, -0.45149, -0.53660
24, 17, -103.323, 39.322, 119.743, -646.79, 834.66, 62.99, 118.88, 91.33, 37.90, 0.13071, 0.69723, -0.45361, -0.53946
24, 15, -105.058, 38.397, 116.204, -584.17, 985.41, 184.75, 76.02, 76.37, 32.19, 0.14940, 0.68489, -0.45162, -0.55195
24, 16, -104.940, 36.467, 114.388, -482.91, 862.24, -86.12, 48.23, 68.55, 28.37, 0.17243, 0.67990, -0.45141, -0.55157
24, 16, -103.511, 34.542, 114.111, -435.85, 814.51, -214.78, 37.13, 63.10, 23.55, 0.19240, 0.68195, -0.45076, -0.54290
24, 15, -101.495, 32.341, 114.772, -394.96, 859.56, -311.77, 29.27, 47.94, 19.13, 0.21082, 0.68742, -0.45217, -0.52778
24, 16, -99.002, 30.775, 116.020, -362.55, 842.90, -365.91, 21.73, 37.25, 4.54, 0.22364, 0.69708, -0.45005, -0.51140
24, 15, -96.332, 31.521, 117.240, -441.96, 786.56, -382.39, 8.45, 22.64, -16.40, 0.22374, 0.71087, -0.43560, -0.50483
24, 15, -96.876, 35.596, 112.445, -722.53, 1027.22, 7.02, -30.70, -0.34, -76.95, 0.22775, 0.70508, -0.39761, -0.54120
24, 16, -93.782, 35.193, 115.112, -378.23, 1302.25, -992.98, -38.99, -21.97, -104.68, 0.22783, 0.72054, -0.39272, -0.52411
24, 16, -91.570, 32.582, 117.875, -62.68, 1068.18, -606.45, 33.83, -8.31, -97.66, 0.23466, 0.73088, -0.40349, -0.49795
24, 15, -90.616, 30.595, 118.196, -77.39, 745.91, -285.40, 39.68, -17.38, -74.07, 0.24753, 0.73273, -0.40801, -0.48515
24, 17, -90.332, 28.275, 117.937, -35.22, 564.64, -227.72, 26.96, -32.93, -43.99, 0.26287, 0.73038, -0.41575, -0.47392
24, 15, -88.693, 28.778, 119.344, -239.20, 518.01, -276.25, 26.70, -18.39, -17.13, 0.25790, 0.74007, -0.40872, -0.46768
24, 16, -87.726, 32.380, 119.778, -523.50, 543.58, -241.76, 27.47, 4.62, 0.88, 0.23992, 0.74790, -0.38776, -0.48242
24, 15, -86.750, 35.772, 120.625, -821.17, 653.50, -347.84, 21.55, 14.35, 8.93, 0.22039, 0.75523, -0.36917, -0.49474
24, 15, -85.736, 39.343, 121.638, -971.01, 613.04, -340.27, 21.49, 23.11, -0.78, 0.19896, 0.76179, -0.35002, -0.50752
24, 16, -84.527, 42.388, 122.735, -836.00, 486.51, -256.65, 21.70, 42.12, -12.92, 0.18070, 0.76762, -0.33235, -0.51735
24, 15, -83.798, 44.555, 123.092, -718.75, 435.42, -213.07, 11.01, 48.48, -17.64, 0.16999, 0.77005, -0.31867, -0.52591
24, 15, -81.941, 44.762, 125.070, -695.07, 487.37, -362.61, -1.84, 44.08, -16.32, 0.16399, 0.77800, -0.31417, -0.51877
24, 17, -80.389, 44.576, 126.785, -796.88, 570.31, -455.51, -4.05, 39.86, -21.23, 0.16024, 0.78475, -0.31216, -0.51093
24, 15, -78.625, 44.062, 128.844, -757.08, 564.15, -495.24, -0.94, 36.48, -32.23, 0.15650, 0.79268, -0.31146, -0.50016
24, 15, -77.237, 42.217, 130.477, -544.01, 487.79, -434.14, 2.50, 39.63, -26.54, 0.16044, 0.79990, -0.31707, -0.48361
24, 16, -77.838, 39.204, 129.211, -380.92, 479.00, -310.18, 0.34, 40.38, -5.92, 0.18184, 0.79784, -0.32923, -0.47116
24, 15, -78.298, 34.160, 127.259, -255.31, 566.59, -310.97, -7.45, 56.69, 20.36, 0.21867, 0.79392, -0.34666, -0.44911
24, 16, -77.723, 28.331, 126.295, -236.76, 688.23, -433.41, -12.80, 69.84, 54.33, 0.25599, 0.79242, -0.36413, -0.41707
24, 15, -76.765, 20.310, 125.690, -40.89, 787.60, -520.26, -13.53, 72.91, 82.80, 0.30120, 0.78894, -0.38877, -0.36840
24, 16, -75.813, 14.419, 125.779, -171.94, 993.77, -697.33, -3.83, 66.65, 117.97, 0.32996, 0.78637, -0.40589, -0.32864
24, 16, -75.696, 14.839, 124.984, -453.00, 1125.98, -529.48, 38.01, 9.93, 64.23, 0.33390, 0.78498, -0.40115, -0.33376
24, 15, -75.862, 7.661, 124.230, 365.11, 1092.35, -478.88, 34.44, 13.19, 96.02, 0.36943, 0.77181, -0.42786, -0.29116
24, 15, -76.852, 9.521, 123.413, -435.97, 865.84, -355.41, 30.44, -29.25, 118.93, 0.36442, 0.76855, -0.42530, -0.30928
24, 16, -77.337, 11.094, 123.214, -329.28, 780.15, -413.57, 18.84, -32.13, 96.44, 0.35761, 0.76861, -0.42191, -0.32148
24, 15, -77.545, 12.365, 123.127, -282.90, 727.54, -432.07, 4.42, -32.06, 86.84, 0.35203, 0.76950, -0.41807, -0.33040
24, 15, -76.913, 16.040, 124.094, -518.80, 667.72, -494.57, -0.71, -18.82, 52.09, 0.33103, 0.77957, -0.40203, -0.34793
24, 16, -77.205, 19.293, 123.696, -438.17, 669.98, -454.16, -13.97, -27.26, 24.54, 0.31810, 0.78108, -0.38952, -0.37013
24, 16, -77.728, 22.990, 122.925, -546.39, 679.99, -460.14, -24.18, -34.98, 10.31, 0.30449, 0.78076, -0.37497, -0.39636
24, 16, -78.363, 26.492, 121.170, -558.72, 704.53, -400.09, -32.03, -28.88, -11.72, 0.29757, 0.77695, -0.35772, -0.42407
24, 16, -77.903, 29.639, 121.428, -620.85, 711.00, -543.70, -34.93, -26.32, -38.77, 0.28243, 0.78105, -0.34141, -0.44003
24, 15, -77.249, 32.981, 122.334, -693.48, 720.52, -566.71, -19.65, -27.05, -66.67, 0.26257, 0.78647, -0.32526, -0.45467
24, 16, -76.147, 34.417, 124.790, -587.77, 727.66, -646.91, 10.08, -26.70, -87.56, 0.24301, 0.79522, -0.32088, -0.45343
24, 15, -75.365, 35.174, 127.015, -493.84, 598.51, -478.03, 32.39, -7.24, -82.95, 0.22692, 0.80195, -0.32084, -0.44995
24, 15, -75.562, 34.152, 127.433, -345.95, 496.58, -319.70, 35.71, 16.94, -59.03, 0.22815, 0.80232, -0.32831, -0.44322
24, 16, -76.661, 33.750, 124.916, -386.78, 580.26, -205.51, 24.38, 31.52, -29.88, 0.24335, 0.79399, -0.32793, -0.45036
24, 16, -77.564, 33.085, 122.403, -428.89, 624.76, -233.46, 5.91, 34.23, -8.61, 0.26034, 0.78576, -0.32722, -0.45578
24, 15, -77.729, 30.816, 120.692, -350.16, 617.55, -295.65, -11.07, 34.61, 6.65, 0.28243, 0.78035, -0.33200, -0.44840
24, 16, -78.741, 28.018, 116.645, -258.97, 665.59, -167.42, -30.80, 30.98, 24.04, 0.31927, 0.76487, -0.33604, -0.44735
24, 15, -79.020, 26.334, 112.851, -363.77, 786.32, -235.29, -57.21, 24.61, 33.84, 0.35131, 0.75126, -0.33109, -0.45007
24, 16, -77.428, 24.789, 115.889, -538.09, 1087.34, -676.94, 25.51, 23.55, 41.74, 0.34459, 0.76347, -0.33957, -0.42785
24, 15, -78.216, 27.185, 112.328, -648.50, 902.95, -14.22, 1.43, 17.08, 4.43, 0.35389, 0.75288, -0.31960, -0.45364
24, 15, -78.904, 29.052, 108.936, -488.34, 867.92, -167.97, -36.02, -9.80, -34.87, 0.36437, 0.74245, -0.30101, -0.47476
24, 16, -79.867, 29.073, 105.865, -366.39, 920.96, -262.27, -64.47, -40.39, -59.88, 0.37997, 0.73000, -0.29421, -0.48596
24, 16, -80.112, 30.065, 104.399, -354.19, 900.02, -433.78, -104.10, -66.95, -80.81, 0.38348, 0.72581, -0.28428, -0.49531
24, 15, -82.080, 32.905, 100.504, -446.11, 825.26, -318.85, -140.15, -107.57, -102.52, 0.38534, 0.71194, -0.26394, -0.52439
24, 17, -83.671, 35.470, 97.103, -460.14, 793.46, -320.68, -145.65, -100.24, -110.75, 0.38612, 0.70075, -0.24353, -0.54823
24, 15, -86.155, 40.105, 91.956, -666.44, 687.87, -113.04, -135.51, -75.90, -108.31, 0.38140, 0.68590, -0.20639, -0.58436
24, 15, -89.646, 43.601, 85.257, -738.40, 727.48, -22.40, -155.07, -77.00, -120.99, 0.38430, 0.66396, -0.17092, -0.61826
24, 16, -89.407, 43.357, 83.036, -485.66, 791.99, -226.38, -172.97, -62.68, -115.26, 0.39967, 0.65623, -0.15903, -0.61995
24, 15, -89.003, 42.653, 80.832, -470.76, 728.70, -91.61, -151.39, -35.46, -91.99, 0.41803, 0.64743, -0.14913, -0.61955
24, 16, -85.461, 43.494, 83.948, -527.10, 764.89, -428.10, -111.11, -35.06, -63.15, 0.41480, 0.66488, -0.14032, -0.60513
24, 17, -80.508, 42.616, 89.936, -442.81, 783.26, -646.42, -70.84, -23.78, -38.86, 0.40938, 0.69131, -0.14725, -0.57691
24, 15, -77.583, 41.848, 93.250, -552.43, 765.75, -450.26, -63.71, -25.33, -24.97, 0.40751, 0.70603, -0.15045, -0.55930
24, 16, -76.777, 41.839, 94.222, -646.97, 728.52, -258.73, -44.43, -30.18, -17.47, 0.40547, 0.71053, -0.15025, -0.55514
24, 15, -75.957, 41.436, 95.189, -630.25, 723.57, -245.42, -39.17, -23.51, -9.48, 0.40538, 0.71466, -0.15218, -0.54933
24, 15, -72.721, 42.987, 100.321, -1098.88, 793.76, -716.19, -7.51, -11.11, -16.33, 0.38064, 0.73751, -0.14701, -0.53813
24, 16, -70.221, 45.053, 106.027, -1002.56, 779.05, -334.47, 93.77, 28.79, -72.76, 0.34506, 0.75915, -0.14567, -0.53237
24, 15, -71.854, 46.939, 105.819, -693.05, 539.12, 31.37, 89.84, 35.98, -75.58, 0.32956, 0.75633, -0.14502, -0.54620
24, 17, -76.580, 48.481, 100.594, -528.38, 414.73, 249.02, 57.27, 36.16, -57.14, 0.33271, 0.73546, -0.14151, -0.57304
24, 16, -78.354, 49.202, 98.561, -561.95, 407.47, 84.90, 35.85, 43.99, -33.35, 0.33300, 0.72765, -0.13839, -0.58351
24, 15, -78.552, 47.870, 97.845, -526.73, 448.43, 29.36, 23.52, 62.54, -5.94, 0.34345, 0.72464, -0.14380, -0.57988
24, 16, -78.723, 44.598, 96.908, -443.91, 514.71, 21.12, 12.89, 53.05, 21.22, 0.36532, 0.71933, -0.15933, -0.56896
24, 15, -77.788, 37.728, 95.649, -247.01, 719.60, 56.64, -11.34, 76.00, 62.25, 0.41188, 0.70978, -0.18746, -0.53984
24, 15, -76.301, 36.435, 98.959, -838.81, 1183.04, -328.67, 34.71, 4.01, 38.94, 0.40432, 0.72268, -0.20095, -0.52333
24, 16, -74.116, 35.845, 102.284, -535.46, 727.84, -297.00, 8.09, 12.57, 21.39, 0.39576, 0.73762, -0.20529, -0.50710
24, 15, -74.529, 37.913, 101.624, -611.27, 712.95, -95.46, 10.54, -2.14, -19.58, 0.38835, 0.73625, -0.19344, -0.51933
24, 15, -73.956, 39.434, 102.708, -677.06, 737.30, -151.37, 24.87, 13.79, -22.25, 0.37667, 0.74182, -0.18616, -0.52265
24, 17, -74.483, 33.438, 102.727, -251.89, 1240.78, -241.94, 19.39, -0.93, 28.59, 0.40257, 0.73637, -0.22289, -0.49601
24, 15, -76.363, 28.281, 101.964, -227.60, 1082.03, -230.90, 1.30, -57.68, 68.98, 0.42318, 0.72374, -0.25976, -0.47921
24, 16, -80.153, 31.185, 99.819, -872.38, 676.09, -105.77, -18.66, -119.80, 116.87, 0.40665, 0.71148, -0.25834, -0.51155
24, 15, -83.356, 33.494, 96.635, -726.99, 765.87, 1.28, -21.90, -84.37, 65.33, 0.40030, 0.69671, -0.25054, -0.53999
24, 15, -85.536, 37.273, 95.026, -1082.52, 539.61, -122.80, -40.89, -87.43, 94.63, 0.38056, 0.69272, -0.23451, -0.56596
24, 16, -86.832, 40.273, 93.561, -904.54, 654.72, -92.77, -38.35, -52.44, 37.99, 0.36744, 0.69016, -0.21766, -0.58420
24, 15, -89.720, 37.330, 89.722, -412.90, 666.32, 32.71, -41.60, -59.86, 55.85, 0.39062, 0.66644, -0.23221, -0.59106
24, 15, -88.408, 42.185, 91.475, -1024.72, 545.84, -214.97, -31.03, -22.32, 8.71, 0.36178, 0.68371, -0.20515, -0.59965
24, 17, -87.457, 44.485, 92.734, -856.02, 588.32, -160.83, -18.43, -12.37, 2.06, 0.34701, 0.69279, -0.19249, -0.60214
24, 16, -87.128, 45.595, 93.498, -800.11, 606.75, -126.71, -10.61, -16.42, -0.28, 0.33818, 0.69715, -0.18798, -0.60357
24, 15, -87.553, 44.687, 93.367, -695.43, 693.54, -66.59, -3.76, -13.76, 2.82, 0.34159, 0.69482, -0.19521, -0.60203
24, 16, -88.247, 42.815, 92.917, -641.36, 776.92, -42.79, 1.11, -12.63, 10.13, 0.35065, 0.68948, -0.20803, -0.59865
24, 15, -88.645, 41.294, 92.877, -623.41, 789.61, -53.53, 3.17, -12.06, 14.68, 0.35687, 0.68619, -0.21909, -0.59480
24, 16, -88.773, 40.118, 93.062, -598.63, 802.55, -72.45, -2.30, -13.37, 11.60, 0.36129, 0.68455, -0.22765, -0.59080
24, 14, -88.630, 40.045, 92.786, -646.24, 798.34, -41.75, -13.93, -0.11, 3.33, 0.36406, 0.68383, -0.22579, -0.59064
24, 15, -85.122, 43.627, 95.479, -1440.00, 1365.23, -511.96, -48.24, 23.40, -87.36, 0.34695, 0.70394, -0.19754, -0.58743
24, 18, -81.021, 42.726, 102.908, -462.16, 1481.51, -627.81, 84.82, 23.89, -162.96, 0.32560, 0.73225, -0.21414, -0.55851
24, 15, -79.689, 38.698, 107.425, -38.82, 1127.87, -235.78, 129.64, 24.32, -130.58, 0.32338, 0.74487, -0.24904, -0.52779
24, 15, -81.047, 36.026, 107.721, -181.27, 750.92, 68.54, 142.27, 34.39, -66.22, 0.32873, 0.74050, -0.27341, -0.51851
24, 16, -84.443, 34.861, 104.393, -177.55, 528.69, 206.67, 116.00, 15.57, -29.56, 0.34032, 0.72123, -0.28603, -0.53123
24, 15, -82.718, 31.734, 109.816, -152.22, 423.10, -210.14, 89.58, 7.49, 21.45, 0.32938, 0.73789, -0.31573, -0.49734
24, 15, -82.993, 32.232, 112.046, -309.02, 395.51, -108.03, 103.10, 11.23, 63.96, 0.31126, 0.74388, -0.32464, -0.49433
24, 16, -84.336, 34.162, 112.287, -448.97, 376.71, 6.35, 102.55, 24.24, 92.96, 0.29396, 0.74259, -0.32475, -0.50664
24, 16, -86.484, 35.107, 110.493, -549.50, 429.75, 114.50, 85.20, 38.97, 120.01, 0.29095, 0.73287, -0.32573, -0.52168
24, 17, -87.698, 37.004, 109.434, -831.18, 516.42, 63.17, 55.63, 36.31, 113.20, 0.28204, 0.72883, -0.31884, -0.53628
24, 15, -87.565, 37.380, 110.347, -765.20, 622.19, -166.63, 43.71, 37.07, 105.99, 0.27484, 0.73181, -0.32031, -0.53509
24, 15, -87.625, 37.371, 111.193, -840.45, 742.61, -232.24, 41.55, 29.91, 102.91, 0.26919, 0.73364, -0.32469, -0.53281
24, 16, -88.051, 37.375, 111.579, -960.14, 919.98, -299.74, 35.77, 17.59, 91.92, 0.26472, 0.73333, -0.32919, -0.53272
24, 15, -89.239, 38.439, 110.994, -1009.58, 952.39, -254.39, 33.52, -1.25, 65.31, 0.25712, 0.72962, -0.32858, -0.54183
24, 15, -90.999, 39.839, 109.352, -656.92, 632.39, -132.63, 22.18, -11.95, 43.78, 0.25142, 0.72239, -0.32461, -0.55638
24, 16, -92.374, 38.192, 108.573, -481.32, 557.68, -182.68, 7.29, -9.54, 50.15, 0.25874, 0.71478, -0.33803, -0.55488
24, 16, -92.240, 34.828, 109.946, -404.54, 679.75, -337.95, 6.48, -7.74, 63.64, 0.26933, 0.71394, -0.36097, -0.53614
24, 15, -91.718, 31.434, 111.940, -459.96, 897.09, -468.38, 19.41, 2.53, 76.93, 0.27774, 0.71565, -0.38372, -0.51328
24, 17, -91.717, 30.227, 112.643, -555.73, 907.47, -354.92, 28.03, 2.37, 74.14, 0.27986, 0.71562, -0.39270, -0.50532
24, 15, -92.490, 30.392, 111.404, -508.18, 790.53, -212.34, 22.88, 0.14, 64.42, 0.28326, 0.71018, -0.39121, -0.51222
24, 16, -91.829, 29.280, 112.650, -411.44, 730.71, -303.59, 23.07, 7.14, 63.26, 0.28443, 0.71384, -0.39798, -0.50115
24, 15, -91.128, 29.060, 113.456, -491.52, 784.24, -307.50, 23.98, 16.63, 68.62, 0.28362, 0.71794, -0.39816, -0.49557
24, 15, -89.703, 27.966, 115.597, -489.62, 847.96, -427.73, 28.34, 25.51, 66.54, 0.28201, 0.72666, -0.40344, -0.47925
24, 16, -88.853, 27.146, 116.986, -471.74, 792.24, -373.05, 36.85, 28.61, 55.73, 0.28101, 0.73198, -0.40756, -0.46813
24, 16, -88.257, 26.698, 117.624, -438.42, 748.78, -336.61, 37.86, 29.54, 53.44, 0.28169, 0.73508, -0.40838, -0.46210
24, 15, -88.581, 27.467, 116.257, -554.02, 859.44, -245.61, 27.02, 21.90, 38.58, 0.28509, 0.73156, -0.40136, -0.47165
24, 16, -87.528, 26.268, 117.503, -373.60, 751.40, -366.94, 29.74, 25.52, 31.47, 0.28763, 0.73682, -0.40516, -0.45849
24, 15, -86.353, 25.787, 118.842, -413.70, 764.28, -391.72, 32.50, 29.17, 32.52, 0.28611, 0.74372, -0.40504, -0.44829
24, 15, -85.004, 25.552, 120.282, -413.21, 740.05, -393.07, 38.05, 36.60, 27.14, 0.28313, 0.75178, -0.40286, -0.43860
24, 16, -83.054, 25.615, 122.986, -463.87, 713.99, -478.15, 42.31, 46.36, 20.87, 0.27227, 0.76523, -0.39985, -0.42475
24, 16, -81.812, 25.038, 123.258, -417.11, 764.40, -380.13, 49.96, 62.52, 12.57, 0.27788, 0.76968, -0.39502, -0.41755
24, 16, -79.530, 25.473, 125.978, -513.49, 696.41, -467.71, 54.43, 76.84, 1.05, 0.26550, 0.78425, -0.38747, -0.40537
24, 16, -77.992, 25.791, 125.766, -508.48, 732.97, -256.71, 58.72, 101.36, -21.09, 0.27086, 0.78907, -0.37483, -0.40436
24, 15, -74.762, 28.380, 127.665, -749.57, 661.87, -354.74, 49.91, 117.42, -55.31, 0.25685, 0.80471, -0.34821, -0.40648
24, 16, -73.090, 25.262, 127.219, -365.48, 892.82, -410.40, 36.76, 110.79, -50.02, 0.28007, 0.80777, -0.34788, -0.38478
24, 15, -71.801, 26.678, 124.544, -553.77, 813.90, -182.37, 7.01, 91.93, -81.10, 0.29694, 0.80534, -0.32368, -0.39810
24, 15, -70.568, 25.700, 121.999, -249.51, 905.52, -368.96, -31.08, 41.82, -127.53, 0.32338, 0.80146, -0.31050, -0.39583
24, 16, -68.955, 24.024, 121.110, -167.66, 805.85, -423.83, -23.74, 36.16, -119.07, 0.34229, 0.80235, -0.30364, -0.38324
24, 15, -69.104, 25.830, 117.285, -354.98, 848.82, -240.84, -33.16, 7.04, -129.97, 0.36071, 0.79125, -0.28326, -0.40445
24, 15, -67.789, 23.140, 117.595, -20.75, 892.64, -523.38, -23.31, 2.47, -102.52, 0.37438, 0.79383, -0.28777, -0.38323
24, 17, -68.618, 26.328, 114.138, -445.56, 853.70, -258.54, -33.69, -20.13, -102.52, 0.38193, 0.78252, -0.26632, -0.41337
24, 16, -71.212, 31.551, 106.880, -589.17, 905.15, -15.20, -93.04, -51.07, -147.38, 0.39788, 0.75576, -0.22924, -0.46687
24, 16, -71.998, 31.221, 104.227, -121.52, 926.94, -468.26, -129.52, -82.60, -154.79, 0.41351, 0.74454, -0.22527, -0.47320
24, 15, -73.418, 33.016, 101.320, -360.17, 766.36, -366.52, -133.23, -92.09, -124.66, 0.41813, 0.73295, -0.21232, -0.49282
24, 15, -74.834, 33.097, 99.527, -312.32, 813.66, -438.60, -120.14, -100.14, -96.00, 0.42301, 0.72382, -0.21309, -0.50173
24, 16, -76.906, 33.323, 97.675, -388.06, 849.37, -428.77, -110.73, -115.12, -75.26, 0.42438, 0.71336, -0.21660, -0.51391
24, 15, -78.955, 33.057, 95.881, -392.40, 835.57, -347.60, -98.92, -105.55, -54.01, 0.42745, 0.70240, -0.22265, -0.52378
24, 15, -80.465, 32.433, 93.905, -336.43, 831.60, -276.86, -111.21, -99.27, -26.57, 0.43548, 0.69103, -0.22632, -0.53068
24, 18, -79.726, 32.886, 96.125, -436.10, 696.59, -514.77, -88.52, -83.34, 3.97, 0.42323, 0.70153, -0.22947, -0.52542
24, 15, -78.197, 33.294, 100.128, -503.91, 750.18, -644.17, -44.41, -61.74, 1.44, 0.40340, 0.71963, -0.23584, -0.51360
24, 16, -79.829, 29.284, 99.635, -175.48, 984.01, -290.34, -28.82, -78.44, 19.07, 0.41825, 0.70869, -0.26598, -0.50207
24, 15, -81.299, 32.728, 100.528, -945.92, 646.24, -399.05, -30.10, -98.80, 72.63, 0.38963, 0.71356, -0.26017, -0.52090
24, 15, -82.702, 32.584, 101.564, -566.35, 840.39, -338.38, -1.47, -82.53, 42.95, 0.37749, 0.71355, -0.27442, -0.52254
24, 16, -85.287, 33.087, 101.291, -586.91, 617.98, -159.42, 17.04, -79.79, 105.22, 0.36475, 0.70709, -0.28644, -0.53379
24, 15, -87.903, 36.001, 100.093, -864.69, 713.13, -70.86, 23.96, -64.51, 59.94, 0.34469, 0.70142, -0.28090, -0.55705
24, 15, -88.820, 36.153, 101.863, -554.02, 646.61, -208.68, 34.93, -47.18, 49.02, 0.32858, 0.70455, -0.29429, -0.55592
24, 17, -91.659, 40.452, 98.871, -1030.46, 573.73, 202.76, 30.43, -18.97, 27.70, 0.30966, 0.69580, -0.27302, -0.58774
24, 15, -94.184, 43.491, 95.857, -932.68, 603.94, 155.76, 18.11, -4.62, 7.07, 0.29795, 0.68689, -0.25532, -0.61173
24, 15, -95.074, 42.777, 94.885, -684.57, 750.12, -23.19, 4.79, -1.87, -0.79, 0.30293, 0.68111, -0.25951, -0.61398
24, 16, -94.912, 40.818, 95.409, -594.18, 805.66, -95.34, 5.76, -0.47, 12.99, 0.31148, 0.67930, -0.27245, -0.60606
24, 15, -94.474, 39.106, 96.156, -566.77, 822.63, -109.19, 6.07, 3.83, 15.66, 0.31872, 0.67918, -0.28340, -0.59734
24, 16, -93.800, 37.908, 96.928, -543.33, 826.29, -121.58, 0.62, 6.31, 8.52, 0.32413, 0.68077, -0.29008, -0.58937
24, 15, -92.716, 37.295, 97.612, -540.28, 845.58, -129.33, -9.36, 15.08, -5.99, 0.32891, 0.68432, -0.29051, -0.58235
24, 15, -91.302, 36.839, 97.979, -522.09, 842.16, -133.79, -22.50, 22.95, -23.84, 0.33630, 0.68812, -0.28643, -0.57564
24, 17, -88.248, 36.090, 101.790, -723.57, 1326.11, -613.34, -6.87, 20.09, -31.23, 0.33213, 0.70570, -0.29075, -0.55420
24, 15, -86.763, 35.835, 104.543, -642.82, 1386.05, -455.69, 32.74, 0.90, -72.73, 0.32348, 0.71702, -0.29608, -0.54183
24, 15, -85.235, 35.649, 108.702, -538.82, 1211.98, -495.00, 74.36, -5.91, -83.94, 0.30527, 0.73224, -0.30677, -0.52586
24, 17, -83.979, 35.633, 112.718, -533.14, 942.44, -357.48, 102.74, 8.59, -65.25, 0.28513, 0.74599, -0.31694, -0.51162
24, 15, -84.081, 37.226, 114.998, -508.73, 637.33, -187.32, 121.62, 14.31, -47.39, 0.26146, 0.75231, -0.31981, -0.51322
24, 15, -83.481, 36.538, 118.879, -328.19, 464.78, -204.77, 127.34, 19.10, -31.46, 0.24207, 0.76217, -0.33632, -0.49738
24, 16, -87.968, 39.633, 114.375, -331.60, 297.67, 261.29, 129.53, 37.28, 1.11, 0.23489, 0.74154, -0.33022, -0.53470
24, 16, -91.119, 43.236, 110.979, -401.61, 179.87, 219.67, 94.04, 57.25, 30.66, 0.22164, 0.72859, -0.31556, -0.56609
24, 16, -91.942, 44.095, 110.737, -382.26, 238.16, 14.16, 69.95, 65.59, 50.43, 0.21427, 0.72655, -0.31506, -0.57179
24, 15, -90.959, 43.832, 112.950, -524.11, 349.12, -106.26, 62.40, 73.18, 63.33, 0.20653, 0.73315, -0.32114, -0.56277
24, 16, -91.394, 43.126, 113.198, -545.84, 428.10, -99.12, 55.08, 62.52, 58.43, 0.20677, 0.73188, -0.32878, -0.55991
24, 16, -94.893, 41.543, 108.572, -504.94, 552.86, 114.26, 33.06, 42.79, 58.55, 0.22756, 0.71145, -0.33620, -0.57361
24, 15, -95.809, 41.961, 106.970, -699.95, 576.78, -95.95, 2.68, 26.46, 56.43, 0.23047, 0.70610, -0.33158, -0.58169
24, 15, -93.676, 40.168, 109.544, -966.37, 948.61, -543.52, -7.55, 30.72, 61.92, 0.23531, 0.71540, -0.34063, -0.56286
24, 16, -91.373, 38.732, 112.820, -1514.04, 1438.05, -905.46, 8.00, 37.13, 46.75, 0.23382, 0.72751, -0.34929, -0.54227
24, 16, -89.749, 37.843, 115.977, -841.98, 1054.26, -659.00, 31.80, 11.10, -8.96, 0.22609, 0.73807, -0.35805, -0.52530
24, 15, -89.354, 33.043, 117.405, -112.98, 566.16, -293.03, 34.68, 2.00, -6.77, 0.24479, 0.73800, -0.38507, -0.49715
24, 16, -90.496, 31.143, 115.689, -152.10, 346.01, -102.05, 28.73, -1.07, 17.04, 0.26108, 0.72823, -0.39394, -0.49632
24, 15, -87.394, 28.178, 119.805, -254.76, 527.71, -390.26, 33.09, 63.20, 44.68, 0.26333, 0.74508, -0.40488, -0.45999
24, 16, -85.361, 26.535, 120.745, -430.91, 772.83, -389.95, 29.59, 71.82, 54.60, 0.27371, 0.75271, -0.40263, -0.44317
24, 15, -82.861, 25.376, 122.961, -595.89, 1016.36, -624.94, 33.16, 71.94, 46.65, 0.27434, 0.76563, -0.39950, -0.42303
24, 15, -81.783, 24.301, 123.055, -418.09, 880.49, -446.53, 44.69, 42.95, 31.29, 0.28298, 0.76861, -0.39724, -0.41396
24, 17, -82.194, 24.157, 121.024, -305.11, 671.33, -200.01, 35.59, 19.45, 27.39, 0.29575, 0.76192, -0.39321, -0.42119
24, 16, -82.582, 25.554, 118.912, -381.53, 646.55, -210.69, 6.85, 5.55, 23.95, 0.30140, 0.75658, -0.38167, -0.43712
24, 15, -82.353, 28.074, 117.815, -593.20, 776.00, -319.82, -6.07, 6.97, 11.89, 0.29701, 0.75703, -0.36437, -0.45379
24, 16, -81.234, 28.237, 118.385, -504.46, 825.62, -447.33, -3.18, 18.62, 8.04, 0.29684, 0.76218, -0.35845, -0.44997
24, 15, -80.931, 27.879, 117.158, -483.09, 861.51, -356.87, 4.55, 27.00, 12.84, 0.30795, 0.75956, -0.35327, -0.45104
24, 15, -81.751, 29.845, 114.661, -557.37, 826.54, -262.02, -13.83, -9.50, -7.19, 0.31140, 0.75222, -0.33929, -0.47125
24, 16, -83.753, 32.443, 110.357, -581.60, 831.97, -139.95, -35.30, -33.93, -32.29, 0.31780, 0.73732, -0.32116, -0.50221
24, 15, -86.285, 35.072, 104.986, -559.57, 841.74, -158.81, -74.68, -57.62, -66.02, 0.32693, 0.71852, -0.29924, -0.53600
24, 16, -88.923, 38.123, 99.204, -627.93, 858.34, -173.03, -112.93, -70.84, -89.00, 0.33396, 0.69961, -0.27102, -0.57058
24, 16, -90.729, 39.978, 94.560, -567.69, 870.12, -232.18, -150.29, -84.16, -114.85, 0.34298, 0.68485, -0.24788, -0.59322
24, 15, -90.884, 40.454, 92.458, -429.02, 839.23, -419.37, -164.59, -90.12, -113.82, 0.35214, 0.67900, -0.23511, -0.59973
24, 16, -94.135, 41.550, 85.227, -583.37, 849.49, -65.12, -188.95, -93.56, -113.79, 0.37091, 0.65211, -0.20885, -0.62735
24, 15, -101.595, 41.829, 71.640, -601.07, 872.01, 418.46, -222.27, -106.83, -124.99, 0.40094, 0.59463, -0.17047, -0.67572
24, 16, -98.064, 43.151, 73.524, -537.54, 860.17, -573.36, -250.00, -94.73, -112.52, 0.40485, 0.61037, -0.15489, -0.66299
24, 16, -91.779, 43.506, 77.790, -448.00, 841.92, -883.73, -247.22, -60.39, -82.04, 0.41545, 0.63477, -0.14273, -0.63569
24, 15, -87.821, 42.700, 80.564, -509.03, 747.19, -341.43, -146.39, -34.20, -48.78, 0.42568, 0.64804, -0.14071, -0.61566
24, 15, -84.058, 41.908, 84.406, -525.09, 825.56, -310.42, -85.82, -26.68, -27.38, 0.42754, 0.66551, -0.14432, -0.59454
24, 17, -80.732, 41.169, 88.778, -519.96, 792.36, -455.20, -58.17, -32.00, -12.43, 0.42245, 0.68485, -0.15153, -0.57407
24, 15, -79.584, 40.117, 91.164, -552.25, 817.50, -284.48, -26.03, -40.14, -3.67, 0.41901, 0.69374, -0.16279, -0.56273
24, 17, -78.150, 36.504, 94.232, -371.58, 1024.05, -405.03, -18.62, -35.93, 14.85, 0.42482, 0.70250, -0.19015, -0.53839
24, 15, -72.947, 32.613, 106.808, -498.72, 1122.62, -1380.62, 132.96, 26.95, 65.83, 0.38639, 0.75279, -0.23472, -0.47846
24, 15, -70.124, 30.661, 116.125, -778.81, 1200.20, -504.70, 236.48, 82.85, 33.58, 0.34388, 0.78755, -0.26297, -0.43859
24, 16, -71.075, 28.014, 119.209, -419.98, 931.46, -48.10, 236.95, 69.08, 43.06, 0.33081, 0.79322, -0.29361, -0.41851
24, 15, -72.206, 24.612, 121.989, -310.36, 844.18, -97.47, 230.51, 64.08, 72.14, 0.32259, 0.79629, -0.32669, -0.39385
24, 15, -75.499, 24.689, 121.552, -447.57, 707.95, 216.25, 217.10, 31.15, 96.21, 0.31378, 0.78544, -0.34756, -0.40474
24, 17, -78.285, 24.492, 120.799, -404.91, 658.87, 109.19, 177.86, 25.34, 107.93, 0.30988, 0.77457, -0.36471, -0.41352
24, 16, -81.411, 24.492, 118.306, -388.43, 559.94, 216.31, 147.15, 28.59, 132.89, 0.31505, 0.75766, -0.37643, -0.43011
24, 16, -82.286, 25.187, 118.725, -631.59, 616.76, -17.52, 114.56, 52.73, 156.18, 0.30557, 0.75668, -0.38066, -0.43493
24, 15, -82.902, 26.601, 119.362, -762.39, 699.95, -84.29, 101.35, 45.07, 135.38, 0.29199, 0.75777, -0.38079, -0.44218
24, 15, -83.807, 27.700, 119.194, -708.80, 745.54, -130.07, 79.95, 33.61, 118.24, 0.28405, 0.75543, -0.38113, -0.45098
24, 16, -84.665, 28.704, 118.396, -724.06, 774.17, -130.98, 60.55, 35.45, 110.28, 0.28078, 0.75161, -0.37900, -0.46109
24, 15, -85.318, 30.551, 117.580, -862.73, 823.91, -175.11, 41.89, 26.75, 92.12, 0.27395, 0.74930, -0.37137, -0.47496
24, 15, -87.705, 31.559, 114.541, -747.50, 827.15, -119.14, 23.06, 9.93, 48.74, 0.27827, 0.73531, -0.36916, -0.49559
24, 17, -87.924, 29.033, 114.403, -448.97, 847.29, -363.16, 7.60, 15.77, 39.23, 0.29148, 0.73119, -0.38207, -0.48418
24, 15, -87.628, 27.034, 115.463, -391.78, 811.83, -395.51, 21.94, 11.71, 35.29, 0.29634, 0.73227, -0.39402, -0.46980
24, 15, -86.894, 25.333, 116.268, -362.85, 792.60, -378.23, 16.64, 23.54, 32.46, 0.30290, 0.73462, -0.40043, -0.45634
24, 16, -85.579, 24.144, 116.795, -370.00, 791.26, -354.68, 17.55, 44.35, 28.42, 0.31073, 0.73900, -0.39946, -0.44471
24, 16, -83.453, 26.626, 118.892, -601.81, 676.03, -386.11, 25.73, 50.26, 5.41, 0.29284, 0.75476, -0.38249, -0.44529
24, 16, -82.233, 29.695, 118.428, -647.34, 719.18, -232.54, 18.41, 51.26, -34.29, 0.28533, 0.76043, -0.35850, -0.46024
24, 15, -81.467, 32.536, 116.601, -660.89, 796.26, -204.71, -6.11, 43.95, -72.41, 0.28630, 0.76040, -0.33248, -0.47883
24, 15, -79.958, 32.973, 116.630, -550.66, 823.67, -387.94, -17.43, 34.03, -83.37, 0.29022, 0.76507, -0.32045, -0.47724
24, 17, -80.888, 38.092, 111.803, -729.80, 673.16, -1.28, -55.82, 8.93, -129.28, 0.29235, 0.75348, -0.28005, -0.51805
24, 15, -77.668, 34.584, 114.314, -138.55, 839.05, -652.40, -61.49, 12.58, -117.61, 0.30737, 0.76605, -0.28750, -0.48583
24, 15, -79.533, 40.342, 109.451, -901.18, 604.86, 75.38, -45.20, -0.18, -113.32, 0.30254, 0.75173, -0.24861, -0.53063
24, 16, -76.839, 36.939, 111.652, -170.90, 869.45, -674.01, -75.55, -12.34, -125.85, 0.31715, 0.76197, -0.25855, -0.50196
24, 15, -76.697, 36.519, 111.746, -520.26, 679.75, -334.53, -28.05, -3.55, -68.33, 0.31920, 0.76235, -0.26018, -0.49923
24, 15, -79.053, 38.506, 106.881, -584.35, 625.61, -63.96, -54.41, -6.60, -81.83, 0.33081, 0.74455, -0.24343, -0.52626
24, 16, -76.568, 31.782, 110.404, 52.25, 968.14, -664.55, -14.66, 8.18, -29.38, 0.35148, 0.75562, -0.27790, -0.47778
24, 16, -75.629, 28.103, 111.970, -183.04, 874.51, -471.07, -4.92, 0.15, -11.44, 0.36218, 0.75963, -0.29658, -0.45146
24, 16, -75.403, 25.971, 112.835, -259.77, 832.03, -416.38, -3.18, -15.66, -1.19, 0.36711, 0.76093, -0.30892, -0.43679
24, 15, -75.812, 27.063, 112.829, -425.72, 776.25, -334.23, -0.28, -31.31, -6.25, 0.36057, 0.76088, -0.30629, -0.44412
24, 15, -76.479, 29.286, 112.455, -497.74, 755.49, -303.16, 3.22, -32.33, -15.41, 0.35008, 0.76000, -0.29827, -0.45921
24, 16, -78.620, 28.969, 108.994, -407.04, 932.74, -140.87, -3.02, -30.11, -14.06, 0.36557, 0.74329, -0.29983, -0.47327
24, 15, -80.186, 28.553, 106.097, -431.15, 903.02, -209.41, -29.30, -36.51, 2.62, 0.37963, 0.72926, -0.29994, -0.48385
24, 15, -81.774, 27.931, 102.785, -429.32, 919.62, -176.33, -49.43, -42.67, 18.97, 0.39667, 0.71297, -0.29905, -0.49488
24, 16, -83.271, 28.607, 99.954, -468.02, 881.71, -161.56, -59.96, -52.67, 18.43, 0.40431, 0.70034, -0.29224, -0.51055
24, 17, -84.576, 28.037, 97.533, -403.56, 883.18, -174.80, -82.06, -62.93, 27.05, 0.41586, 0.68730, -0.29237, -0.51885
24, 15, -86.778, 27.491, 91.961, -449.52, 981.87, 6.10, -108.60, -60.77, 38.57, 0.44107, 0.65977, -0.28263, -0.53877
24, 16, -87.883, 27.228, 88.380, -463.93, 1006.04, -12.45, -123.44, -63.53, 39.88, 0.45742, 0.64241, -0.27338, -0.55076
24, 15, -88.906, 24.402, 85.543, -255.31, 842.59, -89.66, -164.10, -96.87, 79.91, 0.48135, 0.62076, -0.28155, -0.55108
24, 16, -88.189, 26.322, 87.333, -646.97, 841.61, -380.68, -118.67, -83.92, 64.72, 0.46606, 0.63513, -0.27523, -0.55104
24, 15, -88.219, 29.151, 87.109, -809.02, 671.75, -217.71, -114.90, -79.70, 93.89, 0.45375, 0.64141, -0.25802, -0.56226
24, 15, -87.160, 32.547, 89.350, -912.54, 764.28, -387.21, -66.06, -54.14, 37.86, 0.42976, 0.66030, -0.24334, -0.56576
24, 16, -87.767, 34.535, 88.780, -646.18, 670.47, -111.82, -62.00, -55.02, 31.36, 0.42018, 0.66122, -0.23243, -0.57638
24, 16, -86.953, 36.141, 90.589, -720.83, 768.25, -226.44, -27.44, -29.72, 9.54, 0.40569, 0.67264, -0.22740, -0.57555
24, 15, -86.656, 36.504, 91.287, -615.54, 799.50, -79.47, -6.02, -9.33, -0.57, 0.40124, 0.67637, -0.22704, -0.57444
24, 16, -85.443, 37.258, 93.551, -653.75, 756.35, -193.42, 0.72, -5.07, -1.98, 0.38999, 0.68793, -0.22673, -0.56856
24, 15, -85.249, 37.109, 94.335, -598.39, 781.80, -90.09, 9.58, -2.98, -3.08, 0.38699, 0.69072, -0.23031, -0.56577
24, 15, -85.824, 35.504, 93.944, -516.78, 854.61, -23.01, 13.83, -2.58, 3.83, 0.39463, 0.68548, -0.24105, -0.56238
24, 16, -86.447, 33.858, 93.334, -492.00, 884.83, -10.13, 8.46, -5.52, 12.04, 0.40347, 0.67901, -0.25120, -0.55952
24, 15, -86.924, 32.523, 92.754, -471.19, 890.14, -1.46, 3.31, -6.60, 14.28, 0.41122, 0.67326, -0.25880, -0.55735
24, 16, -87.299, 31.448, 92.222, -458.07, 897.40, 5.31, 0.40, -6.26, 10.64, 0.41784, 0.66825, -0.26452, -0.55576
24, 15, -87.520, 31.012, 91.894, -453.80, 899.41, 8.54, -1.19, -7.38, 1.95, 0.42082, 0.66561, -0.26670, -0.55565
24, 15, -87.703, 31.072, 91.666, -467.04, 888.79, 10.31, -1.27, -8.50, -2.21, 0.42097, 0.66447, -0.26631, -0.55708
24, 16, -87.929, 31.262, 91.356, -474.37, 885.19, 19.84, -0.83, -8.16, -3.72, 0.42072, 0.66323, -0.26503, -0.55935
24, 15, -87.907, 31.475, 91.242, -487.49, 889.71, 20.32, 0.08, -1.56, -2.52, 0.42044, 0.66333, -0.26313, -0.56035
24, 15, -87.752, 31.528, 91.256, -481.81, 886.11, 18.31, 1.21, 2.01, -1.11, 0.42085, 0.66385, -0.26200, -0.55995
24, 16, -87.552, 31.494, 91.302, -477.11, 885.44, 16.97, 1.27, 3.20, -0.58, 0.42173, 0.66440, -0.26127, -0.55898
24, 15, -87.323, 31.484, 91.418, -478.27, 884.77, 13.24, 1.98, 3.39, -0.61, 0.42222, 0.66533, -0.26055, -0.55783
24, 15, -87.237, 31.346, 91.346, -476.81, 887.51, 16.66, 2.23, 2.37, -0.92, 0.42374, 0.66496, -0.26049, -0.55715
24, 17, -87.189, 31.371, 91.227, -484.56, 885.25, 22.40, 2.56, 2.27, -1.14, 0.42455, 0.66468, -0.25949, -0.55734
24, 14, -86.962, 31.303, 91.369, -481.02, 888.55, 13.85, 4.21, 4.98, -0.29, 0.42515, 0.66558, -0.25925, -0.55591
24, 16, -86.822, 31.196, 91.437, -477.42, 889.77, 16.24, 4.95, 3.49, 0.08, 0.42597, 0.66592, -0.25938, -0.55482
