17, 8, -75.562, 11.796, 116.931, -206.91, 851.26, -420.72, 0.65, 7.68, 10.86, -0.40154, -0.75521, 0.38902, 0.34219
17, 27, -75.116, 11.848, 117.173, -196.47, 838.50, -417.85, 5.46, 3.45, 6.16, -0.40105, -0.75765, 0.38657, 0.34012
17, 14, -74.935, 11.903, 117.277, -192.93, 816.41, -408.33, 6.67, 2.30, 4.25, -0.40067, -0.75871, 0.38545, 0.33948
17, 15, -74.798, 12.011, 117.466, -191.89, 799.38, -409.12, 5.96, 0.34, 2.71, -0.39937, -0.76001, 0.38464, 0.33903
17, 16, -74.705, 12.277, 117.760, -204.16, 802.19, -423.77, 5.12, -1.39, 1.52, -0.39658, -0.76177, 0.38375, 0.33936
17, 15, -74.722, 12.620, 117.775, -212.77, 810.30, -418.46, 4.36, -2.63, 0.38, -0.39500, -0.76230, 0.38245, 0.34148
17, 15, -74.852, 12.776, 117.698, -206.54, 811.04, -417.66, 3.04, -5.08, -0.06, -0.39447, -0.76185, 0.38241, 0.34314
17, 17, -75.004, 12.943, 117.522, -207.76, 800.90, -407.65, 1.54, -5.46, 0.69, -0.39448, -0.76100, 0.38218, 0.34528
17, 14, -75.139, 13.069, 117.297, -208.92, 801.09, -405.46, -0.85, -4.93, 1.28, -0.39503, -0.75997, 0.38185, 0.34726
17, 16, -75.273, 13.179, 116.963, -210.94, 802.31, -399.72, -3.44, -4.44, 2.30, -0.39637, -0.75854, 0.38125, 0.34950
17, 15, -75.421, 12.857, 116.281, -187.56, 803.10, -379.88, -7.31, -3.91, 3.48, -0.40179, -0.75516, 0.38154, 0.35033
17, 15, -75.819, 12.320, 114.323, -162.41, 798.34, -307.92, -14.37, -7.10, 7.14, -0.41564, -0.74594, 0.38048, 0.35503
17, 16, -76.152, 11.234, 112.778, -121.46, 816.04, -318.30, -26.85, -15.19, 12.63, -0.42914, -0.73717, 0.38270, 0.35492
17, 15, -76.585, 9.150, 111.355, -41.08, 799.80, -305.42, -39.20, -23.01, 28.09, -0.44547, -0.72617, 0.39044, 0.34900
17, 15, -76.961, 7.774, 110.338, -63.05, 815.49, -320.86, -47.24, -28.25, 41.05, -0.45631, -0.71795, 0.39589, 0.34583
17, 16, -77.283, 9.406, 111.802, -330.32, 1011.84, -627.01, -34.77, -37.15, 38.25, -0.43945, -0.72603, 0.39508, 0.35168
17, 15, -77.531, 9.897, 112.777, -197.27, 929.02, -458.68, -8.96, -28.14, 30.41, -0.43046, -0.72987, 0.39747, 0.35216
17, 15, -77.714, 10.523, 113.500, -206.42, 876.28, -409.30, -1.08, -22.25, 29.83, -0.42265, -0.73317, 0.39810, 0.35404
17, 16, -77.962, 10.783, 113.972, -198.55, 854.74, -383.00, 4.11, -18.42, 36.60, -0.41776, -0.73454, 0.40001, 0.35486
17, 15, -78.217, 10.220, 114.632, -152.16, 841.43, -394.47, 6.45, -18.24, 39.61, -0.41513, -0.73495, 0.40613, 0.35011
17, 15, -78.411, 9.229, 115.631, -124.88, 849.00, -434.08, 6.88, -16.32, 46.12, -0.41235, -0.73591, 0.41463, 0.34129
17, 16, -78.647, 8.147, 116.908, -119.81, 813.23, -448.61, 9.83, -14.12, 60.66, -0.40805, -0.73747, 0.42441, 0.33091
17, 15, -79.225, 9.296, 117.922, -308.11, 781.25, -441.83, 10.70, -8.12, 74.20, -0.39489, -0.74113, 0.42637, 0.33615
17, 17, -78.941, 9.917, 119.306, -293.21, 762.57, -515.44, -0.86, 13.44, 56.11, -0.38403, -0.74805, 0.42603, 0.33383
17, 15, -78.416, 9.210, 120.768, -226.75, 752.87, -528.08, 2.37, 30.55, 61.52, -0.37903, -0.75360, 0.42961, 0.32227
17, 14, -77.621, 9.504, 120.428, -339.66, 837.71, -444.82, 1.14, 57.17, 65.37, -0.38224, -0.75595, 0.42225, 0.32272
17, 16, -76.455, 9.176, 121.321, -289.18, 753.85, -464.05, 13.73, 69.21, 63.16, -0.38095, -0.76263, 0.41831, 0.31351
17, 15, -74.797, 8.930, 120.455, -330.38, 881.90, -403.02, 10.94, 95.38, 48.92, -0.39226, -0.76526, 0.40588, 0.30947
17, 15, -72.684, 9.261, 119.514, -360.72, 827.94, -330.93, 15.31, 110.12, 34.10, -0.40291, -0.76986, 0.38785, 0.30750
17, 16, -69.878, 8.940, 119.039, -332.95, 889.22, -408.39, 10.64, 133.32, 21.71, -0.41477, -0.77692, 0.36898, 0.29700
17, 15, -66.856, 7.719, 117.159, -245.06, 944.27, -296.81, 19.33, 139.04, -3.04, -0.43971, -0.77746, 0.34889, 0.28370
17, 16, -64.014, 4.922, 114.112, 8.54, 942.44, -135.44, 15.99, 124.60, -30.82, -0.47669, -0.76912, 0.33461, 0.26317
17, 16, -61.096, 1.542, 111.547, 151.31, 1057.86, -162.72, 15.55, 113.79, -28.90, -0.51072, -0.76036, 0.32469, 0.23578
17, 15, -58.439, -1.356, 109.232, 230.83, 1028.02, -153.32, 14.53, 88.77, -38.64, -0.53930, -0.75155, 0.31594, 0.21097
17, 16, -56.326, -3.851, 107.159, 302.55, 976.62, -129.70, 13.27, 59.45, -47.88, -0.56278, -0.74225, 0.31024, 0.18999
17, 15, -55.109, -6.664, 105.641, 398.19, 999.82, -147.89, 8.69, 27.28, -34.14, -0.58085, -0.73188, 0.31343, 0.16947
17, 15, -54.811, -5.946, 103.002, 137.76, 1045.29, -60.61, -2.24, -11.57, -27.14, -0.59649, -0.72073, 0.30403, 0.17975
17, 16, -54.959, -5.169, 101.326, 153.56, 1082.03, -154.60, -18.10, -29.33, -36.28, -0.60509, -0.71329, 0.29835, 0.18994
17, 15, -55.722, -1.858, 96.883, -33.33, 1069.03, 94.36, -44.16, -44.92, -48.32, -0.62374, -0.69482, 0.27769, 0.22596
17, 16, -56.955, -0.368, 97.766, 119.32, 999.69, -369.02, -71.12, -58.17, -66.64, -0.61240, -0.69979, 0.27902, 0.23959
17, 16, -58.537, 1.938, 93.105, -15.63, 886.90, 191.96, -43.87, -65.93, -55.03, -0.63118, -0.67571, 0.26550, 0.27302
17, 14, -59.615, 4.958, 96.985, -124.76, 943.05, -751.53, -76.81, -64.83, -62.96, -0.59727, -0.70032, 0.26482, 0.28756
17, 15, -62.089, 10.316, 90.244, -356.26, 737.06, 395.94, -46.75, -64.98, -65.75, -0.61521, -0.66995, 0.23079, 0.34559
17, 16, -62.177, 12.911, 95.493, -124.82, 777.53, -795.84, -57.49, -54.92, -90.52, -0.57539, -0.70189, 0.23240, 0.34968
17, 15, -62.220, 16.419, 98.411, -315.98, 718.63, -349.00, -5.70, -29.84, -74.27, -0.54545, -0.72166, 0.22218, 0.36378
17, 16, -60.993, 16.724, 104.022, -111.21, 668.09, -766.66, -15.16, -13.55, -78.71, -0.51217, -0.75039, 0.23010, 0.34880
17, 15, -59.846, 17.248, 108.200, -216.92, 741.76, -549.50, 8.54, 0.67, -58.51, -0.48606, -0.77148, 0.23231, 0.33853
17, 16, -58.980, 16.704, 110.931, -243.16, 783.81, -542.79, 3.33, 17.13, -36.29, -0.47189, -0.78415, 0.23706, 0.32594
17, 16, -57.862, 16.581, 113.305, -277.22, 744.69, -583.74, -13.23, 27.31, -43.96, -0.45907, -0.79599, 0.23660, 0.31570
17, 16, -56.492, 16.619, 116.751, -299.93, 649.11, -704.28, -10.70, 31.06, -46.82, -0.43846, -0.81235, 0.23611, 0.30348
17, 15, -55.259, 17.253, 120.215, -316.53, 523.74, -568.66, 12.04, 40.89, -53.97, -0.41481, -0.82812, 0.23348, 0.29603
17, 16, -55.428, 13.807, 119.874, -155.88, 900.88, -533.39, 10.67, 52.51, -29.96, -0.42790, -0.82452, 0.24902, 0.27395
17, 15, -53.902, 12.918, 128.616, -183.17, 79.90, -1045.47, 42.16, 40.08, -30.76, -0.36992, -0.85786, 0.26119, 0.24292
17, 15, -56.721, 10.883, 121.286, -198.79, 1715.09, 330.69, 32.39, 27.07, -20.58, -0.42397, -0.82451, 0.27417, 0.25548
17, 16, -56.356, 5.833, 129.320, 269.84, 221.92, -1001.16, 41.27, 25.19, -12.04, -0.38161, -0.84898, 0.30726, 0.19797
17, 16, -57.280, 5.927, 122.905, -343.93, 1210.63, 57.86, 16.43, 52.75, -0.54, -0.42648, -0.82400, 0.30197, 0.21896
17, 16, -58.975, 0.553, 124.953, 333.01, 624.02, -496.22, 56.95, -25.02, 8.31, -0.42501, -0.81964, 0.33856, 0.18144
17, 14, -59.218, 0.759, 119.190, -166.56, 1224.00, 15.20, 7.88, 25.91, 10.92, -0.46466, -0.79689, 0.32986, 0.20065
17, 15, -60.016, -0.865, 116.384, 117.13, 983.34, -180.54, 27.47, -15.99, 11.94, -0.48729, -0.78005, 0.33718, 0.20095
17, 16, -60.587, 0.692, 112.806, -204.83, 1116.39, 19.47, 33.22, -12.32, 24.18, -0.50586, -0.76580, 0.32764, 0.22431
17, 15, -61.200, 0.283, 110.691, 22.28, 1129.33, -122.25, 33.54, -23.50, 19.79, -0.51985, -0.75379, 0.32935, 0.23041
17, 15, -61.767, 0.962, 108.637, -133.42, 1191.28, -37.96, 39.47, -20.97, 39.45, -0.53013, -0.74411, 0.32568, 0.24331
17, 16, -62.578, 3.636, 107.143, -322.63, 1262.27, -103.03, 35.39, -27.41, 22.04, -0.53002, -0.74021, 0.31492, 0.26833
17, 16, -63.433, 4.132, 105.651, -66.47, 1252.44, -117.92, 33.26, -35.74, -0.92, -0.53604, -0.73189, 0.31444, 0.27952
17, 15, -64.522, 4.054, 104.092, -6.65, 1219.67, -37.23, 37.76, -45.35, 1.39, -0.54347, -0.72138, 0.31787, 0.28847
17, 16, -66.079, 4.815, 102.124, -39.25, 1145.94, 64.76, 36.80, -65.41, -6.09, -0.54931, -0.70929, 0.31867, 0.30597
17, 15, -68.354, 7.278, 100.205, -146.73, 1075.87, 62.50, 27.95, -94.41, -21.53, -0.54662, -0.69917, 0.31471, 0.33664
17, 15, -70.397, 11.950, 99.284, -283.02, 890.63, -56.40, 7.06, -91.55, -42.64, -0.52947, -0.69926, 0.29993, 0.37516
17, 16, -72.391, 17.074, 97.859, -356.93, 737.18, -55.42, -13.08, -80.19, -50.27, -0.51185, -0.69792, 0.27976, 0.41551
17, 15, -73.642, 21.855, 97.517, -404.24, 625.61, -176.57, -46.14, -66.71, -50.87, -0.48991, -0.70223, 0.25996, 0.44641
17, 16, -73.427, 25.199, 100.232, -380.43, 540.04, -419.68, -59.91, -60.14, -45.12, -0.45975, -0.71930, 0.25096, 0.45636
17, 16, -72.423, 26.286, 104.260, -319.34, 486.45, -572.39, -55.52, -50.94, -31.35, -0.43338, -0.73864, 0.25462, 0.44917
17, 15, -71.784, 27.614, 107.948, -421.69, 460.21, -575.01, -43.26, -48.83, -15.30, -0.40603, -0.75500, 0.25789, 0.44566
17, 16, -71.540, 28.434, 110.849, -534.85, 581.18, -668.76, -40.62, -44.69, -11.02, -0.38410, -0.76626, 0.26332, 0.44269
17, 15, -71.353, 27.924, 113.741, -642.21, 854.80, -923.89, -27.27, -33.04, -6.53, -0.36761, -0.77581, 0.27565, 0.43243
17, 15, -71.049, 26.354, 117.634, -565.61, 878.23, -998.78, 7.00, -17.40, 3.68, -0.34910, -0.78773, 0.29546, 0.41271
17, 16, -70.720, 24.654, 122.701, -493.84, 704.53, -900.57, 48.65, -0.08, 17.62, -0.32251, -0.80251, 0.31857, 0.38792
17, 15, -70.434, 22.552, 128.377, -358.64, 519.41, -792.05, 66.75, 11.91, 24.96, -0.29241, -0.81759, 0.34383, 0.35752
17, 15, -70.519, 17.914, 134.269, -145.08, 446.53, -726.26, 78.87, 29.85, 45.98, -0.26962, -0.82968, 0.37910, 0.30856
17, 17, -72.860, 14.583, 135.280, -197.69, 563.23, -486.39, 87.67, 25.32, 80.73, -0.27047, -0.82197, 0.41013, 0.28812
17, 15, -75.045, 13.466, 133.945, -338.75, 734.44, -399.84, 74.07, 37.18, 94.13, -0.27934, -0.80987, 0.42609, 0.29073
17, 16, -76.475, 13.165, 131.469, -409.42, 829.47, -300.96, 54.82, 47.56, 83.84, -0.29435, -0.79803, 0.43077, 0.30159
17, 15, -77.044, 13.491, 128.793, -414.43, 851.93, -295.84, 33.57, 47.54, 59.56, -0.30990, -0.78921, 0.42633, 0.31521
17, 15, -76.943, 12.569, 126.143, -255.86, 817.57, -300.29, 21.67, 52.25, 44.37, -0.33243, -0.78100, 0.42175, 0.31884
17, 16, -76.750, 10.972, 122.559, -163.82, 792.48, -187.01, 9.67, 51.35, 46.07, -0.36419, -0.76850, 0.41661, 0.32126
17, 15, -76.478, 9.294, 118.147, -126.34, 797.12, -107.48, -12.61, 45.25, 54.82, -0.40137, -0.75192, 0.40913, 0.32578
17, 15, -76.771, 8.250, 111.367, -135.38, 778.63, 37.11, -51.99, 23.71, 59.83, -0.44848, -0.72369, 0.39567, 0.34435
17, 17, -75.808, 8.751, 111.913, -204.22, 1220.70, -526.67, -18.07, 2.62, 18.83, -0.44588, -0.73016, 0.38896, 0.34171
17, 15, -76.240, 8.572, 108.526, -73.49, 1034.24, -15.08, 5.23, -17.31, 11.38, -0.46665, -0.71484, 0.38223, 0.35377
17, 15, -76.052, 8.795, 105.515, -123.17, 1077.70, -68.18, -18.59, -5.97, 14.85, -0.48498, -0.70345, 0.37057, 0.36417
17, 16, -76.551, 9.501, 101.465, -115.05, 1128.60, 62.87, -36.06, -29.30, 0.21, -0.50516, -0.68601, 0.35694, 0.38314
17, 15, -77.877, 10.789, 96.535, -81.36, 1074.40, 69.15, -83.48, -64.84, -28.43, -0.52455, -0.66300, 0.34108, 0.41103
17, 16, -79.041, 10.493, 95.577, 99.91, 1017.58, -167.05, -78.23, -83.18, -50.54, -0.52701, -0.65434, 0.34585, 0.41772
17, 15, -79.355, 11.207, 96.926, 3.78, 953.06, -425.23, -96.18, -68.86, -35.83, -0.51529, -0.66139, 0.34886, 0.41873
17, 14, -81.162, 11.936, 95.219, -39.12, 788.21, -42.24, -44.88, -93.76, -38.73, -0.51539, -0.65013, 0.34903, 0.43575
17, 17, -81.121, 16.816, 101.075, -501.16, 700.68, -851.68, -35.42, -81.83, -35.64, -0.46075, -0.68720, 0.34597, 0.44246
17, 15, -81.007, 21.988, 104.283, -533.57, 669.74, -428.89, -3.31, -53.86, -42.62, -0.41844, -0.71030, 0.33145, 0.45883
17, 15, -79.749, 25.929, 109.054, -580.51, 632.81, -667.60, 0.23, -37.77, -60.22, -0.37499, -0.73664, 0.32273, 0.46107
17, 17, -78.244, 30.248, 112.865, -830.93, 659.67, -657.96, 0.74, -17.15, -69.63, -0.33564, -0.75741, 0.30685, 0.46852
17, 15, -76.435, 29.133, 117.745, -409.48, 862.61, -804.38, 33.90, -0.86, -79.15, -0.31553, -0.77537, 0.31957, 0.44398
17, 15, -75.750, 28.018, 121.699, -474.55, 847.60, -680.05, 63.43, 5.13, -53.96, -0.29641, -0.78721, 0.33501, 0.42450
17, 16, -74.960, 27.482, 126.719, -475.65, 714.60, -687.07, 92.56, 8.03, -53.15, -0.26697, -0.80168, 0.35002, 0.40437
17, 15, -74.618, 27.924, 131.125, -378.36, 516.72, -435.73, 114.18, 10.89, -50.06, -0.23506, -0.81250, 0.36112, 0.39266
17, 17, -76.081, 27.987, 130.983, -301.21, 465.82, -246.15, 92.18, 18.33, -32.63, -0.23074, -0.80755, 0.37072, 0.39647
17, 15, -77.937, 25.452, 128.338, -220.46, 586.06, -200.38, 52.20, 35.90, -3.03, -0.25489, -0.79497, 0.38481, 0.39368
17, 15, -79.824, 21.932, 123.080, -172.55, 697.20, -93.38, 1.81, 50.30, 31.84, -0.30120, -0.77315, 0.39421, 0.39513
17, 16, -80.890, 17.759, 117.420, -109.01, 767.64, -66.77, -29.48, 51.28, 56.97, -0.35479, -0.74799, 0.39975, 0.39349
17, 15, -81.160, 14.497, 111.828, -125.12, 787.48, -49.13, -55.69, 44.51, 74.97, -0.40469, -0.72289, 0.39677, 0.39526
17, 15, -79.967, 16.056, 111.630, -1375.37, 1999.94, -1260.62, -87.87, 22.83, 82.44, -0.40310, -0.72916, 0.38137, 0.40049
17, 16, -78.908, 15.571, 112.245, -284.85, 908.02, -398.50, -13.78, 18.99, 41.93, -0.40499, -0.73397, 0.37898, 0.39197
17, 15, -78.332, 17.180, 111.638, -388.98, 816.35, -287.41, -8.62, 20.29, 30.52, -0.40376, -0.73647, 0.36573, 0.40104
17, 16, -75.990, 24.058, 111.556, -1293.09, 552.06, -65.43, 1.56, 78.46, -5.29, -0.38202, -0.75304, 0.31730, 0.43164
17, 16, -74.074, 28.078, 109.726, -677.06, 837.52, -175.05, -35.76, 71.73, -96.60, -0.38327, -0.75621, 0.27758, 0.45189
17, 15, -72.072, 31.830, 107.905, -643.80, 841.31, -217.77, -58.13, 70.76, -142.28, -0.38635, -0.75772, 0.23763, 0.46918
17, 16, -68.529, 33.182, 108.252, -453.43, 786.32, -337.52, -79.06, 69.95, -179.45, -0.39242, -0.76659, 0.20835, 0.46362
17, 16, -65.817, 32.873, 107.500, -339.29, 817.50, -298.58, -83.40, 61.00, -182.78, -0.40965, -0.76853, 0.18881, 0.45377
17, 15, -63.179, 27.403, 107.824, 109.92, 991.70, -443.60, -63.29, 58.30, -131.07, -0.43999, -0.77162, 0.20118, 0.41295
17, 16, -61.559, 22.794, 107.631, 14.34, 1036.01, -454.10, -50.61, 45.19, -87.31, -0.46464, -0.77071, 0.21362, 0.38012
17, 15, -60.472, 18.962, 106.635, 19.65, 1012.88, -348.94, -43.26, 27.71, -62.99, -0.48869, -0.76528, 0.22298, 0.35470
17, 16, -60.617, 18.727, 104.592, -284.30, 926.27, -209.29, -26.38, 11.71, -33.58, -0.50263, -0.75592, 0.21882, 0.35786
17, 16, -60.424, 17.993, 104.037, -187.68, 930.60, -282.04, -32.36, -2.61, -45.44, -0.50944, -0.75304, 0.21971, 0.35374
17, 15, -61.336, 20.195, 101.697, -385.01, 906.98, -131.59, -17.75, -13.51, -36.94, -0.51408, -0.74333, 0.20640, 0.37495
17, 15, -62.093, 21.069, 100.548, -334.66, 933.29, -197.45, -28.76, -26.44, -42.56, -0.51584, -0.73779, 0.20270, 0.38535
17, 16, -64.263, 22.582, 96.568, -440.92, 995.06, -18.92, -38.55, -40.75, -25.85, -0.52800, -0.71771, 0.19418, 0.41038
17, 15, -67.515, 22.424, 89.334, -324.40, 995.42, 309.75, -79.47, -52.19, -14.34, -0.56063, -0.67766, 0.18816, 0.43712
17, 16, -67.691, 23.782, 90.363, -454.04, 956.54, -340.94, -83.06, -62.64, -12.05, -0.54863, -0.68458, 0.18506, 0.44284
17, 15, -71.106, 24.392, 83.610, -391.36, 919.37, 430.36, -60.12, -56.82, -5.61, -0.57185, -0.64727, 0.17423, 0.47294
17, 16, -69.793, 25.570, 87.606, -440.80, 911.32, -486.15, -78.51, -58.39, -7.10, -0.54956, -0.67100, 0.17585, 0.46564
17, 16, -73.492, 26.067, 81.418, -387.70, 807.50, 489.75, -35.74, -59.91, -4.89, -0.56736, -0.63621, 0.16795, 0.49511
17, 16, -71.379, 28.327, 87.583, -562.13, 858.89, -649.84, -45.90, -52.90, -19.74, -0.53185, -0.67313, 0.16835, 0.48548
17, 15, -72.325, 30.275, 86.339, -455.20, 698.79, 79.22, -13.74, -23.57, -13.52, -0.52686, -0.66924, 0.15667, 0.49999
17, 16, -69.587, 32.261, 92.923, -611.45, 742.86, -690.06, -8.91, -30.31, -20.23, -0.49062, -0.70500, 0.15664, 0.48758
17, 15, -67.011, 33.275, 99.204, -602.84, 678.96, -521.30, 35.90, -4.63, -11.03, -0.45755, -0.73552, 0.16088, 0.47305
17, 15, -63.540, 33.092, 108.027, -644.78, 697.45, -790.53, 74.44, 9.96, -7.74, -0.41411, -0.77410, 0.17439, 0.44595
17, 17, -61.475, 31.182, 115.423, -560.06, 783.81, -701.97, 119.75, 28.14, -10.48, -0.37881, -0.80283, 0.19775, 0.41577
17, 15, -60.660, 27.464, 122.114, -418.21, 754.64, -699.89, 138.43, 35.10, 15.16, -0.34874, -0.82567, 0.23262, 0.37753
17, 16, -61.500, 24.164, 127.602, -423.52, 712.65, -631.47, 157.04, 30.53, 41.69, -0.31890, -0.83983, 0.27025, 0.34633
17, 15, -64.072, 21.453, 130.593, -382.93, 674.99, -476.81, 163.33, 27.02, 64.39, -0.29992, -0.84112, 0.30874, 0.32749
17, 15, -66.881, 21.841, 133.228, -545.47, 624.63, -413.39, 168.26, 22.27, 82.41, -0.27097, -0.83986, 0.33542, 0.32970
17, 16, -70.163, 23.288, 132.759, -566.28, 595.15, -111.57, 151.95, 32.86, 76.29, -0.25858, -0.82918, 0.35252, 0.34833
17, 16, -73.586, 24.453, 129.654, -494.87, 592.83, -32.41, 93.15, 29.72, 68.25, -0.26488, -0.81172, 0.36272, 0.37334
17, 15, -77.735, 24.761, 123.973, -445.80, 657.47, 36.56, 44.55, 19.22, 66.66, -0.28897, -0.78485, 0.37111, 0.40346
17, 17, -80.905, 23.863, 118.065, -387.08, 797.91, 2.32, 0.26, 8.80, 61.40, -0.32158, -0.75795, 0.37502, 0.42599
17, 15, -82.503, 20.718, 113.691, -215.27, 896.55, -136.66, -20.64, 10.36, 63.60, -0.35921, -0.73541, 0.38352, 0.42785
17, 16, -83.940, 19.945, 108.818, -339.90, 931.27, -18.13, -30.30, -0.63, 64.19, -0.38822, -0.71341, 0.37769, 0.44461
17, 15, -85.087, 18.048, 103.693, -185.91, 882.87, 22.95, -53.84, -9.72, 63.86, -0.42394, -0.68760, 0.37383, 0.45578
17, 15, -84.783, 19.871, 101.648, -677.19, 1133.42, -220.95, -76.90, -7.19, 80.99, -0.42896, -0.68499, 0.35458, 0.47016
17, 16, -82.502, 21.537, 104.679, -467.47, 887.51, -327.03, 15.33, 28.56, 20.87, -0.41208, -0.70648, 0.34458, 0.46080
17, 15, -82.327, 19.269, 101.121, -206.30, 1144.10, 133.24, -8.12, 36.25, 35.92, -0.44484, -0.68913, 0.34080, 0.45943
17, 15, -81.191, 18.891, 100.539, -309.88, 1030.64, -202.82, -44.21, 10.10, 23.69, -0.45456, -0.68938, 0.33360, 0.45480
17, 17, -80.276, 19.432, 98.978, -343.02, 988.59, -317.50, -124.63, -9.89, 12.96, -0.46520, -0.68687, 0.31905, 0.45827
17, 15, -80.520, 17.626, 96.442, -83.98, 981.26, -109.44, -81.78, -29.11, -11.01, -0.48708, -0.67163, 0.31997, 0.45748
17, 15, -77.903, 18.274, 99.218, -330.02, 982.06, -995.85, -149.17, -3.41, 7.38, -0.47808, -0.69196, 0.31184, 0.44203
17, 16, -80.347, 16.964, 93.580, -66.16, 889.28, 161.25, -66.83, -63.89, -3.56, -0.50719, -0.65810, 0.31107, 0.46141
17, 15, -79.302, 19.385, 97.216, -432.80, 835.02, -591.92, -68.28, -43.47, 4.45, -0.47983, -0.68216, 0.30643, 0.45882
17, 16, -78.879, 22.487, 100.464, -499.08, 738.95, -372.74, -1.98, -39.94, -0.18, -0.44831, -0.70263, 0.30036, 0.46381
17, 15, -77.629, 25.893, 106.266, -723.75, 948.24, -702.45, 57.95, -28.00, -45.21, -0.40157, -0.73289, 0.29809, 0.46125
17, 15, -76.243, 28.664, 112.764, -648.38, 1001.65, -580.20, 121.89, -12.07, -80.22, -0.35188, -0.76102, 0.30102, 0.45434
17, 17, -76.488, 27.356, 117.233, -302.31, 1019.96, -471.92, 148.30, -20.68, -73.20, -0.32714, -0.77249, 0.32631, 0.43561
17, 15, -79.045, 26.707, 118.487, -332.58, 867.00, -258.61, 150.82, -41.29, -32.47, -0.31207, -0.76788, 0.35128, 0.43540
17, 15, -82.301, 28.074, 117.832, -429.50, 748.41, -124.08, 128.21, -43.53, -10.19, -0.29711, -0.75724, 0.36409, 0.45360
17, 16, -85.835, 29.462, 115.903, -424.56, 681.95, -72.08, 96.92, -42.56, -0.14, -0.28836, -0.74238, 0.37289, 0.47611
17, 16, -89.154, 31.111, 113.158, -415.95, 573.73, -34.06, 63.80, -33.49, 6.69, -0.28316, -0.72668, 0.37455, 0.50147
17, 15, -91.990, 30.616, 110.076, -285.89, 524.11, -65.61, 30.31, -25.51, 11.70, -0.29251, -0.70888, 0.38105, 0.51646
17, 16, -94.442, 27.759, 107.356, -169.25, 542.48, -93.57, 7.32, -36.22, 26.21, -0.31336, -0.68830, 0.39779, 0.51944
17, 15, -97.763, 26.290, 102.911, -207.34, 525.39, -35.77, -13.82, -55.88, 49.13, -0.33209, -0.66095, 0.40411, 0.53810
17, 17, -99.223, 27.354, 101.994, -372.19, 594.36, -181.09, -35.52, -64.80, 53.18, -0.32469, -0.65576, 0.40283, 0.54981
17, 15, -98.631, 28.785, 104.226, -608.15, 782.04, -489.99, -27.86, -38.96, 38.16, -0.30683, -0.66734, 0.40293, 0.54604
17, 15, -96.332, 29.360, 108.394, -713.20, 938.23, -727.36, -3.12, 4.01, 28.02, -0.28981, -0.68750, 0.40603, 0.52773
17, 16, -93.323, 28.178, 113.333, -674.19, 1096.50, -889.95, 21.18, 37.16, 32.84, -0.27963, -0.70849, 0.41547, 0.49723
17, 15, -90.412, 25.993, 118.507, -575.38, 994.14, -850.83, 44.63, 56.06, 52.69, -0.27110, -0.72840, 0.42886, 0.46045
17, 15, -87.597, 23.092, 123.802, -365.91, 746.28, -656.07, 72.44, 74.16, 55.86, -0.26302, -0.74777, 0.44353, 0.41826
17, 16, -85.293, 19.735, 127.630, -202.51, 565.19, -430.54, 82.24, 79.03, 48.39, -0.26300, -0.76172, 0.45511, 0.37879
17, 15, -83.198, 15.583, 130.503, -131.29, 484.13, -383.79, 69.15, 86.43, 47.66, -0.27092, -0.77206, 0.46555, 0.33734
17, 16, -82.313, 10.984, 131.490, -41.38, 505.98, -412.72, 35.83, 56.46, 66.91, -0.28886, -0.77224, 0.47835, 0.30230
17, 16, -81.469, 10.482, 132.511, -277.34, 676.15, -599.67, 25.08, 54.61, 81.20, -0.28652, -0.77764, 0.47698, 0.29271
17, 15, -80.964, 11.411, 131.559, -455.99, 790.83, -494.26, 22.73, 60.13, 74.97, -0.28994, -0.77856, 0.46796, 0.30133
17, 16, -79.951, 11.322, 129.603, -340.15, 755.86, -388.55, 11.84, 79.38, 59.17, -0.30631, -0.77743, 0.45621, 0.30601
17, 15, -79.283, 10.048, 126.912, -176.33, 756.04, -352.78, 0.05, 54.19, 47.27, -0.33207, -0.77073, 0.44906, 0.30667
17, 15, -79.421, 9.581, 123.531, -138.24, 757.02, -268.86, -8.15, 11.34, 39.05, -0.35635, -0.75929, 0.44252, 0.31728
17, 16, -79.975, 9.899, 120.033, -169.49, 804.38, -262.45, -22.36, -11.89, 42.32, -0.37635, -0.74654, 0.43497, 0.33441
17, 15, -80.825, 10.974, 115.110, -249.45, 806.15, -136.72, -40.51, -7.87, 47.65, -0.40070, -0.72872, 0.42103, 0.36213
17, 16, -82.044, 12.459, 109.485, -258.18, 775.88, -61.71, -74.85, -26.92, 41.92, -0.42535, -0.70713, 0.40350, 0.39526
17, 16, -82.295, 12.431, 111.125, -301.82, 1483.22, -1237.18, -76.03, -52.53, 33.54, -0.41445, -0.71220, 0.41080, 0.39019
17, 15, -84.187, 14.498, 107.515, -389.89, 1125.55, -41.32, -5.71, -53.86, 28.00, -0.42062, -0.69682, 0.40015, 0.42118
17, 15, -85.844, 17.179, 102.795, -334.84, 1092.96, -61.40, -62.53, -59.77, -24.69, -0.43031, -0.67978, 0.37907, 0.45721
17, 16, -88.008, 20.018, 94.367, -379.46, 1099.18, 275.39, -127.08, -44.83, -48.75, -0.45689, -0.64738, 0.34157, 0.50545
17, 15, -87.487, 21.430, 92.184, -224.49, 1107.97, -378.78, -177.80, -35.03, -76.68, -0.46500, -0.64382, 0.32129, 0.51579
17, 16, -95.076, 24.646, 76.803, -434.75, 901.98, 1067.14, -197.01, -131.19, -97.31, -0.49464, -0.56943, 0.26831, 0.59923
17, 15, -102.791, 22.434, 65.849, 48.16, 748.60, 626.83, -199.96, -172.72, -129.46, -0.51320, -0.49474, 0.25719, 0.65247
17, 17, -103.595, 24.261, 71.218, -312.38, 1032.59, -755.31, -218.01, -174.75, -106.15, -0.47669, -0.52383, 0.28078, 0.64772
17, 16, -108.997, 27.439, 68.876, -588.20, 854.49, 101.75, -185.00, -226.03, -102.74, -0.44123, -0.51490, 0.27378, 0.68208
17, 15, -114.060, 25.309, 65.400, -99.91, 729.86, 293.15, -185.79, -188.59, -122.44, -0.43551, -0.47940, 0.28639, 0.70604
17, 15, -112.655, 28.507, 74.042, -440.55, 953.00, -734.44, -115.14, -111.02, -105.25, -0.39070, -0.52888, 0.31541, 0.68421
17, 17, -110.437, 31.617, 81.637, -507.93, 856.63, -421.51, -13.01, -39.67, -96.39, -0.35122, -0.57222, 0.33263, 0.66225
17, 15, -106.873, 33.300, 90.118, -454.83, 850.28, -622.13, 25.03, -7.63, -92.73, -0.31833, -0.61340, 0.35299, 0.63072
17, 15, -105.844, 34.521, 93.857, -560.67, 853.45, -92.59, 70.42, 10.28, -71.08, -0.29687, -0.63022, 0.36130, 0.61980
17, 16, -101.893, 32.180, 102.102, -406.62, 986.57, -577.33, 71.25, 28.00, -25.54, -0.28429, -0.65822, 0.39429, 0.57485
17, 16, -98.735, 28.008, 110.120, -419.19, 1094.91, -550.35, 148.73, 70.75, 44.55, -0.27598, -0.68030, 0.43479, 0.52152
17, 16, -97.104, 25.245, 115.529, -590.58, 1071.11, -305.30, 193.47, 100.25, 89.75, -0.26607, -0.69422, 0.46148, 0.48405
17, 16, -95.492, 21.442, 120.295, -443.91, 989.44, -326.90, 201.42, 120.59, 111.53, -0.26445, -0.70520, 0.48729, 0.44193
17, 15, -94.107, 17.695, 124.143, -388.92, 887.45, -255.74, 206.67, 139.99, 143.57, -0.26610, -0.71372, 0.50789, 0.40229
17, 16, -93.611, 13.985, 126.599, -297.91, 831.60, -172.12, 203.37, 123.25, 162.57, -0.27234, -0.71530, 0.52690, 0.36953
17, 15, -93.979, 10.764, 126.729, -208.80, 771.85, -31.37, 179.01, 93.12, 173.16, -0.28747, -0.70791, 0.54094, 0.35157
17, 16, -95.050, 7.921, 125.700, -189.03, 732.79, -55.30, 141.96, 55.83, 181.21, -0.30550, -0.69426, 0.55406, 0.34305
17, 17, -96.180, 9.115, 123.409, -379.15, 677.00, 72.14, 104.17, 22.36, 167.38, -0.30951, -0.68532, 0.54970, 0.36383
17, 15, -96.587, 10.963, 118.496, -336.91, 593.57, 122.07, 23.72, 31.32, 126.70, -0.32755, -0.67405, 0.52901, 0.39814
17, 16, -95.461, 12.787, 115.275, -380.49, 649.90, -87.28, -22.05, 59.10, 105.45, -0.34099, -0.67412, 0.50374, 0.41897
17, 15, -93.367, 12.957, 113.504, -323.79, 781.62, -263.55, -42.00, 77.49, 97.25, -0.35825, -0.67815, 0.48419, 0.42110
17, 15, -90.789, 13.684, 112.401, -523.19, 1071.59, -413.39, -52.87, 86.33, 84.44, -0.37067, -0.68700, 0.46169, 0.42127
17, 16, -87.848, 11.323, 111.924, -176.57, 1536.87, -615.84, -44.09, 77.13, 39.08, -0.39549, -0.69162, 0.45246, 0.40067
17, 15, -85.187, 10.231, 114.022, -132.51, 910.52, -497.13, -3.81, 59.71, 30.16, -0.39680, -0.70682, 0.44800, 0.37715
17, 15, -83.053, 11.658, 113.596, -253.66, 830.75, -303.53, -5.38, 53.28, 17.10, -0.39998, -0.71657, 0.42724, 0.37948
17, 17, -80.718, 16.114, 113.227, -556.09, 771.36, -274.17, -14.59, 62.23, -19.00, -0.39003, -0.73225, 0.39147, 0.39804
17, 15, -77.871, 14.043, 114.002, -160.40, 898.44, -427.31, -13.43, 85.49, -15.93, -0.40385, -0.74095, 0.38510, 0.37364
17, 15, -73.640, 18.947, 116.024, -887.45, 730.59, -450.32, 0.52, 121.64, -41.29, -0.38325, -0.76858, 0.34171, 0.38162
17, 16, -69.552, 24.569, 116.992, -607.48, 821.90, -402.34, -8.74, 84.27, -188.59, -0.36653, -0.78839, 0.29124, 0.39909
17, 15, -67.101, 20.267, 117.494, 258.54, 1060.12, -494.45, 1.82, 50.58, -172.26, -0.38900, -0.79309, 0.29589, 0.36351
17, 16, -63.456, 19.386, 117.113, 103.82, 927.12, -368.96, -8.11, 62.36, -250.00, -0.40637, -0.80012, 0.27341, 0.34628
17, 15, -60.310, 29.418, 119.370, -1212.95, 262.70, -341.06, 4.02, 43.59, -183.19, -0.36201, -0.81774, 0.21192, 0.39414
17, 15, -58.489, 26.345, 116.605, 192.14, 1268.98, -286.13, -25.28, 44.71, -250.00, -0.39948, -0.81177, 0.20421, 0.37383
17, 17, -57.474, 29.507, 113.359, -338.26, 755.00, -142.88, -23.02, 38.02, -250.00, -0.41394, -0.80212, 0.17072, 0.39512
17, 15, -57.351, 26.525, 111.031, 402.59, 1330.63, -424.44, -42.47, -22.06, -241.99, -0.44161, -0.79323, 0.17700, 0.38005
17, 16, -59.621, 23.554, 106.494, 89.72, 1147.34, -138.18, -30.24, -39.15, -144.08, -0.47590, -0.77003, 0.19285, 0.37866
17, 16, -62.275, 20.517, 102.275, 23.07, 1166.38, -124.45, -36.17, -54.21, -81.78, -0.50607, -0.74454, 0.21265, 0.37991
17, 15, -64.074, 17.844, 99.364, -68.48, 1198.24, -101.93, -24.57, -36.95, -37.38, -0.52843, -0.72453, 0.22912, 0.37857
17, 15, -65.118, 17.699, 99.139, -275.09, 1063.90, -203.92, -6.65, -37.70, -21.87, -0.52691, -0.72116, 0.23575, 0.38303
17, 16, -65.706, 17.198, 100.899, -264.77, 1145.32, -308.78, 28.14, -31.20, -16.04, -0.51565, -0.72718, 0.24804, 0.37920
17, 15, -65.567, 19.320, 103.687, -531.56, 1176.21, -274.41, 68.65, -9.50, -7.51, -0.49035, -0.74267, 0.24513, 0.38459
17, 17, -65.650, 21.849, 106.057, -570.86, 1055.42, -249.63, 87.77, -3.49, -22.48, -0.46490, -0.75535, 0.24045, 0.39434
17, 15, -65.502, 23.780, 108.908, -525.70, 892.21, -279.17, 95.18, 9.21, -25.79, -0.43886, -0.76874, 0.23937, 0.39892
17, 15, -65.381, 25.567, 111.762, -488.53, 709.11, -267.58, 95.66, 17.50, -23.79, -0.41283, -0.78093, 0.23951, 0.40293
17, 16, -64.978, 26.643, 114.578, -437.01, 563.05, -270.14, 77.94, 33.45, -12.79, -0.39055, -0.79224, 0.24134, 0.40198
18, 7, -78.466, 15.631, 116.006, -179.44, 801.15, -407.41, -11.05, -17.25, -3.53, -0.38188, -0.74846, 0.38849, 0.37821
18, 27, -78.914, 16.159, 116.858, -240.84, 804.08, -444.52, -4.40, -24.59, -2.59, -0.37246, -0.75058, 0.39192, 0.37988
18, 15, -79.195, 16.659, 117.005, -261.05, 794.25, -420.59, -2.42, -20.85, -2.61, -0.36831, -0.75086, 0.39206, 0.38321
18, 15, -79.337, 17.053, 117.222, -273.19, 799.87, -427.06, -1.30, -14.60, -1.75, -0.36461, -0.75167, 0.39200, 0.38522
18, 16, -79.314, 17.002, 117.230, -264.47, 800.42, -410.83, -0.67, -4.71, 4.36, -0.36488, -0.75170, 0.39209, 0.38482
18, 16, -79.357, 17.156, 116.817, -271.91, 774.90, -377.44, -2.94, -1.45, 8.66, -0.36673, -0.75046, 0.39031, 0.38726
18, 15, -79.557, 17.925, 115.720, -288.21, 737.85, -330.38, -10.90, -1.69, 8.13, -0.36972, -0.74743, 0.38445, 0.39605
18, 16, -79.685, 17.346, 114.707, -232.30, 753.05, -342.71, -23.86, -5.11, 6.99, -0.37850, -0.74279, 0.38438, 0.39656
18, 15, -79.772, 15.856, 113.748, -177.00, 797.06, -357.91, -30.78, -7.26, 14.15, -0.39112, -0.73680, 0.38836, 0.39157
18, 16, -79.740, 14.370, 113.253, -168.21, 821.29, -386.90, -33.94, -8.13, 27.83, -0.40104, -0.73255, 0.39317, 0.38464
18, 15, -79.904, 12.129, 111.948, -112.61, 816.53, -321.96, -36.25, -10.22, 44.28, -0.41864, -0.72302, 0.39994, 0.37687
18, 15, -79.881, 11.410, 112.015, -207.15, 876.40, -437.38, -43.14, -12.78, 62.28, -0.42141, -0.72189, 0.40323, 0.37242
18, 15, -80.237, 13.601, 113.117, -518.49, 1052.86, -622.92, -23.91, -28.70, 45.43, -0.40365, -0.72893, 0.39933, 0.38244
18, 17, -80.224, 11.645, 113.616, -80.32, 883.61, -412.05, -3.38, -12.84, 24.63, -0.40916, -0.72695, 0.40954, 0.36934
18, 14, -80.053, 10.710, 113.973, -147.89, 856.20, -374.39, 2.34, -5.48, 40.66, -0.41153, -0.72697, 0.41367, 0.36199
18, 16, -79.917, 10.849, 114.484, -213.32, 845.58, -376.89, 7.26, -3.42, 49.18, -0.40810, -0.72957, 0.41381, 0.36047
18, 15, -79.582, 10.817, 115.751, -218.63, 824.22, -446.59, 4.10, 1.25, 47.20, -0.40119, -0.73520, 0.41576, 0.35451
18, 15, -79.132, 9.081, 117.596, -147.83, 785.46, -477.66, 13.24, 17.52, 71.11, -0.39820, -0.73993, 0.42569, 0.33574
18, 16, -78.542, 9.578, 118.513, -328.43, 799.93, -442.93, 11.03, 33.64, 79.68, -0.39183, -0.74622, 0.42250, 0.33334
18, 15, -77.364, 8.767, 121.117, -267.58, 752.20, -593.02, 13.53, 50.94, 73.98, -0.38155, -0.75790, 0.42540, 0.31471
18, 16, -75.921, 8.464, 124.197, -315.73, 657.35, -567.02, 29.79, 73.31, 68.12, -0.36611, -0.77280, 0.42514, 0.29665
18, 16, -74.471, 10.078, 124.087, -554.75, 780.03, -354.00, 41.29, 99.98, 52.86, -0.36386, -0.78022, 0.40886, 0.30282
18, 15, -71.872, 10.654, 124.501, -472.78, 827.82, -468.69, 31.74, 133.16, 18.39, -0.36545, -0.79140, 0.38989, 0.29684
18, 16, -69.254, 8.915, 123.162, -243.53, 880.86, -387.57, 27.26, 141.37, -4.62, -0.38819, -0.79336, 0.37521, 0.28126
18, 15, -66.254, 9.050, 122.077, -325.32, 927.61, -360.11, 38.30, 139.41, -36.82, -0.40251, -0.79931, 0.35119, 0.27524
18, 15, -63.932, 8.916, 118.921, -163.94, 905.40, -146.67, 30.53, 106.33, -76.97, -0.43052, -0.79454, 0.32801, 0.27527
18, 16, -61.845, 7.185, 116.272, 6.47, 1068.18, -218.57, 25.38, 90.38, -79.65, -0.45957, -0.78768, 0.31485, 0.26309
18, 15, -60.156, 6.549, 113.283, 23.32, 992.19, -162.17, 16.05, 64.29, -97.17, -0.48589, -0.77894, 0.29933, 0.25993
18, 14, -58.920, 4.157, 110.428, 261.60, 1058.96, -174.44, 3.86, 38.15, -94.89, -0.51508, -0.76588, 0.29577, 0.24624
18, 17, -58.390, 2.048, 106.803, 251.40, 1127.20, -61.04, -8.38, 21.25, -58.14, -0.54610, -0.74674, 0.29467, 0.23942
18, 15, -58.652, 1.526, 102.614, 146.42, 1141.60, -14.71, -34.87, -13.50, -48.63, -0.57386, -0.72459, 0.29004, 0.24808
18, 16, -59.762, 0.575, 101.628, 212.59, 1083.80, -263.49, -46.85, -53.01, -45.90, -0.58017, -0.71481, 0.29970, 0.25026
18, 15, -61.299, 1.866, 97.045, 31.37, 1010.93, 110.96, -49.14, -66.62, -39.40, -0.60124, -0.69002, 0.29183, 0.27787
18, 15, -63.149, 3.878, 99.704, 3.05, 1018.98, -652.04, -74.65, -92.92, -53.81, -0.57476, -0.70330, 0.29909, 0.29251
18, 16, -66.393, 5.856, 91.466, -45.72, 786.68, 677.67, -32.69, -101.28, -45.00, -0.60875, -0.65694, 0.28486, 0.34162
18, 15, -67.828, 9.764, 96.950, -292.54, 904.17, -837.28, -43.24, -99.90, -56.80, -0.55953, -0.69019, 0.28856, 0.35678
18, 15, -68.629, 15.272, 99.534, -505.80, 843.75, -517.21, -53.87, -74.55, -46.30, -0.52158, -0.71120, 0.27219, 0.38480
18, 17, -71.006, 20.641, 96.644, -411.01, 665.95, 5.43, -19.44, -67.46, -63.28, -0.51029, -0.70216, 0.24719, 0.43066
18, 15, -69.465, 23.200, 102.187, -337.28, 621.77, -905.64, -51.51, -44.25, -81.99, -0.47099, -0.73306, 0.24422, 0.42562
18, 15, -67.747, 25.080, 107.657, -396.55, 632.75, -726.62, -4.17, -20.43, -79.28, -0.43395, -0.76040, 0.24322, 0.41752
18, 16, -66.195, 25.377, 111.878, -353.09, 646.12, -624.94, -2.56, -0.71, -72.79, -0.40994, -0.77950, 0.24641, 0.40449
18, 15, -65.381, 22.802, 114.906, -209.78, 736.69, -650.21, -5.43, 6.21, -44.27, -0.40235, -0.79028, 0.26376, 0.37949
18, 16, -64.960, 23.334, 117.048, -512.45, 627.56, -574.22, -14.63, 17.75, -15.35, -0.38676, -0.79896, 0.26539, 0.37635
18, 15, -63.736, 23.342, 120.363, -458.07, 541.63, -689.21, -20.21, 26.76, -29.75, -0.36738, -0.81272, 0.26746, 0.36466
18, 15, -62.054, 22.498, 124.318, -412.48, 604.06, -767.33, 0.75, 37.12, -38.04, -0.34752, -0.82874, 0.27136, 0.34466
18, 17, -59.184, 21.752, 133.386, -376.95, 66.10, -1110.05, 43.10, 44.86, -35.84, -0.29162, -0.86089, 0.27906, 0.30977
18, 15, -63.530, 19.633, 126.164, -360.17, 1725.40, 146.48, 33.85, 12.08, -18.22, -0.34081, -0.82961, 0.29940, 0.32550
18, 15, -65.151, 16.640, 124.266, -234.13, 992.19, -394.35, 51.48, 32.17, 2.60, -0.36141, -0.81767, 0.31803, 0.31568
18, 16, -63.389, 10.461, 128.696, 112.43, 426.21, -630.74, 21.10, 75.29, 2.85, -0.35690, -0.83149, 0.34063, 0.25539
18, 15, -65.020, 10.153, 123.990, -303.10, 1119.93, -79.22, 40.12, 24.33, 18.07, -0.38799, -0.81100, 0.34266, 0.27261
18, 15, -64.569, 4.082, 123.359, 234.86, 855.16, -432.37, 25.75, 53.67, 23.12, -0.41489, -0.80205, 0.36188, 0.23157
18, 16, -65.487, 4.274, 119.429, -244.75, 1159.61, -30.09, 45.18, 9.91, 44.60, -0.43952, -0.78482, 0.35923, 0.24866
18, 15, -65.944, 2.971, 114.875, -81.79, 1119.93, 29.11, 29.79, 17.11, 44.29, -0.47369, -0.76292, 0.35776, 0.25609
18, 17, -66.628, 1.321, 112.528, 17.52, 1163.15, -148.74, 27.80, -13.41, 54.99, -0.49309, -0.74759, 0.36419, 0.25562
18, 15, -67.365, 1.543, 110.237, -209.11, 1213.50, -23.56, 38.10, -17.80, 78.58, -0.50551, -0.73574, 0.36274, 0.26753
18, 15, -67.424, 4.495, 109.576, -464.84, 1296.57, -131.10, 47.89, -11.92, 42.08, -0.49977, -0.73883, 0.34806, 0.28848
18, 16, -67.786, 8.046, 109.695, -395.63, 1338.32, -225.40, 62.58, -31.76, -12.06, -0.48573, -0.74509, 0.33420, 0.31179
18, 15, -69.002, 8.575, 109.034, -70.31, 1188.54, -130.92, 72.72, -50.61, -23.22, -0.48476, -0.73970, 0.33776, 0.32213
18, 15, -70.900, 9.914, 107.756, -130.86, 1083.92, -32.23, 72.27, -69.35, -19.25, -0.48253, -0.73123, 0.33986, 0.34200
18, 16, -73.801, 12.340, 105.190, -186.10, 944.27, 85.45, 57.94, -97.12, -26.52, -0.48032, -0.71659, 0.33834, 0.37591
18, 15, -77.203, 15.919, 102.469, -267.52, 849.37, 5.62, 28.35, -107.44, -34.80, -0.47084, -0.70255, 0.33202, 0.41772
18, 16, -79.603, 20.873, 101.908, -401.61, 739.26, -151.73, 4.34, -99.88, -44.69, -0.44373, -0.70327, 0.31908, 0.45464
18, 16, -81.128, 25.509, 103.130, -458.62, 630.98, -304.08, -11.45, -93.10, -54.14, -0.40875, -0.71194, 0.30927, 0.48001
18, 15, -81.505, 28.546, 106.037, -403.56, 514.95, -439.88, -22.51, -81.76, -51.51, -0.37445, -0.72554, 0.30809, 0.48832
18, 15, -81.791, 30.996, 108.824, -426.15, 438.54, -453.31, -31.31, -78.82, -32.97, -0.34345, -0.73666, 0.30924, 0.49371
18, 16, -81.857, 31.327, 111.475, -378.85, 399.54, -468.44, -45.12, -63.11, 7.59, -0.32439, -0.74457, 0.31935, 0.48828
18, 15, -82.036, 31.460, 113.423, -428.04, 378.48, -448.55, -53.85, -46.90, 37.64, -0.31026, -0.74959, 0.32812, 0.48394
18, 16, -81.994, 29.932, 115.445, -434.45, 469.30, -561.77, -55.80, -29.92, 58.49, -0.30482, -0.75369, 0.34369, 0.47002
18, 15, -81.591, 28.172, 117.899, -524.72, 618.84, -706.30, -39.57, -12.58, 66.02, -0.29898, -0.75975, 0.35921, 0.45207
18, 16, -80.794, 26.207, 121.329, -576.78, 783.75, -918.58, -4.34, 5.26, 59.00, -0.28884, -0.76935, 0.37597, 0.42816
18, 16, -79.952, 24.212, 125.754, -597.29, 894.78, -1045.59, 43.56, 18.51, 53.37, -0.27166, -0.78139, 0.39482, 0.39968
18, 16, -78.868, 22.039, 131.251, -539.37, 791.56, -1000.12, 85.14, 42.95, 56.64, -0.24789, -0.79619, 0.41433, 0.36464
18, 15, -77.716, 20.224, 136.401, -509.64, 629.58, -784.67, 102.17, 79.53, 67.05, -0.22389, -0.81004, 0.42850, 0.33181
18, 16, -77.193, 18.018, 136.910, -326.48, 469.36, -338.93, 78.14, 134.16, 80.76, -0.23208, -0.81185, 0.43375, 0.31449
18, 15, -77.287, 16.468, 133.289, -293.95, 492.25, -128.85, 31.79, 128.34, 75.08, -0.26448, -0.80255, 0.42975, 0.31824
18, 16, -75.009, 10.412, 130.035, -97.47, 635.50, -267.03, -1.38, 176.90, 66.89, -0.32014, -0.79647, 0.42659, 0.28492
18, 15, -74.499, 9.561, 126.493, -324.34, 788.51, -312.19, -8.35, 87.55, 65.23, -0.34951, -0.78686, 0.41724, 0.29088
18, 16, -73.746, 10.090, 123.395, -385.31, 854.00, -346.25, -25.24, 70.49, 45.75, -0.37045, -0.78058, 0.40204, 0.30303
18, 16, -73.098, 11.047, 120.338, -356.32, 891.91, -360.60, -35.50, 49.04, 24.68, -0.38900, -0.77410, 0.38553, 0.31750
18, 15, -72.613, 11.248, 116.764, -262.21, 961.12, -320.31, -41.73, 35.74, 9.16, -0.41353, -0.76350, 0.37135, 0.32887
18, 15, -71.557, 8.106, 114.529, 21.48, 1194.03, -392.76, -23.57, 42.93, 7.82, -0.44362, -0.75319, 0.37176, 0.31257
18, 16, -70.721, 4.615, 113.177, 126.65, 1080.08, -338.68, -5.91, 26.52, 20.99, -0.46769, -0.74383, 0.37798, 0.29175
18, 15, -71.096, 5.605, 109.461, -117.31, 1054.02, -27.65, -3.20, -21.22, 4.81, -0.48699, -0.72918, 0.36618, 0.31153
18, 15, -72.742, 5.292, 106.516, 92.29, 1069.76, -114.69, -20.43, -81.53, -13.60, -0.50205, -0.71049, 0.36978, 0.32621
18, 15, -76.181, 5.533, 103.184, 63.96, 1067.38, -153.02, -52.32, -140.27, -11.39, -0.51125, -0.68508, 0.37969, 0.35372
18, 16, -78.594, 5.947, 102.369, 22.03, 968.14, -213.56, -46.14, -126.35, -0.35, -0.50689, -0.67443, 0.38945, 0.36952
18, 15, -81.115, 9.069, 103.502, -262.88, 945.25, -514.28, -77.67, -133.36, 15.59, -0.47928, -0.67876, 0.39315, 0.39372
18, 16, -83.529, 12.289, 102.510, -229.74, 886.78, -242.92, -55.76, -120.13, -1.85, -0.46285, -0.67456, 0.38832, 0.42421
18, 15, -84.803, 15.672, 103.764, -364.75, 793.21, -562.19, -89.62, -100.84, -3.49, -0.43555, -0.68338, 0.38410, 0.44245
18, 16, -85.537, 19.587, 105.946, -423.71, 750.61, -543.58, -44.60, -86.52, -30.36, -0.40131, -0.69754, 0.37796, 0.45774
18, 16, -85.796, 24.004, 107.653, -508.61, 635.01, -435.55, -32.87, -62.55, -35.61, -0.36842, -0.71094, 0.36479, 0.47514
18, 15, -84.893, 26.370, 111.877, -475.34, 658.75, -667.24, -3.64, -45.81, -48.93, -0.33384, -0.73055, 0.36499, 0.47077
18, 16, -84.539, 27.500, 114.306, -424.93, 743.77, -447.20, 21.97, -25.92, -41.80, -0.31403, -0.74006, 0.36724, 0.46779
18, 16, -83.507, 30.040, 116.645, -602.36, 696.17, -455.08, 17.14, -2.48, -48.79, -0.29017, -0.75227, 0.35805, 0.47084
18, 15, -81.400, 28.966, 120.690, -458.98, 836.67, -718.69, 29.68, 20.32, -52.09, -0.27718, -0.76803, 0.36525, 0.44710
18, 16, -80.235, 26.343, 123.924, -386.17, 940.00, -656.92, 67.60, 35.26, -30.50, -0.27273, -0.77766, 0.38119, 0.41899
18, 15, -79.179, 24.660, 127.086, -460.02, 875.79, -590.52, 93.95, 53.17, -20.07, -0.26306, -0.78747, 0.39230, 0.39597
18, 15, -78.281, 23.920, 128.662, -404.66, 726.01, -388.79, 107.99, 76.26, -29.91, -0.25879, -0.79368, 0.39447, 0.38405
18, 16, -77.522, 21.825, 127.720, -228.94, 633.36, -154.24, 93.62, 100.77, -30.64, -0.27771, -0.79270, 0.39447, 0.37269
18, 15, -76.659, 18.384, 124.733, -138.37, 647.40, -86.24, 57.65, 109.16, -10.81, -0.31688, -0.78488, 0.39281, 0.35951
18, 17, -76.169, 13.919, 120.060, -42.79, 673.89, -28.32, 12.51, 96.95, 28.07, -0.36986, -0.76699, 0.39347, 0.34655
18, 15, -76.163, 11.995, 114.150, -121.28, 740.36, 20.26, -31.55, 52.16, 37.98, -0.41707, -0.74359, 0.38362, 0.35491
18, 15, -76.245, 10.900, 109.035, -134.28, 792.79, -83.68, -68.41, 14.92, 43.85, -0.45405, -0.72178, 0.37304, 0.36566
18, 16, -74.666, 11.385, 110.615, -774.17, 1999.94, -1502.75, -75.52, 21.74, 48.23, -0.44702, -0.73404, 0.36575, 0.35720
18, 15, -73.657, 10.988, 112.340, -222.53, 883.91, -445.86, -0.26, 18.70, 40.16, -0.44059, -0.74321, 0.36635, 0.34542
18, 15, -72.810, 16.349, 111.370, -821.66, 752.62, -176.70, -8.99, 30.11, 22.04, -0.42780, -0.75101, 0.33289, 0.37703
18, 16, -70.936, 21.056, 111.643, -661.01, 751.83, -401.06, -42.91, 37.37, -43.98, -0.41279, -0.76342, 0.29881, 0.39688
18, 15, -69.766, 26.772, 109.905, -769.84, 742.92, -238.40, -46.34, 36.14, -76.58, -0.40441, -0.76570, 0.25629, 0.42950
18, 17, -67.841, 31.177, 109.044, -678.65, 768.25, -303.10, -62.24, 48.80, -133.18, -0.39860, -0.76962, 0.21741, 0.44892
18, 15, -65.211, 31.885, 109.205, -363.34, 805.11, -369.14, -66.18, 42.84, -185.36, -0.40473, -0.77524, 0.19661, 0.44332
18, 15, -64.244, 32.256, 106.941, -257.51, 770.02, -222.23, -72.99, 19.68, -209.38, -0.42218, -0.76879, 0.17935, 0.44560
18, 17, -62.220, 29.284, 107.088, -66.59, 911.74, -414.18, -62.84, 30.20, -161.50, -0.44097, -0.77134, 0.18214, 0.42119
18, 15, -60.963, 24.205, 106.097, 104.92, 1056.70, -364.50, -52.28, 38.54, -107.35, -0.47166, -0.76655, 0.19709, 0.38870
18, 15, -60.861, 20.563, 104.285, -44.98, 1012.88, -273.38, -43.01, 17.28, -66.50, -0.49737, -0.75600, 0.20973, 0.37028
18, 16, -61.300, 18.296, 103.340, -140.32, 959.78, -295.78, -33.94, -8.43, -37.76, -0.51022, -0.74860, 0.22167, 0.36075
18, 15, -61.318, 17.458, 104.266, -195.68, 895.26, -344.12, -18.70, -18.29, -19.73, -0.50703, -0.75169, 0.22912, 0.35409
18, 16, -61.921, 19.494, 104.021, -396.36, 845.76, -227.72, -5.38, -19.79, -12.73, -0.49953, -0.75174, 0.22153, 0.36916
18, 16, -62.439, 21.132, 103.752, -406.56, 849.30, -230.90, -7.28, -15.27, -17.35, -0.49363, -0.75134, 0.21532, 0.38139
18, 15, -63.434, 21.969, 102.855, -383.61, 873.72, -209.05, -10.77, -23.83, -17.68, -0.49303, -0.74649, 0.21430, 0.39212
18, 16, -65.735, 21.914, 100.042, -366.15, 950.81, -130.37, -21.14, -49.55, -7.00, -0.50334, -0.72983, 0.21962, 0.40714
18, 15, -67.824, 22.552, 97.225, -430.42, 970.89, -96.68, -34.48, -50.70, 8.32, -0.51103, -0.71422, 0.21900, 0.42518
18, 15, -71.067, 21.865, 89.741, -359.50, 959.29, 364.69, -76.57, -47.70, 28.09, -0.54662, -0.67239, 0.21398, 0.45089
18, 16, -71.246, 21.986, 90.142, -413.02, 970.28, -266.85, -90.91, -59.82, 30.00, -0.54309, -0.67419, 0.21589, 0.45156
18, 15, -73.872, 22.424, 84.051, -458.86, 958.80, 382.81, -72.40, -53.11, 36.64, -0.56566, -0.64080, 0.20365, 0.47742
18, 16, -71.833, 23.150, 87.670, -476.93, 911.07, -559.33, -117.81, -41.70, 35.51, -0.55055, -0.66354, 0.20255, 0.46430
18, 16, -75.257, 22.500, 80.262, -292.60, 771.91, 597.78, -60.66, -56.34, 26.82, -0.58035, -0.61961, 0.19479, 0.49126
18, 15, -73.323, 24.685, 86.717, -536.38, 836.43, -758.48, -73.72, -66.38, 0.08, -0.54373, -0.65937, 0.19801, 0.47997
18, 15, -75.499, 27.211, 83.764, -459.23, 718.87, 194.76, -23.80, -51.23, -6.51, -0.54072, -0.64687, 0.18237, 0.50589
18, 16, -73.135, 29.784, 90.568, -587.28, 773.32, -676.64, -11.78, -39.22, -25.21, -0.50043, -0.68621, 0.18279, 0.49524
18, 16, -71.525, 32.452, 93.860, -622.68, 708.98, -240.05, 9.19, 2.00, -26.81, -0.47571, -0.70640, 0.17147, 0.49528
18, 14, -68.908, 31.628, 98.904, -411.44, 778.69, -368.10, 33.11, 22.65, -29.98, -0.45874, -0.73013, 0.18113, 0.47292
18, 16, -64.858, 29.956, 107.144, -359.92, 827.82, -726.50, 55.89, 29.59, -28.38, -0.42801, -0.76752, 0.19649, 0.43486
18, 17, -62.650, 26.381, 113.734, -342.10, 931.95, -585.02, 122.73, 52.47, 5.06, -0.40552, -0.79392, 0.22357, 0.39403
18, 16, -62.288, 22.745, 119.016, -351.87, 1000.18, -551.45, 157.33, 40.11, 23.78, -0.38381, -0.81136, 0.25566, 0.35920
18, 15, -63.473, 20.086, 123.233, -394.59, 992.68, -502.20, 185.54, 21.97, 40.08, -0.36035, -0.82100, 0.28864, 0.33585
18, 15, -65.306, 19.781, 126.291, -499.45, 881.65, -394.35, 194.68, 22.49, 56.12, -0.33423, -0.82531, 0.31199, 0.33137
18, 16, -67.795, 21.247, 127.839, -540.95, 783.14, -228.88, 185.23, 2.14, 43.70, -0.30985, -0.82337, 0.32852, 0.34369
18, 15, -70.035, 22.913, 127.787, -507.32, 678.89, -135.62, 148.02, 16.60, 35.03, -0.29632, -0.81741, 0.33768, 0.36057
18, 15, -71.989, 23.259, 125.930, -378.48, 601.38, -71.47, 105.71, 40.10, 35.51, -0.30172, -0.80691, 0.34416, 0.37338
18, 16, -75.151, 24.962, 121.804, -462.95, 515.20, 39.73, 58.58, 30.75, 50.87, -0.31204, -0.78738, 0.34486, 0.40465
18, 16, -78.324, 23.641, 116.289, -281.43, 636.05, 5.68, 10.19, 9.06, 45.53, -0.34396, -0.76073, 0.35236, 0.42288
18, 16, -80.654, 21.848, 111.036, -294.01, 762.70, -59.51, -32.42, -0.74, 61.84, -0.37788, -0.73459, 0.35632, 0.43660
18, 15, -81.513, 20.793, 107.360, -366.76, 857.42, -212.46, -59.25, 1.43, 70.79, -0.40278, -0.71766, 0.35275, 0.44530
18, 15, -81.658, 19.601, 103.931, -339.05, 901.92, -182.13, -67.51, 7.83, 71.20, -0.42893, -0.70253, 0.34619, 0.45013
18, 16, -79.803, 18.329, 105.135, -367.55, 1287.54, -482.12, -32.30, 28.85, 36.39, -0.43437, -0.71018, 0.34579, 0.43289
18, 15, -77.887, 18.594, 106.972, -319.58, 844.54, -323.18, -4.77, 30.99, 19.42, -0.42885, -0.72331, 0.33934, 0.42161
18, 15, -76.679, 17.913, 105.257, -303.16, 965.09, -139.22, -4.91, 48.32, 26.74, -0.44702, -0.71907, 0.32884, 0.41830
18, 16, -76.736, 15.065, 102.063, -106.20, 1100.34, -29.91, -21.25, 12.29, 29.35, -0.47857, -0.70046, 0.33205, 0.41240
18, 17, -77.804, 15.070, 97.385, -246.34, 1085.51, 9.09, -79.24, -36.25, 29.16, -0.50275, -0.67740, 0.32124, 0.43033
18, 15, -77.309, 16.092, 98.865, -273.86, 976.75, -492.61, -89.10, -42.74, 6.27, -0.49159, -0.68748, 0.31845, 0.42931
18, 16, -79.631, 15.519, 89.927, -102.23, 881.84, 552.86, -92.01, -37.60, 12.43, -0.53669, -0.63970, 0.30029, 0.46107
18, 15, -78.379, 16.681, 94.117, -258.97, 921.94, -753.91, -104.10, -47.20, 3.28, -0.51309, -0.66509, 0.30338, 0.44984
18, 16, -79.743, 16.724, 88.208, -175.90, 729.43, 281.07, -69.47, -28.13, 22.97, -0.54094, -0.63450, 0.28712, 0.47155
18, 15, -78.301, 18.123, 93.742, -304.93, 867.31, -655.21, -52.15, -41.11, 3.56, -0.50962, -0.66698, 0.29353, 0.45746
18, 15, -78.011, 22.309, 95.765, -509.64, 702.82, -155.58, 5.22, -27.96, -1.60, -0.48109, -0.68542, 0.27689, 0.47126
18, 16, -75.910, 25.924, 100.791, -550.72, 769.29, -435.79, 15.27, -3.04, -36.33, -0.44305, -0.71698, 0.26483, 0.46853
18, 16, -73.955, 27.630, 106.675, -580.26, 1064.39, -643.31, 72.59, -0.22, -69.53, -0.40576, -0.74553, 0.26701, 0.45635
18, 15, -72.888, 27.521, 111.860, -402.89, 1090.27, -489.81, 124.40, 2.49, -88.43, -0.37622, -0.76567, 0.28081, 0.43972
18, 16, -73.572, 26.237, 114.323, -314.82, 1074.46, -290.59, 142.11, -2.38, -72.14, -0.36287, -0.77079, 0.30101, 0.42849
18, 15, -74.816, 25.070, 115.731, -324.77, 941.41, -222.66, 140.48, 0.55, -38.57, -0.35405, -0.77079, 0.32018, 0.42193
18, 15, -76.451, 24.342, 115.490, -331.79, 873.54, -114.99, 121.91, 5.78, -14.95, -0.35295, -0.76466, 0.33367, 0.42353
18, 16, -78.071, 23.214, 114.860, -291.69, 841.86, -140.75, 98.61, -0.07, 0.72, -0.35634, -0.75664, 0.34739, 0.42407
18, 15, -79.850, 22.261, 113.916, -272.16, 780.46, -127.20, 87.17, -9.38, 17.79, -0.36036, -0.74698, 0.36002, 0.42725
18, 16, -82.241, 21.878, 111.688, -277.53, 702.21, -38.09, 71.82, -15.89, 32.58, -0.36751, -0.73173, 0.36882, 0.43986
18, 16, -84.730, 23.361, 108.479, -385.25, 649.78, 18.98, 35.42, -27.10, 41.68, -0.37080, -0.71587, 0.36470, 0.46586
18, 16, -86.629, 24.357, 105.897, -356.93, 643.31, -77.15, 6.00, -28.57, 40.82, -0.37403, -0.70326, 0.36081, 0.48512
18, 15, -87.914, 25.280, 104.651, -375.55, 689.64, -171.51, -13.98, -38.73, 34.11, -0.37155, -0.69693, 0.35867, 0.49760
18, 16, -88.401, 26.123, 105.430, -404.54, 679.08, -311.65, -24.84, -46.09, 26.18, -0.36045, -0.69949, 0.36078, 0.50063
18, 15, -87.982, 27.051, 108.075, -436.28, 660.22, -478.82, -19.76, -42.37, 14.79, -0.34128, -0.71057, 0.36504, 0.49534
18, 16, -87.011, 28.192, 111.717, -443.18, 581.91, -519.29, -4.71, -32.75, 5.28, -0.31678, -0.72591, 0.36895, 0.48640
18, 15, -85.948, 28.724, 115.615, -435.79, 575.20, -597.53, -0.76, -31.10, 2.79, -0.29355, -0.74044, 0.37592, 0.47357
18, 15, -85.418, 27.958, 119.027, -494.20, 747.19, -783.33, -3.15, -29.63, 11.98, -0.27745, -0.74986, 0.38987, 0.45687
18, 17, -84.971, 26.265, 122.094, -497.92, 821.72, -845.28, 8.78, -8.77, 34.92, -0.26770, -0.75700, 0.40642, 0.43601
18, 15, -84.503, 23.958, 124.642, -467.83, 901.98, -842.53, 17.94, 13.14, 45.79, -0.26427, -0.76234, 0.42259, 0.41282
18, 16, -83.466, 20.382, 127.864, -256.65, 757.26, -743.71, 38.60, 38.28, 48.72, -0.26423, -0.77010, 0.44116, 0.37750
18, 15, -82.378, 16.273, 130.893, -121.09, 609.19, -595.46, 51.01, 48.37, 50.98, -0.26735, -0.77706, 0.45867, 0.33811
18, 15, -81.745, 12.228, 132.833, -61.52, 525.02, -482.85, 48.32, 40.92, 60.96, -0.27536, -0.77953, 0.47387, 0.30324
18, 16, -80.957, 9.838, 133.274, -143.13, 591.13, -498.35, 36.80, 51.96, 79.12, -0.28563, -0.78081, 0.47753, 0.28410
18, 15, -80.765, 9.406, 132.449, -267.27, 656.31, -447.45, 28.66, 56.47, 93.54, -0.29373, -0.77894, 0.47559, 0.28424
18, 15, -81.136, 9.531, 130.384, -358.95, 770.32, -416.08, 17.64, 51.17, 91.54, -0.30619, -0.77217, 0.47247, 0.29457
18, 17, -81.304, 10.161, 128.280, -372.44, 830.63, -408.33, 11.59, 39.67, 74.04, -0.31696, -0.76671, 0.46588, 0.30764
18, 15, -80.608, 9.932, 126.038, -305.30, 861.02, -385.56, 7.22, 61.80, 58.49, -0.33486, -0.76278, 0.45599, 0.31324
18, 15, -79.199, 8.971, 124.012, -255.80, 815.61, -353.45, 4.88, 86.95, 61.05, -0.35648, -0.76061, 0.44467, 0.31091
18, 16, -77.029, 6.262, 121.198, -143.13, 763.79, -266.78, -9.92, 118.41, 71.60, -0.39250, -0.75486, 0.43317, 0.29748
18, 15, -74.074, 0.834, 116.353, 65.00, 765.08, -79.10, -29.85, 139.12, 85.57, -0.45291, -0.73673, 0.42326, 0.27008
18, 15, -72.753, 0.842, 110.521, -153.56, 783.57, 11.54, -63.55, 50.89, 78.12, -0.49310, -0.71742, 0.40070, 0.28566
18, 15, -72.280, 2.678, 110.745, -434.14, 1500.37, -983.89, -96.53, 1.57, 54.04, -0.48631, -0.72431, 0.39024, 0.29427
18, 16, -71.734, 2.121, 111.827, -39.06, 1007.08, -463.44, -10.60, 5.62, 39.34, -0.48282, -0.72948, 0.39196, 0.28479
18, 16, -71.370, 2.840, 109.614, -110.84, 1011.78, -179.44, -3.43, 2.71, 30.72, -0.49521, -0.72289, 0.38087, 0.29519
18, 15, -71.304, 4.626, 106.632, -196.41, 1051.64, -115.30, -26.75, -8.48, 20.16, -0.50775, -0.71410, 0.36430, 0.31550
18, 15, -72.229, 7.485, 102.407, -275.33, 1088.01, 5.80, -50.94, -40.66, -0.38, -0.52086, -0.69875, 0.34389, 0.34955
18, 16, -73.001, 10.744, 98.595, -211.61, 1071.72, -108.76, -88.68, -47.76, -44.51, -0.52948, -0.68643, 0.31973, 0.38242
18, 15, -74.751, 15.508, 91.304, -391.48, 1128.72, 350.10, -104.16, -44.83, -89.52, -0.54800, -0.65851, 0.27808, 0.43443
18, 15, -74.901, 20.666, 88.378, -225.83, 1074.71, -386.11, -219.29, -47.55, -186.65, -0.54394, -0.65591, 0.23779, 0.46623
18, 16, -80.859, 23.635, 78.037, -143.55, 810.18, 178.10, -212.27, -139.40, -179.59, -0.56271, -0.60158, 0.20774, 0.52754
18, 16, -84.535, 23.169, 78.233, 9.58, 973.51, -276.18, -152.12, -175.58, -144.07, -0.54646, -0.59417, 0.23069, 0.54325
18, 17, -86.772, 23.556, 79.090, -157.10, 975.46, -400.76, -177.06, -153.55, -100.11, -0.52965, -0.59471, 0.24406, 0.55337
18, 15, -89.116, 23.645, 82.145, -106.08, 954.35, -583.80, -119.25, -165.02, -93.64, -0.50193, -0.60347, 0.27060, 0.55738
18, 15, -89.740, 26.435, 84.774, -433.29, 822.94, -583.44, -122.04, -110.13, -66.84, -0.47201, -0.62127, 0.27064, 0.56391
18, 16, -90.066, 27.803, 88.184, -388.12, 911.74, -539.18, -49.85, -87.59, -64.14, -0.44517, -0.63783, 0.28134, 0.56200
18, 15, -88.730, 29.741, 91.094, -498.35, 821.84, -297.97, -23.80, -12.86, -56.03, -0.42581, -0.65693, 0.27701, 0.55713
18, 15, -85.928, 29.443, 96.721, -376.71, 896.85, -511.90, 9.86, 8.89, -56.42, -0.40768, -0.68369, 0.28902, 0.53183
18, 16, -81.670, 27.402, 105.336, -300.48, 968.87, -684.75, 77.77, 49.33, -41.83, -0.38369, -0.72111, 0.31208, 0.48516
18, 16, -78.987, 22.327, 110.812, -127.69, 953.37, -369.69, 120.83, 83.79, 1.94, -0.38344, -0.73964, 0.34243, 0.43433
18, 16, -76.844, 15.993, 115.572, -83.62, 1048.28, -392.70, 145.37, 105.15, 59.37, -0.38847, -0.75298, 0.37483, 0.37633
18, 16, -75.226, 10.864, 119.165, -248.60, 1131.04, -356.51, 177.54, 124.44, 112.65, -0.39163, -0.76255, 0.39726, 0.32761
18, 15, -75.280, 8.298, 121.795, -312.26, 1106.93, -218.08, 199.40, 73.61, 122.70, -0.38463, -0.76700, 0.41520, 0.30229
18, 16, -75.331, 4.323, 124.310, -147.34, 1053.59, -258.79, 198.10, 77.81, 140.52, -0.38400, -0.76825, 0.43684, 0.26741
18, 15, -76.009, 1.164, 124.912, -156.25, 965.39, -91.43, 175.15, 58.90, 165.69, -0.39127, -0.76156, 0.45400, 0.24659
18, 15, -76.266, -0.686, 123.311, -192.93, 831.18, 48.40, 127.31, 55.13, 165.31, -0.40869, -0.75106, 0.45878, 0.24167
18, 16, -75.662, -4.085, 120.820, -112.73, 790.28, -63.60, 73.14, 85.69, 168.44, -0.43923, -0.73640, 0.46178, 0.22707
18, 16, -74.617, -3.783, 117.825, -310.73, 725.46, 18.74, 43.24, 72.78, 153.51, -0.45938, -0.72955, 0.44793, 0.23683
18, 15, -73.071, -4.532, 114.129, -157.53, 718.75, -33.26, -1.12, 72.57, 135.77, -0.48862, -0.71829, 0.43337, 0.23979
18, 16, -71.632, -3.446, 112.987, -283.14, 762.08, -258.97, -32.66, 65.15, 132.08, -0.49512, -0.72151, 0.41752, 0.24485
18, 15, -70.454, -0.492, 111.559, -366.82, 752.81, -239.50, -42.24, 43.14, 89.52, -0.49672, -0.72671, 0.39448, 0.26373
18, 15, -69.484, 1.104, 110.263, -161.38, 782.23, -301.09, -60.94, 26.10, 47.14, -0.50180, -0.72803, 0.37830, 0.27398
18, 16, -68.763, 2.685, 109.767, -154.05, 869.14, -406.56, -68.23, 10.96, 19.55, -0.50135, -0.73171, 0.36540, 0.28238
18, 15, -67.905, 2.162, 110.832, 4.39, 1361.94, -764.04, -41.06, 15.12, 8.01, -0.49836, -0.73796, 0.36483, 0.27194
18, 16, -67.567, 2.231, 111.990, -90.52, 961.73, -412.29, 9.06, 9.55, 32.26, -0.49143, -0.74418, 0.36507, 0.26724
18, 15, -67.063, 10.215, 111.512, -748.78, 977.29, -317.87, -2.42, -17.65, -76.31, -0.46803, -0.75847, 0.32429, 0.31703
18, 15, -65.780, 17.104, 110.142, -488.34, 806.64, -283.33, -33.74, 9.67, -141.66, -0.45551, -0.76607, 0.27875, 0.35770
18, 16, -63.642, 19.974, 110.937, -295.29, 776.12, -424.80, -33.56, 26.93, -157.76, -0.44609, -0.77721, 0.25271, 0.36481
18, 16, -60.797, 19.617, 111.153, -160.34, 882.57, -405.64, -29.88, 66.24, -158.21, -0.45482, -0.78382, 0.23578, 0.35097
18, 15, -57.711, 17.701, 111.762, -27.28, 994.26, -462.59, -13.66, 78.15, -156.64, -0.46641, -0.79096, 0.22580, 0.32536
18, 16, -55.348, 22.769, 111.095, -389.89, 750.49, -281.80, -10.77, 55.73, -223.01, -0.46081, -0.79542, 0.18230, 0.34889
18, 15, -52.732, 17.803, 110.745, 435.49, 1052.19, -403.08, -18.37, 64.38, -189.90, -0.48688, -0.79578, 0.18801, 0.30713
18, 15, -49.597, 25.972, 114.320, -789.67, 354.86, -416.93, 14.24, 58.62, -126.46, -0.44482, -0.81653, 0.13565, 0.34206
18, 17, -48.839, 21.363, 111.916, 314.15, 1254.03, -367.43, -23.99, 36.87, -178.54, -0.47835, -0.80773, 0.14617, 0.31206
18, 15, -48.669, 21.145, 110.893, -321.59, 819.95, -333.98, -2.18, 39.35, -100.40, -0.48665, -0.80360, 0.14329, 0.31122
18, 17, -50.268, 20.942, 106.872, -133.79, 1020.32, -156.80, -13.46, -18.68, -152.10, -0.51071, -0.78403, 0.14430, 0.32194
18, 15, -50.150, 17.821, 104.479, 61.22, 1108.09, -216.19, -19.71, 25.18, -107.99, -0.53659, -0.77165, 0.15351, 0.30505
18, 15, -50.973, 14.149, 101.579, 163.27, 1186.65, -110.35, -12.87, -0.62, -69.84, -0.56422, -0.75364, 0.17129, 0.29041
18, 16, -51.907, 12.102, 100.323, -37.23, 1019.10, -177.98, -9.05, -18.40, -33.79, -0.57573, -0.74379, 0.18544, 0.28447
18, 15, -53.336, 12.206, 99.967, -188.11, 959.66, -195.50, -2.80, -42.05, -17.21, -0.57415, -0.73976, 0.19322, 0.29287
18, 15, -54.724, 14.708, 101.062, -319.82, 878.97, -249.57, 7.10, -54.88, -22.22, -0.55611, -0.74575, 0.19142, 0.31297
18, 17, -55.617, 16.253, 102.604, -336.61, 976.50, -300.29, 26.44, -38.22, -27.38, -0.53881, -0.75328, 0.19317, 0.32395
18, 15, -56.097, 15.773, 105.009, -322.75, 1080.02, -366.03, 55.47, -13.00, 4.91, -0.52306, -0.76310, 0.20564, 0.31907
18, 15, -56.888, 16.687, 106.933, -453.31, 1061.58, -326.60, 71.33, -10.25, 7.19, -0.50503, -0.77118, 0.21160, 0.32473
18, 17, -57.802, 17.867, 109.137, -457.28, 991.94, -363.53, 77.48, -14.77, -5.08, -0.48359, -0.78003, 0.21807, 0.33186
18, 15, -58.855, 18.224, 111.496, -383.48, 895.69, -365.60, 86.88, -13.32, -5.24, -0.46317, -0.78802, 0.23035, 0.33382
18, 16, -60.527, 18.253, 112.735, -331.79, 791.26, -290.77, 88.49, -14.54, 3.52, -0.44964, -0.78950, 0.24535, 0.33810
18, 15, -62.246, 19.157, 114.156, -389.28, 759.95, -318.54, 82.14, -19.64, 9.46, -0.43143, -0.79194, 0.25712, 0.34726
19, 7, -71.354, 11.461, 116.926, -184.63, 832.70, -422.55, 1.96, 2.88, 0.79, -0.41519, -0.76845, 0.36247, 0.32513
19, 26, -71.287, 11.002, 117.022, -174.74, 825.44, -416.50, 3.20, 2.42, 1.82, -0.41655, -0.76830, 0.36428, 0.32171
19, 16, -71.217, 10.932, 117.343, -180.42, 822.45, -433.96, 3.38, 1.56, 2.46, -0.41487, -0.76958, 0.36501, 0.31999
19, 15, -71.216, 11.057, 117.396, -188.05, 815.43, -417.85, 3.91, 1.37, 2.17, -0.41402, -0.76997, 0.36462, 0.32060
19, 16, -71.214, 11.089, 117.431, -186.77, 820.56, -421.08, 3.54, 1.83, 2.13, -0.41367, -0.77015, 0.36456, 0.32069
19, 14, -71.195, 11.191, 117.480, -189.15, 818.54, -419.98, 4.00, 1.58, 2.07, -0.41299, -0.77055, 0.36413, 0.32110
19, 16, -71.178, 11.312, 117.535, -189.33, 805.73, -416.38, 3.30, 1.53, 1.37, -0.41219, -0.77098, 0.36366, 0.32163
19, 16, -71.170, 11.117, 117.610, -174.80, 809.51, -421.39, 2.97, 1.37, 1.81, -0.41248, -0.77098, 0.36465, 0.32013
19, 15, -71.217, 11.239, 117.550, -190.67, 807.31, -415.10, 2.06, 0.76, 3.65, -0.41227, -0.77080, 0.36427, 0.32126
19, 15, -71.255, 11.191, 117.477, -184.27, 809.88, -417.36, 0.37, 0.90, 4.05, -0.41284, -0.77034, 0.36453, 0.32133
19, 16, -71.312, 11.298, 117.205, -191.22, 807.07, -404.54, -0.79, 1.44, 4.88, -0.41408, -0.76934, 0.36369, 0.32307
19, 14, -71.332, 11.314, 116.895, -185.97, 796.88, -397.95, -4.49, 2.05, 5.15, -0.41604, -0.76818, 0.36288, 0.32423
19, 15, -71.283, 11.179, 116.683, -180.11, 801.27, -406.01, -8.16, 2.83, 5.66, -0.41814, -0.76736, 0.36253, 0.32388
19, 16, -71.182, 11.096, 116.062, -175.11, 801.33, -383.61, -11.89, 2.27, 7.32, -0.42290, -0.76527, 0.36046, 0.32494
19, 16, -71.175, 10.829, 114.766, -161.68, 802.06, -347.35, -18.63, 1.36, 9.48, -0.43259, -0.76002, 0.35791, 0.32731
19, 16, -71.489, 9.161, 112.517, -81.30, 821.11, -296.33, -35.57, -8.09, 21.00, -0.45294, -0.74746, 0.36103, 0.32528
19, 15, -71.988, 7.195, 110.253, -38.02, 843.08, -278.81, -48.55, -23.76, 35.84, -0.47361, -0.73293, 0.36678, 0.32246
19, 15, -72.671, 7.642, 111.376, -141.36, 954.71, -514.89, -29.25, -48.84, 28.29, -0.46279, -0.73621, 0.37231, 0.32435
19, 16, -73.499, 8.464, 112.325, -166.99, 980.65, -495.67, -16.98, -53.88, 23.41, -0.45114, -0.73892, 0.37665, 0.32956
19, 15, -74.107, 8.013, 112.304, -78.43, 887.39, -364.99, -12.04, -44.90, 24.05, -0.45129, -0.73593, 0.38252, 0.32928
19, 15, -74.624, 9.041, 113.138, -171.51, 839.36, -405.27, -8.69, -42.72, 27.00, -0.44036, -0.73946, 0.38370, 0.33475
19, 15, -75.412, 8.791, 113.897, -123.90, 841.49, -407.90, -2.63, -38.44, 32.94, -0.43417, -0.73921, 0.39210, 0.33367
19, 16, -76.056, 7.934, 115.260, -98.69, 815.98, -446.17, 4.72, -32.41, 47.20, -0.42699, -0.74041, 0.40387, 0.32612
19, 15, -76.534, 9.261, 116.276, -264.59, 823.55, -441.96, 6.71, -23.74, 50.77, -0.41357, -0.74501, 0.40426, 0.33241
19, 16, -77.026, 9.974, 117.224, -247.80, 808.41, -444.52, 8.74, -18.39, 55.40, -0.40296, -0.74796, 0.40722, 0.33517
19, 15, -77.000, 8.880, 119.049, -141.36, 761.90, -518.37, 6.19, -2.36, 55.03, -0.39571, -0.75243, 0.41680, 0.32178
19, 15, -76.680, 9.521, 119.858, -287.84, 772.16, -456.79, 8.44, 20.74, 63.80, -0.38857, -0.75750, 0.41436, 0.32174
19, 16, -75.649, 8.530, 121.276, -207.34, 782.29, -547.91, 0.09, 44.36, 57.01, -0.38615, -0.76432, 0.41537, 0.30688
19, 14, -74.429, 9.022, 121.560, -333.62, 760.68, -414.06, 19.01, 70.52, 62.23, -0.38546, -0.77046, 0.40601, 0.30490
19, 16, -72.726, 8.656, 121.507, -323.43, 839.17, -459.17, 12.83, 95.84, 51.51, -0.39178, -0.77565, 0.39584, 0.29696
19, 16, -70.691, 8.163, 120.604, -273.19, 911.99, -398.32, 24.74, 105.32, 19.48, -0.40506, -0.77864, 0.38170, 0.28974
19, 15, -68.122, 9.807, 121.402, -380.19, 797.55, -434.57, 33.99, 105.25, -15.26, -0.39978, -0.79217, 0.35942, 0.28890
19, 16, -65.390, 8.687, 120.157, -175.11, 972.78, -364.44, 36.14, 118.36, -50.07, -0.41926, -0.79455, 0.34205, 0.27553
19, 15, -62.815, 7.278, 117.739, -80.26, 912.60, -191.53, 36.38, 112.09, -59.52, -0.44693, -0.79091, 0.32450, 0.26345
19, 15, -60.306, 5.836, 115.202, -84.72, 1038.94, -221.01, 24.03, 112.14, -45.30, -0.47468, -0.78552, 0.30784, 0.25075
19, 16, -57.691, 3.903, 112.729, 10.56, 1004.39, -198.36, 20.06, 108.28, -47.39, -0.50288, -0.77885, 0.29348, 0.23319
19, 15, -55.640, 0.484, 110.440, 321.90, 1006.29, -166.81, 14.08, 70.06, -66.45, -0.53158, -0.76805, 0.29102, 0.20692
19, 15, -54.350, -2.939, 108.035, 340.27, 1041.87, -166.02, 8.29, 44.79, -41.38, -0.55814, -0.75359, 0.29445, 0.18406
19, 17, -53.979, -2.835, 105.149, 102.72, 1052.61, -115.30, -2.31, 8.50, -36.13, -0.57733, -0.74043, 0.28681, 0.19023
19, 15, -54.847, -3.150, 103.851, 164.67, 1033.08, -239.07, -24.22, -36.48, -39.96, -0.58491, -0.73102, 0.29176, 0.19586
19, 16, -56.173, -2.950, 104.602, 146.24, 1027.65, -379.15, -24.75, -50.46, -28.43, -0.57735, -0.73182, 0.30054, 0.20194
19, 15, -57.888, -0.008, 101.145, -51.51, 949.28, -110.90, -59.55, -70.79, -32.81, -0.58869, -0.71594, 0.28995, 0.23831
19, 15, -59.620, 1.493, 103.463, 4.82, 970.83, -629.88, -60.49, -74.81, -33.17, -0.56646, -0.72626, 0.29818, 0.25050
19, 16, -62.445, 4.513, 94.875, -201.97, 842.96, 565.37, -56.62, -88.43, -25.88, -0.60394, -0.68162, 0.27885, 0.30480
19, 15, -63.906, 7.193, 98.207, -160.10, 966.67, -691.22, -71.91, -86.52, -46.25, -0.57185, -0.70082, 0.28225, 0.31965
19, 15, -65.225, 13.355, 97.627, -394.59, 735.60, -253.17, -90.38, -74.10, -50.70, -0.55131, -0.70668, 0.25530, 0.36261
19, 17, -66.097, 15.668, 100.308, -231.81, 848.82, -547.36, -46.42, -76.33, -62.57, -0.52367, -0.72124, 0.25681, 0.37367
19, 15, -66.165, 19.898, 100.800, -374.08, 624.45, -267.70, -51.25, -30.72, -60.45, -0.50468, -0.72965, 0.23603, 0.39649
19, 15, -65.080, 19.856, 104.986, -175.96, 751.10, -716.92, -34.58, -25.11, -61.49, -0.48150, -0.74988, 0.24349, 0.38282
19, 16, -63.927, 19.671, 108.514, -289.12, 764.28, -570.19, -1.43, 7.35, -39.13, -0.46263, -0.76669, 0.24839, 0.36941
19, 15, -63.017, 18.389, 111.594, -218.32, 785.71, -589.48, 2.83, 12.31, -38.02, -0.44947, -0.77968, 0.25831, 0.35122
19, 16, -62.031, 20.830, 113.968, -491.33, 681.52, -529.60, -3.79, 17.86, -58.04, -0.42719, -0.79297, 0.24705, 0.35731
19, 15, -60.931, 21.600, 116.459, -437.68, 732.36, -620.36, -4.56, 24.52, -66.92, -0.41037, -0.80490, 0.24345, 0.35279
19, 15, -59.621, 20.255, 118.256, -252.50, 804.87, -583.37, 0.39, 31.59, -72.72, -0.40652, -0.81341, 0.24583, 0.33566
19, 17, -57.085, 22.008, 123.977, -461.67, 407.71, -783.02, 15.05, 35.19, -72.07, -0.36636, -0.83859, 0.23630, 0.32667
19, 15, -57.794, 18.298, 121.332, -78.80, 1053.65, -332.70, 28.42, 42.52, -73.03, -0.39654, -0.82721, 0.25015, 0.30969
19, 15, -58.302, 16.337, 121.545, -268.25, 981.69, -596.31, 31.44, 25.12, -37.14, -0.40038, -0.82578, 0.26289, 0.29778
19, 16, -60.413, 15.402, 117.903, -259.70, 1163.15, -8.18, 78.35, 13.28, -27.54, -0.42398, -0.80707, 0.27243, 0.30766
19, 15, -59.630, 12.007, 122.899, 7.02, 601.07, -811.58, 31.09, 22.05, -9.20, -0.40203, -0.82410, 0.29410, 0.26969
19, 15, -62.052, 13.077, 118.542, -495.97, 1265.08, 81.54, 62.88, -2.00, 5.94, -0.42331, -0.80319, 0.29596, 0.29683
19, 16, -62.374, 9.203, 121.058, 50.23, 676.82, -522.22, 40.09, 5.78, 10.09, -0.41827, -0.80723, 0.32096, 0.26536
19, 15, -64.249, 9.749, 117.789, -336.06, 1092.22, -58.53, 63.19, -3.78, 35.78, -0.43466, -0.79048, 0.32386, 0.28519
19, 17, -65.303, 9.097, 115.194, -152.04, 1026.73, -165.95, 35.78, -5.84, 20.87, -0.45204, -0.77652, 0.32739, 0.29239
19, 15, -66.414, 7.662, 113.126, -65.31, 991.52, -163.94, 36.45, -18.34, 32.92, -0.46814, -0.76271, 0.33600, 0.29364
19, 15, -67.342, 7.146, 110.886, -179.63, 1131.23, -76.72, 39.22, -13.54, 54.79, -0.48232, -0.74978, 0.33867, 0.30082
19, 16, -67.939, 9.096, 109.712, -437.68, 1242.55, -130.55, 41.37, -16.14, 44.97, -0.48146, -0.74661, 0.33030, 0.31886
19, 15, -68.232, 12.380, 110.334, -467.65, 1361.76, -328.49, 57.92, -28.40, -12.72, -0.46451, -0.75386, 0.31844, 0.33841
19, 15, -68.903, 13.289, 110.641, -174.07, 1236.94, -260.25, 82.63, -38.22, -48.22, -0.45706, -0.75464, 0.31945, 0.34578
19, 16, -70.275, 12.504, 109.579, 11.35, 1037.60, -43.58, 83.30, -43.43, -36.29, -0.46285, -0.74523, 0.32895, 0.34956
19, 15, -72.427, 11.095, 106.578, 0.85, 956.12, 92.22, 59.97, -46.53, -2.33, -0.48085, -0.72403, 0.34026, 0.35887
19, 15, -74.274, 11.255, 103.807, -154.42, 1004.27, 51.45, 27.05, -55.01, 20.16, -0.49161, -0.70710, 0.34212, 0.37587
19, 16, -75.249, 13.517, 103.411, -308.04, 1002.75, -153.87, 18.97, -50.87, 15.76, -0.48183, -0.70725, 0.33550, 0.39381
19, 15, -75.899, 15.637, 104.388, -316.28, 900.63, -229.98, 20.33, -45.73, 7.39, -0.46485, -0.71360, 0.33228, 0.40531
19, 17, -76.513, 17.035, 105.733, -277.95, 749.69, -256.59, 12.71, -44.04, 11.79, -0.44837, -0.71981, 0.33392, 0.41150
19, 15, -77.338, 19.606, 106.732, -373.96, 621.40, -254.88, -1.49, -45.91, 25.18, -0.42796, -0.72576, 0.32995, 0.42573
19, 15, -78.051, 22.582, 107.858, -426.15, 500.98, -284.18, -19.98, -45.09, 32.48, -0.40483, -0.73258, 0.32388, 0.44107
19, 16, -78.044, 25.159, 110.603, -444.52, 378.42, -412.72, -35.37, -44.60, 36.73, -0.37533, -0.74551, 0.32167, 0.44707
19, 15, -77.713, 27.335, 113.966, -518.68, 368.53, -519.53, -37.29, -37.31, 40.36, -0.34435, -0.75943, 0.32199, 0.44833
19, 16, -77.240, 28.091, 117.211, -582.64, 477.66, -632.45, -23.45, -19.38, 38.83, -0.32095, -0.77086, 0.32784, 0.44192
19, 16, -76.580, 27.648, 121.644, -539.92, 540.71, -815.92, 3.60, -18.00, 25.99, -0.29546, -0.78441, 0.34216, 0.42466
19, 15, -75.911, 27.741, 126.604, -590.82, 525.51, -890.01, 26.73, -16.48, 12.77, -0.26319, -0.79858, 0.35516, 0.40849
19, 15, -75.194, 26.839, 131.758, -502.93, 525.02, -969.67, 37.57, -8.94, 7.00, -0.23368, -0.81179, 0.37165, 0.38506
19, 16, -75.239, 24.399, 135.449, -421.69, 640.75, -1003.11, 38.06, 5.82, 26.34, -0.21862, -0.81847, 0.39318, 0.35737
19, 15, -75.641, 21.167, 138.156, -345.83, 574.16, -854.31, 31.73, 32.62, 57.73, -0.21298, -0.82139, 0.41554, 0.32755
19, 15, -76.188, 16.988, 139.303, -226.01, 542.66, -669.62, 24.61, 57.46, 73.05, -0.22246, -0.81984, 0.43636, 0.29659
19, 16, -77.065, 11.388, 138.516, -106.14, 605.47, -583.50, 21.64, 70.43, 80.54, -0.25139, -0.81074, 0.45814, 0.26383
19, 16, -77.403, 8.382, 136.880, -168.64, 707.70, -562.38, 26.72, 71.82, 80.26, -0.27566, -0.80246, 0.46597, 0.25090
19, 16, -77.508, 7.443, 134.691, -198.12, 805.05, -469.67, 33.18, 45.36, 54.91, -0.29486, -0.79540, 0.46477, 0.25373
19, 15, -77.185, 7.356, 131.928, -198.79, 759.58, -387.82, 13.84, 40.98, 38.09, -0.31508, -0.78923, 0.45658, 0.26339
19, 15, -76.722, 7.519, 129.405, -186.28, 770.32, -428.41, -1.53, 31.27, 29.96, -0.33277, -0.78416, 0.44696, 0.27311
19, 16, -75.811, 6.592, 126.807, -131.71, 812.32, -427.12, -9.08, 46.77, 30.83, -0.35662, -0.77841, 0.43779, 0.27430
19, 15, -74.928, 4.761, 124.109, -48.28, 846.25, -374.82, -6.97, 42.91, 35.07, -0.38451, -0.76990, 0.43206, 0.26969
19, 15, -74.025, 2.796, 120.675, -21.97, 829.10, -275.21, -11.05, 43.39, 37.99, -0.41734, -0.75752, 0.42538, 0.26655
19, 17, -73.363, 3.071, 117.274, -121.03, 803.71, -222.47, -24.54, 26.39, 37.80, -0.44019, -0.74778, 0.41186, 0.27827
19, 15, -72.888, 3.968, 113.680, -144.17, 789.31, -195.80, -43.60, 14.58, 35.25, -0.46128, -0.73720, 0.39607, 0.29476
19, 14, -72.580, 4.999, 109.724, -159.73, 827.09, -173.71, -66.08, 6.39, 36.07, -0.48350, -0.72416, 0.37907, 0.31326
19, 16, -71.724, 5.425, 109.789, -201.42, 1491.03, -685.24, -52.16, 8.02, 20.93, -0.48385, -0.72816, 0.37189, 0.31203
19, 15, -71.137, 5.057, 110.646, -51.03, 897.58, -386.72, -12.05, -0.27, 12.65, -0.48131, -0.73290, 0.37212, 0.30452
19, 16, -70.831, 5.215, 109.831, -56.34, 892.58, -265.32, 6.89, -12.54, 1.79, -0.48676, -0.73078, 0.36727, 0.30683
19, 15, -70.858, 4.870, 107.481, -27.95, 1135.99, -155.03, -1.40, -12.08, 5.63, -0.50279, -0.71980, 0.36269, 0.31232
19, 15, -71.936, 4.963, 104.055, 6.84, 1144.10, -37.66, -15.32, -48.33, -4.65, -0.52070, -0.70131, 0.35936, 0.32848
19, 17, -74.525, 5.071, 99.822, 90.03, 1090.45, -31.56, -73.27, -113.97, -19.62, -0.53800, -0.67387, 0.36175, 0.35440
19, 14, -76.433, 5.547, 99.861, 76.05, 947.51, -230.71, -53.31, -108.02, -27.69, -0.53004, -0.66919, 0.37069, 0.36582
19, 15, -77.786, 8.422, 102.507, -174.68, 871.70, -574.65, -69.02, -98.14, -17.78, -0.49904, -0.68402, 0.37312, 0.37928
19, 16, -79.214, 11.362, 101.895, -151.43, 829.96, -157.47, -18.26, -84.66, -30.00, -0.48600, -0.68393, 0.36507, 0.40344
19, 15, -78.681, 14.709, 106.903, -398.32, 729.31, -904.60, -43.23, -52.37, -25.90, -0.44327, -0.71330, 0.36306, 0.40360
19, 15, -78.755, 18.313, 110.209, -424.26, 734.19, -530.82, 7.54, -51.03, -35.49, -0.40637, -0.73199, 0.35801, 0.41338
19, 16, -78.448, 20.216, 113.111, -363.77, 675.23, -513.43, 1.43, -28.99, -29.05, -0.38019, -0.74589, 0.35751, 0.41387
19, 15, -77.475, 22.569, 116.396, -476.14, 693.79, -620.85, -5.11, -19.17, -24.51, -0.35132, -0.76245, 0.35205, 0.41390
19, 17, -76.479, 22.478, 118.955, -370.67, 701.72, -587.83, -1.55, 4.97, -13.89, -0.33814, -0.77312, 0.35490, 0.40249
19, 16, -76.245, 20.985, 120.028, -300.11, 760.93, -521.00, -0.02, 8.82, 0.93, -0.33849, -0.77549, 0.36364, 0.38963
19, 14, -74.986, 20.104, 123.665, -354.13, 772.16, -738.40, 31.90, 21.97, -8.95, -0.32179, -0.78914, 0.37086, 0.36901
19, 16, -74.096, 18.721, 127.016, -334.59, 807.92, -670.10, 67.97, 35.92, -4.89, -0.30749, -0.80006, 0.38078, 0.34693
19, 15, -73.278, 16.801, 130.178, -263.73, 757.93, -618.41, 87.84, 46.97, -6.45, -0.29609, -0.80959, 0.39164, 0.32175
19, 16, -72.806, 14.138, 131.668, -182.13, 710.27, -491.03, 96.42, 60.42, 0.20, -0.29830, -0.81283, 0.40205, 0.29779
19, 16, -72.623, 12.432, 130.174, -170.84, 640.50, -222.23, 84.18, 74.94, 12.69, -0.31657, -0.80781, 0.40303, 0.29119
19, 15, -72.441, 10.125, 125.670, -135.25, 678.34, -66.22, 44.09, 86.52, 21.48, -0.35807, -0.79242, 0.39885, 0.29115
19, 16, -71.949, 8.254, 120.376, -107.54, 735.66, -25.15, 3.18, 73.49, 22.99, -0.40304, -0.77375, 0.38927, 0.29554
19, 15, -71.628, 7.869, 113.778, -147.89, 774.17, 52.25, -43.40, 46.54, 20.41, -0.44925, -0.74960, 0.37122, 0.31381
19, 15, -70.178, 6.433, 110.912, -151.73, 1732.30, -637.94, -77.23, 40.73, 19.36, -0.47716, -0.73988, 0.36044, 0.30817
19, 16, -69.170, 6.739, 110.710, -164.73, 1007.45, -342.22, 0.00, 25.15, 24.81, -0.48007, -0.74277, 0.35198, 0.30649
19, 15, -67.977, 13.371, 109.319, -776.31, 860.72, -174.13, -17.87, 25.55, -34.36, -0.46823, -0.75197, 0.30898, 0.34616
19, 15, -66.207, 20.000, 108.463, -661.38, 835.69, -282.84, -36.83, 34.42, -108.00, -0.45426, -0.76176, 0.26176, 0.38060
19, 16, -64.735, 26.598, 106.620, -702.64, 814.21, -186.04, -41.42, 42.85, -151.79, -0.44564, -0.76365, 0.21147, 0.41656
19, 15, -63.025, 31.804, 105.443, -559.81, 777.28, -227.60, -49.05, 47.77, -199.60, -0.43879, -0.76484, 0.16783, 0.44081
19, 16, -60.000, 30.445, 106.675, -162.48, 823.97, -361.15, -46.58, 58.23, -198.38, -0.44732, -0.77347, 0.15947, 0.41978
19, 17, -57.888, 25.769, 107.159, 143.92, 934.45, -411.07, -42.71, 46.41, -158.92, -0.46911, -0.77676, 0.17170, 0.38354
19, 15, -56.503, 20.633, 107.303, 118.29, 1000.61, -439.33, -31.87, 45.27, -94.25, -0.49057, -0.77666, 0.18965, 0.34664
19, 15, -55.653, 16.181, 106.845, 82.76, 965.45, -377.62, -28.29, 39.22, -66.61, -0.51070, -0.77257, 0.20563, 0.31629
19, 16, -55.981, 13.091, 105.973, -22.34, 941.28, -306.58, -15.14, 10.21, -36.03, -0.52527, -0.76484, 0.22143, 0.30014
19, 15, -56.926, 11.018, 106.140, -21.97, 923.16, -373.41, -12.48, -23.46, -29.60, -0.52800, -0.76119, 0.23878, 0.29118
19, 16, -58.593, 10.951, 106.112, -143.31, 889.22, -326.42, -7.71, -47.79, -24.19, -0.52411, -0.75742, 0.25010, 0.29847
19, 15, -60.498, 13.680, 104.023, -284.24, 937.62, -199.46, -14.04, -52.22, -30.36, -0.52388, -0.74749, 0.24284, 0.32838
19, 16, -62.167, 15.515, 101.333, -285.58, 949.10, -145.26, -25.97, -44.06, -29.62, -0.53014, -0.73418, 0.23592, 0.35252
19, 16, -64.212, 16.793, 96.723, -289.31, 906.98, 44.07, -46.71, -43.21, -18.16, -0.54825, -0.71026, 0.22708, 0.37867
19, 15, -64.700, 17.377, 97.159, -286.99, 927.49, -334.66, -66.87, -47.93, -7.84, -0.54185, -0.71229, 0.22829, 0.38332
19, 15, -65.212, 18.603, 97.801, -424.99, 980.16, -345.34, -50.25, -44.17, 4.47, -0.53169, -0.71615, 0.22683, 0.39113
19, 16, -67.498, 17.994, 91.089, -261.17, 911.68, 281.43, -70.62, -30.78, 16.06, -0.56676, -0.67848, 0.22070, 0.41201
19, 15, -67.060, 18.805, 93.423, -332.76, 853.82, -453.37, -82.70, -46.88, 8.26, -0.55139, -0.69216, 0.22175, 0.40951
19, 15, -68.278, 20.607, 90.117, -385.93, 805.05, 103.70, -38.14, -24.08, 7.25, -0.55997, -0.67702, 0.20641, 0.43066
19, 16, -65.902, 22.715, 96.520, -452.33, 749.45, -677.61, -32.08, -19.87, -5.65, -0.52187, -0.71482, 0.20349, 0.41867
19, 16, -64.325, 24.654, 101.050, -519.65, 752.01, -474.18, 10.96, -5.76, -9.56, -0.49135, -0.73991, 0.19909, 0.41409
19, 16, -62.801, 25.264, 105.569, -421.45, 707.58, -490.78, 22.96, 0.95, -19.60, -0.46481, -0.76197, 0.20191, 0.40322
19, 15, -62.727, 25.539, 107.936, -418.03, 761.90, -363.40, 35.09, -8.93, -27.32, -0.44816, -0.77173, 0.20826, 0.40027
19, 15, -61.117, 22.318, 114.279, -59.88, 728.03, -1052.43, 18.57, -13.50, -22.21, -0.42236, -0.79699, 0.23452, 0.36252
19, 16, -62.035, 18.222, 118.356, -262.88, 885.99, -576.54, 109.06, 12.89, 58.79, -0.40619, -0.80706, 0.27242, 0.33083
19, 15, -63.286, 17.206, 121.820, -510.62, 941.47, -621.77, 107.62, 13.81, 64.56, -0.38187, -0.81514, 0.29559, 0.31992
19, 16, -65.013, 15.292, 125.459, -347.96, 959.96, -629.03, 139.72, 1.86, 51.67, -0.35841, -0.82077, 0.32576, 0.30291
19, 16, -67.657, 14.755, 126.633, -365.11, 791.50, -316.35, 152.04, 14.18, 64.83, -0.34510, -0.81614, 0.34989, 0.30398
19, 16, -69.049, 15.272, 127.083, -454.35, 720.64, -239.93, 127.31, 47.33, 64.25, -0.33610, -0.81362, 0.35897, 0.31016
19, 15, -70.764, 15.960, 125.919, -389.40, 631.41, -116.39, 108.32, 40.56, 62.19, -0.33676, -0.80540, 0.36516, 0.32339
19, 16, -73.166, 16.162, 121.599, -250.92, 561.58, 29.30, 62.83, 17.99, 51.11, -0.35887, -0.78480, 0.36839, 0.34580
19, 15, -75.217, 15.632, 117.032, -218.38, 624.94, -44.86, 9.99, 1.58, 56.72, -0.38563, -0.76267, 0.37038, 0.36394
19, 16, -76.709, 14.319, 112.868, -200.44, 723.33, -121.89, -26.38, -5.19, 72.20, -0.41378, -0.74122, 0.37263, 0.37485
19, 15, -77.918, 13.653, 107.641, -254.94, 844.54, -41.02, -59.78, -7.82, 78.72, -0.44582, -0.71647, 0.36594, 0.39243
19, 15, -78.214, 14.731, 107.076, -812.93, 1887.94, -893.55, -83.63, -36.38, 66.42, -0.44374, -0.71549, 0.36065, 0.40137
19, 16, -78.289, 14.758, 108.511, -226.14, 918.15, -383.54, -2.15, -28.59, 18.95, -0.43438, -0.72080, 0.36599, 0.39725
19, 16, -78.222, 13.541, 106.876, -178.53, 977.17, -214.97, -7.80, -2.66, 27.69, -0.45002, -0.71229, 0.36574, 0.39543
19, 15, -77.581, 12.229, 105.921, -172.55, 1003.11, -223.14, -6.59, 7.27, 39.56, -0.46361, -0.70778, 0.36483, 0.38861
19, 16, -78.200, 10.436, 102.590, -53.34, 1088.38, -10.99, -24.02, -20.59, 40.01, -0.48912, -0.68792, 0.36600, 0.39188
19, 15, -78.814, 11.560, 100.616, -221.74, 1040.65, -183.84, -70.36, -53.01, 38.00, -0.49421, -0.68020, 0.35718, 0.40683
19, 15, -78.512, 12.628, 102.386, -244.75, 1020.81, -487.79, -55.94, -39.04, 17.13, -0.48032, -0.69117, 0.35629, 0.40576
19, 16, -78.354, 12.361, 101.147, -175.23, 1035.22, -393.07, -122.96, -33.81, 31.51, -0.48942, -0.68579, 0.35229, 0.40749
19, 15, -80.759, 12.112, 93.322, -65.43, 966.13, 460.02, -72.41, -61.33, 13.87, -0.52692, -0.64319, 0.33858, 0.44048
19, 16, -79.858, 13.523, 97.350, -274.84, 912.84, -784.00, -112.34, -48.70, 24.58, -0.50157, -0.66761, 0.34130, 0.43155
19, 16, -79.845, 15.446, 98.490, -306.21, 720.76, -295.78, -75.43, -47.33, 37.32, -0.48692, -0.67719, 0.33552, 0.43790
19, 15, -78.869, 19.013, 103.747, -613.65, 757.51, -719.60, -11.01, -37.99, 13.94, -0.44349, -0.70893, 0.33129, 0.43701
19, 16, -78.320, 22.811, 106.456, -538.82, 692.08, -380.62, 6.74, -23.48, -14.80, -0.41167, -0.72719, 0.31901, 0.44717
19, 15, -77.054, 23.874, 110.655, -383.54, 770.57, -582.89, 19.07, -15.11, -43.01, -0.38472, -0.74683, 0.32175, 0.43671
19, 15, -76.944, 22.911, 112.929, -256.29, 836.43, -391.48, 51.69, -11.22, -41.33, -0.37463, -0.75346, 0.33424, 0.42453
19, 16, -77.780, 21.150, 113.311, -231.57, 917.18, -290.65, 63.68, -9.43, -21.03, -0.37706, -0.74993, 0.34949, 0.41628
19, 15, -78.440, 19.749, 114.150, -261.72, 972.84, -349.30, 65.14, -11.25, -8.33, -0.37557, -0.74867, 0.36335, 0.40794
19, 15, -78.885, 16.273, 115.698, -117.55, 1123.66, -401.86, 85.64, 1.98, 15.80, -0.37963, -0.74705, 0.38736, 0.38439
19, 18, -79.671, 13.934, 116.323, -168.46, 1163.33, -308.23, 104.84, 0.24, 40.52, -0.38345, -0.74253, 0.40477, 0.37118
19, 15, -80.483, 12.210, 116.004, -183.23, 1111.57, -170.53, 103.05, 5.74, 60.69, -0.39059, -0.73544, 0.41640, 0.36494
19, 16, -80.831, 11.150, 114.595, -200.32, 982.85, -65.25, 78.65, 18.51, 67.53, -0.40318, -0.72724, 0.41868, 0.36506
19, 14, -80.651, 10.383, 112.770, -196.35, 872.25, -59.45, 49.96, 28.01, 72.79, -0.41864, -0.71978, 0.41504, 0.36660
19, 15, -79.650, 9.183, 111.205, -133.36, 804.32, -115.60, 25.48, 40.21, 69.03, -0.43677, -0.71496, 0.40910, 0.36152
19, 16, -78.867, 9.580, 109.870, -169.74, 731.20, -140.14, 6.79, 18.85, 59.91, -0.44591, -0.71345, 0.39820, 0.36551
19, 15, -78.333, 10.890, 109.023, -186.22, 662.72, -172.36, -12.28, 1.71, 49.03, -0.44743, -0.71480, 0.38614, 0.37385
19, 15, -78.067, 13.165, 109.798, -304.26, 691.65, -320.68, -25.83, -11.49, 33.04, -0.43384, -0.72330, 0.37648, 0.38325
19, 17, -77.679, 15.448, 110.944, -329.65, 703.80, -386.60, -25.70, -13.69, 4.92, -0.41806, -0.73308, 0.36723, 0.39110
19, 15, -77.094, 15.829, 112.341, -204.96, 768.49, -461.12, -24.23, -12.63, -20.71, -0.40941, -0.74066, 0.36644, 0.38670
19, 15, -76.609, 14.411, 114.164, -71.53, 840.09, -557.31, -14.14, -15.07, -20.32, -0.40530, -0.74634, 0.37578, 0.37080
19, 16, -76.492, 12.961, 116.932, -82.46, 843.38, -656.86, 6.52, -22.01, 1.30, -0.39377, -0.75398, 0.39014, 0.35249
19, 15, -76.426, 12.894, 120.525, -234.92, 842.53, -730.83, 35.61, -18.01, 12.54, -0.37043, -0.76609, 0.40083, 0.33946
19, 16, -75.900, 12.953, 124.545, -272.34, 808.04, -759.46, 54.12, 2.33, 7.16, -0.34456, -0.78057, 0.40868, 0.32399
19, 15, -75.434, 11.376, 127.718, -156.43, 768.13, -675.05, 60.81, 20.27, 14.33, -0.33094, -0.78954, 0.42013, 0.30101
19, 15, -75.230, 8.007, 129.921, -68.91, 751.04, -610.35, 61.25, 37.55, 37.06, -0.33068, -0.79211, 0.43623, 0.27003
19, 17, -75.142, 5.892, 130.085, -105.71, 774.41, -522.77, 64.05, 43.67, 47.39, -0.33867, -0.78983, 0.44321, 0.25503
19, 15, -74.922, 5.715, 129.732, -190.06, 782.53, -448.91, 63.91, 43.46, 43.88, -0.34233, -0.78936, 0.44151, 0.25456
19, 15, -74.430, 7.316, 128.737, -294.98, 722.96, -330.93, 55.81, 44.82, 25.11, -0.34364, -0.79066, 0.43033, 0.26756
19, 16, -73.884, 8.636, 126.665, -221.07, 640.75, -258.30, 31.46, 40.79, 3.49, -0.35373, -0.78830, 0.41686, 0.28230
19, 15, -73.113, 11.043, 124.947, -305.30, 641.60, -324.40, 0.24, 40.15, -9.32, -0.35754, -0.78906, 0.39811, 0.30176
19, 15, -72.457, 9.025, 121.782, -53.34, 701.11, -283.39, -19.84, 43.95, -10.78, -0.38913, -0.77810, 0.39325, 0.29747
19, 15, -71.670, 7.262, 117.791, -42.60, 769.04, -235.72, -40.18, 43.48, -0.82, -0.42497, -0.76367, 0.38480, 0.29689
19, 15, -70.824, 6.458, 113.410, -101.75, 869.14, -248.47, -59.00, 38.54, 11.05, -0.45913, -0.74807, 0.37119, 0.30299
19, 17, -69.530, 5.178, 113.448, -91.74, 1565.55, -795.53, -36.97, 37.51, 13.66, -0.46691, -0.74993, 0.36845, 0.28957
19, 15, -69.369, 6.165, 111.715, -184.63, 941.41, -256.71, 1.24, 10.21, 20.61, -0.47508, -0.74523, 0.35855, 0.30062
19, 15, -70.766, 9.276, 107.950, -321.90, 1099.12, -72.39, -18.35, -47.71, -16.50, -0.48407, -0.73122, 0.34263, 0.33705
19, 16, -72.699, 12.524, 103.025, -245.12, 1081.42, -77.70, -67.83, -72.33, -59.54, -0.49672, -0.71091, 0.32343, 0.37850
19, 15, -75.519, 16.094, 97.184, -225.40, 1090.03, -65.67, -107.41, -102.09, -102.06, -0.50833, -0.68499, 0.30145, 0.42605
19, 15, -80.006, 21.884, 88.027, -470.89, 1050.05, 344.54, -133.28, -107.46, -133.91, -0.51946, -0.64602, 0.25823, 0.49612
19, 16, -80.315, 25.385, 86.190, -86.73, 1073.49, -718.38, -250.00, -84.38, -185.84, -0.51338, -0.64534, 0.23135, 0.51619
19, 17, -92.881, 25.805, 67.574, 30.82, 464.60, 1145.81, -190.28, -222.04, -155.30, -0.54570, -0.53617, 0.20198, 0.61150
19, 15, -93.929, 24.105, 75.835, 50.17, 1039.55, -1158.14, -107.23, -199.15, -84.79, -0.50786, -0.56597, 0.26075, 0.59479
19, 16, -96.172, 26.677, 77.112, -529.54, 874.69, -327.21, -157.01, -164.44, -65.09, -0.47795, -0.57521, 0.26359, 0.60928
19, 15, -96.643, 27.068, 82.058, -231.26, 949.77, -827.15, -112.82, -140.12, -79.98, -0.44833, -0.59537, 0.28986, 0.60043
19, 16, -98.234, 29.549, 81.996, -521.06, 785.40, -43.09, -35.96, -70.25, -47.29, -0.42807, -0.59913, 0.28369, 0.61427
19, 15, -97.130, 29.176, 85.893, -301.76, 858.28, -411.38, -47.91, -50.70, -49.87, -0.41512, -0.61512, 0.30060, 0.59911
19, 15, -96.489, 28.904, 88.559, -419.19, 904.05, -211.85, -6.28, -25.53, -24.05, -0.40539, -0.62559, 0.31246, 0.58878
19, 16, -94.871, 27.602, 91.619, -351.14, 930.54, -213.44, 0.06, 6.10, -9.66, -0.40330, -0.63728, 0.32618, 0.56994
19, 16, -94.312, 27.161, 92.335, -410.46, 904.85, -70.92, -1.53, 7.10, -3.20, -0.40429, -0.64021, 0.32901, 0.56429
19, 15, -89.446, 22.637, 101.273, -40.83, 1049.62, -826.42, 61.61, 73.16, 34.74, -0.39820, -0.67516, 0.36656, 0.50123
19, 16, -85.496, 17.116, 108.008, -205.99, 1189.58, -368.47, 146.04, 130.57, 98.63, -0.40059, -0.69972, 0.39765, 0.43796
19, 16, -82.776, 14.109, 113.248, -343.99, 1197.45, -309.20, 174.57, 112.61, 98.20, -0.39194, -0.72135, 0.41358, 0.39368
19, 15, -81.628, 12.011, 117.017, -303.10, 1039.37, -180.73, 204.87, 83.89, 102.14, -0.38135, -0.73426, 0.42781, 0.36389
19, 16, -81.395, 9.432, 118.304, -187.50, 845.15, -1.10, 186.66, 71.37, 115.70, -0.38540, -0.73448, 0.44092, 0.34292
19, 15, -81.134, 5.765, 119.175, -96.74, 841.86, -103.82, 146.56, 66.13, 142.24, -0.39674, -0.73096, 0.45629, 0.31637
19, 16, -80.845, 2.873, 119.989, -162.35, 818.24, -161.01, 125.76, 62.66, 162.97, -0.40478, -0.72863, 0.46765, 0.29419
19, 16, -80.289, 1.326, 118.689, -175.23, 697.57, -6.90, 99.14, 61.26, 154.57, -0.42094, -0.72265, 0.46663, 0.28783
19, 15, -79.442, 2.032, 118.279, -254.52, 641.60, -125.24, 61.65, 50.32, 134.89, -0.42275, -0.72620, 0.45756, 0.29077
19, 16, -77.493, 0.223, 116.402, -91.43, 586.36, -109.74, 24.96, 86.37, 125.67, -0.44674, -0.72250, 0.44758, 0.27944
19, 15, -74.746, -1.951, 113.461, -81.18, 608.52, -94.79, -14.95, 108.63, 135.82, -0.47995, -0.71576, 0.43200, 0.26589
19, 15, -72.798, -1.811, 113.230, -232.54, 797.91, -335.63, -36.85, 74.21, 134.61, -0.48537, -0.72237, 0.41867, 0.25944
19, 16, -71.203, 1.554, 112.800, -544.56, 1099.37, -414.06, -28.96, 43.25, 71.46, -0.47993, -0.73412, 0.39339, 0.27565
19, 15, -69.436, 0.595, 112.144, 89.72, 1526.37, -566.83, -25.37, 25.94, 10.09, -0.49163, -0.73519, 0.38464, 0.26428
19, 15, -68.646, 0.485, 112.770, 30.76, 987.43, -389.40, 2.36, -0.05, 13.10, -0.48978, -0.74027, 0.38146, 0.25809
19, 16, -68.023, 2.885, 114.156, -193.60, 923.52, -473.08, 1.13, 1.12, 6.68, -0.47400, -0.75317, 0.37024, 0.26641
19, 15, -67.598, 9.614, 112.676, -594.06, 783.39, -176.21, -4.12, -4.36, -31.38, -0.46103, -0.76067, 0.33381, 0.31209
19, 16, -67.502, 14.413, 111.669, -312.74, 798.40, -327.45, -29.05, -27.57, -93.88, -0.45020, -0.76420, 0.30792, 0.34425
19, 15, -67.644, 17.185, 111.984, -331.05, 886.05, -425.23, -6.51, -27.72, -82.45, -0.43702, -0.76866, 0.29661, 0.36083
19, 15, -66.232, 23.250, 112.498, -624.15, 794.13, -376.53, -4.49, 12.47, -136.85, -0.41419, -0.78009, 0.25933, 0.39071
19, 16, -63.575, 19.315, 113.178, 145.81, 952.58, -479.98, -20.82, 56.55, -139.00, -0.43349, -0.78537, 0.26252, 0.35548
19, 15, -60.115, 26.199, 114.525, -946.78, 586.91, -345.40, -5.29, 88.14, -128.83, -0.40931, -0.80146, 0.20950, 0.38242
19, 16, -57.084, 21.194, 113.386, 333.86, 1139.40, -397.46, -33.84, 74.72, -195.52, -0.44503, -0.80082, 0.20911, 0.34192
19, 17, -55.088, 19.493, 112.014, -168.15, 956.24, -294.86, -5.37, 84.56, -130.49, -0.46615, -0.79804, 0.19952, 0.32561
19, 15, -54.272, 27.468, 109.343, -572.94, 698.49, -79.47, -1.59, 25.19, -241.07, -0.46006, -0.79109, 0.14531, 0.37603
19, 15, -53.050, 21.959, 107.893, 685.30, 1283.57, -308.04, -20.94, 35.22, -193.82, -0.49249, -0.78521, 0.16099, 0.33909
19, 16, -52.401, 24.058, 107.799, -399.84, 655.21, -231.08, 9.74, 46.30, -98.29, -0.48822, -0.78642, 0.14530, 0.34939
19, 15, -52.723, 21.235, 106.003, 78.67, 1021.91, -264.89, -13.50, -1.20, -151.62, -0.50867, -0.77707, 0.15698, 0.33581
19, 16, -52.693, 17.280, 103.579, 49.93, 1106.51, -163.70, -12.53, 32.37, -76.10, -0.53735, -0.76345, 0.17100, 0.31490
19, 15, -53.354, 16.240, 102.354, -137.94, 1017.70, -231.75, -7.35, -8.36, -72.94, -0.54679, -0.75575, 0.17765, 0.31355
19, 15, -54.090, 16.397, 102.710, -165.41, 929.57, -269.04, 5.77, -26.76, -70.51, -0.54194, -0.75643, 0.18263, 0.31744
19, 17, -55.345, 15.954, 102.687, -151.61, 976.38, -239.62, 16.40, -37.78, -57.35, -0.53996, -0.75382, 0.19323, 0.32072
19, 15, -56.869, 16.532, 103.262, -257.75, 998.17, -276.31, 24.60, -48.90, -42.46, -0.53002, -0.75448, 0.20179, 0.33033
19, 16, -57.453, 16.274, 105.528, -289.12, 1109.31, -471.74, 31.19, -26.65, -20.69, -0.51417, -0.76348, 0.21352, 0.32732
19, 16, -57.627, 16.317, 109.643, -439.58, 1185.06, -633.91, 78.12, -7.88, -4.16, -0.48580, -0.78114, 0.22610, 0.32045
19, 15, -58.398, 17.041, 112.578, -461.49, 1066.65, -409.55, 116.62, 4.14, -7.15, -0.46107, -0.79235, 0.23607, 0.32230
19, 15, -59.479, 17.243, 115.040, -357.18, 885.93, -348.08, 125.13, 6.63, -12.64, -0.44022, -0.79990, 0.24955, 0.32263
19, 16, -61.264, 16.552, 116.706, -246.09, 734.62, -285.95, 124.90, -7.84, -6.77, -0.42600, -0.80159, 0.26991, 0.32114
19, 15, -64.045, 16.389, 117.322, -210.21, 600.04, -226.50, 108.95, -27.67, 2.41, -0.41441, -0.79689, 0.29179, 0.32878
19, 17, -66.509, 18.538, 118.493, -298.65, 528.08, -255.49, 85.04, -41.02, 11.33, -0.39077, -0.79656, 0.30271, 0.34806
19, 15, -68.732, 21.090, 119.897, -394.10, 526.12, -314.15, 65.28, -40.42, 18.63, -0.36377, -0.79731, 0.31116, 0.36762
