423, 7, 36.843, -0.632, 33.278, -50.17, 512.82, 1095.52, -0.69, 18.65, 21.10, -0.86538, -0.26108, -0.11769, -0.41121
423, 27, 36.995, 0.294, 35.375, 42.85, 603.33, 850.10, 23.67, 41.37, -3.75, -0.86098, -0.27341, -0.13252, -0.40791
423, 16, 37.385, 2.285, 36.695, -73.91, 658.33, 835.08, 20.94, 46.04, 3.45, -0.85858, -0.27566, -0.15301, -0.40427
423, 15, 37.581, 4.873, 38.030, -195.86, 746.64, 843.93, 9.92, 36.34, -0.79, -0.85721, -0.27591, -0.17734, -0.39701
423, 16, 37.293, 7.322, 37.685, -262.57, 696.47, 911.87, -5.39, 16.89, -4.38, -0.86104, -0.26474, -0.19351, -0.38869
423, 15, 36.812, 8.820, 36.126, -265.08, 628.05, 992.31, -5.32, 2.56, 1.04, -0.86713, -0.24823, -0.19823, -0.38363
423, 15, 36.336, 8.551, 35.186, -175.23, 643.19, 1002.20, 7.46, -5.34, 2.53, -0.87058, -0.24291, -0.19208, -0.38234
423, 15, 36.173, 7.005, 35.960, -50.42, 689.15, 941.28, 18.82, -0.13, -0.38, -0.86850, -0.25472, -0.18281, -0.38393
423, 15, 36.379, 6.226, 37.873, -44.56, 754.21, 829.28, 17.00, 11.98, 0.71, -0.86284, -0.27168, -0.18393, -0.38453
423, 15, 36.407, 6.847, 39.640, -131.65, 758.97, 769.53, 5.94, 13.89, -3.01, -0.85897, -0.28266, -0.19447, -0.38007
423, 17, 36.542, 8.048, 40.176, -213.99, 734.74, 778.50, -11.55, 9.66, 7.33, -0.85814, -0.28205, -0.20537, -0.37665
423, 15, 36.444, 9.793, 39.487, -319.89, 676.39, 838.50, -13.46, -3.29, 13.18, -0.86131, -0.27063, -0.21563, -0.37203
423, 16, 36.107, 10.966, 38.173, -347.53, 618.65, 891.72, -6.59, -20.24, 18.90, -0.86607, -0.25701, -0.21919, -0.36854
423, 15, 35.696, 10.153, 37.439, -250.18, 629.58, 878.42, 2.45, -43.85, 27.86, -0.86863, -0.25524, -0.20994, -0.36914
423, 14, 35.405, 6.613, 37.796, -87.65, 659.79, 828.43, 3.98, -64.81, 40.60, -0.86655, -0.27127, -0.18423, -0.37624
423, 16, 34.706, 3.544, 38.752, -60.67, 714.66, 786.19, -1.96, -78.06, 33.11, -0.86391, -0.29036, -0.16280, -0.37796
423, 15, 33.874, 1.350, 38.816, -99.30, 662.60, 781.31, -11.47, -92.66, 41.36, -0.86425, -0.29944, -0.14444, -0.37756
423, 15, 34.072, -1.120, 37.328, -117.98, 637.08, 894.35, -17.62, -103.90, 75.96, -0.86462, -0.29624, -0.12137, -0.38722
423, 17, 34.305, -4.061, 36.698, -38.39, 692.08, 931.21, -15.30, -108.64, 80.15, -0.86165, -0.30099, -0.09752, -0.39680
423, 15, 35.260, -8.413, 33.400, 239.32, 657.10, 1482.12, -16.16, -87.21, 83.60, -0.86027, -0.28989, -0.05506, -0.41576
423, 15, 35.660, -9.926, 34.138, 324.10, 852.54, 1154.60, 1.56, -3.26, 21.50, -0.85440, -0.30020, -0.04722, -0.42148
423, 16, 36.202, -6.750, 32.247, -99.55, 491.64, 955.51, -14.40, 9.19, 9.83, -0.86223, -0.27516, -0.06591, -0.42012
423, 15, 39.563, -3.150, 29.786, -520.26, 380.49, 992.74, -11.03, 1.88, 136.19, -0.86000, -0.24149, -0.09163, -0.44009
423, 15, 41.372, -4.996, 30.015, 460.57, 828.49, 1324.28, -3.13, 75.06, 60.47, -0.85005, -0.24878, -0.08249, -0.45686
423, 16, 41.397, -4.764, 29.303, 942.99, 591.86, 1161.07, -7.74, 188.00, -69.75, -0.85179, -0.24259, -0.08144, -0.45714
423, 15, 40.054, 0.351, 33.934, 576.72, 994.75, 637.88, 1.07, 249.99, -165.13, -0.85318, -0.25886, -0.13477, -0.43234
423, 17, 39.003, 12.727, 37.069, -242.43, 736.94, 373.54, -54.45, 249.99, -221.81, -0.85968, -0.23624, -0.23460, -0.38744
423, 15, 38.678, 27.323, 33.376, -819.76, 440.61, 687.38, -103.05, 249.99, -188.31, -0.86486, -0.15026, -0.32629, -0.35068
423, 15, 35.815, 32.885, 24.375, -408.69, 72.20, 1143.98, -99.73, 189.64, -137.32, -0.87605, -0.06771, -0.33610, -0.33910
423, 16, 30.055, 32.328, 16.215, -73.24, 48.16, 1248.60, -48.83, 98.96, -175.25, -0.89674, -0.02274, -0.30625, -0.31866
423, 15, 25.232, 30.103, 14.821, -37.17, 631.71, 1129.94, -11.18, 49.22, -250.00, -0.91380, -0.03137, -0.28433, -0.28834
423, 16, 19.274, 32.907, 10.822, -671.14, 211.43, 901.18, 7.94, 5.91, -250.00, -0.92289, -0.00644, -0.29605, -0.24616
423, 16, 7.685, 38.796, 3.934, -1602.66, -429.87, 607.73, 83.75, -47.56, -250.00, -0.92828, 0.03006, -0.33215, -0.16451
423, 16, 6.794, 41.594, 8.355, -1725.40, 158.20, 294.68, 165.34, -127.00, -92.61, -0.92197, -0.00370, -0.36059, -0.14121
423, 15, 17.068, 39.533, 23.030, -1243.71, 854.31, 145.45, 150.51, -177.52, 126.67, -0.90685, -0.09289, -0.36943, -0.18033
423, 16, 24.971, 34.743, 35.136, -711.98, 756.41, 230.59, 102.06, -158.78, 155.95, -0.88820, -0.17726, -0.36412, -0.21700
423, 15, 27.118, 27.929, 37.084, -354.49, 244.38, 487.24, 90.19, -123.87, 208.93, -0.88886, -0.20917, -0.32223, -0.24970
423, 16, 32.342, 16.850, 44.818, 39.25, 427.19, 306.34, 102.25, -57.35, 249.99, -0.86325, -0.29386, -0.27239, -0.30699
423, 16, 34.727, 10.795, 45.550, -214.84, 919.56, 1370.85, 85.44, 2.16, 230.01, -0.85182, -0.31571, -0.23744, -0.34402
423, 15, 35.274, 5.466, 43.545, -118.53, 665.22, 1284.18, 50.83, -33.20, 197.85, -0.85119, -0.31865, -0.19414, -0.36913
423, 16, 36.911, -4.598, 42.185, 806.03, 792.24, 1399.23, 34.81, -52.51, 151.90, -0.83626, -0.34097, -0.12017, -0.41227
423, 16, 36.772, -11.254, 40.725, 1237.61, 889.28, 1377.20, 1.34, -13.98, 42.23, -0.82903, -0.35237, -0.06479, -0.42937
423, 15, 37.897, -9.746, 36.782, 241.94, 689.45, 1434.94, -17.03, 61.16, 20.10, -0.83921, -0.31805, -0.06452, -0.43635
423, 16, 37.584, -7.844, 34.295, 255.13, 983.83, 1384.77, -62.40, 65.21, 3.37, -0.85032, -0.29340, -0.06862, -0.43146
423, 15, 35.780, -2.988, 29.169, -228.33, 440.86, 1206.36, -88.65, 22.68, -59.96, -0.87555, -0.23911, -0.08263, -0.41160
423, 16, 32.600, 3.318, 27.165, -342.65, 575.26, 864.07, -99.50, 24.93, -117.00, -0.89573, -0.20468, -0.11835, -0.37651
423, 15, 27.995, 13.069, 26.253, -1324.89, 575.01, 589.36, -66.52, -26.56, -174.48, -0.91312, -0.17125, -0.18401, -0.32097
423, 15, 24.817, 19.778, 26.069, -576.90, 277.53, 412.54, -4.76, -41.84, -145.74, -0.91858, -0.15437, -0.23137, -0.28079
423, 16, 26.094, 22.041, 30.795, -512.45, 685.49, 468.51, 2.39, -26.03, -36.11, -0.90687, -0.18211, -0.26215, -0.27513
424, 8, 31.998, 9.201, 34.082, -229.19, 535.64, 792.36, 36.07, -81.37, 74.90, -0.88706, -0.23925, -0.18431, -0.34917
424, 26, 33.467, 2.707, 38.837, -153.02, 695.80, 820.43, 47.99, -88.01, 106.19, -0.86692, -0.29556, -0.15365, -0.37078
424, 16, 33.048, -2.156, 40.209, 49.87, 765.26, 929.08, 43.66, -90.54, 84.78, -0.85895, -0.32238, -0.12041, -0.37918
424, 15, 32.264, -5.104, 41.589, 170.10, 935.06, 1000.55, 23.59, -49.34, 36.26, -0.85330, -0.34268, -0.10045, -0.37994
424, 15, 33.045, -6.072, 40.863, 182.25, 883.79, 1086.79, 0.50, -5.11, 3.67, -0.85131, -0.33960, -0.09303, -0.38895
424, 17, 34.303, -1.528, 37.224, -342.29, 346.62, 896.61, -11.28, 16.74, 15.95, -0.86361, -0.29657, -0.11852, -0.39009
424, 15, 36.260, -4.630, 36.143, 204.90, 692.08, 1070.37, 2.08, -1.40, 69.92, -0.85538, -0.29709, -0.09635, -0.41325
424, 15, 36.981, -5.085, 37.047, 789.49, 1131.84, 1253.54, -2.34, 114.11, -46.94, -0.84972, -0.30476, -0.09809, -0.41890
424, 16, 36.739, -0.070, 37.364, 723.14, 1054.26, 1023.62, -41.27, 249.99, -189.48, -0.85658, -0.28991, -0.13621, -0.40456
424, 15, 36.014, 8.566, 40.471, 162.05, 1051.94, 203.67, -117.45, 249.99, -245.79, -0.85952, -0.28332, -0.20881, -0.37062
424, 16, 37.181, 25.136, 38.253, -792.18, 590.70, 145.26, -202.31, 249.99, -205.57, -0.86307, -0.20020, -0.32321, -0.33251
424, 15, 37.965, 37.412, 28.532, -894.47, 120.18, 718.20, -234.57, 249.99, -99.16, -0.86039, -0.07432, -0.38153, -0.32961
424, 15, 32.242, 42.037, 14.303, -403.99, -179.87, 1175.72, -188.16, 210.84, -83.11, -0.86990, 0.03221, -0.37299, -0.32111
424, 18, 25.431, 40.859, 6.184, -146.18, 183.96, 1143.68, -108.43, 130.82, -174.78, -0.88776, 0.06940, -0.34528, -0.29640
424, 15, 14.688, 38.481, -4.868, -239.20, -96.44, 1111.76, -95.06, 92.41, -250.00, -0.91085, 0.11987, -0.30925, -0.24566
424, 15, 7.475, 38.765, -9.682, -759.89, -6.53, 1002.14, -27.88, 59.62, -250.00, -0.91864, 0.13929, -0.31031, -0.20104
424, 16, -1.550, 39.659, -16.787, -1291.14, -517.09, 1072.20, 36.60, 28.82, -250.00, -0.92003, 0.17234, -0.31902, -0.14853
424, 15, -5.346, 39.203, -19.465, -1486.63, -986.51, 892.03, 131.44, -55.64, -118.75, -0.92178, 0.18319, -0.31801, -0.12500
424, 15, -3.182, 39.654, -14.142, -1449.34, -587.95, 401.55, 249.99, -150.07, -18.25, -0.92570, 0.14645, -0.32444, -0.12795
424, 17, 5.726, 40.697, 1.240, -1466.06, 415.41, 106.38, 249.99, -206.71, 57.35, -0.92460, 0.04896, -0.34440, -0.15527
424, 16, 18.769, 32.968, 21.870, -358.03, 1054.99, 172.06, 200.21, -226.44, 166.49, -0.91881, -0.09648, -0.31843, -0.21234
424, 16, 25.629, 27.380, 34.737, -200.62, 378.78, 147.40, 129.17, -130.89, 161.10, -0.89677, -0.19684, -0.31048, -0.24630
424, 15, 31.209, 19.629, 41.905, -219.12, 631.59, 583.50, 93.83, -43.36, 249.99, -0.87347, -0.26460, -0.28193, -0.29590
424, 15, 36.108, 19.435, 46.011, -583.44, 555.48, 454.65, 45.19, 28.88, 249.99, -0.85040, -0.28371, -0.30338, -0.32295
424, 16, 37.848, 14.320, 43.958, -350.77, 515.63, 1283.20, 50.72, 6.52, 249.99, -0.84853, -0.28391, -0.26580, -0.35881
424, 16, 39.304, 8.309, 44.560, 137.94, 867.49, 1160.16, 57.40, 39.71, 182.58, -0.83785, -0.30829, -0.22900, -0.38798
424, 15, 38.379, 3.783, 42.345, 273.50, 823.24, 1616.15, 38.33, 13.76, 110.52, -0.84227, -0.31067, -0.18639, -0.39916
424, 16, 39.429, -3.573, 39.972, 899.23, 968.20, 1631.71, -6.83, 0.03, 105.38, -0.83502, -0.31855, -0.12685, -0.43033
424, 15, 38.736, -0.980, 35.837, -188.11, 674.44, 1480.10, -33.55, 30.02, 10.11, -0.85204, -0.27948, -0.12886, -0.42345
424, 16, 36.095, -0.782, 31.546, -107.42, 589.17, 1448.97, -48.07, -50.76, -19.55, -0.87175, -0.24923, -0.10870, -0.40757
424, 15, 31.289, 2.902, 32.646, -471.56, 1020.20, 1101.87, -31.83, -68.62, -122.12, -0.88880, -0.25017, -0.13017, -0.36125
424, 16, 25.227, 6.839, 29.040, -195.68, 373.11, 819.09, -45.67, -51.73, -209.88, -0.91583, -0.21661, -0.13802, -0.30869
424, 16, 20.461, 16.239, 28.010, -775.02, 327.09, 374.02, -45.18, -45.74, -211.85, -0.92800, -0.18859, -0.20153, -0.25026
424, 15, 19.830, 22.821, 29.830, -830.02, 455.44, 248.54, -19.80, -56.14, -109.71, -0.92144, -0.18620, -0.25599, -0.22527
424, 15, 23.558, 24.632, 34.222, -707.76, 853.88, 679.63, 7.93, 7.23, -9.32, -0.90466, -0.20702, -0.28518, -0.23959
424, 16, 24.955, 22.961, 35.650, -326.97, 814.09, 906.62, -12.62, 4.88, -37.32, -0.90032, -0.22013, -0.27828, -0.25207
425, 7, 32.758, 4.484, 33.796, -97.17, 559.33, 989.93, 28.41, -84.07, 71.19, -0.88275, -0.25201, -0.14917, -0.36741
425, 28, 33.969, -2.165, 36.717, -10.19, 638.24, 865.42, 38.89, -78.10, 77.05, -0.86526, -0.29520, -0.11111, -0.38966
425, 15, 34.018, -4.410, 38.756, 17.21, 750.12, 879.39, 38.28, -68.82, 62.07, -0.85659, -0.31781, -0.10119, -0.39371
425, 16, 33.356, -6.263, 39.678, 115.91, 853.88, 1077.58, 35.94, -58.20, 26.05, -0.85342, -0.33114, -0.08846, -0.39269
425, 15, 32.596, -5.483, 41.139, 105.83, 1006.41, 1042.91, 10.77, -6.37, -21.06, -0.85294, -0.34021, -0.09708, -0.38382
425, 16, 32.535, -2.670, 39.723, -85.82, 695.98, 956.48, -8.25, 9.88, -18.02, -0.86132, -0.32088, -0.11348, -0.37720
425, 15, 33.330, 0.237, 37.303, -250.61, 463.68, 892.15, -3.40, 5.10, 24.02, -0.86873, -0.29236, -0.12965, -0.37818
425, 15, 35.570, -1.520, 37.156, 75.99, 797.06, 1113.40, 10.77, 9.99, 52.06, -0.85943, -0.29471, -0.12162, -0.39967
425, 17, 36.730, -1.450, 38.340, 646.61, 1200.13, 1290.47, 4.83, 122.96, -51.98, -0.85236, -0.30204, -0.12933, -0.40686
425, 15, 36.492, 4.236, 40.000, 740.36, 1491.09, 991.46, -47.37, 249.99, -218.02, -0.85543, -0.29464, -0.17667, -0.38759
425, 15, 36.675, 11.069, 41.534, 433.59, 1465.64, 291.81, -153.13, 249.99, -250.00, -0.85642, -0.28078, -0.23204, -0.36588
425, 16, 38.851, 23.753, 42.517, -344.73, 943.79, -215.52, -250.00, 249.99, -250.00, -0.85051, -0.23296, -0.32926, -0.33756
425, 15, 39.174, 42.681, 35.003, -1268.92, -20.14, -89.90, -250.00, 249.99, -216.51, -0.84388, -0.09592, -0.43556, -0.29824
425, 16, 29.874, 50.399, 14.173, -1001.40, -943.91, 1356.99, -250.00, 200.51, -163.59, -0.85303, 0.05355, -0.43373, -0.28524
425, 16, 19.921, 48.440, -0.097, -630.80, -710.08, 1425.54, -57.82, 57.37, -121.63, -0.87267, 0.11973, -0.39238, -0.26484
425, 15, 14.589, 43.397, -0.066, -241.15, 703.25, 1361.27, 12.83, 35.70, -227.86, -0.90072, 0.09118, -0.35830, -0.22805
425, 17, 3.488, 40.435, -8.870, -798.58, -278.69, 1197.02, 11.77, -2.25, -250.00, -0.92093, 0.12353, -0.32973, -0.16703
425, 15, -4.396, 39.293, -15.094, -1340.09, -799.01, 915.34, 79.68, -67.92, -189.12, -0.92687, 0.15060, -0.32204, -0.12054
425, 15, -6.470, 39.182, -13.770, -1452.39, -864.62, 590.45, 222.23, -111.57, -70.88, -0.93083, 0.13399, -0.32499, -0.09990
425, 17, 4.769, 40.845, 2.692, -1381.41, 435.79, 159.24, 249.99, -172.23, 111.95, -0.92594, 0.03456, -0.34782, -0.14306
425, 15, 17.286, 36.903, 22.514, -977.84, 871.46, 95.52, 241.13, -226.81, 183.30, -0.91288, -0.09522, -0.34868, -0.18977
425, 15, 23.096, 29.372, 36.669, -376.59, 1105.47, 251.95, 159.47, -175.65, 111.32, -0.89627, -0.21250, -0.32457, -0.21492
425, 16, 26.209, 29.312, 42.967, -715.45, 295.72, 215.39, 120.09, -106.17, 194.17, -0.87763, -0.25240, -0.34244, -0.22090
425, 15, 31.463, 18.968, 47.355, -323.97, 1019.78, 1109.31, 81.03, -51.57, 249.99, -0.85921, -0.30753, -0.29170, -0.28652
425, 18, 34.853, 15.542, 47.497, -473.27, 508.48, 716.55, 49.11, -21.62, 249.99, -0.84882, -0.31261, -0.27715, -0.32397
425, 15, 37.806, 6.645, 47.912, 52.55, 438.96, 588.81, 67.49, -12.14, 249.99, -0.83160, -0.34188, -0.22413, -0.37592
425, 15, 40.682, 1.049, 45.919, 133.73, 662.11, 1330.14, 64.93, 38.83, 220.58, -0.82026, -0.34294, -0.18604, -0.41828
425, 16, 42.706, -4.300, 44.499, 475.95, 812.32, 1257.08, 44.04, 59.24, 164.31, -0.80798, -0.34974, -0.14852, -0.45033
425, 15, 44.509, -8.426, 41.392, 710.21, 1039.37, 1696.47, -6.46, 73.68, 144.70, -0.80209, -0.34128, -0.11169, -0.47717
425, 15, 42.139, -11.105, 37.468, 761.84, 627.26, 1506.04, -25.31, 20.15, -6.00, -0.81791, -0.32530, -0.06900, -0.46952
425, 16, 37.283, -6.630, 35.541, -45.84, 833.62, 1389.89, -33.71, 10.98, -102.34, -0.85018, -0.29866, -0.08168, -0.42583
425, 15, 31.172, -0.315, 34.187, -425.48, 723.45, 1104.61, -40.22, -57.17, -161.51, -0.88284, -0.27259, -0.10999, -0.36631
425, 16, 25.886, 3.255, 32.144, -213.99, 501.53, 947.88, -20.24, -73.65, -177.09, -0.90616, -0.25104, -0.11961, -0.31865
425, 16, 22.368, 6.612, 33.596, -155.52, 674.99, 723.75, -18.36, -22.67, -187.92, -0.91370, -0.25713, -0.14204, -0.28083
425, 15, 20.952, 13.078, 33.949, -558.11, 592.10, 577.58, -45.50, -11.02, -136.54, -0.91678, -0.24428, -0.19057, -0.25205
425, 16, 21.821, 21.137, 36.222, -790.53, 555.79, 315.19, -22.97, 23.20, -102.55, -0.90699, -0.23762, -0.25944, -0.23150
426, 8, 32.099, 1.771, 43.181, -43.52, 775.63, 760.38, 58.69, -113.82, 77.19, -0.85836, -0.33320, -0.15669, -0.35728
426, 26, 31.158, -4.582, 43.039, 180.24, 908.39, 1104.31, 27.08, -62.60, 20.00, -0.85331, -0.35290, -0.10578, -0.36896
426, 16, 31.972, -2.592, 41.962, -144.84, 777.16, 962.71, -4.95, -3.93, 24.14, -0.85683, -0.33800, -0.11975, -0.37048
426, 15, 33.439, -1.404, 38.291, -154.48, 373.72, 832.09, -10.61, -4.24, 56.88, -0.86388, -0.30511, -0.12079, -0.38215
426, 16, 34.602, -1.384, 36.544, -40.34, 491.88, 884.83, 18.35, -1.79, 48.71, -0.86451, -0.29065, -0.11805, -0.39269
426, 15, 35.341, -2.256, 37.866, 87.77, 835.21, 1041.75, 27.18, 13.76, 31.55, -0.85742, -0.30277, -0.11795, -0.39905
426, 15, 36.276, -2.663, 39.077, 323.61, 1111.94, 1192.14, 5.94, 71.69, 2.19, -0.85034, -0.31220, -0.12166, -0.40578
426, 16, 37.109, -0.378, 39.641, 591.25, 1226.07, 1177.06, -26.99, 166.70, -95.68, -0.84895, -0.30749, -0.14292, -0.40534
426, 16, 37.480, 4.428, 39.102, 632.75, 1156.19, 983.34, -79.66, 249.99, -184.97, -0.85451, -0.28572, -0.17752, -0.39581
426, 15, 37.586, 11.390, 38.419, 229.55, 1154.48, 605.10, -165.44, 249.99, -216.89, -0.86091, -0.25440, -0.22639, -0.37797
426, 16, 38.199, 22.376, 36.384, -237.79, 768.80, 273.50, -250.00, 249.99, -234.62, -0.86420, -0.19447, -0.29993, -0.35409
426, 15, 38.174, 37.121, 29.872, -787.96, 409.85, 372.56, -250.00, 249.99, -205.28, -0.85930, -0.08487, -0.38351, -0.32760
426, 15, 31.421, 45.461, 13.380, -774.48, -188.96, 807.56, -250.00, 182.82, -164.47, -0.86295, 0.04835, -0.39558, -0.31063
426, 17, 21.101, 49.289, -1.886, -876.40, -219.24, 900.39, -146.53, 124.90, -195.61, -0.86490, 0.13930, -0.39326, -0.27907
426, 15, 12.840, 46.632, -12.327, -535.71, -234.38, 966.19, -72.94, 72.42, -180.31, -0.87867, 0.18660, -0.36021, -0.25170
426, 16, 8.148, 44.317, -11.349, -628.72, 501.59, 1091.98, 0.39, 51.93, -235.95, -0.89765, 0.16135, -0.35102, -0.21206
426, 16, -1.069, 41.976, -17.491, -1054.99, -283.69, 1141.17, 28.43, 18.68, -250.00, -0.91107, 0.18034, -0.33609, -0.15644
426, 15, -7.946, 37.560, -20.743, -1113.89, -1038.39, 1094.97, 162.37, -76.29, -177.26, -0.92712, 0.18640, -0.30756, -0.10544
426, 17, -7.178, 36.416, -16.463, -1139.16, -812.93, 793.46, 249.99, -103.13, -18.72, -0.93599, 0.15364, -0.30088, -0.09896
426, 15, 5.025, 37.381, 2.457, -1057.37, 685.49, 322.51, 249.99, -151.49, 106.60, -0.93542, 0.03236, -0.31939, -0.14811
426, 15, 15.958, 33.436, 20.281, -671.14, 869.75, 351.87, 193.54, -163.14, 146.21, -0.92417, -0.09026, -0.31697, -0.19313
426, 16, 20.521, 29.979, 30.516, -576.97, 645.08, 460.75, 129.01, -122.94, 103.07, -0.91052, -0.16927, -0.31342, -0.20993
426, 16, 24.321, 28.171, 36.607, -742.37, 557.31, 609.74, 90.22, -83.64, 123.28, -0.89533, -0.21246, -0.31787, -0.22848
426, 16, 28.562, 30.970, 39.812, -1206.05, -42.91, 171.26, 73.24, -59.29, 224.23, -0.87775, -0.21525, -0.35263, -0.24263
426, 16, 30.715, 27.339, 41.604, -907.84, 314.64, 837.65, 105.05, -100.55, 249.99, -0.87244, -0.23569, -0.33516, -0.26638
426, 15, 34.446, 25.325, 46.986, -265.38, 169.68, 135.68, 92.59, -77.62, 249.99, -0.85237, -0.27281, -0.34244, -0.28595
426, 16, 37.071, 13.673, 49.338, 238.89, 715.03, 792.60, 77.03, -24.91, 249.99, -0.83616, -0.32778, -0.27568, -0.34265
426, 15, 39.109, 6.039, 47.410, 100.40, 759.83, 1362.79, 48.84, 11.22, 249.99, -0.82805, -0.33794, -0.22203, -0.38837
426, 15, 41.813, -2.270, 44.757, 538.21, 779.36, 1429.93, 21.12, 36.30, 249.99, -0.81424, -0.34523, -0.16137, -0.43794
426, 16, 42.328, -7.468, 40.822, 542.11, 674.07, 1684.94, 12.48, 18.21, 154.40, -0.81458, -0.33581, -0.10986, -0.46002
426, 15, 40.846, -12.429, 36.933, 824.77, 416.20, 1437.81, 10.09, -29.51, 9.81, -0.82200, -0.32689, -0.05332, -0.46327
426, 16, 36.738, -10.288, 35.553, 349.79, 868.16, 1580.20, 4.71, -6.60, -115.49, -0.84598, -0.31143, -0.05259, -0.42961
426, 16, 31.746, -7.395, 36.817, 349.98, 1168.88, 1360.72, -21.87, 6.52, -175.08, -0.86516, -0.31425, -0.06557, -0.38529
426, 15, 26.938, -5.985, 33.312, 647.71, 670.23, 1143.19, -100.42, 43.17, -250.00, -0.89170, -0.28575, -0.05274, -0.34704
426, 15, 23.663, 2.090, 35.419, -74.65, 1445.13, 803.41, -104.49, 115.32, -250.00, -0.90379, -0.28245, -0.11413, -0.30061
426, 17, 21.185, 16.283, 34.604, -1226.26, 730.41, 403.50, -105.36, 91.22, -250.00, -0.91408, -0.24015, -0.21745, -0.24392
426, 15, 16.450, 29.231, 29.155, -1505.07, -167.60, 257.51, -59.18, 10.97, -250.00, -0.92062, -0.17139, -0.29930, -0.18305
426, 16, 14.209, 39.056, 27.581, -1225.95, 84.47, 108.64, 6.63, -2.80, -205.44, -0.90739, -0.13942, -0.36935, -0.14419
426, 15, 15.046, 41.977, 30.734, -1227.36, 817.02, 724.49, 34.71, -7.06, -117.87, -0.89554, -0.15359, -0.39611, -0.13232
426, 16, 14.293, 41.337, 28.473, -840.64, 337.52, 842.53, 9.83, -37.37, -56.32, -0.90085, -0.14018, -0.38774, -0.13591
426, 16, 9.899, 36.349, 19.993, -158.26, -219.12, 669.43, 10.78, -56.88, -9.43, -0.92687, -0.09834, -0.33449, -0.13914
426, 15, 15.165, 28.722, 23.375, -36.32, 304.87, 822.63, 41.50, -14.88, 99.81, -0.93109, -0.12926, -0.28425, -0.18860
427, 7, 31.172, 4.792, 41.473, -266.78, 581.79, 945.56, 0.11, -25.66, 115.65, -0.86902, -0.31191, -0.17143, -0.34369
427, 26, 38.765, 1.002, 37.515, -214.29, 579.83, 925.60, -13.56, -3.54, 209.21, -0.85021, -0.28464, -0.14981, -0.41674
427, 16, 41.396, -2.296, 38.153, 394.47, 1154.30, 1185.12, -22.32, 68.04, 115.29, -0.83435, -0.29836, -0.13460, -0.44354
427, 15, 42.459, 0.793, 38.548, 344.12, 1061.34, 916.87, -57.95, 203.97, -40.73, -0.83351, -0.28801, -0.16138, -0.44302
427, 16, 42.786, 7.492, 38.461, 117.55, 1105.96, 814.15, -106.20, 249.99, -115.48, -0.83982, -0.26016, -0.21010, -0.42763
427, 15, 42.658, 14.306, 36.201, 15.20, 783.02, 645.14, -166.06, 249.99, -146.20, -0.84925, -0.21562, -0.25009, -0.41200
427, 15, 41.281, 19.515, 29.529, 59.08, 608.76, 905.15, -208.92, 249.99, -160.69, -0.86497, -0.14692, -0.26145, -0.40234
427, 17, 38.614, 25.821, 26.662, 130.31, 956.42, 563.72, -235.51, 249.99, -226.88, -0.87371, -0.10564, -0.29431, -0.37263
427, 16, 27.010, 38.418, 7.414, -687.81, -416.14, 692.99, -250.00, 232.12, -250.00, -0.89063, 0.05725, -0.32901, -0.30862
427, 15, 13.560, 46.218, -8.136, -1007.14, -422.67, 703.06, -111.39, 174.75, -243.56, -0.88483, 0.15598, -0.36496, -0.24403
427, 16, 3.394, 43.918, -18.284, -822.51, -343.08, 1059.81, -39.00, 60.11, -238.20, -0.89650, 0.20088, -0.34302, -0.19562
427, 15, -0.729, 41.564, -18.627, -750.24, 119.81, 1035.89, 20.95, 42.98, -250.00, -0.91008, 0.19018, -0.33064, -0.16206
427, 16, -6.417, 37.834, -22.376, -891.17, -399.90, 1050.54, 61.43, -9.18, -250.00, -0.92204, 0.20365, -0.30556, -0.12252
427, 16, -10.178, 35.480, -24.739, -1138.98, -909.67, 989.32, 136.82, -47.84, -164.55, -0.92781, 0.21333, -0.29103, -0.09464
427, 15, -8.722, 36.507, -16.139, -986.63, -159.30, 654.24, 235.40, -74.28, -76.80, -0.93741, 0.14692, -0.30391, -0.08558
427, 17, -0.916, 38.258, -2.113, -1074.65, 321.78, 527.53, 233.02, -105.63, 47.67, -0.93798, 0.05407, -0.32361, -0.11199
427, 15, 8.499, 38.525, 10.552, -1117.80, 199.22, 446.90, 197.00, -144.07, 173.57, -0.92814, -0.02164, -0.33908, -0.15201
427, 15, 16.238, 38.753, 21.735, -1396.97, 114.75, 62.93, 196.04, -184.01, 222.40, -0.91100, -0.08735, -0.36079, -0.17966
427, 17, 24.376, 32.600, 35.484, -510.86, 479.43, 293.46, 179.44, -163.34, 249.99, -0.89186, -0.18898, -0.34827, -0.21812
427, 15, 27.949, 30.750, 44.446, -666.02, 284.91, 118.04, 168.91, -148.06, 249.99, -0.86973, -0.25329, -0.35927, -0.22435
427, 15, 28.380, 19.060, 48.243, -180.91, 908.08, 927.73, 121.77, -132.28, 249.99, -0.86414, -0.32166, -0.28601, -0.26075
427, 16, 29.456, 8.887, 49.810, 28.69, 936.40, 822.14, 43.03, -64.41, 249.99, -0.85264, -0.36439, -0.22007, -0.30297
427, 15, 34.639, -1.252, 49.631, 282.41, 877.93, 887.82, 15.21, -2.80, 249.99, -0.82584, -0.38680, -0.16312, -0.37651
427, 17, 40.283, -7.217, 45.184, 302.37, 691.28, 1355.96, 5.72, 55.63, 249.99, -0.80971, -0.36791, -0.12255, -0.44045
427, 15, 42.174, -10.813, 42.185, 879.03, 749.69, 1383.85, 9.43, 79.44, 64.60, -0.80431, -0.35763, -0.09050, -0.46583
427, 15, 41.360, -10.108, 38.547, 753.05, 590.70, 1436.46, -4.80, 101.22, -74.66, -0.81997, -0.32993, -0.07852, -0.46111
427, 16, 37.720, -6.963, 35.771, 410.71, 738.95, 1419.86, -22.91, 65.38, -153.18, -0.84741, -0.30120, -0.08118, -0.42963
427, 15, 31.853, -4.065, 32.270, 417.66, 640.50, 1289.49, -67.00, 41.95, -247.41, -0.88100, -0.26920, -0.07634, -0.38151
427, 15, 26.721, 2.552, 30.127, -81.05, 800.90, 1298.34, -72.85, 43.59, -250.00, -0.90767, -0.23630, -0.11015, -0.32888
427, 16, 21.748, 10.977, 21.772, -384.28, -54.63, 1009.70, -84.95, 70.78, -250.00, -0.93636, -0.15034, -0.14682, -0.28120
427, 15, 13.028, 18.637, 10.192, -535.71, -407.04, 645.39, -72.78, 11.56, -250.00, -0.95943, -0.04785, -0.17721, -0.21403
427, 16, 7.426, 27.920, 8.661, -1260.01, 190.61, 215.64, 0.65, -13.68, -250.00, -0.95449, -0.02772, -0.24994, -0.16032
427, 16, 3.106, 34.679, 5.776, -1019.17, -27.89, 252.38, 25.49, -40.75, -196.98, -0.94519, -0.00382, -0.30149, -0.12529
427, 15, 6.319, 40.187, 10.770, -1213.01, 556.82, 414.12, 41.31, 17.99, -93.96, -0.92625, -0.02704, -0.35218, -0.13157
427, 17, 12.330, 40.615, 16.105, -1267.70, 568.30, 750.73, 14.79, -59.09, 12.44, -0.91555, -0.05029, -0.36444, -0.16256
427, 15, 16.349, 33.543, 15.522, -155.40, -5.92, 608.76, 6.09, -46.46, 115.70, -0.92618, -0.05049, -0.30970, -0.20911
427, 15, 24.569, 28.185, 22.319, -250.55, 559.08, 923.58, 25.60, -0.34, 160.48, -0.91421, -0.09879, -0.28730, -0.26819
427, 16, 29.191, 22.698, 26.202, -124.76, 735.41, 1150.63, 10.31, 4.06, 113.37, -0.90485, -0.13655, -0.25976, -0.30841
427, 15, 28.579, 19.464, 25.059, -189.58, 355.65, 1027.65, 14.89, -3.98, 22.23, -0.91034, -0.13972, -0.23115, -0.31358
427, 16, 27.936, 16.991, 25.262, -190.49, 413.76, 1016.60, 33.31, -3.02, 8.66, -0.91329, -0.15074, -0.21174, -0.31359
427, 16, 29.826, 15.004, 27.961, -259.89, 658.20, 1010.74, 12.45, -0.41, 71.71, -0.90491, -0.17530, -0.20663, -0.32820
427, 15, 34.768, 13.345, 30.544, -329.35, 808.04, 951.97, -41.01, 29.08, 182.37, -0.88596, -0.19237, -0.20977, -0.36616
427, 15, 38.774, 14.466, 30.011, -655.76, 557.56, 906.98, -62.10, 14.94, 210.80, -0.87356, -0.17643, -0.22279, -0.39513
428, 8, 19.633, 29.760, 25.625, -735.47, 293.03, 850.28, 12.77, -24.54, -42.43, -0.91895, -0.13324, -0.30147, -0.21653
428, 26, 23.993, 30.287, 27.626, -951.05, 95.76, 715.45, 69.53, -89.70, 134.45, -0.90704, -0.13588, -0.31465, -0.24456
428, 16, 29.767, 26.754, 33.373, -789.25, 401.86, 562.19, 78.81, -136.43, 249.99, -0.89001, -0.17716, -0.30946, -0.28414
428, 15, 33.481, 16.215, 39.289, -204.35, 698.49, 668.03, 76.78, -158.13, 249.99, -0.87315, -0.25163, -0.25514, -0.33045
428, 16, 35.389, 8.857, 43.819, -230.35, 631.10, 560.61, 74.96, -130.79, 249.99, -0.85308, -0.30846, -0.21997, -0.35878
428, 16, 37.355, 2.798, 46.132, -283.63, 741.15, 774.54, 72.94, -120.68, 249.99, -0.83377, -0.34359, -0.18936, -0.38847
428, 16, 38.676, -3.461, 45.861, -121.40, 843.93, 1009.22, 54.71, -105.39, 246.51, -0.82051, -0.36160, -0.14723, -0.41754
428, 15, 40.074, -7.564, 45.334, -142.76, 724.61, 824.28, 30.71, -90.60, 237.24, -0.80934, -0.37039, -0.11994, -0.43977
428, 16, 42.137, -11.248, 42.737, -29.36, 583.25, 897.09, 18.96, -55.62, 221.04, -0.80179, -0.36306, -0.08946, -0.46618
428, 15, 43.892, -14.336, 39.547, 258.67, 605.53, 1280.82, 29.49, -11.91, 149.73, -0.79747, -0.35066, -0.05909, -0.48743
428, 16, 43.309, -16.072, 39.516, 1168.21, 996.58, 1482.30, 40.01, 87.80, -10.40, -0.79595, -0.35690, -0.04444, -0.48695
428, 15, 40.811, -11.004, 39.819, 1421.26, 1175.05, 1398.13, 2.84, 241.54, -215.32, -0.81664, -0.34255, -0.07539, -0.45834
428, 15, 37.849, -5.019, 39.803, 1122.80, 1362.24, 1005.19, -78.51, 249.99, -250.00, -0.83907, -0.32405, -0.11109, -0.42262
428, 16, 35.311, 4.093, 39.795, 338.26, 1333.07, 282.71, -206.53, 249.99, -250.00, -0.85976, -0.29541, -0.17189, -0.37946
428, 17, 33.839, 23.828, 35.525, -634.77, 260.80, -91.49, -250.00, 249.99, -250.00, -0.87788, -0.19368, -0.30041, -0.31870
428, 15, 28.616, 42.926, 22.337, -1392.94, -419.80, 79.71, -250.00, 249.99, -250.00, -0.87683, -0.03819, -0.39987, -0.26422
428, 16, 18.644, 50.582, 7.117, -1636.66, -1005.74, 750.67, -96.92, 91.30, -146.94, -0.87389, 0.06523, -0.42509, -0.22663
428, 15, 18.678, 47.791, 6.734, -663.21, 165.83, 942.08, 13.73, 23.41, -77.48, -0.88295, 0.06153, -0.40326, -0.23239
428, 15, 20.440, 42.738, 12.035, -223.88, 911.62, 987.24, 38.19, -4.98, -150.73, -0.89633, 0.01337, -0.37505, -0.23612
428, 16, 14.199, 41.308, 7.263, -732.85, 198.91, 1124.51, 20.99, 9.03, -227.66, -0.91152, 0.02765, -0.35590, -0.20423
428, 15, 5.326, 40.015, -2.212, -860.66, -741.70, 994.45, 69.79, -47.57, -172.33, -0.92532, 0.07472, -0.33431, -0.16259
428, 16, 7.217, 37.041, 2.884, -680.97, 26.43, 921.14, 119.42, -54.18, -13.54, -0.93347, 0.03445, -0.31657, -0.16502
428, 16, 11.964, 35.308, 9.987, -801.15, 232.91, 905.58, 106.31, -77.35, 69.22, -0.93128, -0.01350, -0.31301, -0.18590
428, 16, 12.009, 35.903, 11.063, -1139.40, -290.47, 698.43, 128.09, -116.44, 69.59, -0.92961, -0.02087, -0.31951, -0.18251
428, 16, 15.817, 37.009, 18.228, -1397.52, -237.30, 71.96, 211.42, -189.95, 168.44, -0.91808, -0.06513, -0.34135, -0.19071
428, 15, 25.306, 33.851, 34.409, -646.06, 461.36, 18.31, 210.20, -180.02, 249.89, -0.89000, -0.17358, -0.35677, -0.22471
428, 15, 29.309, 23.208, 44.805, -355.10, 1052.55, 631.04, 163.54, -161.58, 249.99, -0.87046, -0.27889, -0.31012, -0.26142
428, 16, 30.505, 11.751, 49.552, 41.20, 1090.70, 770.63, 90.42, -109.18, 249.99, -0.85269, -0.35105, -0.24328, -0.30084
428, 15, 33.691, 2.128, 49.234, -27.16, 783.20, 867.31, 35.85, -73.70, 249.99, -0.83512, -0.37442, -0.18316, -0.35893
428, 16, 36.932, -4.714, 46.138, 51.33, 654.72, 1121.89, 25.52, -44.59, 249.99, -0.82373, -0.36997, -0.13353, -0.40837
428, 16, 39.786, -9.025, 44.018, 136.29, 819.40, 1041.81, 16.09, -3.05, 201.97, -0.81173, -0.36636, -0.10329, -0.44294
428, 15, 41.455, -11.111, 41.805, 329.96, 872.25, 1119.20, -1.82, 51.19, 110.67, -0.80777, -0.35655, -0.08454, -0.46177
428, 16, 41.679, -9.396, 39.168, 303.28, 793.76, 1185.97, -11.51, 97.40, 7.82, -0.81829, -0.33159, -0.08719, -0.46136
428, 15, 39.628, -3.548, 37.701, 34.42, 748.29, 1001.59, -28.62, 107.65, -85.63, -0.84045, -0.30164, -0.11901, -0.43415
428, 15, 38.222, 3.310, 34.495, -267.70, 410.03, 883.06, -25.97, 90.29, -65.98, -0.86169, -0.25426, -0.15476, -0.41096
428, 16, 35.706, 7.318, 32.631, -159.48, 523.68, 962.10, -5.11, 56.26, -84.07, -0.87728, -0.22895, -0.17301, -0.38475
428, 15, 30.688, 10.108, 33.482, -86.06, 954.47, 1223.02, 4.79, 31.42, -184.68, -0.89251, -0.23364, -0.18670, -0.33761
428, 16, 24.786, 12.973, 31.562, -178.22, 785.95, 1244.20, -15.16, 7.54, -250.00, -0.91260, -0.21912, -0.19189, -0.28691
428, 16, 19.353, 11.730, 27.782, 199.16, 501.89, 992.00, -57.62, -9.27, -250.00, -0.93254, -0.20059, -0.16320, -0.25199
428, 15, 15.912, 16.707, 26.327, -337.95, 619.63, 1015.81, -43.68, 43.37, -250.00, -0.93967, -0.18151, -0.19450, -0.21503
428, 15, 12.053, 17.026, 21.980, -33.87, 349.37, 864.38, -69.47, 27.11, -250.00, -0.95256, -0.15125, -0.18381, -0.18967
428, 16, 7.285, 26.149, 16.083, -1070.43, -11.35, 744.93, -51.76, 20.29, -250.00, -0.95401, -0.09298, -0.24514, -0.14536
428, 16, 3.369, 33.596, 10.543, -1111.33, -162.11, 403.75, -18.93, -22.52, -199.76, -0.94656, -0.04402, -0.29768, -0.11604
428, 16, 8.965, 37.859, 13.506, -1007.08, 213.38, 410.71, 4.44, -18.79, 3.67, -0.92841, -0.04547, -0.33777, -0.14799
428, 15, 16.596, 38.681, 20.114, -1035.10, 605.04, 776.73, 3.38, -6.64, 69.95, -0.91174, -0.07352, -0.35789, -0.18775
428, 16, 20.536, 34.555, 21.984, -564.94, 362.30, 904.24, -8.27, -37.84, 77.55, -0.91231, -0.08789, -0.33230, -0.22258
428, 16, 21.176, 27.970, 21.139, -54.99, 171.51, 726.81, 11.86, -29.64, 42.72, -0.92313, -0.09837, -0.28007, -0.24437
428, 15, 23.537, 25.911, 23.728, -403.56, 403.14, 863.04, 26.68, -2.85, 52.96, -0.91830, -0.11959, -0.27200, -0.26161
428, 15, 26.257, 24.117, 27.029, -489.32, 578.19, 979.37, 25.52, -9.25, 77.88, -0.91007, -0.14515, -0.26911, -0.27979
428, 16, 29.329, 21.071, 29.747, -364.20, 610.72, 944.21, 6.26, -3.25, 114.52, -0.90094, -0.16974, -0.25710, -0.30559
428, 15, 31.084, 18.391, 29.326, -363.53, 468.57, 946.11, -6.85, -10.34, 138.93, -0.89812, -0.17194, -0.23828, -0.32718
428, 15, 32.069, 15.711, 28.946, -297.73, 497.80, 1051.45, 4.96, -3.52, 118.03, -0.89667, -0.17644, -0.21835, -0.34231
428, 16, 32.155, 16.904, 30.261, -458.50, 603.21, 960.69, 11.82, 0.92, 44.04, -0.89406, -0.18231, -0.23142, -0.33742
429, 7, 26.460, 22.297, 36.904, -397.16, 738.71, 841.13, 80.67, -82.13, 111.08, -0.89490, -0.22845, -0.27908, -0.26284
429, 28, 30.003, 12.899, 39.561, -270.45, 717.59, 922.30, 27.95, -48.42, 140.27, -0.88173, -0.27258, -0.22351, -0.31351
429, 15, 32.183, 7.664, 39.046, -120.73, 731.08, 1059.57, 14.23, -34.74, 127.19, -0.87442, -0.28235, -0.18823, -0.34675
429, 17, 33.467, 5.149, 37.247, -134.09, 608.40, 1016.05, 6.28, -19.97, 104.48, -0.87303, -0.27520, -0.16689, -0.36637
429, 15, 34.791, 5.980, 35.384, -375.55, 528.14, 1011.05, -1.82, -9.99, 102.97, -0.87367, -0.25616, -0.17016, -0.37700
429, 15, 36.530, 1.722, 36.120, 20.75, 837.52, 1057.56, -4.44, -19.56, 132.93, -0.86238, -0.27448, -0.14474, -0.40001
429, 16, 37.024, -1.269, 37.396, 950.13, 1585.57, 1264.95, -42.38, 80.18, 13.31, -0.85400, -0.29405, -0.12809, -0.40966
429, 15, 35.931, 2.944, 36.609, 861.57, 1500.31, 1005.68, -130.84, 238.25, -172.55, -0.86450, -0.27460, -0.15415, -0.39176
429, 15, 34.437, 11.705, 36.444, 109.31, 1096.13, 189.03, -234.20, 249.99, -236.24, -0.87544, -0.24434, -0.21551, -0.35701
429, 16, 32.386, 31.073, 27.933, -1123.54, 16.17, 33.57, -250.00, 249.99, -197.82, -0.88541, -0.11195, -0.33031, -0.30725
429, 15, 27.114, 46.627, 15.441, -1408.51, -5.98, 560.36, -242.15, 242.33, -153.81, -0.87122, 0.02147, -0.41056, -0.26825
429, 16, 20.083, 51.025, 2.752, -772.40, -49.32, 732.18, -186.97, 133.56, -109.25, -0.86609, 0.10474, -0.41821, -0.25301
429, 16, 14.806, 51.791, -5.946, -830.02, -14.95, 890.50, -139.08, 105.73, -106.92, -0.86494, 0.15296, -0.41110, -0.24389
429, 16, 5.306, 51.137, -17.283, -1014.65, -380.92, 933.17, -73.78, 60.45, -146.65, -0.86870, 0.20447, -0.39828, -0.21196
429, 16, 4.860, 49.988, -16.568, -1132.14, -62.19, 1015.75, 3.49, 13.91, -98.66, -0.87516, 0.19664, -0.39142, -0.20547
429, 15, 0.973, 45.154, -18.681, -506.84, -179.44, 644.53, 37.55, -24.55, -143.34, -0.89555, 0.19732, -0.35643, -0.17893
429, 15, -2.914, 45.047, -21.015, -1025.51, -529.05, 685.24, 98.00, -13.85, -87.59, -0.89751, 0.20342, -0.35897, -0.15569
429, 16, 1.028, 47.002, -15.251, -1373.29, -560.91, 651.92, 176.60, -50.08, 79.20, -0.89451, 0.17168, -0.37623, -0.16976
429, 15, 12.192, 46.555, 1.396, -1139.47, 39.86, 568.91, 242.63, -141.59, 164.63, -0.89609, 0.07796, -0.38755, -0.20187
429, 16, 23.860, 42.677, 19.173, -527.47, 182.56, 263.37, 249.99, -186.07, 246.67, -0.88884, -0.03101, -0.38966, -0.23908
429, 16, 31.576, 32.284, 35.306, -374.69, 649.90, 419.37, 230.03, -206.73, 249.99, -0.87703, -0.16657, -0.35678, -0.27528
429, 16, 33.408, 18.652, 44.154, 57.68, 851.50, 646.91, 173.82, -169.12, 249.99, -0.86231, -0.27973, -0.28611, -0.31033
429, 16, 33.836, 6.652, 47.889, 339.66, 1103.70, 997.19, 101.58, -94.36, 249.99, -0.84420, -0.34925, -0.21213, -0.34692
429, 15, 34.633, -1.500, 47.348, 180.24, 1035.03, 1245.97, 43.60, -32.60, 249.99, -0.83303, -0.37108, -0.15376, -0.38043
429, 15, 34.901, -5.917, 44.827, 99.00, 877.81, 1226.75, 6.05, -6.90, 188.52, -0.83298, -0.36658, -0.11353, -0.39859
429, 16, 38.282, -7.129, 39.271, -73.43, 443.97, 1070.68, -22.02, 8.80, 162.10, -0.83542, -0.32704, -0.09463, -0.43146
429, 16, 38.799, -8.808, 37.776, 373.54, 991.70, 1348.88, -12.67, 36.57, 59.55, -0.83470, -0.32154, -0.07787, -0.44025
429, 15, 34.752, -6.482, 38.062, 868.53, 1589.11, 1421.94, -67.18, 86.16, -174.02, -0.85279, -0.31874, -0.08513, -0.40485
429, 16, 30.566, -2.591, 33.661, 627.75, 896.30, 1238.46, -145.83, 128.62, -250.00, -0.88362, -0.27621, -0.08926, -0.36736
429, 15, 27.102, -0.117, 23.073, 533.45, -34.61, 804.14, -187.03, 162.42, -250.00, -0.91797, -0.18774, -0.06894, -0.34254
429, 15, 22.807, 15.220, 19.790, -1028.38, 443.18, 472.53, -156.54, 151.06, -250.00, -0.93419, -0.12075, -0.17735, -0.28504
429, 16, 15.769, 27.482, 9.945, -1522.95, -584.96, 628.42, -90.65, 86.32, -250.00, -0.94094, -0.02103, -0.25029, -0.22704
429, 15, 7.422, 34.873, 0.549, -1275.21, -509.34, 395.81, -21.97, -0.75, -250.00, -0.93799, 0.05069, -0.29537, -0.17427
429, 17, 3.372, 39.829, 2.122, -1099.24, 359.38, 439.39, 58.49, -18.42, -205.92, -0.93045, 0.03363, -0.33934, -0.13410
429, 16, 5.007, 43.391, 7.752, -917.85, 569.58, 420.72, 48.72, 3.86, -133.36, -0.91866, -0.00170, -0.37413, -0.12681
429, 15, 7.480, 43.575, 11.984, -909.79, 584.05, 835.94, 16.24, -0.50, -94.78, -0.91477, -0.02711, -0.38069, -0.13243
429, 16, 4.899, 41.579, 8.393, -479.06, -2.87, 591.31, 19.41, -35.36, -80.53, -0.92422, -0.00999, -0.36039, -0.12585
429, 15, 8.814, 37.306, 11.187, -375.79, 161.25, 846.80, 24.51, -9.53, 35.97, -0.93077, -0.02815, -0.33024, -0.15431
429, 15, 17.090, 35.941, 17.109, -661.62, 358.83, 908.87, -0.31, 20.44, 144.87, -0.91888, -0.05513, -0.33176, -0.20627
429, 16, 19.255, 35.383, 17.027, -758.00, 112.73, 952.82, 17.87, -14.25, 97.18, -0.91608, -0.04971, -0.32825, -0.22491
429, 15, 21.422, 32.431, 19.783, -579.65, 300.60, 930.30, 47.78, -28.72, 73.82, -0.91612, -0.07399, -0.31211, -0.24048
429, 15, 23.246, 28.273, 22.452, -448.61, 349.98, 935.49, 51.93, -38.39, 73.58, -0.91699, -0.10290, -0.28713, -0.25708
429, 17, 25.866, 23.378, 25.944, -296.02, 561.95, 1080.63, 47.06, -26.29, 103.68, -0.91310, -0.13980, -0.26030, -0.28098
430, 7, 32.470, 5.001, 38.832, -67.75, 797.06, 1002.26, 1.42, -19.10, 67.60, -0.87216, -0.28923, -0.16833, -0.35687
430, 28, 34.631, 9.774, 35.938, -381.77, 456.12, 838.56, 2.08, 13.54, 47.92, -0.87515, -0.24709, -0.19998, -0.36477
430, 15, 36.009, 7.204, 38.356, 256.16, 1087.04, 1021.73, 7.74, 53.34, 10.89, -0.86367, -0.27238, -0.19189, -0.37823
430, 15, 36.574, 8.729, 39.693, 521.36, 1350.22, 1051.27, -39.61, 169.24, -112.78, -0.85970, -0.27587, -0.20884, -0.37576
430, 16, 36.364, 14.042, 39.567, 520.94, 1375.73, 799.19, -119.35, 249.99, -233.95, -0.86339, -0.25549, -0.24658, -0.35843
430, 15, 36.329, 21.471, 37.068, 30.27, 984.25, 561.58, -212.43, 249.99, -250.00, -0.86890, -0.20808, -0.29229, -0.34100
430, 16, 34.383, 35.447, 28.963, -630.19, 409.79, 512.15, -250.00, 249.99, -250.00, -0.87301, -0.09714, -0.36631, -0.30697
430, 16, 20.907, 46.989, 7.238, -866.58, -406.19, 701.97, -250.00, 190.99, -215.24, -0.88111, 0.06342, -0.39703, -0.24898
430, 16, 9.553, 47.596, -7.820, -774.05, -436.22, 1063.35, -125.47, 93.67, -164.10, -0.88839, 0.14258, -0.38161, -0.21169
430, 16, 5.758, 43.717, -10.261, -498.17, 132.81, 1165.65, -38.76, 45.48, -174.23, -0.90530, 0.14477, -0.35134, -0.18982
430, 15, 0.549, 40.609, -13.476, -737.24, -85.63, 1153.69, -5.03, 23.93, -200.25, -0.91900, 0.15222, -0.32817, -0.15672
430, 15, -6.415, 38.608, -19.054, -973.45, -698.24, 974.12, 75.26, -17.43, -178.83, -0.92530, 0.17688, -0.31529, -0.11455
430, 16, -6.562, 40.554, -15.861, -1328.74, -431.76, 632.93, 181.18, -49.61, -67.48, -0.92419, 0.15083, -0.33439, -0.10636
430, 15, 1.292, 44.147, -3.923, -1614.62, 99.79, 223.88, 226.26, -108.65, 68.95, -0.91645, 0.08077, -0.36816, -0.13438
430, 17, 13.826, 44.370, 13.020, -1336.06, 457.89, 166.50, 213.60, -160.66, 169.65, -0.90361, -0.01237, -0.38938, -0.17808
430, 15, 26.172, 40.302, 31.007, -773.07, 657.41, 51.33, 158.90, -178.47, 198.26, -0.88162, -0.12236, -0.39774, -0.22265
430, 16, 29.342, 37.931, 36.042, -387.57, 125.06, 254.03, 118.45, -95.09, 189.18, -0.87330, -0.15845, -0.39498, -0.23714
430, 16, 32.864, 33.114, 40.741, -735.90, 422.67, 734.92, 123.05, -71.14, 249.99, -0.86440, -0.20057, -0.37744, -0.26481
430, 15, 37.307, 29.322, 47.676, -487.98, 447.63, 332.03, 99.78, -52.94, 249.99, -0.84248, -0.25288, -0.37752, -0.28942
430, 15, 37.345, 20.993, 47.372, -261.11, 486.39, 885.38, 88.90, -63.16, 249.99, -0.84382, -0.28430, -0.32099, -0.32266
430, 16, 37.957, 10.947, 47.119, 138.06, 755.19, 1276.06, 81.25, -46.07, 249.99, -0.83761, -0.31981, -0.25233, -0.36396
430, 15, 37.907, 0.984, 47.001, 654.97, 1100.34, 1515.44, 63.06, -43.49, 205.89, -0.82673, -0.35540, -0.18097, -0.39680
430, 16, 36.131, -7.144, 45.592, 1208.31, 1142.15, 1585.14, 15.55, -33.81, 97.32, -0.82394, -0.37481, -0.11114, -0.41024
430, 16, 35.992, -7.163, 42.572, 316.77, 1007.32, 1340.58, -17.69, 37.13, 1.51, -0.83400, -0.35315, -0.09973, -0.41206
430, 16, 32.751, -4.686, 37.484, -46.02, 557.43, 1289.73, -57.14, -42.18, -88.54, -0.86399, -0.31021, -0.09129, -0.38595
430, 16, 27.999, -2.552, 33.682, -26.06, 500.61, 1040.77, -53.53, -73.43, -152.65, -0.89162, -0.27819, -0.08341, -0.34737
430, 15, 23.464, -2.131, 32.523, 290.95, 519.04, 837.71, -36.09, -1.77, -224.46, -0.90786, -0.27101, -0.07253, -0.31159
430, 15, 20.109, 7.371, 32.929, -579.47, 700.44, 762.70, -44.68, 31.07, -225.36, -0.92073, -0.25256, -0.14144, -0.26165
430, 16, 17.814, 17.078, 33.503, -836.55, 651.49, 547.42, -41.13, 21.87, -217.69, -0.92280, -0.23551, -0.21445, -0.21677
430, 15, 17.043, 23.313, 32.745, -684.69, 564.03, 682.74, -43.15, 15.58, -172.45, -0.92097, -0.21458, -0.26028, -0.19497
430, 15, 17.443, 30.305, 30.922, -811.04, 240.36, 551.57, -25.32, 32.26, -113.31, -0.91470, -0.17997, -0.31191, -0.18340
431, 7, 32.127, 8.444, 38.149, -139.04, 746.95, 910.77, 6.52, 16.68, -19.21, -0.87722, -0.27294, -0.19122, -0.34557
431, 27, 32.791, 12.105, 38.883, 16.60, 962.83, 965.94, -38.90, 113.56, -97.57, -0.87516, -0.26468, -0.22222, -0.33861
431, 16, 33.245, 15.261, 38.450, 69.95, 1048.83, 960.63, -77.70, 163.43, -142.10, -0.87555, -0.24920, -0.24522, -0.33343
431, 16, 34.952, 20.815, 38.162, 97.66, 1079.16, 678.22, -144.01, 249.99, -189.30, -0.87102, -0.22241, -0.28820, -0.32984
431, 16, 36.835, 28.199, 36.919, -97.90, 981.20, 393.19, -230.28, 249.99, -224.83, -0.86460, -0.17879, -0.34020, -0.32368
431, 15, 37.057, 38.984, 31.945, -570.50, 721.01, 534.97, -250.00, 249.99, -247.26, -0.85792, -0.09653, -0.40110, -0.30623
431, 15, 28.100, 47.928, 14.093, -697.02, -108.64, 750.43, -250.00, 197.30, -228.68, -0.86476, 0.03944, -0.41653, -0.27773
431, 16, 18.121, 49.747, -2.953, -797.49, -541.63, 931.76, -165.09, 92.31, -124.69, -0.86900, 0.13810, -0.39784, -0.25981
431, 16, 7.564, 48.377, -14.828, -775.02, -320.50, 890.56, -72.47, 50.90, -146.57, -0.87910, 0.19098, -0.37746, -0.21963
431, 17, 1.996, 45.833, -17.056, -908.69, -0.92, 972.23, 7.85, 9.09, -216.57, -0.89431, 0.18821, -0.36266, -0.18236
431, 15, -5.444, 43.512, -22.196, -1096.62, -571.53, 944.95, 73.46, -11.91, -184.95, -0.90378, 0.20480, -0.34974, -0.13756
431, 15, -7.037, 42.847, -21.185, -1333.50, -789.25, 712.95, 170.94, -73.43, -57.48, -0.90949, 0.19200, -0.34831, -0.12100
431, 16, -0.084, 45.551, -9.833, -1290.28, -174.87, 349.06, 249.99, -105.04, 82.23, -0.90810, 0.12451, -0.37350, -0.14263
431, 15, 16.437, 46.758, 11.514, -1108.89, 380.80, 1.65, 249.99, -165.55, 249.99, -0.89204, 0.01408, -0.40516, -0.19977
431, 15, 30.138, 36.652, 33.041, -238.46, 748.60, 211.67, 213.33, -186.12, 249.99, -0.87746, -0.13756, -0.38054, -0.25756
431, 16, 32.574, 27.260, 41.200, -253.30, 727.60, 685.97, 158.38, -111.05, 188.68, -0.86886, -0.22746, -0.33740, -0.28196
431, 15, 37.187, 21.043, 49.561, -462.77, 765.08, 442.26, 111.80, -72.10, 249.99, -0.83868, -0.30062, -0.32702, -0.31512
431, 18, 37.976, 13.982, 49.629, -244.20, 675.66, 877.38, 75.37, -45.16, 233.20, -0.83282, -0.32652, -0.28127, -0.34740
431, 15, 39.081, 10.025, 49.659, -308.11, 679.93, 736.15, 51.22, -19.58, 230.70, -0.82586, -0.33925, -0.25727, -0.36971
431, 15, 40.811, 3.613, 46.726, 47.91, 673.77, 1261.35, 31.90, 10.70, 234.44, -0.82105, -0.33892, -0.20754, -0.40981
431, 16, 41.336, -0.596, 44.484, 187.26, 870.67, 1294.37, 17.38, 27.69, 152.58, -0.81958, -0.33777, -0.17091, -0.43011
431, 15, 40.615, -3.597, 41.799, 266.24, 896.12, 1402.83, -1.54, 18.84, 96.96, -0.82532, -0.33051, -0.13694, -0.43688
431, 15, 39.180, -4.551, 39.518, 117.74, 862.18, 1222.53, -19.83, 18.50, 65.51, -0.83567, -0.31900, -0.11723, -0.43146
431, 16, 36.205, 0.584, 38.682, -389.65, 1092.53, 1313.48, -24.15, 11.40, -50.85, -0.85584, -0.29811, -0.14434, -0.39727
431, 16, 31.244, 0.797, 34.838, 98.27, 672.06, 1117.92, -62.96, -38.09, -128.39, -0.88215, -0.27398, -0.12079, -0.36354
431, 15, 26.803, 4.677, 33.101, -109.07, 608.22, 945.86, -31.81, -7.68, -166.38, -0.90231, -0.25337, -0.13543, -0.32141
431, 16, 21.957, 9.453, 29.660, -198.67, 412.29, 848.27, -42.31, -3.10, -215.79, -0.92335, -0.21831, -0.15412, -0.27569
431, 15, 18.678, 17.452, 28.378, -874.08, 542.11, 753.91, -46.71, -7.03, -188.58, -0.93044, -0.19148, -0.20897, -0.23227
431, 16, 17.168, 26.183, 28.422, -732.12, 337.71, 338.87, -25.11, 14.64, -169.14, -0.92478, -0.17182, -0.27544, -0.19848
431, 15, 16.692, 33.249, 26.947, -943.12, 183.53, 478.70, -8.60, 10.21, -108.51, -0.91656, -0.14224, -0.32714, -0.18072
431, 15, 19.489, 34.039, 29.616, -759.22, 587.10, 848.57, 24.96, 11.12, -54.16, -0.90714, -0.15310, -0.34112, -0.19311
431, 16, 19.425, 32.299, 29.153, -527.65, 446.17, 879.33, 18.95, -14.02, -49.95, -0.91083, -0.15469, -0.32707, -0.19870
431, 16, 18.977, 29.218, 27.322, -250.37, 193.73, 698.49, 33.19, -14.61, -11.00, -0.91890, -0.15010, -0.29961, -0.20815
431, 15, 22.699, 27.385, 31.902, -498.41, 754.94, 889.83, 34.64, 3.49, 33.04, -0.90755, -0.18230, -0.29977, -0.23076
431, 16, 25.911, 22.503, 35.548, -93.26, 844.85, 895.81, 18.93, 9.59, 49.73, -0.89867, -0.21849, -0.27645, -0.26120
431, 15, 27.561, 21.762, 35.211, -438.60, 660.40, 1033.14, -0.85, 38.29, 39.88, -0.89588, -0.21434, -0.27323, -0.27715
432, 7, 32.176, 12.428, 38.322, -344.79, 608.40, 846.86, 2.11, -10.50, 27.91, -0.87835, -0.26045, -0.22155, -0.33403
432, 26, 33.250, 10.005, 38.326, -228.70, 684.81, 896.48, 6.32, -21.97, 38.73, -0.87420, -0.26695, -0.20605, -0.34935
432, 16, 33.784, 9.025, 37.917, -189.88, 686.89, 918.46, 0.15, -7.29, 36.87, -0.87301, -0.26633, -0.19874, -0.35696
432, 15, 34.321, 9.016, 36.618, -224.91, 582.15, 888.67, -1.72, -5.52, 46.59, -0.87427, -0.25554, -0.19581, -0.36332
432, 16, 35.437, 10.233, 35.305, -373.54, 494.26, 875.67, -1.30, -3.85, 74.01, -0.87411, -0.23918, -0.20308, -0.37079
432, 15, 36.610, 6.286, 37.435, 366.21, 1181.88, 1125.37, -1.92, 30.98, 35.55, -0.86314, -0.26780, -0.18344, -0.38681
432, 15, 36.316, 6.734, 38.574, 574.65, 1372.25, 1168.64, -36.06, 128.01, -103.30, -0.86178, -0.27522, -0.18987, -0.38150
432, 17, 35.121, 11.588, 38.577, 646.24, 1406.01, 856.26, -106.95, 231.12, -245.97, -0.86857, -0.25969, -0.22281, -0.35847
432, 15, 34.913, 19.782, 36.552, -10.44, 766.24, 440.37, -200.90, 249.99, -250.00, -0.87440, -0.21417, -0.27600, -0.33671
432, 15, 34.104, 35.226, 30.695, -600.77, 396.18, 263.98, -250.00, 249.99, -250.00, -0.87249, -0.11208, -0.36908, -0.29996
432, 16, 32.320, 49.656, 21.661, -969.42, 200.07, 307.62, -250.00, 248.85, -208.79, -0.85108, 0.00463, -0.44626, -0.27656
432, 16, 20.582, 55.155, 1.973, -1044.74, -611.82, 767.27, -188.16, 127.46, -145.88, -0.84902, 0.12223, -0.44671, -0.25433
432, 15, 17.579, 55.177, -4.669, -928.16, 36.38, 905.27, -103.27, 93.39, -115.62, -0.84747, 0.15989, -0.43573, -0.25764
432, 16, 15.389, 53.076, -9.467, -828.13, -11.47, 882.69, -82.12, 38.38, -105.27, -0.85353, 0.18364, -0.41230, -0.26034
432, 15, 14.800, 52.998, -7.486, -980.83, 221.44, 777.47, 0.13, 6.60, -88.72, -0.85817, 0.16658, -0.41700, -0.24880
432, 17, 4.390, 49.740, -16.495, -805.73, -429.26, 802.80, 27.71, -11.44, -146.74, -0.87706, 0.19430, -0.39041, -0.20150
432, 15, 1.393, 50.857, -19.106, -1420.04, -945.80, 472.60, 96.74, -42.61, 29.08, -0.87336, 0.20455, -0.39990, -0.18837
432, 15, 8.113, 52.309, -10.184, -1288.09, -655.70, 393.07, 208.79, -95.89, 201.56, -0.87033, 0.16166, -0.41591, -0.20834
432, 16, 16.726, 53.547, 1.927, -1432.50, -561.40, -99.06, 249.99, -180.17, 249.99, -0.86317, 0.10409, -0.43847, -0.22769
432, 15, 35.357, 43.060, 30.104, -24.17, 529.36, -53.28, 249.99, -250.00, 249.99, -0.85656, -0.07227, -0.42277, -0.28697
432, 15, 39.643, 27.820, 44.062, 345.83, 1320.07, 600.16, 231.61, -183.98, 249.99, -0.84425, -0.22502, -0.36277, -0.32405
432, 17, 39.141, 14.208, 48.597, 585.21, 1477.42, 1276.00, 130.33, -114.21, 249.99, -0.83229, -0.31528, -0.28291, -0.35758
432, 15, 41.503, 2.546, 48.977, 604.98, 1362.49, 1424.93, 33.65, -41.02, 230.89, -0.81018, -0.35769, -0.21023, -0.41408
432, 16, 42.938, -1.876, 45.520, 239.62, 823.49, 1160.46, -15.58, 29.01, 144.10, -0.80828, -0.34754, -0.17051, -0.44366
432, 16, 43.894, -2.754, 40.944, 19.84, 565.80, 1063.17, -26.24, 38.48, 110.33, -0.81630, -0.31712, -0.14898, -0.45924
432, 15, 43.598, -2.008, 39.422, 47.12, 1027.77, 1244.87, -25.70, 60.73, 65.93, -0.82279, -0.30372, -0.14747, -0.45719
432, 16, 40.842, -0.988, 37.832, 391.78, 1103.88, 1316.10, -52.31, 81.67, -80.11, -0.83915, -0.29175, -0.14154, -0.43665
432, 15, 37.557, 2.384, 37.535, 520.69, 1701.42, 1318.48, -98.85, 122.72, -165.44, -0.85604, -0.28135, -0.15713, -0.40416
432, 15, 32.645, 4.080, 29.133, 544.80, 391.36, 911.38, -195.69, 126.99, -250.00, -0.89241, -0.21739, -0.13077, -0.37316
432, 16, 27.815, 12.920, 24.652, -189.33, 395.08, 576.29, -171.69, 125.79, -250.00, -0.91597, -0.15924, -0.17810, -0.32238
432, 16, 19.956, 28.032, 18.508, -1917.79, -84.66, 598.27, -59.82, 96.04, -250.00, -0.92766, -0.07990, -0.27404, -0.24075
432, 16, 8.832, 35.413, 8.438, -1669.13, -961.61, 273.93, 15.21, -60.71, -250.00, -0.93597, -0.00920, -0.31117, -0.16448
432, 16, 8.318, 40.024, 12.545, -1087.46, 359.25, 257.93, 96.79, -55.25, -142.05, -0.92382, -0.03550, -0.35355, -0.14246
432, 15, 13.067, 38.890, 23.054, -657.23, 1095.09, 435.06, 90.62, -48.29, -104.12, -0.91412, -0.10749, -0.36104, -0.14994
432, 16, 13.866, 39.416, 24.045, -805.18, 413.51, 785.40, 17.49, -15.35, -82.63, -0.91086, -0.11155, -0.36715, -0.15194
432, 15, 14.265, 41.879, 23.158, -797.00, -29.30, 519.78, 53.42, -19.78, 4.63, -0.90504, -0.09697, -0.38512, -0.15226
432, 15, 19.880, 40.425, 27.685, -743.04, 251.04, 675.29, 66.19, -18.61, 95.91, -0.89604, -0.11771, -0.38613, -0.18484
432, 16, 28.623, 32.831, 34.701, -368.16, 939.27, 1098.82, 9.71, 11.90, 173.56, -0.88405, -0.16908, -0.35497, -0.25271
432, 17, 29.175, 28.394, 33.243, -414.06, 390.87, 1066.47, 20.29, -20.44, 102.79, -0.89008, -0.17196, -0.32026, -0.27500
432, 15, 28.257, 22.971, 32.087, -146.61, 431.58, 1124.94, 41.87, -33.62, 52.82, -0.89883, -0.18413, -0.27580, -0.28658
432, 16, 26.353, 18.295, 30.497, -69.95, 403.32, 1276.00, 53.15, -37.01, 16.91, -0.90900, -0.19123, -0.23320, -0.28771
432, 15, 26.303, 14.652, 30.638, -144.71, 547.12, 1304.14, 58.42, -14.83, 50.06, -0.91016, -0.20399, -0.20537, -0.29634
432, 15, 30.691, 9.930, 33.466, -83.37, 814.82, 1090.52, 18.86, 16.85, 184.11, -0.89249, -0.23411, -0.18530, -0.33812
433, 7, 30.150, 8.141, 39.202, -277.89, 579.35, 823.24, 11.12, -75.49, 131.54, -0.88032, -0.28529, -0.18723, -0.32955
433, 28, 34.388, -0.209, 40.271, -23.93, 855.16, 957.34, -3.99, -39.05, 142.22, -0.85683, -0.31494, -0.13897, -0.38386
433, 15, 35.452, -0.979, 39.345, -118.35, 736.15, 925.23, -12.28, -24.57, 107.99, -0.85476, -0.30937, -0.13296, -0.39497
433, 16, 35.753, -0.336, 38.264, -183.35, 651.12, 898.50, -7.17, -22.72, 74.49, -0.85739, -0.29873, -0.13483, -0.39680
433, 15, 35.275, 0.624, 37.807, -155.94, 690.55, 921.88, -0.97, -19.58, 39.90, -0.86135, -0.29257, -0.13923, -0.39128
433, 15, 34.536, 2.712, 36.933, -198.91, 615.36, 895.51, -1.32, -4.38, 10.05, -0.86820, -0.27972, -0.15012, -0.38139
433, 16, 34.073, 5.084, 35.577, -284.61, 515.81, 873.66, 0.27, -6.94, 16.99, -0.87494, -0.26182, -0.16243, -0.37356
433, 15, 34.553, 1.862, 35.892, 138.61, 776.06, 1091.13, 10.74, -9.35, 20.48, -0.86984, -0.27473, -0.14028, -0.38500
433, 17, 33.573, 0.523, 37.116, 762.82, 1170.17, 1259.77, 1.97, 72.77, -98.27, -0.86871, -0.28971, -0.13181, -0.37951
433, 15, 31.825, 4.430, 37.298, 851.81, 1109.68, 1007.02, -49.50, 212.91, -250.00, -0.87752, -0.28034, -0.15764, -0.35569
433, 15, 31.564, 10.365, 36.904, 492.68, 1246.83, 520.87, -176.29, 249.99, -250.00, -0.88267, -0.25780, -0.20061, -0.33792
433, 16, 32.840, 23.281, 37.037, -323.24, 766.97, -25.63, -250.00, 249.99, -250.00, -0.87822, -0.20993, -0.29884, -0.30880
433, 15, 31.062, 40.956, 27.227, -1147.22, 26.49, 246.70, -250.00, 249.99, -229.10, -0.87302, -0.07407, -0.39843, -0.27130
433, 15, 27.327, 51.605, 14.767, -942.57, 42.66, 518.80, -250.00, 206.69, -179.80, -0.85559, 0.04329, -0.44480, -0.26123
433, 16, 14.645, 53.095, -6.484, -823.55, -471.74, 994.14, -228.13, 116.81, -192.31, -0.85955, 0.15867, -0.42012, -0.24393
433, 16, 3.497, 49.702, -21.272, -755.92, -601.93, 1124.57, -127.06, 61.25, -136.25, -0.87001, 0.22769, -0.38316, -0.21079
433, 16, -0.293, 45.096, -23.215, -723.69, -184.75, 1123.23, -12.57, 17.04, -162.00, -0.88932, 0.22871, -0.35116, -0.18301
433, 16, 0.104, 40.249, -18.099, -482.97, 230.29, 1259.89, 44.37, 5.13, -144.81, -0.91389, 0.18773, -0.31941, -0.16596
433, 15, -0.036, 37.017, -16.807, -716.55, -442.32, 1120.42, 79.09, -21.61, -29.09, -0.92578, 0.17521, -0.29517, -0.15846
433, 16, -1.162, 36.946, -15.566, -978.94, -722.35, 809.81, 173.52, -52.33, -4.39, -0.92930, 0.16222, -0.29790, -0.14608
433, 15, 4.416, 40.917, -5.475, -1610.05, -141.48, 333.31, 239.60, -101.81, 92.69, -0.92142, 0.09945, -0.33764, -0.16462
433, 15, 14.827, 43.530, 9.554, -1184.45, 108.15, 2.08, 248.20, -151.37, 209.88, -0.90439, 0.01642, -0.37716, -0.19889
433, 16, 23.199, 42.838, 24.944, -759.64, 243.23, 50.78, 249.99, -176.33, 194.00, -0.88702, -0.07752, -0.40193, -0.21362
433, 16, 32.719, 33.980, 43.030, -505.00, 686.28, 277.22, 241.49, -159.06, 248.30, -0.85972, -0.21488, -0.38826, -0.25289
433, 16, 35.329, 22.673, 51.973, -274.29, 1087.83, 639.10, 173.10, -134.02, 249.99, -0.83740, -0.31727, -0.33930, -0.28806
433, 16, 35.919, 14.079, 54.912, -262.88, 886.96, 643.43, 80.25, -73.23, 249.99, -0.82283, -0.36948, -0.29104, -0.31896
433, 15, 36.121, 7.902, 52.863, -206.18, 539.31, 810.67, 65.57, -39.42, 249.99, -0.82284, -0.37656, -0.24333, -0.34917
433, 15, 37.019, 0.890, 51.026, 110.29, 831.12, 1166.50, 54.71, -8.71, 225.00, -0.81660, -0.38603, -0.19114, -0.38421
433, 16, 36.553, -4.525, 48.438, 391.24, 937.99, 1366.09, 25.65, -7.63, 134.28, -0.81782, -0.38628, -0.14180, -0.40232
433, 15, 35.300, -8.322, 45.182, 551.03, 870.79, 1374.21, -5.42, 3.89, 59.70, -0.82601, -0.37634, -0.09825, -0.40795
433, 16, 32.880, -6.374, 43.089, 118.59, 1013.43, 1345.46, -8.85, 30.01, -22.24, -0.84461, -0.35714, -0.09778, -0.38668
433, 15, 29.664, -1.090, 41.237, -3.60, 1109.62, 1377.20, -25.47, 27.05, -139.27, -0.86814, -0.33040, -0.12211, -0.34965
433, 16, 24.996, 3.866, 38.240, -59.75, 802.92, 1076.11, -56.33, -1.89, -219.39, -0.89436, -0.29819, -0.13879, -0.30320
433, 16, 20.054, 8.503, 31.735, -168.64, 243.84, 983.15, -58.78, -8.91, -233.71, -0.92359, -0.24009, -0.14761, -0.25990
433, 15, 16.398, 15.787, 31.804, -782.53, 835.51, 825.32, -44.75, -16.65, -238.00, -0.92954, -0.22762, -0.19821, -0.21181
433, 15, 11.371, 22.862, 24.964, -705.93, 19.71, 735.78, -47.84, -33.94, -227.89, -0.94334, -0.16459, -0.23501, -0.16672
433, 16, 11.568, 30.578, 24.919, -807.80, 277.16, 247.80, -36.42, -9.37, -148.29, -0.93140, -0.14650, -0.29689, -0.15132
433, 15, 14.154, 37.332, 25.839, -1011.29, 160.64, 299.19, 4.81, 12.46, -62.45, -0.91336, -0.13021, -0.35388, -0.15360
433, 15, 18.835, 36.512, 29.933, -897.28, 632.69, 824.22, 30.49, -24.22, -13.53, -0.90323, -0.15034, -0.35935, -0.18013
433, 16, 20.115, 31.493, 29.446, -277.83, 285.71, 618.53, 7.08, -43.53, 11.24, -0.91051, -0.15742, -0.32240, -0.20553
433, 17, 22.334, 30.290, 28.471, -430.60, 187.50, 688.11, 25.39, 1.07, 67.66, -0.90942, -0.14713, -0.31437, -0.22908
433, 16, 26.241, 26.761, 30.318, -450.26, 462.59, 1130.62, 51.18, 19.52, 110.27, -0.90298, -0.16256, -0.29696, -0.26462
433, 15, 29.388, 21.570, 32.848, -195.92, 630.25, 1222.17, 65.91, 9.54, 110.23, -0.89559, -0.19220, -0.26911, -0.29758
433, 15, 31.353, 16.777, 35.282, -66.83, 660.10, 1072.57, 70.17, 11.12, 87.65, -0.88750, -0.22346, -0.24347, -0.32113
433, 16, 31.994, 14.655, 37.000, -250.61, 588.26, 849.24, 58.23, -1.08, 71.12, -0.88221, -0.24286, -0.23386, -0.32868
433, 15, 33.518, 12.842, 39.743, -261.84, 676.09, 767.03, 43.96, -6.02, 103.42, -0.87126, -0.26719, -0.23188, -0.34021
434, 9, 34.665, 1.648, 39.241, -81.36, 727.23, 901.79, -4.66, -8.85, 63.49, -0.86083, -0.30061, -0.15016, -0.38217
434, 25, 35.777, 3.578, 37.371, -201.05, 655.52, 935.00, -4.05, -1.83, 50.63, -0.86378, -0.27831, -0.16111, -0.38790
434, 16, 36.513, 4.868, 35.803, -268.86, 496.34, 876.46, 1.47, -6.32, 64.16, -0.86610, -0.26080, -0.16713, -0.39233
434, 15, 37.046, 2.049, 37.547, 231.93, 963.32, 1074.16, 17.34, 21.40, 31.36, -0.85745, -0.28335, -0.15343, -0.40120
434, 15, 37.704, 2.085, 39.915, 611.27, 1392.09, 1111.02, -7.29, 122.09, -62.23, -0.84915, -0.29995, -0.16367, -0.40272
434, 17, 37.941, 6.232, 39.697, 726.68, 1184.20, 912.90, -78.77, 249.99, -191.00, -0.85313, -0.28275, -0.19393, -0.39320
434, 15, 37.581, 11.487, 39.860, 714.05, 1473.88, 411.62, -168.01, 249.99, -250.00, -0.85771, -0.26485, -0.23181, -0.37476
434, 15, 37.610, 22.112, 36.622, -160.34, 598.51, 302.12, -250.00, 249.99, -250.00, -0.86567, -0.19887, -0.29778, -0.34984
434, 17, 33.275, 38.995, 24.046, -1003.78, -23.32, 506.04, -250.00, 249.99, -250.00, -0.87303, -0.04966, -0.37770, -0.30445
434, 15, 21.549, 47.389, 3.434, -788.45, -371.40, 782.23, -250.00, 187.40, -250.00, -0.87574, 0.09581, -0.39105, -0.26642
434, 15, 11.357, 48.845, -11.517, -810.18, -177.31, 821.17, -153.63, 100.69, -226.34, -0.87515, 0.17875, -0.38161, -0.23778
434, 16, 5.043, 43.915, -20.434, -394.29, -205.51, 1031.43, -107.31, 64.67, -199.39, -0.88959, 0.22253, -0.33609, -0.21484
434, 15, -1.802, 43.650, -24.570, -989.14, -149.05, 945.86, -37.81, 50.12, -206.86, -0.89383, 0.23440, -0.34063, -0.17347
434, 18, -6.230, 40.965, -24.650, -933.90, -219.73, 1041.02, 48.32, 11.89, -208.25, -0.90826, 0.22210, -0.32791, -0.13495
434, 15, -7.794, 41.641, -24.418, -1226.14, -592.77, 820.98, 98.74, -19.63, -67.38, -0.90836, 0.21560, -0.33657, -0.12293
434, 15, -7.141, 43.284, -20.994, -1418.88, -723.82, 486.27, 193.44, -73.93, 4.75, -0.90851, 0.19011, -0.35219, -0.12015
434, 16, 0.513, 46.169, -8.667, -1443.85, -111.76, 274.96, 249.99, -124.87, 99.11, -0.90646, 0.11768, -0.37926, -0.14367
434, 15, 13.392, 46.815, 8.845, -1014.53, 189.15, 163.57, 233.02, -164.51, 209.00, -0.89653, 0.02433, -0.40162, -0.18531
434, 15, 21.340, 46.506, 21.750, -704.59, -30.21, 62.32, 247.83, -170.80, 244.65, -0.88266, -0.04822, -0.42194, -0.20136
434, 16, 30.461, 40.427, 38.650, -561.65, 473.08, 199.77, 236.76, -162.50, 249.99, -0.86337, -0.16483, -0.41902, -0.22768
434, 16, 34.812, 26.647, 49.349, -299.62, 1139.77, 698.43, 171.86, -163.02, 249.99, -0.84545, -0.28403, -0.35806, -0.27628
434, 17, 35.787, 13.719, 51.905, 202.03, 1118.47, 985.29, 79.44, -100.36, 249.99, -0.83235, -0.34941, -0.27969, -0.32691
434, 15, 37.029, 4.382, 51.353, 107.97, 812.38, 872.44, 39.67, -35.21, 249.99, -0.82055, -0.37628, -0.21694, -0.37154
434, 15, 39.434, -1.287, 48.964, 102.78, 818.54, 1096.07, 24.66, 38.74, 233.53, -0.81150, -0.37505, -0.17651, -0.41188
434, 16, 41.178, -3.812, 45.001, 63.35, 650.76, 1129.09, 2.48, 59.77, 172.43, -0.81324, -0.35348, -0.14929, -0.43749
434, 15, 40.580, -6.210, 41.309, 267.94, 665.47, 1352.42, 2.88, 24.44, 90.85, -0.82237, -0.33645, -0.11586, -0.44394
434, 15, 37.137, -9.201, 39.122, 447.14, 635.99, 1155.58, 1.16, -25.18, -3.29, -0.83643, -0.33380, -0.07528, -0.42814
434, 16, 32.986, -8.821, 37.388, 529.36, 859.86, 1411.32, -11.13, 0.10, -131.08, -0.85702, -0.32222, -0.06002, -0.39760
434, 16, 28.455, -2.952, 38.092, 9.64, 1115.84, 1245.61, -26.74, 22.45, -194.96, -0.87840, -0.31307, -0.09488, -0.34844
434, 15, 23.985, -1.217, 32.818, 290.77, 387.39, 988.59, -80.67, 15.06, -232.37, -0.90657, -0.27056, -0.08183, -0.31343
434, 16, 20.189, 6.563, 33.543, -304.93, 858.95, 820.56, -61.79, 46.57, -250.00, -0.91898, -0.25948, -0.13662, -0.26359
434, 15, 16.210, 15.345, 27.979, -479.49, 236.33, 799.74, -75.80, 40.90, -250.00, -0.93722, -0.19787, -0.18716, -0.21780
434, 16, 13.361, 24.817, 27.374, -1076.60, 596.07, 585.88, -42.82, 18.98, -250.00, -0.93431, -0.17561, -0.25720, -0.17340
434, 15, 8.519, 34.338, 21.075, -945.92, -149.17, 305.73, -28.78, -12.06, -229.16, -0.93201, -0.11526, -0.31854, -0.12883
434, 15, 10.007, 41.082, 21.440, -1075.74, 160.03, 295.10, 10.83, 10.73, -116.24, -0.91376, -0.09933, -0.37327, -0.12592
434, 17, 15.239, 40.454, 26.633, -1002.26, 699.71, 796.33, 13.73, -25.22, -8.00, -0.90390, -0.12487, -0.37988, -0.15183
434, 16, 18.372, 34.664, 27.786, -393.01, 478.03, 910.77, -9.90, -38.01, 39.33, -0.91021, -0.14010, -0.34138, -0.18803
434, 15, 19.935, 28.546, 24.779, -74.89, 83.50, 689.21, -14.18, -8.54, 80.90, -0.92119, -0.12912, -0.29077, -0.22403
434, 16, 23.939, 29.901, 26.888, -646.42, 359.38, 774.11, 14.17, 27.08, 89.90, -0.90857, -0.13141, -0.31008, -0.24715
434, 15, 26.146, 31.512, 27.830, -827.33, 258.54, 813.54, 38.68, -3.46, 91.63, -0.90030, -0.12750, -0.32678, -0.25772
434, 15, 27.611, 27.239, 28.476, -521.42, 323.79, 1095.89, 69.12, -46.55, 123.47, -0.90166, -0.14290, -0.29801, -0.27889
435, 7, 30.868, 3.380, 38.217, -99.00, 746.46, 931.40, 16.17, -20.72, 2.60, -0.87731, -0.29208, -0.15012, -0.34998
435, 27, 32.694, 5.434, 38.210, -178.47, 641.11, 832.76, 1.38, 1.45, 16.13, -0.87335, -0.28271, -0.17019, -0.35828
435, 15, 33.648, 6.853, 39.103, -270.14, 696.59, 816.71, 8.96, -6.20, 24.99, -0.86921, -0.28317, -0.18597, -0.36014
435, 17, 34.408, 7.424, 39.874, -265.44, 716.49, 835.63, 11.88, -16.87, 34.85, -0.86532, -0.28575, -0.19452, -0.36296
435, 15, 35.304, 7.869, 39.631, -266.05, 612.85, 807.56, 10.19, -17.97, 53.49, -0.86338, -0.28079, -0.19925, -0.36883
435, 15, 36.666, 7.429, 39.243, -223.94, 582.95, 803.65, 14.81, -14.93, 81.69, -0.85954, -0.27711, -0.19805, -0.38102
435, 16, 38.409, 3.443, 39.715, 56.27, 779.17, 972.47, 16.06, 0.47, 95.89, -0.84871, -0.29246, -0.17477, -0.40450
435, 14, 39.823, 1.263, 41.007, 370.79, 1124.57, 1112.24, 6.69, 73.88, 33.63, -0.83765, -0.30793, -0.16719, -0.41901
435, 15, 40.650, 3.790, 40.448, 478.45, 1053.77, 1140.87, -30.20, 200.75, -92.09, -0.83917, -0.29304, -0.18565, -0.41888
435, 16, 39.805, 9.118, 39.327, 569.34, 1244.75, 1110.60, -84.11, 249.99, -212.42, -0.84992, -0.26564, -0.21806, -0.39941
435, 16, 38.185, 16.345, 38.666, 363.10, 1474.49, 667.24, -163.35, 249.99, -250.00, -0.86018, -0.23576, -0.26419, -0.36704
435, 16, 37.508, 24.392, 35.463, -31.68, 869.75, 434.75, -250.00, 249.99, -250.00, -0.86708, -0.18122, -0.31026, -0.34506
435, 16, 29.402, 41.900, 18.430, -943.05, -510.74, 331.24, -250.00, 249.99, -250.00, -0.87818, -0.00912, -0.38321, -0.28613
435, 15, 18.880, 49.741, 1.209, -1175.17, -501.10, 773.86, -184.75, 149.21, -182.71, -0.87182, 0.10913, -0.40625, -0.25097
435, 16, 16.114, 51.171, -3.638, -840.88, 117.19, 809.39, -87.34, 97.59, -147.63, -0.86741, 0.13906, -0.40963, -0.24591
435, 16, 12.722, 47.425, -7.880, -568.18, 4.03, 1003.30, -42.30, 34.32, -140.84, -0.88272, 0.15326, -0.37607, -0.23642
435, 15, 10.745, 44.019, -6.958, -566.53, 329.53, 1006.35, 14.18, 17.96, -197.38, -0.89943, 0.13449, -0.35356, -0.21893
435, 16, 2.217, 38.803, -14.424, -666.81, -619.14, 1076.05, 70.64, -45.85, -206.21, -0.92082, 0.16317, -0.30985, -0.17166
435, 15, 1.021, 37.587, -12.256, -840.82, -398.44, 851.68, 157.39, -59.02, -36.54, -0.92898, 0.14153, -0.30461, -0.15551
435, 16, 6.750, 37.506, -2.500, -974.06, -93.99, 741.64, 212.07, -114.09, 91.02, -0.93025, 0.07766, -0.31257, -0.17577
435, 16, 13.595, 38.976, 9.006, -1469.79, 130.13, 224.67, 226.27, -172.10, 142.58, -0.91928, 0.00685, -0.34064, -0.19710
435, 15, 23.055, 36.631, 24.536, -928.83, 463.68, 111.51, 213.69, -211.83, 221.67, -0.90120, -0.09431, -0.35509, -0.22989
435, 17, 30.010, 32.264, 38.877, -480.16, 434.94, 45.59, 186.26, -185.15, 234.38, -0.87496, -0.19886, -0.36236, -0.25216
435, 15, 32.523, 23.583, 47.492, -371.46, 704.16, 469.97, 158.26, -139.55, 249.99, -0.85617, -0.28884, -0.32701, -0.27677
435, 15, 32.212, 16.100, 51.087, -484.92, 1021.18, 786.44, 89.00, -115.39, 249.99, -0.84591, -0.34361, -0.28316, -0.29357
435, 16, 31.428, 8.302, 49.267, -219.36, 758.30, 986.15, 39.15, -91.81, 249.99, -0.84851, -0.35846, -0.22059, -0.32075
435, 15, 35.063, 0.275, 45.843, -28.50, 554.99, 1108.76, 25.80, -54.69, 249.99, -0.83895, -0.35368, -0.16310, -0.38009
435, 16, 39.549, -7.876, 43.577, 355.83, 643.68, 1030.46, 24.60, -3.86, 249.99, -0.81633, -0.35952, -0.10926, -0.43865
435, 16, 44.077, -13.481, 40.653, 575.87, 814.39, 1414.79, 27.12, 42.08, 219.60, -0.79524, -0.35515, -0.07060, -0.48628
435, 15, 45.384, -16.274, 37.636, 645.08, 743.47, 1408.63, 8.06, 37.05, 95.15, -0.79225, -0.34382, -0.04119, -0.50242
435, 15, 43.103, -18.287, 35.901, 671.26, 767.58, 1329.77, -9.19, -10.62, -5.35, -0.80246, -0.33955, -0.01204, -0.49052
435, 16, 38.420, -15.473, 36.613, 415.22, 929.38, 1205.81, -18.99, 13.21, -103.29, -0.82614, -0.33573, -0.02221, -0.45198
435, 16, 33.771, -9.074, 35.900, 75.99, 720.89, 1063.11, -31.79, 28.74, -174.45, -0.85796, -0.31148, -0.05505, -0.40479
435, 15, 28.920, -4.665, 37.160, 170.65, 884.64, 864.69, -49.04, 27.33, -211.48, -0.87731, -0.31055, -0.08003, -0.35704
435, 15, 24.177, 4.781, 35.901, -282.10, 589.11, 851.50, -30.55, 34.80, -250.00, -0.90296, -0.27826, -0.13771, -0.29711
435, 16, 20.868, 13.973, 36.936, -491.76, 647.95, 543.76, -27.96, 32.68, -250.00, -0.91018, -0.26577, -0.20381, -0.24372
435, 17, 19.146, 23.833, 36.943, -905.27, 485.41, 413.64, -24.19, 14.20, -200.00, -0.90850, -0.24175, -0.27571, -0.20042
435, 15, 20.232, 30.775, 38.240, -1048.95, 510.68, 507.32, 10.48, 18.88, -113.30, -0.89652, -0.22862, -0.33215, -0.18347
435, 15, 21.748, 29.878, 39.169, -586.30, 697.45, 837.10, 13.89, -20.17, -70.62, -0.89323, -0.23427, -0.33015, -0.19560
435, 16, 21.017, 24.828, 35.453, -76.42, 232.67, 677.67, 5.85, -39.89, -39.54, -0.90722, -0.22247, -0.28435, -0.21586
435, 15, 23.471, 22.849, 35.164, -357.60, 413.27, 830.32, 31.91, -7.62, 14.43, -0.90453, -0.22022, -0.27354, -0.24189
435, 15, 27.888, 18.340, 37.136, -232.85, 675.11, 925.96, 18.72, -4.75, 88.47, -0.89264, -0.24003, -0.25304, -0.28557
435, 16, 30.148, 12.925, 36.847, 115.66, 609.99, 1040.28, 15.66, 18.46, 56.79, -0.88754, -0.25126, -0.21653, -0.31976
435, 16, 31.441, 14.034, 35.851, -332.76, 639.22, 1126.22, 22.34, 47.35, 20.80, -0.88615, -0.23727, -0.22479, -0.32851
435, 16, 30.970, 16.858, 34.885, -511.11, 410.83, 957.46, 50.38, 8.06, -6.12, -0.88933, -0.22091, -0.24223, -0.31876
436, 7, 32.113, 11.298, 39.244, -378.17, 623.47, 802.49, 24.71, -37.96, 20.55, -0.87601, -0.27155, -0.21571, -0.33516
436, 27, 34.199, 1.938, 40.974, 32.29, 790.22, 907.96, 18.75, -59.74, 87.10, -0.85805, -0.31325, -0.15681, -0.37554
436, 15, 34.516, -0.953, 42.076, 155.40, 1008.24, 1020.26, 9.97, -18.23, 37.15, -0.85035, -0.33071, -0.13983, -0.38469
436, 15, 35.287, 1.679, 40.071, -247.62, 590.21, 859.92, -11.24, 4.21, 32.87, -0.85659, -0.30589, -0.15482, -0.38564
436, 17, 36.997, 4.452, 38.612, -474.43, 543.33, 840.33, -9.55, -2.81, 88.13, -0.85741, -0.28271, -0.17482, -0.39289
436, 15, 38.813, -0.784, 38.897, 368.16, 1035.03, 1188.96, -8.42, -2.44, 100.25, -0.84426, -0.30133, -0.14177, -0.41992
436, 15, 39.598, -1.656, 39.665, 825.26, 1291.63, 1183.23, -21.82, 128.80, -35.85, -0.83810, -0.30918, -0.14028, -0.42699
436, 16, 39.449, 3.119, 39.857, 621.52, 1104.55, 849.61, -66.69, 249.99, -177.53, -0.84428, -0.29313, -0.17557, -0.41286
436, 15, 38.918, 11.272, 40.014, 110.84, 1015.56, 521.55, -134.92, 249.99, -223.30, -0.85280, -0.26411, -0.23386, -0.38508
436, 17, 39.867, 22.610, 36.045, -340.21, 622.99, 440.25, -233.12, 249.99, -174.26, -0.85945, -0.18658, -0.30329, -0.36680
436, 15, 41.368, 31.731, 32.130, -424.07, 753.48, 594.36, -245.99, 249.99, -168.08, -0.85430, -0.11429, -0.35610, -0.36096
436, 15, 30.506, 39.032, 14.708, -263.43, 14.89, 760.07, -222.84, 204.83, -250.00, -0.88191, 0.01320, -0.35236, -0.31289
436, 17, 14.790, 43.644, -5.076, -772.34, -740.42, 907.41, -142.60, 119.13, -250.00, -0.89465, 0.13153, -0.34971, -0.24495
436, 15, 5.584, 45.698, -12.684, -999.39, -96.74, 967.59, -21.23, 98.38, -250.00, -0.89560, 0.16531, -0.36328, -0.19647
436, 15, -0.104, 43.501, -15.986, -909.24, -71.47, 972.47, 17.37, 15.37, -250.00, -0.90708, 0.17199, -0.34895, -0.16083
436, 16, -7.515, 40.515, -21.937, -1130.49, -682.74, 990.78, 79.26, -31.68, -229.10, -0.91601, 0.19687, -0.32962, -0.11627
436, 16, -6.567, 40.525, -18.690, -1309.75, -683.23, 652.53, 207.95, -87.65, -44.10, -0.92028, 0.17358, -0.33143, -0.11451
436, 16, 1.487, 41.966, -7.542, -1318.48, -194.46, 445.07, 249.99, -137.71, 84.69, -0.92026, 0.10839, -0.34597, -0.14726
436, 15, 15.910, 41.485, 10.875, -1001.40, 285.16, 160.52, 249.99, -197.98, 218.69, -0.90846, 0.00474, -0.36351, -0.20624
436, 15, 28.138, 36.863, 30.768, -683.90, 498.17, 21.42, 235.70, -224.08, 249.99, -0.88415, -0.12592, -0.37472, -0.24902
436, 17, 33.816, 27.362, 45.297, -305.60, 603.94, 150.33, 205.84, -205.58, 249.99, -0.85716, -0.25420, -0.35073, -0.27865
436, 16, 34.359, 14.533, 51.899, 41.26, 1077.21, 720.21, 153.79, -148.42, 249.99, -0.83692, -0.34989, -0.28094, -0.31339
436, 15, 34.157, 6.440, 54.080, -177.98, 1021.24, 831.67, 93.66, -72.87, 249.99, -0.82291, -0.39439, -0.23017, -0.33807
436, 16, 35.092, -1.086, 51.675, 68.54, 768.68, 1015.69, 36.68, -27.37, 249.99, -0.81760, -0.40026, -0.17259, -0.37621
436, 15, 38.208, -6.996, 47.793, 236.88, 789.98, 1191.59, 1.88, 50.78, 249.99, -0.80935, -0.38785, -0.12714, -0.42232
436, 15, 40.565, -10.745, 44.035, 175.78, 725.95, 1085.88, -7.71, 46.90, 217.45, -0.80502, -0.37167, -0.09329, -0.45287
436, 16, 44.645, -13.610, 38.639, 187.44, 666.81, 1334.96, -19.19, 17.57, 198.41, -0.79865, -0.34128, -0.06279, -0.49168
436, 16, 43.822, -16.635, 37.375, 567.20, 929.81, 1327.15, -1.88, -14.14, 68.22, -0.79895, -0.34383, -0.03271, -0.49232
436, 16, 39.416, -13.413, 38.008, 317.99, 1021.79, 1300.72, -4.72, 3.72, -92.48, -0.82254, -0.33861, -0.04613, -0.45457
436, 15, 34.740, -8.569, 37.339, -31.92, 752.14, 1005.86, -37.60, -28.49, -132.26, -0.85141, -0.32009, -0.06669, -0.41012
436, 15, 30.361, -3.625, 34.873, -129.94, 472.53, 868.29, -40.92, -41.11, -156.01, -0.88007, -0.28888, -0.08462, -0.36724
436, 16, 26.990, 1.690, 37.395, -178.96, 1001.89, 865.54, -13.71, 10.65, -178.53, -0.88940, -0.29557, -0.12480, -0.32563
436, 15, 24.130, 8.201, 38.398, -352.11, 917.11, 789.98, -39.20, 18.13, -203.93, -0.89848, -0.28825, -0.17046, -0.28389
436, 15, 21.029, 17.261, 36.069, -545.17, 428.59, 651.18, -36.37, 26.89, -229.62, -0.91092, -0.24936, -0.22775, -0.23702
436, 16, 19.148, 26.494, 35.708, -801.88, 396.24, 517.09, 7.07, 22.15, -167.86, -0.90840, -0.22433, -0.29379, -0.19537
436, 16, 19.466, 28.269, 35.416, -550.78, 528.20, 792.91, 10.85, 3.80, -96.50, -0.90639, -0.21603, -0.30732, -0.19325
436, 15, 19.531, 26.039, 35.219, -241.09, 571.04, 868.96, 17.61, 1.09, -91.47, -0.90918, -0.22079, -0.29023, -0.20103
436, 16, 18.487, 27.638, 32.062, -585.02, 285.10, 1038.21, 29.88, 8.98, -78.32, -0.91483, -0.19376, -0.29507, -0.19614
436, 15, 20.723, 25.107, 32.178, -428.96, 412.11, 1035.71, 53.82, -7.31, 23.19, -0.91350, -0.19635, -0.27970, -0.22077
436, 16, 25.354, 17.048, 36.171, 269.23, 814.39, 1000.00, 51.88, -0.11, 94.02, -0.90117, -0.24205, -0.23563, -0.27165
436, 15, 28.556, 13.643, 39.274, 28.69, 894.78, 907.41, 27.13, 43.97, 41.55, -0.88643, -0.27073, -0.22486, -0.30062
437, 7, 30.382, 11.236, 42.439, -224.98, 741.94, 747.07, 12.82, -43.70, -11.21, -0.87294, -0.29944, -0.22003, -0.31606
437, 27, 28.758, 3.618, 33.353, 354.19, 457.76, 1906.01, -11.66, -46.63, -15.66, -0.89547, -0.25630, -0.13227, -0.33903
437, 15, 29.081, 2.323, 35.005, 160.77, 783.14, 992.92, 17.18, 21.31, -42.50, -0.88975, -0.27282, -0.12790, -0.34287
437, 17, 29.131, 5.816, 35.062, -268.68, 574.16, 847.84, 7.47, 8.96, -41.18, -0.89186, -0.26226, -0.15511, -0.33428
437, 15, 30.185, 8.752, 35.196, -387.57, 653.99, 917.30, -2.72, 10.58, -1.34, -0.88990, -0.25229, -0.18033, -0.33453
437, 15, 31.819, 12.226, 35.015, -598.33, 542.48, 831.60, -3.46, 1.72, 40.08, -0.88652, -0.23636, -0.20957, -0.33808
437, 16, 35.012, 10.360, 35.741, -252.01, 646.61, 900.02, -0.31, -5.60, 113.24, -0.87461, -0.24280, -0.20453, -0.36643
437, 14, 37.546, 8.392, 37.304, 413.33, 1170.53, 1166.63, -18.39, 116.06, 15.53, -0.86179, -0.25744, -0.20067, -0.38829
437, 16, 38.790, 11.052, 37.797, 796.33, 1384.70, 1030.27, -79.74, 249.99, -137.64, -0.85807, -0.24867, -0.22449, -0.38920
437, 16, 38.866, 16.886, 38.165, 492.43, 1602.29, 346.74, -194.19, 249.99, -231.65, -0.85910, -0.22828, -0.26781, -0.37165
437, 15, 37.324, 29.127, 34.615, -289.06, 724.61, 323.91, -250.00, 249.99, -250.00, -0.86588, -0.15617, -0.34081, -0.33123
437, 17, 29.923, 41.327, 18.552, -562.62, -65.55, 658.45, -250.00, 249.99, -221.73, -0.87821, -0.01029, -0.37938, -0.29107
437, 15, 17.633, 47.286, -2.653, -657.78, -560.55, 840.82, -250.00, 187.58, -182.38, -0.87906, 0.12902, -0.38019, -0.25701
437, 16, 5.959, 46.224, -18.455, -827.15, -600.28, 1066.83, -137.66, 83.44, -197.70, -0.88358, 0.21177, -0.35640, -0.21777
437, 16, 4.171, 43.777, -18.353, -592.77, 170.35, 935.55, -33.60, 49.06, -187.39, -0.89551, 0.20364, -0.34040, -0.20180
437, 15, 0.840, 39.951, -18.457, -599.00, 105.47, 1064.03, 5.36, 24.23, -230.55, -0.91313, 0.19246, -0.31524, -0.17253
437, 15, -5.731, 39.442, -23.593, -1320.74, -811.28, 936.52, 84.93, -4.89, -191.44, -0.91433, 0.21521, -0.31595, -0.13364
437, 16, -6.345, 39.687, -21.208, -1353.09, -645.20, 646.73, 203.09, -77.33, -88.28, -0.91854, 0.19442, -0.32170, -0.12244
437, 15, 0.425, 42.667, -8.269, -1413.82, 72.69, 314.51, 249.99, -131.11, 45.33, -0.91866, 0.11156, -0.35174, -0.14106
437, 17, 9.756, 43.176, 6.645, -1218.44, 208.25, 216.80, 249.99, -184.33, 138.87, -0.91310, 0.02222, -0.37058, -0.16861
437, 16, 19.110, 41.658, 22.680, -1119.02, 344.54, -77.33, 249.99, -235.48, 201.37, -0.89867, -0.07750, -0.38641, -0.19253
437, 15, 28.805, 30.978, 41.344, -209.53, 836.06, 40.95, 202.58, -204.93, 249.99, -0.87428, -0.22618, -0.35638, -0.23973
437, 16, 31.611, 20.077, 48.181, -127.26, 1114.20, 794.49, 116.48, -89.99, 249.99, -0.85672, -0.30936, -0.30194, -0.28134
437, 15, 31.273, 14.622, 47.250, -475.16, 566.89, 942.99, 73.88, -76.54, 249.99, -0.85889, -0.32245, -0.26003, -0.30119
437, 15, 32.470, 5.477, 48.076, 97.96, 669.37, 791.44, 70.83, -29.52, 249.99, -0.84652, -0.35701, -0.19999, -0.34052
437, 16, 34.332, -2.121, 46.580, 255.62, 787.96, 1176.94, 44.52, 12.37, 249.99, -0.83555, -0.36789, -0.14569, -0.38117
437, 15, 40.115, -8.928, 44.195, 381.23, 910.34, 1224.91, 16.88, 51.49, 249.38, -0.81009, -0.36698, -0.10574, -0.44486
437, 16, 43.949, -11.895, 39.600, 233.89, 827.88, 1543.33, -13.85, 32.19, 204.18, -0.80253, -0.34211, -0.07732, -0.48264
437, 16, 44.541, -17.045, 35.793, 741.46, 626.22, 1331.85, -25.96, -11.96, 103.97, -0.79955, -0.33410, -0.02499, -0.49847
437, 16, 41.769, -13.590, 35.210, 107.24, 931.21, 1350.22, -18.75, 11.27, -27.28, -0.82066, -0.31828, -0.04022, -0.47286
437, 16, 36.180, -10.071, 35.172, 38.64, 773.01, 1043.33, -39.44, -45.46, -119.61, -0.84949, -0.30814, -0.05131, -0.42520
437, 15, 31.046, -6.473, 32.944, 14.16, 441.59, 876.95, -33.78, -44.21, -160.78, -0.87893, -0.28234, -0.05793, -0.38000
437, 15, 27.667, 0.381, 35.913, -284.97, 937.81, 806.52, -7.39, 30.50, -164.60, -0.89004, -0.28721, -0.11210, -0.33581
437, 16, 24.814, 8.573, 35.260, -506.96, 633.54, 725.59, -49.71, 21.38, -173.50, -0.90440, -0.26149, -0.16708, -0.29285
437, 15, 21.837, 17.452, 33.863, -557.43, 447.33, 600.28, -33.81, 23.89, -181.97, -0.91374, -0.22964, -0.22626, -0.24729
437, 16, 20.206, 26.843, 33.026, -910.46, 334.84, 536.01, 1.77, 37.77, -159.36, -0.91110, -0.19931, -0.29365, -0.20961
437, 16, 19.911, 30.140, 32.519, -755.07, 450.44, 783.63, 16.04, -7.55, -95.41, -0.90827, -0.18637, -0.31727, -0.19912
438, 8, 36.574, -2.739, 37.178, 63.96, 734.68, 1161.56, 2.49, -33.15, 44.24, -0.85422, -0.29803, -0.11512, -0.41015
438, 26, 33.858, 1.668, 36.865, -58.29, 631.84, 919.25, 20.18, 5.55, -56.16, -0.86959, -0.28362, -0.14036, -0.37904
438, 16, 32.507, 3.292, 37.646, -73.18, 709.84, 923.71, 22.34, -1.51, -66.36, -0.87357, -0.28585, -0.15181, -0.36349
438, 15, 31.800, 4.303, 38.185, -55.66, 714.97, 914.31, 15.96, 8.85, -60.17, -0.87530, -0.28758, -0.15937, -0.35462
438, 15, 31.485, 7.867, 38.299, -287.66, 661.99, 866.94, 10.52, 17.06, -52.76, -0.87846, -0.27709, -0.18580, -0.34205
438, 16, 32.119, 10.374, 38.487, -332.76, 666.14, 858.76, 6.73, 6.31, -15.08, -0.87740, -0.26894, -0.20663, -0.33934
438, 16, 32.509, 9.183, 38.450, -116.27, 678.22, 897.71, 9.99, -3.98, -13.60, -0.87575, -0.27206, -0.19856, -0.34586
438, 14, 33.212, 6.840, 40.465, 464.23, 1197.81, 1010.07, -1.58, 59.36, -54.41, -0.86713, -0.29424, -0.18902, -0.35465
438, 16, 33.943, 8.903, 40.885, 508.30, 1234.92, 1007.26, -52.55, 175.06, -149.02, -0.86525, -0.28899, -0.20743, -0.35327
438, 16, 34.654, 13.972, 40.737, 533.51, 1346.37, 696.53, -132.37, 249.99, -236.23, -0.86593, -0.26826, -0.24575, -0.34323
438, 15, 36.472, 23.049, 40.521, -86.67, 1131.16, 151.49, -242.36, 249.99, -250.00, -0.86155, -0.22756, -0.31380, -0.32783
438, 16, 37.930, 39.674, 36.630, -931.21, 515.69, 41.44, -250.00, 249.99, -244.16, -0.85008, -0.12544, -0.41883, -0.29363
438, 15, 31.245, 54.698, 19.363, -1122.62, -648.07, 331.60, -250.00, 249.99, -181.35, -0.83839, 0.03549, -0.47554, -0.26402
438, 16, 18.005, 56.447, -3.065, -815.37, -671.14, 1214.84, -234.99, 141.35, -92.13, -0.84362, 0.15220, -0.44820, -0.25351
438, 17, 13.333, 53.218, -10.000, -638.43, -85.57, 1189.39, -99.14, 76.87, -99.89, -0.85667, 0.18042, -0.41547, -0.24688
438, 15, 9.822, 45.930, -12.300, -257.02, 152.40, 1231.63, -43.77, 4.59, -170.95, -0.88751, 0.17596, -0.35952, -0.22829
438, 16, 2.418, 40.493, -16.359, -536.25, -161.80, 1287.90, 16.19, 23.24, -230.08, -0.91244, 0.18046, -0.32029, -0.17973
438, 15, -5.152, 38.156, -22.137, -1182.07, -958.07, 1069.82, 83.66, -28.49, -181.82, -0.92013, 0.20510, -0.30618, -0.13250
438, 15, -5.627, 37.883, -19.282, -1111.08, -657.29, 807.56, 200.29, -59.21, -55.18, -0.92625, 0.18081, -0.30791, -0.12068
438, 16, -0.196, 39.618, -9.475, -1279.48, -184.75, 443.73, 249.99, -133.76, 40.32, -0.92770, 0.11715, -0.32615, -0.13884
438, 15, 9.340, 41.078, 4.804, -1471.56, 211.91, 83.13, 249.99, -190.80, 132.92, -0.91955, 0.03186, -0.35129, -0.17325
438, 16, 21.747, 38.130, 24.761, -1065.43, 666.63, -14.10, 249.99, -227.38, 213.62, -0.90048, -0.09558, -0.36568, -0.21511
438, 17, 29.847, 30.968, 40.726, -387.88, 602.23, 14.47, 176.61, -203.22, 228.93, -0.87326, -0.21826, -0.35701, -0.24963
438, 15, 33.031, 20.184, 48.572, -147.09, 799.19, 498.72, 124.11, -114.08, 249.99, -0.85214, -0.30810, -0.30749, -0.29049
438, 16, 33.989, 15.562, 50.215, -317.81, 497.56, 489.14, 72.56, -53.12, 249.99, -0.84355, -0.33472, -0.28238, -0.31088
438, 15, 34.888, 8.934, 48.019, -163.82, 540.53, 1124.45, 68.66, -21.72, 249.99, -0.84279, -0.34026, -0.23204, -0.34653
438, 15, 36.647, 1.116, 48.101, 500.79, 933.65, 1183.29, 61.88, 40.63, 198.59, -0.82777, -0.36488, -0.18171, -0.38554
438, 16, 36.687, -1.337, 45.446, 410.95, 971.74, 1683.59, 32.40, 73.78, 83.82, -0.83232, -0.35396, -0.15499, -0.39741
438, 15, 38.057, -3.356, 41.327, 424.99, 878.97, 1500.73, -25.12, 68.24, 53.95, -0.83661, -0.32920, -0.12959, -0.41824
438, 16, 35.671, -2.920, 37.667, 252.56, 945.07, 1500.43, -51.28, 18.49, -55.56, -0.85590, -0.30320, -0.11313, -0.40337
438, 16, 32.803, -1.064, 33.052, 91.49, 589.23, 1282.84, -62.73, 17.20, -95.73, -0.87941, -0.26476, -0.10433, -0.38164
438, 15, 29.314, 5.669, 32.073, -565.55, 821.04, 1088.38, -55.51, 9.89, -135.35, -0.89779, -0.23915, -0.14558, -0.33999
438, 15, 24.224, 12.352, 27.209, -433.53, 245.85, 791.87, -58.06, -7.89, -195.37, -0.92183, -0.18703, -0.17504, -0.29087
438, 16, 21.699, 19.881, 29.288, -809.94, 844.67, 574.40, -30.55, 19.89, -197.11, -0.92093, -0.18625, -0.23498, -0.24896
438, 15, 19.486, 26.507, 26.068, -839.97, 259.77, 594.91, -52.89, -16.51, -133.83, -0.92337, -0.14636, -0.27687, -0.22205
439, 7, 33.947, -1.364, 38.230, 32.53, 653.02, 965.88, 2.89, -11.10, -11.73, -0.86238, -0.30398, -0.12223, -0.38594
439, 27, 33.024, 0.069, 37.756, 48.52, 728.03, 940.06, -5.68, 19.63, -44.25, -0.86839, -0.29669, -0.12908, -0.37579
439, 15, 33.065, 2.966, 37.693, -155.33, 702.15, 920.47, 0.66, 24.31, -29.56, -0.87137, -0.28656, -0.15089, -0.36855
439, 16, 33.159, 6.003, 38.053, -241.64, 702.58, 880.74, 4.08, 17.81, -22.13, -0.87270, -0.27888, -0.17511, -0.36049
439, 16, 33.678, 8.127, 37.933, -305.79, 711.18, 923.77, -2.94, 8.34, 3.23, -0.87279, -0.26979, -0.19186, -0.35868
439, 15, 34.393, 5.760, 38.226, 237.61, 960.63, 1096.50, -15.56, 39.27, -12.21, -0.86816, -0.27914, -0.17685, -0.37026
439, 16, 35.053, 5.542, 37.891, 627.38, 1015.20, 1060.61, -46.96, 145.36, -92.83, -0.86665, -0.27636, -0.17573, -0.37638
439, 15, 35.905, 9.141, 37.519, 675.96, 1208.98, 926.03, -100.33, 249.99, -170.05, -0.86723, -0.25917, -0.20320, -0.37344
439, 15, 36.125, 16.825, 37.991, 135.99, 1250.55, 329.53, -191.94, 249.99, -239.76, -0.86809, -0.23353, -0.26130, -0.35158
439, 16, 38.448, 30.245, 39.141, -434.33, 902.77, -289.92, -250.00, 249.99, -250.00, -0.85516, -0.18209, -0.36309, -0.32205
439, 16, 31.044, 43.980, 20.820, -710.33, -410.58, 659.67, -250.00, 249.99, -232.66, -0.86884, -0.01440, -0.40435, -0.28531
439, 15, 19.274, 53.083, 2.916, -1137.27, -86.06, 891.24, -221.44, 196.65, -197.32, -0.86056, 0.10532, -0.43471, -0.24365
439, 17, 5.567, 52.335, -13.888, -1063.84, -744.20, 1094.42, -93.97, 58.93, -161.47, -0.86926, 0.18060, -0.41327, -0.20242
439, 15, 1.903, 47.522, -15.364, -552.12, 16.72, 1157.04, 6.31, 44.66, -175.78, -0.89116, 0.17575, -0.37885, -0.17726
439, 16, -6.437, 42.447, -21.168, -812.81, -492.37, 1115.17, 55.16, 4.54, -232.84, -0.91015, 0.19371, -0.34412, -0.12519
439, 15, -8.204, 39.590, -20.464, -922.97, -449.04, 952.39, 124.10, -33.24, -137.95, -0.92191, 0.18321, -0.32471, -0.10529
439, 15, -5.689, 39.987, -12.400, -973.63, 2.62, 714.54, 188.52, -52.71, -89.74, -0.92928, 0.12527, -0.33189, -0.10290
439, 16, -0.769, 42.322, -2.502, -1345.21, 154.36, 511.78, 204.30, -79.88, -13.26, -0.92543, 0.06118, -0.35626, -0.11363
439, 16, 8.136, 43.739, 10.390, -1464.60, 281.31, 296.57, 199.90, -125.65, 106.54, -0.91376, -0.01192, -0.38018, -0.14273
439, 15, 17.171, 42.868, 23.857, -1232.54, 298.10, 185.49, 190.16, -166.08, 167.65, -0.89784, -0.08995, -0.39592, -0.17037
439, 17, 25.935, 38.812, 36.496, -608.76, 368.53, 203.37, 147.16, -137.47, 227.25, -0.87780, -0.17052, -0.39714, -0.20657
439, 15, 31.028, 32.108, 44.477, -493.47, 466.19, 442.26, 123.39, -94.93, 249.99, -0.86222, -0.23862, -0.37532, -0.24241
439, 15, 35.014, 31.912, 50.871, -583.25, 247.50, 135.74, 106.81, -48.30, 249.99, -0.83947, -0.27346, -0.39671, -0.25127
439, 17, 35.232, 21.961, 50.820, -135.99, 660.28, 1067.75, 95.50, -43.85, 249.99, -0.84069, -0.31187, -0.33133, -0.29358
439, 15, 37.435, 11.015, 52.667, 408.14, 1093.81, 1026.55, 66.07, 12.62, 249.99, -0.82280, -0.36095, -0.26847, -0.34732
439, 16, 37.429, 3.645, 49.072, 381.53, 914.31, 1689.51, 25.20, 8.22, 192.54, -0.82559, -0.36176, -0.20552, -0.38117
439, 15, 36.786, -3.563, 45.138, 856.08, 832.70, 1487.67, -19.87, 11.67, 123.37, -0.82939, -0.35910, -0.13794, -0.40512
439, 15, 35.234, -3.971, 41.205, 384.40, 988.16, 1575.13, -30.59, 28.80, -27.62, -0.84608, -0.33342, -0.11642, -0.39928
439, 17, 31.062, -1.642, 35.610, 169.07, 460.14, 1390.56, -48.71, 5.81, -147.77, -0.87830, -0.28782, -0.10405, -0.36731
439, 15, 26.307, 7.506, 35.000, -768.98, 691.28, 796.81, -43.45, -9.52, -181.37, -0.90072, -0.26046, -0.16153, -0.30784
439, 15, 20.898, 15.194, 30.903, -684.14, 292.30, 780.64, -40.68, -40.62, -204.38, -0.92244, -0.21407, -0.20038, -0.25127
439, 16, 18.655, 21.243, 30.570, -590.21, 475.52, 585.33, -26.03, -9.34, -164.38, -0.92391, -0.19909, -0.24312, -0.21829
439, 15, 17.745, 27.273, 31.279, -751.65, 509.95, 465.39, -21.88, -11.03, -148.29, -0.91787, -0.19041, -0.28969, -0.19321
439, 15, 19.242, 32.926, 33.161, -892.64, 491.09, 431.64, -4.33, 12.08, -91.67, -0.90418, -0.18513, -0.33822, -0.18383
439, 16, 21.188, 35.718, 35.042, -993.10, 645.02, 729.61, 10.44, 7.32, -67.63, -0.89343, -0.18539, -0.36506, -0.18479
439, 15, 19.154, 37.226, 30.873, -753.17, 59.81, 778.56, 29.96, -18.91, -9.32, -0.90009, -0.15463, -0.36657, -0.17763
439, 17, 19.133, 35.497, 30.131, -744.02, 106.75, 1002.01, 98.49, -34.66, 51.09, -0.90441, -0.15396, -0.35246, -0.18470
439, 15, 21.413, 29.304, 33.958, -332.95, 549.50, 1055.79, 117.04, -40.34, 63.30, -0.90431, -0.19612, -0.31605, -0.20948
440, 9, 30.131, 3.334, 38.933, -207.82, 730.77, 810.49, 23.55, -17.48, -37.13, -0.87765, -0.29868, -0.15003, -0.34353
440, 26, 28.818, 3.881, 38.445, -100.46, 692.38, 946.90, 19.78, -33.28, -38.44, -0.88324, -0.29493, -0.14936, -0.33256
440, 16, 28.245, 4.688, 39.798, -99.24, 806.82, 924.19, 23.28, -12.49, -56.98, -0.88197, -0.30365, -0.15789, -0.32404
440, 15, 27.752, 6.499, 39.935, -187.62, 736.27, 913.76, 12.88, -12.05, -58.51, -0.88422, -0.29987, -0.17075, -0.31476
440, 15, 27.808, 9.457, 38.815, -346.25, 568.05, 864.14, 6.56, -4.49, -33.31, -0.88841, -0.28195, -0.19030, -0.30825
440, 16, 28.632, 11.797, 37.858, -385.74, 535.46, 844.54, 9.18, -7.81, -1.59, -0.88920, -0.26563, -0.20740, -0.30942
440, 15, 31.455, 11.551, 38.298, -288.51, 622.80, 820.37, 3.44, 6.39, 69.33, -0.88023, -0.26467, -0.21331, -0.33114
440, 15, 34.322, 10.034, 40.702, 146.12, 1053.16, 886.35, -8.80, 92.92, 12.22, -0.86523, -0.28291, -0.21611, -0.35302
440, 16, 37.370, 12.621, 41.552, 215.39, 1216.74, 1009.03, -54.39, 217.15, -68.79, -0.85502, -0.27362, -0.24495, -0.36616
440, 15, 40.489, 15.723, 42.183, 335.14, 1183.84, 627.87, -124.11, 249.99, -109.04, -0.84490, -0.25900, -0.27619, -0.37787
440, 16, 42.479, 20.411, 40.594, 159.42, 1018.19, 535.52, -196.43, 249.99, -159.26, -0.84295, -0.22267, -0.30754, -0.38115
440, 16, 42.730, 27.924, 36.035, -159.30, 821.84, 594.30, -250.00, 249.99, -209.53, -0.84817, -0.15573, -0.34423, -0.37130
440, 15, 35.724, 36.626, 19.260, -378.85, -129.21, 1104.98, -250.00, 248.34, -220.32, -0.87193, -0.01446, -0.34781, -0.34431
440, 16, 23.142, 45.387, 1.285, -942.63, -249.21, 853.27, -210.04, 161.61, -185.50, -0.87637, 0.11241, -0.36918, -0.28818
440, 17, 9.551, 44.476, -13.471, -783.20, -627.08, 1008.06, -66.41, 44.43, -197.45, -0.89123, 0.18238, -0.34610, -0.22949
440, 15, 6.046, 40.945, -12.885, -505.07, 195.07, 1080.20, 9.33, 35.74, -194.19, -0.91024, 0.16344, -0.32423, -0.19908
440, 16, -0.205, 37.124, -16.138, -697.20, -219.48, 1062.68, 29.62, 0.28, -222.19, -0.92671, 0.16943, -0.29721, -0.15546
440, 15, -4.782, 36.093, -18.134, -1135.80, -552.25, 1036.25, 100.75, -38.98, -169.40, -0.93218, 0.17343, -0.29319, -0.12249
440, 15, -5.457, 37.386, -14.918, -1401.12, -485.53, 663.02, 197.66, -81.53, -87.75, -0.93372, 0.14576, -0.30800, -0.10982
440, 16, 1.434, 39.656, -2.918, -1243.41, 154.60, 388.24, 236.17, -120.92, 34.29, -0.93097, 0.06869, -0.33292, -0.13322
440, 15, 11.083, 40.033, 11.608, -1148.68, 370.73, 246.70, 217.94, -160.92, 120.70, -0.92028, -0.01942, -0.35301, -0.16759
440, 17, 17.066, 40.113, 22.612, -1176.27, 114.01, 135.93, 214.90, -183.69, 143.34, -0.90580, -0.08803, -0.37317, -0.18031
440, 16, 26.420, 35.845, 38.087, -637.70, 416.69, 23.25, 200.58, -191.96, 249.99, -0.87909, -0.19151, -0.37989, -0.21495
440, 15, 31.907, 25.361, 47.677, -308.47, 1076.66, 604.06, 120.16, -103.89, 249.99, -0.85678, -0.28537, -0.33816, -0.26482
440, 16, 32.784, 20.507, 47.923, -517.70, 484.31, 704.47, 72.82, -71.49, 249.99, -0.85453, -0.30275, -0.30743, -0.28917
440, 16, 34.220, 10.989, 48.357, 23.93, 496.64, 721.37, 84.37, -37.56, 249.99, -0.84547, -0.33688, -0.24568, -0.33368
440, 15, 36.210, 1.974, 48.916, 273.56, 869.32, 1047.91, 71.92, -1.65, 249.61, -0.82784, -0.36854, -0.18920, -0.37825
440, 15, 38.451, -5.306, 48.017, 519.10, 1039.73, 1245.54, 38.45, 46.70, 223.08, -0.81098, -0.38353, -0.14101, -0.41872
440, 16, 39.752, -8.701, 44.404, 412.90, 963.56, 1491.46, -6.85, 65.19, 152.52, -0.81129, -0.36803, -0.10704, -0.44149
440, 15, 40.377, -10.218, 39.599, 337.10, 631.53, 1286.80, -22.08, 22.95, 55.08, -0.82061, -0.33853, -0.07904, -0.45360
440, 17, 36.569, -6.786, 38.272, 166.14, 905.46, 1268.80, -14.43, 16.29, -104.72, -0.84518, -0.31993, -0.08865, -0.41887
440, 15, 31.419, 0.168, 37.635, -341.92, 816.53, 1081.42, -22.45, -14.65, -178.61, -0.87399, -0.29723, -0.12529, -0.36346
440, 16, 26.666, 3.662, 33.515, -140.63, 463.26, 1044.13, -38.94, -40.60, -179.31, -0.90117, -0.25981, -0.12837, -0.32234
440, 15, 23.167, 7.666, 34.575, -236.57, 819.95, 854.43, -26.50, -18.09, -190.90, -0.90984, -0.26097, -0.15454, -0.28319
440, 15, 20.839, 10.845, 32.563, -120.30, 519.10, 762.76, -56.54, 18.84, -198.88, -0.92016, -0.23944, -0.16968, -0.25919
440, 16, 19.720, 16.994, 32.432, -420.90, 651.67, 716.61, -53.79, 50.58, -187.96, -0.92123, -0.22355, -0.21549, -0.23434
440, 15, 19.220, 23.840, 33.230, -468.87, 663.02, 593.26, -46.19, 84.46, -215.98, -0.91571, -0.21200, -0.26927, -0.20982
441, 8, 26.381, 5.665, 37.906, -146.61, 715.21, 873.60, 23.90, -4.61, -100.96, -0.89266, -0.28860, -0.15533, -0.30941
441, 26, 25.125, 8.266, 38.490, -152.40, 705.69, 914.49, 15.10, -12.25, -93.18, -0.89577, -0.28729, -0.17369, -0.29136
441, 16, 23.750, 12.633, 38.617, -394.65, 734.50, 936.52, 13.31, 0.37, -118.93, -0.89982, -0.27774, -0.20409, -0.26746
441, 16, 24.081, 17.131, 36.882, -625.85, 430.79, 807.31, -5.73, -0.11, -37.47, -0.90257, -0.25000, -0.23517, -0.25993
441, 16, 26.733, 18.099, 36.440, -503.05, 497.56, 804.02, -4.41, -7.80, 53.87, -0.89700, -0.23791, -0.24711, -0.27880
441, 15, 29.963, 13.809, 38.538, 116.21, 957.40, 955.02, -7.86, 36.42, 41.08, -0.88441, -0.26171, -0.22740, -0.31245
441, 15, 33.482, 14.657, 39.006, 310.49, 1212.65, 1069.09, -75.30, 198.96, -52.24, -0.87354, -0.25512, -0.24293, -0.33590
441, 16, 35.663, 18.180, 38.161, 321.35, 1075.81, 723.57, -149.62, 249.99, -151.54, -0.86920, -0.23072, -0.27066, -0.34350
441, 15, 36.755, 27.888, 35.444, -352.29, 934.33, 514.83, -236.76, 249.99, -208.89, -0.86728, -0.16913, -0.33371, -0.32842
441, 15, 38.370, 39.053, 30.596, -744.75, 646.12, 560.06, -250.00, 249.99, -160.38, -0.85527, -0.08157, -0.39890, -0.32053
441, 17, 31.391, 50.778, 14.907, -920.41, -94.06, 622.80, -250.00, 216.45, -119.73, -0.84839, 0.05516, -0.43754, -0.29283
441, 16, 20.955, 53.194, -2.843, -714.84, -419.31, 862.12, -209.57, 127.27, -83.14, -0.84979, 0.15485, -0.42052, -0.27758
441, 15, 16.860, 50.179, -8.447, -460.14, 42.79, 1121.89, -101.36, 89.48, -109.11, -0.86279, 0.17613, -0.39020, -0.26890
441, 16, 14.813, 45.574, -8.677, -331.73, 393.25, 1158.69, -56.05, 40.53, -159.14, -0.88356, 0.16302, -0.35698, -0.25556
441, 15, 10.205, 41.380, -9.920, -451.29, 324.40, 1136.60, -33.79, 25.10, -218.30, -0.90527, 0.15232, -0.32747, -0.22369
441, 16, -0.072, 38.454, -18.479, -947.88, -619.57, 1075.74, 26.49, -19.36, -238.00, -0.91897, 0.18936, -0.30459, -0.16387
441, 15, -4.481, 35.347, -21.258, -785.52, -753.60, 934.88, 115.27, -39.16, -125.37, -0.92881, 0.19940, -0.28312, -0.13188
441, 16, -1.838, 37.245, -15.806, -1128.97, -387.45, 670.17, 189.80, -66.83, 1.81, -0.92896, 0.16254, -0.30100, -0.14147
441, 16, 3.276, 40.413, -4.737, -1264.95, 9.34, 378.11, 236.92, -111.76, 49.26, -0.92514, 0.08959, -0.33553, -0.15333
441, 16, 9.496, 41.237, 7.383, -1174.80, 115.30, 274.96, 249.99, -169.28, 102.94, -0.91935, 0.01193, -0.35634, -0.16637
441, 15, 18.451, 35.950, 25.082, -471.19, 489.69, 287.23, 249.99, -182.32, 145.72, -0.91058, -0.11475, -0.34675, -0.19351
441, 16, 25.963, 30.935, 39.101, -694.34, 845.09, 305.85, 173.86, -128.17, 219.21, -0.88443, -0.21783, -0.34602, -0.22494
441, 15, 30.172, 29.066, 46.433, -796.94, 497.38, 246.95, 103.44, -89.26, 249.99, -0.86195, -0.26750, -0.35671, -0.24133
441, 16, 30.214, 23.510, 46.239, -554.08, 437.26, 823.79, 87.34, -76.23, 249.99, -0.86477, -0.28620, -0.31776, -0.26324
441, 16, 31.818, 13.764, 47.915, 5.31, 637.08, 761.29, 79.06, -35.03, 249.99, -0.85518, -0.32916, -0.25722, -0.30686
441, 15, 32.757, 7.472, 46.847, -8.61, 790.71, 1194.58, 53.12, 6.16, 211.76, -0.85134, -0.34075, -0.21169, -0.33807
441, 16, 36.744, 0.611, 45.689, 265.81, 908.26, 1177.19, 18.27, 34.11, 188.35, -0.83423, -0.34897, -0.17018, -0.39155
441, 16, 39.013, -2.198, 41.775, 169.68, 766.30, 1418.33, -11.03, 42.07, 129.51, -0.83360, -0.32724, -0.14249, -0.42156
441, 15, 39.283, -5.771, 38.858, 497.56, 765.20, 1318.91, -16.68, 24.48, 60.17, -0.83511, -0.31842, -0.10598, -0.43585
441, 16, 36.280, -3.128, 36.563, 89.72, 839.48, 1325.99, -21.48, 28.15, -74.22, -0.85634, -0.29507, -0.10924, -0.40950
441, 15, 31.397, 3.606, 35.812, -398.01, 841.61, 1072.81, -34.84, 2.94, -166.84, -0.88179, -0.27220, -0.14573, -0.35654
441, 15, 27.191, 8.871, 32.111, -360.35, 349.06, 826.78, -33.64, -25.45, -144.04, -0.90495, -0.23227, -0.16616, -0.31543
441, 16, 24.600, 14.781, 32.602, -528.50, 541.75, 598.51, -19.71, -18.64, -135.86, -0.91076, -0.22226, -0.20814, -0.27893
441, 15, 23.525, 19.987, 32.783, -589.72, 547.42, 623.05, -25.77, -3.90, -109.92, -0.91079, -0.21004, -0.24666, -0.25593
441, 15, 22.474, 27.728, 32.532, -808.78, 390.87, 530.76, -5.38, 25.67, -96.86, -0.90659, -0.18682, -0.30325, -0.22634
442, 8, 30.696, 1.211, 39.290, -83.80, 779.72, 892.21, 20.55, -21.73, -24.92, -0.87298, -0.30738, -0.13649, -0.35327
442, 27, 30.699, 5.744, 38.229, -217.29, 673.34, 905.52, -1.85, 5.71, -20.72, -0.87963, -0.28477, -0.16765, -0.34213
442, 15, 32.359, 4.863, 38.151, -42.36, 712.71, 915.53, -5.71, 19.30, 9.36, -0.87410, -0.28467, -0.16489, -0.35739
442, 15, 34.516, 4.901, 38.112, 135.50, 843.26, 1015.69, -20.54, 102.05, -11.67, -0.86735, -0.28109, -0.17037, -0.37373
442, 16, 36.520, 6.982, 38.657, 677.06, 1129.21, 972.05, -53.05, 231.24, -113.06, -0.86109, -0.27460, -0.19246, -0.38220
442, 15, 36.763, 13.283, 39.276, 273.44, 1162.54, 642.33, -114.27, 249.99, -220.91, -0.86251, -0.25533, -0.24106, -0.36438
442, 17, 37.786, 23.662, 39.209, -245.91, 1107.30, 277.83, -207.61, 249.99, -250.00, -0.86009, -0.21164, -0.31679, -0.33925
442, 15, 38.239, 39.294, 33.726, -985.90, 549.93, 286.87, -250.00, 249.99, -236.40, -0.85272, -0.10435, -0.40900, -0.30772
442, 15, 36.860, 50.414, 23.455, -984.68, 227.60, 678.28, -250.00, 249.99, -172.45, -0.83775, 0.01218, -0.45559, -0.30077
442, 16, 27.106, 50.592, 4.266, -320.86, -329.47, 1103.88, -239.76, 148.28, -143.17, -0.85209, 0.11768, -0.41184, -0.30081
442, 15, 19.459, 49.410, -5.221, -518.80, 199.89, 1098.14, -152.83, 113.44, -172.95, -0.86412, 0.15913, -0.38821, -0.27796
442, 17, 10.832, 47.011, -14.126, -804.75, -131.65, 1055.48, -88.13, 41.56, -175.97, -0.87866, 0.19459, -0.36265, -0.24203
442, 16, 2.861, 43.474, -21.055, -843.44, -436.89, 1030.82, -6.72, 9.93, -167.57, -0.89382, 0.22068, -0.33568, -0.19927
442, 15, -1.932, 39.771, -22.690, -952.58, -516.72, 1004.52, 101.15, -39.36, -151.07, -0.91014, 0.21848, -0.31259, -0.16188
442, 15, -4.527, 38.561, -21.194, -1171.88, -757.75, 733.34, 204.05, -83.53, -86.33, -0.91987, 0.19925, -0.30947, -0.13552
442, 16, 0.110, 40.662, -11.839, -1383.00, -221.80, 378.91, 249.99, -134.60, 31.56, -0.92150, 0.13785, -0.33133, -0.14851
442, 15, 13.709, 39.473, 9.036, -1000.24, 815.31, 280.21, 249.99, -181.79, 143.49, -0.91775, 0.00803, -0.34462, -0.19726
442, 17, 23.718, 33.682, 27.121, -544.56, 965.45, 246.34, 193.92, -177.01, 154.65, -0.90285, -0.12192, -0.33885, -0.23489
442, 15, 27.717, 26.787, 37.521, -356.99, 692.26, 493.47, 136.20, -122.43, 125.80, -0.88773, -0.21482, -0.31598, -0.25681
442, 16, 31.167, 27.903, 42.545, -927.43, 208.37, 266.05, 114.04, -78.72, 228.96, -0.86908, -0.23942, -0.34225, -0.26502
442, 16, 33.125, 24.995, 46.103, -893.19, 499.45, 660.16, 112.39, -98.64, 249.99, -0.85781, -0.27140, -0.33486, -0.27995
442, 16, 35.398, 21.166, 50.642, -466.43, 500.31, 368.59, 86.31, -77.42, 249.99, -0.84060, -0.31315, -0.32596, -0.29845
442, 15, 36.203, 11.116, 49.303, 99.24, 631.84, 1063.17, 61.78, -39.46, 249.99, -0.83690, -0.33903, -0.25523, -0.34570
442, 16, 38.555, 2.348, 48.998, 494.75, 978.88, 1205.20, 44.06, 37.01, 227.89, -0.82021, -0.36384, -0.19963, -0.39373
442, 15, 39.826, -2.764, 46.900, 669.56, 1220.28, 1499.08, -2.77, 78.61, 139.67, -0.81420, -0.36504, -0.15971, -0.42227
442, 15, 40.029, -3.339, 41.689, 332.15, 838.81, 1465.21, -43.84, 69.11, 29.10, -0.82827, -0.32948, -0.13673, -0.43210
442, 17, 36.465, -1.532, 37.844, 227.29, 668.40, 1292.05, -28.82, 35.36, -109.15, -0.85449, -0.29892, -0.12627, -0.40565
442, 15, 31.416, 3.867, 35.389, -158.57, 730.16, 1214.36, -23.30, 19.91, -175.17, -0.88292, -0.26807, -0.14645, -0.35656
442, 16, 26.731, 9.751, 33.151, -318.05, 601.20, 914.31, -45.30, 4.74, -189.13, -0.90426, -0.23843, -0.17487, -0.30804
442, 15, 23.828, 15.470, 30.656, -500.92, 499.94, 846.92, -50.46, 6.65, -149.61, -0.91607, -0.20608, -0.20735, -0.27452
442, 15, 22.422, 21.673, 31.289, -794.25, 774.96, 682.25, -46.22, 12.06, -148.44, -0.91468, -0.19546, -0.25441, -0.24582
