162, 7, 7.041, -10.617, -22.710, 291.50, -298.71, 1057.07, 3.18, 5.30, -12.88, -443, 359, 451
162, 25, 8.462, -10.849, -23.089, 307.68, -335.21, 1064.33, -1.14, 12.54, -12.23, -443, 359, 451
162, 12, 9.125, -10.966, -23.329, 303.77, -357.48, 1049.93, 0.77, 14.80, -11.76, -443, 359, 451
162, 13, 9.621, -11.010, -23.121, 297.06, -340.21, 1041.26, 4.05, 17.27, -14.11, -443, 359, 451
162, 14, 10.093, -11.131, -22.733, 304.08, -329.35, 1042.18, 5.46, 18.92, -14.79, -429, 363, 423
162, 13, 10.475, -11.000, -22.018, 297.00, -295.23, 1042.97, 5.49, 22.58, -12.87, -429, 363, 423
162, 13, 10.843, -10.737, -21.246, 290.71, -261.90, 1040.28, 0.53, 24.82, -11.67, -429, 363, 423
162, 14, 11.346, -10.603, -20.877, 300.54, -266.66, 1036.19, -4.14, 27.08, -9.84, -429, 363, 423
162, 12, 11.975, -10.370, -20.813, 297.18, -269.17, 1023.56, -10.16, 31.56, -4.15, -429, 363, 423
162, 13, 12.675, -9.983, -20.846, 281.62, -267.52, 1007.08, -14.71, 34.71, 0.77, -429, 363, 423
162, 13, 13.412, -9.241, -20.900, 249.33, -279.54, 1019.35, -17.61, 35.58, 2.46, -429, 363, 423
162, 13, 14.184, -8.331, -21.142, 214.66, -293.58, 1003.11, -20.66, 34.27, 3.78, -429, 363, 423
162, 13, 14.715, -8.040, -21.066, 224.18, -263.79, 975.22, -23.86, 32.14, 3.88, -429, 363, 423
162, 13, 14.902, -7.843, -20.576, 225.28, -241.58, 1024.11, -31.57, 31.36, 4.61, -431, 396, 449
162, 14, 15.029, -5.009, -20.700, -38.82, -277.34, 1149.29, -40.88, 26.78, 2.78, -431, 396, 449
162, 13, 15.472, -3.052, -21.231, -16.91, -291.63, 1005.86, -48.42, 11.18, 10.54, -431, 396, 449
162, 12, 15.968, -4.054, -22.603, 131.29, -383.18, 1036.32, -54.77, -5.16, 6.50, -431, 396, 449
162, 14, 16.403, -4.223, -23.830, 78.67, -392.15, 976.50, -52.67, -12.12, 4.71, -431, 396, 449
162, 13, 16.749, -4.574, -24.068, 79.22, -373.23, 1000.61, -53.89, -20.69, 5.97, -431, 396, 449
162, 12, 17.311, -3.972, -24.751, -12.08, -387.08, 973.14, -52.67, -38.35, 9.29, -431, 396, 449
162, 14, 18.086, -3.745, -24.751, -43.33, -370.18, 1050.90, -52.02, -56.38, 15.31, -431, 396, 449
162, 12, 19.539, -3.610, -25.788, -109.01, -443.36, 947.14, -45.22, -93.06, 26.68, -431, 396, 449
162, 13, 21.187, -4.680, -27.571, -81.24, -569.70, 896.06, -32.20, -119.12, 24.73, -390, 377, 440
162, 14, 23.019, -9.754, -26.343, 291.87, -405.40, 1060.24, -13.60, -150.12, 29.55, -390, 377, 440
162, 13, 25.596, -14.805, -28.133, 507.81, -674.74, 990.17, -14.74, -135.80, 40.93, -390, 377, 440
162, 13, 28.568, -17.335, -29.944, 392.52, -785.16, 1064.82, 9.80, -116.89, 53.09, -390, 377, 440
162, 13, 31.266, -18.577, -30.502, 331.79, -747.07, 1125.31, 29.71, -115.83, 50.27, -390, 377, 440
162, 14, 33.911, -19.878, -31.074, 356.69, -872.56, 1134.77, 53.54, -112.33, 36.16, -390, 377, 440
162, 13, 36.738, -20.874, -31.379, 357.73, -888.43, 1082.89, 75.12, -106.84, 40.67, -390, 377, 440
162, 13, 38.440, -22.770, -29.057, 451.54, -670.17, 1071.29, 108.28, -98.86, 24.60, -390, 377, 440
162, 14, 39.536, -25.380, -26.507, 626.46, -615.66, 1087.40, 121.25, -73.39, 2.93, -390, 377, 440
162, 12, 40.687, -26.839, -24.858, 686.95, -671.94, 1101.01, 126.34, -46.62, -6.08, -390, 377, 440
162, 13, 41.667, -25.108, -21.993, 612.49, -486.76, 1061.10, 129.40, -13.24, -19.45, -432, 260, 427
162, 15, 41.901, -24.917, -18.585, 689.76, -333.50, 992.55, 123.20, 11.80, -25.88, -432, 260, 427
162, 13, 42.098, -24.949, -15.878, 795.78, -307.86, 973.14, 113.81, 34.19, -29.75, -432, 260, 427
162, 13, 41.154, -23.324, -11.026, 619.87, 11.35, 908.14, 91.23, 73.41, -27.25, -432, 260, 427
162, 12, 40.733, -20.237, -7.727, 440.80, 16.36, 864.20, 51.81, 88.85, -28.86, -432, 260, 427
162, 14, 40.511, -16.449, -5.649, 304.44, 13.98, 854.55, 26.61, 89.23, -35.64, -432, 260, 427
162, 13, 40.206, -14.333, -3.885, 319.64, 105.96, 793.70, -12.40, 82.39, -30.12, -432, 260, 427
162, 12, 40.028, -13.985, -3.696, 438.05, 83.98, 770.81, -43.11, 82.23, -32.62, -432, 260, 427
162, 14, 39.794, -13.145, -4.767, 417.72, 63.29, 844.79, -86.64, 87.54, -36.76, -432, 260, 427
162, 13, 39.673, -12.018, -7.735, 342.22, -49.19, 904.05, -118.34, 88.04, -22.16, -459, 325, 439
162, 13, 39.712, -10.245, -12.118, 241.70, -196.84, 898.32, -129.75, 82.27, -11.80, -459, 325, 439
162, 14, 39.458, -9.294, -17.029, 237.67, -315.61, 846.44, -134.30, 74.21, -7.31, -459, 325, 439
162, 13, 38.822, -8.096, -21.605, 172.85, -388.85, 867.37, -134.07, 69.73, -5.58, -459, 325, 439
162, 12, 37.644, -5.786, -25.493, 27.34, -552.80, 1059.69, -127.04, 62.61, -11.88, -459, 325, 439
162, 14, 36.355, -5.577, -29.076, 91.92, -728.88, 1062.68, -100.20, 34.36, -21.20, -459, 325, 439
162, 13, 34.953, -6.295, -31.230, 143.92, -778.14, 1148.99, -76.35, 22.16, -23.52, -459, 325, 439
162, 12, 33.616, -7.267, -31.202, 154.42, -717.59, 1167.91, -38.40, 8.85, -20.61, -459, 325, 439
162, 13, 32.763, -8.644, -30.077, 227.05, -638.79, 1151.92, -5.28, -0.66, -12.57, -459, 325, 439
162, 13, 31.497, -10.895, -26.898, 312.50, -414.00, 1062.68, 9.06, -3.36, -2.82, -377, 371, 442
162, 14, 30.665, -11.412, -24.065, 206.54, -293.64, 996.77, 5.50, 2.94, 8.23, -377, 371, 442
162, 13, 30.181, -10.965, -22.077, 141.54, -300.96, 998.78, -3.29, 0.82, 13.02, -377, 371, 442
162, 13, 30.644, -9.197, -23.054, -41.44, -616.82, 1119.45, -3.74, -17.63, 21.11, -377, 371, 442
162, 13, 31.431, -9.606, -24.035, 86.00, -804.81, 1156.92, 32.28, -50.97, 19.63, -377, 371, 442
162, 12, 32.278, -11.953, -23.826, 350.83, -813.54, 1251.89, 61.66, -55.66, 21.97, -377, 371, 442
162, 14, 33.695, -13.636, -23.523, 337.65, -865.72, 1116.64, 105.68, -52.75, 30.13, -377, 371, 442
162, 13, 35.267, -14.163, -22.745, 203.67, -812.01, 1058.04, 132.01, -54.36, 29.55, -377, 371, 442
162, 13, 37.137, -15.061, -21.296, 173.28, -708.44, 904.54, 171.36, -73.51, 28.88, -377, 371, 442
162, 12, 39.638, -15.455, -18.256, 207.15, -452.94, 890.38, 195.53, -76.41, 33.35, -457, 331, 444
162, 15, 41.303, -17.978, -13.524, 445.68, -220.46, 974.43, 177.85, -63.77, 36.74, -457, 331, 444
162, 13, 44.106, -18.641, -12.080, 406.37, -430.54, 1022.52, 168.56, -48.73, 45.30, -457, 331, 444
162, 13, 47.028, -19.262, -10.601, 432.07, -463.93, 1021.91, 184.56, -39.23, 48.28, -457, 331, 444
162, 14, 49.403, -20.598, -8.307, 519.65, -409.67, 1018.55, 200.46, -33.90, 32.85, -457, 331, 444
162, 13, 50.964, -21.804, -4.859, 535.52, -291.63, 985.96, 218.15, -17.22, 9.39, -457, 331, 444
162, 12, 51.980, -22.950, 0.076, 583.19, -66.41, 935.30, 211.17, 9.67, 11.51, -457, 331, 444
162, 14, 51.609, -22.398, 8.045, 424.62, 328.86, 843.38, 196.36, 22.42, 5.52, -457, 331, 444
162, 13, 51.161, -20.035, 15.103, 265.75, 598.51, 951.84, 137.99, 29.49, 3.43, -457, 331, 444
162, 12, 51.221, -17.746, 19.363, 236.33, 513.18, 994.93, 89.60, 25.51, 0.09, -457, 331, 444
162, 14, 52.612, -16.211, 19.235, 267.15, 296.33, 1033.57, 33.35, 19.00, 4.96, -622, 315, 360
162, 14, 53.853, -17.029, 16.526, 504.39, 63.29, 1150.88, 1.45, 18.07, -4.43, -622, 315, 360
162, 13, 54.839, -17.693, 13.706, 576.17, 14.22, 1169.37, -10.53, 34.10, -14.37, -622, 315, 360
162, 13, 55.172, -15.425, 11.803, 307.25, 181.03, 1113.65, -36.23, 60.65, -24.91, -622, 315, 360
162, 13, 54.389, -13.083, 10.928, 240.72, 263.79, 1018.19, -68.59, 60.88, -43.28, -622, 315, 360
162, 13, 53.566, -9.748, 8.126, 88.93, 123.23, 1059.20, -86.13, 55.39, -53.38, -622, 315, 360
162, 12, 52.850, -8.751, 4.503, 202.58, 26.31, 1079.53, -96.22, 41.87, -46.88, -622, 315, 360
162, 14, 52.407, -8.635, 0.317, 258.79, -116.39, 1063.35, -95.44, 38.36, -36.32, -622, 315, 360
162, 13, 52.325, -7.732, -4.893, 178.71, -400.94, 1125.06, -82.11, 36.85, -24.19, -622, 315, 360
162, 12, 51.504, -8.132, -7.969, 202.15, -288.33, 1056.70, -45.26, 25.12, -17.07, -554, 350, 408
162, 15, 50.833, -8.204, -9.797, 161.87, -291.81, 1111.45, -22.22, 14.60, -12.21, -554, 350, 408
162, 13, 49.978, -9.330, -9.249, 212.16, -183.04, 1116.27, 7.16, -2.46, -14.85, -554, 350, 408
162, 12, 49.416, -11.444, -7.258, 401.18, 6.59, 1123.17, 10.40, -4.20, -4.55, -554, 350, 408
162, 14, 49.090, -12.294, -5.609, 324.71, 12.02, 1121.46, 3.14, 3.64, -2.26, -554, 350, 408
162, 12, 49.321, -12.004, -5.416, 246.40, -88.13, 1121.58, -1.88, 6.61, 4.72, -554, 350, 408
162, 13, 49.583, -11.106, -5.837, 192.32, -130.74, 1126.53, -1.30, 6.57, 4.43, -554, 350, 408
162, 12, 49.715, -10.403, -6.265, 175.66, -148.93, 1126.89, 2.14, 2.78, 3.02, -554, 350, 408
162, 14, 49.731, -10.246, -6.544, 194.70, -151.12, 1129.64, 3.85, 0.82, 2.04, -554, 350, 408
162, 12, 49.558, -10.559, -5.723, 217.47, -85.45, 1124.15, 4.55, -1.82, 0.95, -553, 348, 410
162, 14, 49.522, -11.340, -5.329, 266.85, -87.89, 1124.08, 3.04, -2.59, 0.40, -553, 348, 410
162, 13, 49.593, -11.624, -5.064, 251.53, -89.29, 1133.36, 2.73, -0.77, 1.30, -553, 348, 410
162, 13, 49.778, -11.128, -5.036, 201.17, -98.94, 1128.30, 2.43, -1.07, 4.35, -553, 348, 410
162, 12, 50.033, -10.558, -5.111, 178.22, -105.77, 1128.78, 2.40, -3.51, 9.41, -553, 348, 410
163, 7, 37.687, -12.717, -14.964, 255.80, -304.63, 1073.61, -2.14, 16.46, -9.69, -420, 375, 442
163, 25, 37.033, -12.904, -16.617, 271.24, -375.31, 1065.43, -0.10, 14.95, -12.92, -420, 375, 442
163, 13, 36.539, -13.025, -17.023, 270.02, -360.60, 1061.89, 1.33, 15.38, -13.82, -420, 375, 442
163, 12, 35.967, -13.624, -16.831, 304.99, -320.50, 1041.56, 0.89, 16.95, -13.19, -420, 375, 442
163, 14, 35.558, -14.339, -16.371, 352.48, -274.48, 1016.54, -1.25, 23.64, -5.20, -420, 375, 442
163, 13, 35.264, -14.729, -15.643, 352.72, -232.36, 1000.43, -6.48, 32.62, 7.71, -425, 398, 437
163, 14, 35.130, -14.534, -14.878, 320.56, -199.52, 981.14, -11.46, 37.53, 14.05, -425, 398, 437
163, 13, 35.352, -13.637, -15.426, 282.84, -268.19, 1004.21, -18.14, 42.38, 18.11, -425, 398, 437
163, 13, 35.564, -12.613, -16.658, 258.18, -332.03, 1007.63, -18.14, 44.04, 18.55, -425, 398, 437
163, 13, 35.504, -11.673, -17.652, 229.19, -348.75, 994.81, -15.75, 43.11, 16.67, -425, 398, 437
163, 14, 34.719, -9.149, -15.916, 46.14, -190.37, 1400.02, -17.41, 41.02, 7.73, -425, 398, 437
163, 12, 34.195, -7.338, -15.894, 71.96, -285.77, 1069.95, -26.94, 27.62, 8.49, -425, 398, 437
163, 13, 33.666, -7.414, -15.647, 127.93, -223.39, 954.10, -42.46, 14.64, 10.34, -425, 398, 437
163, 13, 33.222, -7.128, -15.526, 101.14, -194.27, 971.98, -58.85, 7.40, 9.82, -425, 398, 437
163, 13, 32.310, -7.072, -16.417, 86.85, -275.70, 953.80, -67.54, 0.60, 17.27, -390, 423, 447
163, 14, 32.122, -7.082, -19.462, 70.80, -500.37, 999.45, -67.46, -7.52, 13.74, -390, 423, 447
163, 12, 31.653, -6.034, -21.677, -72.45, -505.37, 960.88, -60.86, -18.26, 5.26, -390, 423, 447
163, 14, 31.191, -6.036, -23.300, -54.93, -541.32, 998.72, -51.04, -49.65, 1.53, -390, 423, 447
163, 12, 30.938, -7.035, -24.706, -21.73, -616.64, 1011.17, -31.27, -76.35, -2.88, -390, 423, 447
163, 13, 30.868, -8.026, -24.158, -11.23, -497.74, 1044.68, -18.91, -91.78, 5.57, -390, 423, 447
163, 13, 31.672, -11.328, -23.389, 177.67, -452.03, 1021.73, -9.41, -111.08, 31.73, -390, 423, 447
163, 13, 33.431, -12.946, -24.699, 128.11, -646.85, 1069.03, 0.92, -114.81, 41.42, -390, 423, 447
163, 13, 35.544, -15.866, -25.180, 276.55, -671.20, 1127.01, 30.04, -129.31, 49.21, -390, 423, 447
163, 13, 38.274, -19.490, -24.856, 412.41, -595.58, 1127.08, 53.32, -128.35, 49.05, -369, 355, 444
163, 15, 41.502, -21.546, -26.054, 411.13, -786.01, 1083.37, 67.79, -122.38, 46.16, -369, 355, 444
163, 12, 44.216, -24.306, -25.353, 574.28, -646.12, 1109.07, 98.51, -108.49, 43.06, -369, 355, 444
163, 13, 46.196, -26.527, -23.696, 648.07, -560.06, 1119.87, 111.03, -80.26, 29.79, -369, 355, 444
163, 14, 48.362, -26.705, -22.842, 601.75, -634.09, 1169.74, 113.62, -54.69, 28.92, -369, 355, 444
163, 13, 50.165, -25.470, -21.839, 428.41, -621.22, 1040.47, 127.82, -23.43, 22.49, -369, 355, 444
163, 13, 50.232, -24.066, -18.312, 360.84, -388.98, 1009.16, 136.27, -11.83, -3.75, -369, 355, 444
163, 14, 49.896, -25.024, -15.033, 542.36, -334.96, 985.41, 131.66, 1.59, -18.29, -369, 355, 444
163, 13, 48.543, -25.416, -10.459, 644.71, -112.85, 1030.82, 107.41, 37.03, -23.36, -369, 355, 444
163, 12, 47.232, -24.139, -6.719, 536.93, -45.65, 962.95, 73.19, 72.97, -24.64, -369, 355, 444
163, 14, 47.067, -19.843, -4.223, 330.69, -6.23, 929.14, 47.76, 82.19, -23.93, -473, 315, 428
163, 14, 46.889, -17.402, -3.690, 342.59, -44.68, 850.65, 12.05, 86.76, -39.22, -473, 315, 428
163, 12, 45.784, -14.345, -2.705, 245.73, 45.72, 862.55, -25.65, 87.04, -50.59, -473, 315, 428
163, 14, 44.605, -12.556, -2.576, 260.86, 41.02, 841.43, -50.73, 81.41, -56.65, -473, 315, 428
163, 13, 43.609, -11.907, -4.297, 304.81, -19.84, 868.10, -83.74, 71.92, -56.69, -473, 315, 428
163, 12, 42.736, -12.023, -6.907, 390.87, -86.98, 874.02, -98.09, 75.00, -49.46, -473, 315, 428
163, 13, 42.068, -9.593, -8.530, 170.59, -17.94, 867.49, -121.12, 75.20, -26.07, -473, 315, 428
163, 13, 41.625, -8.409, -12.057, 171.45, -129.58, 821.41, -137.64, 64.55, -20.97, -473, 315, 428
163, 13, 40.879, -7.474, -17.258, 136.17, -304.38, 839.54, -150.18, 47.00, -27.97, -473, 315, 428
163, 13, 38.775, -8.157, -21.658, 147.95, -437.19, 973.08, -147.72, 34.39, -27.18, -406, 396, 439
163, 14, 37.130, -8.756, -25.333, 193.85, -650.76, 1193.91, -133.71, 29.81, -15.65, -406, 396, 439
163, 13, 35.957, -9.212, -27.991, 200.38, -755.98, 1216.61, -96.83, 21.82, 3.94, -406, 396, 439
163, 13, 34.967, -9.150, -29.307, 157.53, -817.50, 1242.55, -54.28, 10.66, 14.29, -406, 396, 439
163, 13, 33.858, -9.544, -29.371, 170.23, -767.76, 1185.06, -25.77, 2.24, 12.09, -406, 396, 439
163, 13, 32.803, -10.726, -27.235, 222.78, -513.61, 1060.36, 6.39, -2.64, 1.52, -406, 396, 439
163, 12, 31.910, -10.994, -24.707, 169.25, -376.40, 1021.73, 9.89, -1.33, 3.75, -406, 396, 439
163, 13, 31.451, -10.510, -22.953, 127.93, -381.65, 1021.61, 3.44, -4.88, 13.43, -406, 396, 439
163, 14, 31.481, -9.711, -21.960, 103.15, -418.88, 1057.56, 1.72, -15.74, 24.59, -406, 396, 439
163, 12, 31.711, -9.930, -22.479, 143.19, -596.50, 1142.33, 9.51, -26.37, 26.20, -363, 386, 432
163, 14, 32.276, -10.904, -23.049, 193.30, -740.72, 1153.44, 37.20, -39.51, 22.60, -363, 386, 432
163, 14, 32.749, -12.149, -22.486, 214.84, -712.83, 1166.56, 74.46, -49.64, 14.21, -363, 386, 432
163, 12, 33.413, -14.093, -21.854, 314.27, -735.96, 1089.97, 98.35, -51.87, 8.21, -363, 386, 432
163, 13, 34.020, -14.993, -20.067, 250.67, -610.17, 1105.90, 127.30, -49.32, 7.69, -363, 386, 432
163, 14, 34.462, -15.131, -16.818, 218.02, -422.61, 1056.82, 143.44, -50.37, 12.60, -363, 386, 432
163, 13, 35.634, -15.416, -14.541, 191.41, -446.17, 1011.54, 158.68, -57.05, 19.15, -363, 386, 432
163, 13, 37.452, -16.024, -13.587, 196.53, -667.60, 990.48, 180.40, -61.69, 21.15, -363, 386, 432
163, 13, 38.925, -17.719, -12.015, 328.98, -606.38, 950.38, 198.50, -59.32, 8.64, -363, 386, 432
163, 13, 40.427, -19.759, -9.595, 409.79, -519.96, 907.04, 226.55, -52.44, 6.89, -363, 386, 432
163, 13, 42.485, -20.958, -5.635, 455.57, -317.93, 878.78, 249.99, -35.53, -4.88, -493, 352, 416
163, 15, 43.287, -22.309, 0.970, 518.19, -8.67, 893.98, 249.99, -20.79, -12.27, -493, 352, 416
163, 12, 43.325, -21.879, 8.980, 465.52, 271.00, 921.33, 231.80, 7.12, -19.66, -493, 352, 416
163, 13, 44.114, -20.742, 15.222, 440.43, 368.23, 951.23, 181.47, 27.22, -6.00, -493, 352, 416
163, 13, 45.591, -19.172, 19.548, 386.05, 384.52, 984.62, 143.61, 36.96, 4.68, -493, 352, 416
163, 14, 47.796, -16.950, 20.001, 273.74, 225.04, 1050.35, 98.89, 42.69, 11.76, -493, 352, 416
163, 12, 49.445, -14.436, 19.664, 167.97, 189.09, 1072.81, 75.10, 39.75, 9.17, -493, 352, 416
163, 13, 50.576, -14.238, 18.366, 358.09, 154.30, 1117.31, 44.57, 36.06, 2.69, -493, 352, 416
163, 14, 51.555, -14.880, 16.668, 505.25, 108.03, 1140.99, 24.67, 48.61, 0.24, -493, 352, 416
163, 13, 52.724, -14.742, 15.600, 465.52, 222.17, 1110.17, 7.94, 66.42, 1.53, -631, 352, 375
163, 13, 53.163, -11.309, 14.812, 148.68, 282.65, 1059.14, -23.19, 76.52, -8.07, -631, 352, 375
163, 14, 52.471, -7.294, 14.070, -36.74, 331.85, 1025.51, -58.24, 58.85, -33.87, -631, 352, 375
163, 13, 51.319, -4.359, 13.306, -25.09, 381.53, 1045.47, -83.53, 44.72, -45.23, -631, 352, 375
163, 12, 50.151, -4.528, 11.211, 187.62, 297.49, 970.28, -120.76, 35.49, -49.48, -631, 352, 375
163, 13, 49.181, -5.458, 8.562, 265.63, 252.75, 945.50, -139.56, 34.63, -46.23, -631, 352, 375
163, 14, 48.482, -5.750, 3.733, 227.54, 70.37, 1065.61, -160.75, 35.34, -43.94, -631, 352, 375
163, 12, 47.850, -5.466, -2.380, 171.75, -186.83, 1044.56, -152.31, 32.91, -42.41, -631, 352, 375
163, 13, 47.299, -4.383, -8.792, 61.22, -497.86, 1190.31, -128.52, 27.75, -33.38, -631, 352, 375
163, 14, 45.896, -5.063, -14.013, 106.81, -745.48, 1204.59, -66.86, 7.62, -26.57, -533, 414, 421
163, 13, 44.875, -6.522, -15.910, 172.12, -610.29, 1200.07, -1.70, -9.12, -17.68, -533, 414, 421
163, 13, 43.634, -9.128, -13.161, 325.62, -116.27, 1133.18, 23.92, -12.53, -17.49, -533, 414, 421
163, 14, 42.399, -10.530, -9.781, 298.10, 36.74, 1128.30, 21.68, -0.98, -19.26, -533, 414, 421
163, 12, 41.545, -11.062, -7.117, 263.24, 39.73, 1132.20, 14.15, 2.48, -16.06, -533, 414, 421
163, 13, 41.249, -10.793, -5.338, 210.39, 18.55, 1119.81, 1.68, 3.62, -4.44, -533, 414, 421
163, 13, 41.264, -10.183, -4.715, 189.51, -51.15, 1123.17, -3.88, 3.57, -3.36, -533, 414, 421
163, 13, 41.625, -9.632, -5.729, 181.27, -150.57, 1134.46, -5.96, 4.68, 2.64, -533, 414, 421
163, 12, 41.796, -9.179, -6.740, 172.24, -190.25, 1137.63, -0.05, 5.66, -0.47, -533, 414, 421
163, 13, 41.771, -8.844, -7.357, 166.81, -186.77, 1133.12, 4.57, 4.95, -2.82, -533, 414, 421
163, 13, 41.363, -8.713, -6.913, 164.18, -139.40, 1133.97, 6.11, 3.11, -2.91, -526, 424, 421
163, 14, 41.041, -8.895, -6.077, 178.65, -99.12, 1130.62, 5.44, 0.44, -2.18, -526, 424, 421
163, 12, 40.893, -9.420, -5.284, 212.71, -73.12, 1130.25, 3.49, 0.55, 0.58, -526, 424, 421
163, 14, 40.904, -9.596, -5.048, 203.37, -91.92, 1129.82, 1.85, 2.18, 0.82, -526, 424, 421
163, 12, 40.944, -9.388, -5.142, 183.78, -107.18, 1131.29, 1.74, 2.10, -0.37, -526, 424, 421
163, 13, 40.898, -9.001, -5.225, 165.22, -109.62, 1131.47, 1.62, 0.68, -2.37, -526, 424, 421
163, 13, 40.876, -8.866, -5.521, 169.68, -124.39, 1130.86, 1.33, -0.39, -1.47, -526, 424, 421
163, 13, 40.871, -8.784, -5.882, 168.46, -135.93, 1135.80, 1.58, -1.48, -0.38, -526, 424, 421
163, 12, 40.785, -8.780, -5.829, 168.27, -119.08, 1128.30, 2.66, -2.67, -0.78, -526, 424, 421
163, 13, 40.807, -9.266, -5.721, 201.90, -113.28, 1135.38, 3.10, -3.31, -0.63, -537, 424, 411
163, 14, 40.859, -9.777, -5.564, 220.83, -106.81, 1136.47, 3.59, -2.01, -0.85, -537, 424, 411
164, 7, 27.305, -10.125, -19.690, 201.35, -432.56, 1062.44, 4.34, 4.69, -27.69, -408, 394, 447
164, 25, 26.030, -11.922, -19.843, 269.53, -408.69, 1029.17, 9.42, 8.52, -25.16, -408, 394, 447
164, 13, 25.524, -12.675, -19.919, 294.13, -388.67, 1008.79, 10.79, 12.95, -22.19, -402, 386, 432
164, 13, 25.141, -13.051, -19.557, 304.38, -357.73, 1024.17, 11.13, 21.35, -15.15, -402, 386, 432
164, 14, 24.752, -12.952, -18.643, 298.10, -308.84, 1035.40, 7.38, 29.50, -10.22, -402, 386, 432
164, 13, 24.538, -12.496, -17.896, 286.56, -294.62, 1042.42, 3.65, 34.48, -6.23, -402, 386, 432
164, 13, 24.597, -11.363, -17.794, 247.19, -308.04, 1035.64, -1.01, 38.94, -0.36, -402, 386, 432
164, 12, 24.641, -10.665, -18.027, 237.55, -311.40, 997.50, -4.38, 40.29, 1.56, -402, 386, 432
164, 14, 24.486, -10.586, -17.891, 254.21, -277.16, 953.98, -8.23, 41.86, 0.66, -402, 386, 432
164, 12, 24.303, -10.268, -17.955, 241.15, -278.38, 959.29, -16.30, 45.86, -0.05, -402, 386, 432
164, 13, 24.217, -9.151, -18.807, 193.05, -326.23, 973.27, -19.75, 46.46, 1.13, -402, 386, 432
164, 14, 24.027, -8.088, -19.619, 169.56, -352.97, 991.76, -20.67, 43.44, 2.85, -402, 386, 432
164, 12, 23.103, -6.814, -18.891, 128.23, -337.83, 1057.37, -21.27, 41.39, 4.14, -399, 439, 439
164, 14, 22.459, -5.305, -18.106, 69.89, -291.99, 1088.62, -26.31, 35.70, 6.20, -399, 439, 439
164, 14, 21.961, -3.456, -17.052, -34.30, -202.70, 1239.38, -39.78, 28.22, 7.08, -399, 439, 439
164, 12, 21.621, -1.532, -18.406, -67.14, -352.91, 1018.74, -50.59, 18.34, 8.06, -399, 439, 439
164, 13, 21.251, -1.329, -20.536, 0.18, -426.21, 988.04, -54.76, 2.51, 10.70, -399, 439, 439
164, 12, 20.730, -1.034, -22.144, -30.88, -445.07, 991.27, -52.50, -10.11, 8.26, -399, 439, 439
164, 14, 20.106, -2.023, -22.815, 20.57, -480.65, 1114.20, -49.65, -22.99, 8.16, -399, 439, 439
164, 12, 20.027, -3.170, -23.951, 46.14, -524.05, 1099.00, -44.20, -34.25, 19.72, -399, 439, 439
164, 13, 20.223, -1.732, -25.138, -216.86, -523.13, 958.62, -40.51, -44.38, 14.20, -399, 439, 439
164, 14, 20.827, -0.691, -26.622, -317.50, -615.36, 901.86, -31.65, -82.98, 19.68, -377, 432, 435
164, 13, 21.549, -1.845, -26.174, -156.31, -544.86, 990.66, -12.02, -124.52, 19.58, -377, 432, 435
164, 13, 22.747, -6.290, -24.890, 152.53, -481.20, 1072.08, -4.55, -136.00, 29.59, -377, 432, 435
164, 14, 24.875, -10.400, -25.773, 267.09, -687.19, 1068.60, 6.98, -134.99, 50.87, -377, 432, 435
164, 12, 27.548, -14.240, -26.397, 398.32, -780.94, 1184.20, 27.76, -132.61, 64.69, -377, 432, 435
164, 13, 30.020, -17.572, -25.564, 408.45, -622.68, 1152.71, 51.67, -120.03, 66.51, -377, 432, 435
164, 14, 33.308, -19.120, -26.420, 337.59, -768.13, 1022.46, 70.92, -106.41, 72.09, -377, 432, 435
164, 13, 36.256, -20.550, -26.194, 360.90, -691.35, 1026.98, 91.28, -100.81, 68.05, -377, 432, 435
164, 13, 37.955, -22.400, -24.364, 471.31, -634.16, 1159.79, 104.95, -84.15, 42.22, -377, 432, 435
164, 13, 40.301, -22.848, -23.954, 574.28, -697.08, 1129.82, 109.47, -43.94, 25.41, -400, 327, 427
164, 15, 41.609, -21.899, -23.103, 436.71, -693.85, 1121.40, 117.17, -19.37, 2.81, -400, 327, 427
164, 12, 41.641, -20.619, -21.088, 389.95, -604.00, 1111.82, 131.38, 5.52, -28.17, -400, 327, 427
164, 13, 40.642, -21.006, -17.440, 518.25, -373.11, 1001.59, 136.46, 32.75, -41.60, -400, 327, 427
164, 14, 39.299, -21.349, -13.331, 586.98, -219.30, 952.39, 126.96, 55.18, -46.90, -400, 327, 427
164, 13, 37.657, -20.503, -9.566, 498.23, -95.64, 856.93, 92.56, 85.04, -58.27, -400, 327, 427
164, 12, 35.874, -17.085, -6.238, 308.59, 1.16, 861.33, 50.57, 102.81, -66.34, -400, 327, 427
164, 14, 34.095, -12.294, -3.413, 95.52, 103.94, 830.02, 20.39, 97.62, -69.46, -400, 327, 427
164, 13, 32.774, -11.249, -1.870, 295.47, 129.21, 763.85, -22.51, 85.03, -63.23, -400, 327, 427
164, 12, 31.654, -9.703, -0.865, 268.25, 188.72, 834.72, -53.72, 83.98, -60.14, -400, 327, 427
164, 14, 31.125, -7.030, -1.937, 170.10, 125.61, 923.89, -101.94, 80.35, -51.48, -470, 378, 428
164, 13, 31.125, -6.446, -6.515, 213.32, -91.25, 774.48, -134.96, 71.72, -33.97, -470, 378, 428
164, 13, 30.899, -6.578, -11.227, 262.63, -154.72, 798.89, -150.38, 71.92, -23.60, -470, 378, 428
164, 13, 30.211, -4.218, -17.542, 46.26, -421.26, 936.77, -161.83, 69.72, -26.51, -470, 378, 428
164, 13, 29.080, -3.228, -23.516, 78.37, -582.46, 961.24, -155.03, 57.94, -24.73, -470, 378, 428
164, 13, 27.910, -3.054, -27.945, 93.93, -689.45, 1102.97, -131.62, 41.82, -14.37, -470, 378, 428
164, 13, 26.993, -3.080, -30.786, 85.51, -779.60, 1185.06, -95.18, 29.08, 3.38, -470, 378, 428
164, 13, 26.099, -3.099, -32.659, 66.77, -852.72, 1189.27, -66.29, 21.64, 7.16, -470, 378, 428
164, 13, 25.135, -2.970, -31.916, 19.23, -701.11, 1144.41, -30.22, 6.26, 2.31, -470, 378, 428
164, 12, 23.491, -4.082, -29.601, 82.28, -621.70, 1126.71, -14.18, -3.11, 2.62, -362, 433, 433
164, 15, 22.489, -6.001, -27.070, 231.26, -472.05, 1081.48, 1.72, -4.49, 11.41, -362, 433, 433
164, 12, 21.859, -6.431, -24.290, 133.36, -317.08, 1015.01, -0.83, 4.38, 23.93, -362, 433, 433
164, 13, 21.644, -4.578, -22.999, -66.16, -398.07, 1026.55, -8.02, 3.09, 30.33, -362, 433, 433
164, 13, 21.835, -3.572, -23.324, -55.97, -597.41, 1122.01, -3.06, -21.50, 36.83, -362, 433, 433
164, 13, 22.110, -3.808, -23.960, -3.78, -697.45, 1132.14, 11.71, -37.80, 34.20, -362, 433, 433
164, 13, 22.390, -5.840, -23.433, 127.32, -670.53, 1155.03, 43.07, -56.50, 28.11, -362, 433, 433
164, 12, 22.934, -8.146, -22.444, 215.15, -700.01, 1206.12, 72.16, -59.27, 26.46, -362, 433, 433
164, 14, 23.655, -9.460, -21.674, 156.25, -707.40, 1141.60, 92.34, -60.30, 20.55, -362, 433, 433
164, 13, 25.002, -10.118, -21.622, 117.86, -871.83, 1121.22, 115.36, -59.20, 15.81, -381, 396, 442
164, 13, 26.448, -10.414, -21.018, 44.62, -880.62, 1010.38, 155.49, -66.87, 16.04, -381, 396, 442
164, 14, 27.578, -10.529, -19.054, 9.70, -656.19, 950.32, 176.90, -73.53, 7.32, -381, 396, 442
164, 13, 28.489, -12.003, -16.459, 151.55, -568.60, 978.45, 196.27, -80.33, -1.74, -381, 396, 442
164, 12, 29.659, -13.751, -13.420, 219.85, -460.21, 976.38, 208.71, -79.46, 4.94, -381, 396, 442
164, 14, 31.033, -16.507, -10.762, 367.68, -450.32, 879.15, 219.09, -72.11, 1.63, -381, 396, 442
164, 13, 31.723, -18.937, -6.772, 412.78, -263.61, 901.18, 223.15, -55.25, -19.51, -381, 396, 442
164, 13, 32.091, -21.986, -1.290, 630.98, -43.58, 895.69, 217.05, -36.53, -16.73, -381, 396, 442
164, 12, 33.084, -22.434, 3.776, 552.73, 84.17, 980.59, 188.23, 3.53, -4.29, -381, 396, 442
164, 14, 34.090, -20.995, 8.928, 413.70, 218.44, 935.06, 164.28, 22.74, -1.51, -381, 396, 442
164, 13, 36.823, -17.296, 12.508, 246.28, 290.28, 1043.52, 120.61, 36.58, 2.44, -569, 368, 398
164, 14, 39.225, -14.221, 13.791, 195.43, 222.47, 1058.53, 80.22, 36.29, -3.02, -569, 368, 398
164, 13, 41.320, -12.414, 13.308, 260.50, 149.84, 1101.20, 47.07, 38.64, -8.31, -569, 368, 398
164, 13, 42.755, -11.624, 11.798, 357.97, 45.47, 1205.99, 31.11, 42.02, -21.16, -569, 368, 398
164, 13, 43.761, -12.292, 11.348, 559.45, 164.86, 1049.38, 8.90, 68.22, -17.89, -569, 368, 398
164, 13, 44.676, -8.119, 9.579, 80.63, 87.16, 1066.35, -13.35, 91.74, -24.43, -569, 368, 398
164, 13, 44.298, -3.114, 8.611, -164.61, 189.64, 1101.93, -40.86, 76.10, -45.46, -569, 368, 398
164, 12, 43.317, -1.278, 9.331, 36.32, 371.52, 1014.47, -57.40, 53.43, -57.10, -569, 368, 398
164, 14, 42.498, -1.796, 10.067, 229.49, 516.72, 943.79, -92.12, 37.49, -51.28, -569, 368, 398
164, 13, 41.753, -3.154, 7.617, 316.41, 282.23, 1013.00, -131.81, 47.38, -40.63, -570, 412, 403
164, 13, 40.996, -1.063, 1.440, -9.16, -154.72, 1066.35, -139.19, 53.05, -44.78, -570, 412, 403
164, 14, 40.101, -0.466, -5.126, 23.62, -568.91, 1176.64, -98.92, 25.86, -36.08, -570, 412, 403
164, 13, 39.529, -1.099, -9.667, 106.63, -650.82, 1195.37, -37.98, 6.97, -17.14, -570, 412, 403
164, 12, 38.987, -2.227, -11.951, 123.41, -508.54, 1172.91, 1.49, -4.83, -15.78, -570, 412, 403
164, 13, 38.656, -4.498, -9.581, 273.56, -31.49, 1137.88, 20.49, -6.38, -4.48, -570, 412, 403
164, 13, 38.408, -5.458, -7.002, 199.52, 64.88, 1133.06, 12.51, 0.46, -6.60, -570, 412, 403
164, 13, 38.511, -6.356, -5.616, 224.18, -0.73, 1141.30, 3.40, 4.64, -2.47, -570, 412, 403
164, 12, 38.923, -6.293, -5.021, 156.25, -52.25, 1138.55, -0.56, 7.78, 1.74, -570, 412, 403
164, 14, 39.380, -5.918, -5.566, 126.04, -122.19, 1141.17, -3.01, 5.51, 0.84, -570, 412, 403
164, 12, 39.482, -5.808, -6.112, 119.32, -142.82, 1140.81, -1.89, 5.88, 5.64, -540, 428, 404
164, 14, 39.475, -5.824, -6.714, 121.52, -166.69, 1143.01, 0.03, 4.76, 2.69, -540, 428, 404
164, 13, 39.327, -5.817, -6.485, 119.38, -129.21, 1141.54, 3.30, 5.31, 0.89, -540, 428, 404
164, 13, 39.156, -5.625, -5.949, 106.99, -104.43, 1139.16, 3.11, 4.12, -0.41, -540, 428, 404
164, 12, 39.001, -5.853, -5.665, 126.28, -105.90, 1140.63, 1.75, 1.22, -2.85, -540, 428, 404
164, 13, 38.926, -6.044, -5.585, 130.68, -111.08, 1139.71, 1.65, 1.27, -2.48, -540, 428, 404
164, 13, 38.894, -6.050, -5.269, 124.15, -93.14, 1138.49, 1.14, 1.37, -0.95, -540, 428, 404
164, 13, 38.921, -5.901, -5.274, 114.75, -104.80, 1140.38, 0.15, 0.95, -0.19, -540, 428, 404
164, 12, 38.955, -5.731, -5.514, 107.85, -120.18, 1141.30, 0.06, -0.25, 0.06, -540, 428, 404
164, 14, 38.898, -5.974, -5.871, 123.66, -133.79, 1142.82, 0.21, -2.14, -0.78, -535, 430, 410
164, 13, 38.890, -6.366, -6.134, 140.32, -137.63, 1142.46, 1.16, -2.15, 0.36, -535, 430, 410
164, 13, 38.971, -6.864, -6.102, 160.58, -124.57, 1152.10, 1.85, -0.75, 3.98, -535, 430, 410
164, 13, 39.152, -6.708, -6.045, 132.20, -121.70, 1151.43, 2.02, 1.13, 7.88, -535, 430, 410
164, 13, 39.360, -6.532, -5.266, 126.40, -73.24, 1156.37, 1.79, 0.76, 13.07, -535, 430, 410
164, 12, 39.775, -5.915, -4.400, 88.93, -35.52, 1172.18, -3.42, 0.14, 22.86, -535, 430, 410
164, 13, 40.277, -4.270, -4.550, -51.15, -101.68, 1203.13, -3.01, -4.62, 25.40, -535, 430, 410
165, 8, 14.779, -3.505, -20.431, 96.98, -371.40, 1002.08, 8.08, 21.99, -7.04, -420, 463, 435
165, 23, 13.957, -3.216, -18.795, 84.78, -323.73, 1019.41, 3.78, 23.97, -16.10, -420, 463, 435
165, 14, 13.669, -2.671, -18.676, 62.44, -327.64, 1028.02, -1.17, 23.45, -20.70, -420, 463, 435
165, 12, 13.365, -2.502, -18.734, 64.27, -322.88, 1014.71, -5.89, 20.60, -23.09, -420, 463, 435
165, 13, 13.021, -3.153, -18.561, 111.27, -293.40, 997.92, -9.81, 19.77, -22.34, -420, 463, 435
165, 14, 12.825, -3.763, -18.339, 133.06, -256.59, 978.33, -19.59, 21.83, -16.44, -420, 463, 435
165, 12, 12.891, -3.924, -18.403, 120.91, -273.13, 1007.32, -26.28, 25.16, -9.28, -420, 463, 435
165, 13, 13.101, -2.224, -19.433, 35.52, -360.66, 1115.91, -34.94, 27.87, 3.90, -404, 472, 413
165, 14, 13.240, -0.168, -20.477, -77.70, -409.42, 1135.44, -36.99, 21.25, 10.87, -404, 472, 413
165, 13, 13.202, 1.786, -21.510, -138.61, -414.86, 1064.45, -39.17, 12.24, 8.45, -404, 472, 413
165, 13, 13.280, 2.967, -21.736, -125.61, -353.76, 1007.26, -43.46, -5.90, 11.60, -404, 472, 413
165, 13, 13.472, 2.300, -21.599, -47.12, -389.04, 1114.62, -44.06, -18.33, 14.70, -404, 472, 413
165, 13, 13.923, 2.495, -21.150, -111.57, -336.06, 1119.38, -44.22, -28.47, 17.77, -404, 472, 413
165, 13, 14.556, 3.162, -22.045, -161.32, -413.70, 1040.47, -46.53, -40.05, 26.73, -404, 472, 413
165, 13, 15.302, 3.116, -22.305, -126.53, -421.08, 1079.28, -45.60, -51.53, 35.92, -404, 472, 413
165, 13, 16.645, 3.971, -23.469, -341.61, -559.57, 1085.94, -35.11, -77.31, 49.72, -404, 472, 413
165, 13, 17.824, 2.442, -23.204, -169.43, -542.05, 1119.51, -14.69, -115.20, 53.18, -372, 458, 433
165, 14, 19.044, -0.290, -24.246, -52.61, -653.87, 1065.80, -7.82, -120.49, 46.80, -372, 458, 433
165, 13, 20.940, -2.819, -25.548, -33.69, -829.77, 1026.06, 19.99, -134.01, 58.51, -372, 458, 433
165, 13, 22.569, -7.471, -24.624, 258.06, -725.40, 1157.65, 54.49, -134.90, 45.46, -372, 458, 433
165, 13, 24.207, -10.680, -24.698, 238.22, -775.63, 1077.21, 62.32, -112.79, 38.65, -372, 458, 433
165, 13, 26.229, -12.178, -24.265, 197.02, -765.69, 1124.76, 84.72, -91.51, 59.58, -372, 458, 433
165, 13, 28.089, -13.319, -23.411, 189.82, -745.30, 1107.54, 104.03, -86.13, 52.44, -372, 458, 433
165, 13, 29.039, -14.831, -22.037, 229.49, -733.83, 1081.18, 127.49, -76.61, 12.79, -372, 458, 433
165, 13, 29.424, -17.124, -19.470, 386.23, -555.18, 1071.90, 136.40, -49.45, 6.18, -372, 458, 433
165, 14, 29.220, -19.251, -16.332, 488.71, -442.20, 1085.33, 139.05, -23.06, -13.24, -372, 458, 433
165, 13, 29.755, -17.871, -14.107, 377.14, -339.72, 1007.63, 134.21, 15.24, -34.53, -459, 368, 432
165, 14, 29.670, -16.088, -11.232, 351.99, -198.00, 980.29, 113.26, 46.55, -43.43, -459, 368, 432
165, 13, 29.284, -13.536, -8.623, 275.70, -131.65, 958.31, 92.88, 61.81, -53.17, -459, 368, 432
165, 13, 28.680, -11.842, -5.997, 287.23, -26.12, 906.31, 62.15, 74.53, -55.21, -459, 368, 432
165, 13, 27.721, -8.408, -3.902, 141.30, 54.08, 889.77, 24.91, 85.68, -68.06, -459, 368, 432
165, 13, 26.886, -5.085, -2.537, 69.95, 97.23, 945.13, -2.34, 73.85, -69.53, -459, 368, 432
165, 13, 26.351, -5.175, -2.463, 314.76, 114.26, 946.17, -41.60, 68.54, -59.90, -459, 368, 432
165, 12, 25.864, -5.675, -2.767, 386.66, 153.75, 893.49, -67.74, 76.90, -55.34, -459, 368, 432
165, 13, 25.708, -4.903, -4.196, 276.61, 133.91, 842.22, -117.57, 96.15, -41.09, -459, 368, 432
165, 13, 24.974, -0.395, -7.026, -51.57, 23.56, 867.37, -147.05, 97.53, -32.85, -455, 453, 428
165, 14, 23.999, 2.283, -12.287, -50.48, -161.44, 797.67, -172.76, 77.15, -31.08, -455, 453, 428
165, 13, 22.583, 2.731, -19.164, 42.11, -538.02, 1004.70, -175.41, 64.82, -26.57, -455, 453, 428
165, 13, 21.012, 3.749, -25.041, -80.20, -695.31, 1102.42, -158.55, 57.95, -13.66, -455, 453, 428
165, 13, 19.798, 4.530, -29.127, -135.01, -822.57, 1192.32, -119.29, 37.23, 10.31, -455, 453, 428
165, 13, 18.746, 4.295, -31.253, -108.22, -872.31, 1249.39, -74.59, 12.19, 18.64, -455, 453, 428
165, 13, 18.070, 2.717, -31.634, 63.90, -759.64, 1181.64, -48.82, 7.03, 22.18, -455, 453, 428
165, 13, 17.549, 2.007, -30.061, 15.93, -529.05, 1113.71, -25.60, 8.53, 19.26, -455, 453, 428
165, 13, 17.315, 1.651, -28.294, -1.16, -472.35, 1122.01, -18.88, 6.08, 23.05, -455, 453, 428
165, 13, 16.916, 1.017, -26.239, 28.50, -456.97, 1084.29, -14.96, 4.71, 36.60, -379, 469, 430
165, 14, 16.734, 0.502, -24.900, 30.33, -463.44, 1053.22, -13.21, 5.20, 41.76, -379, 469, 430
165, 12, 16.410, 1.028, -23.693, -44.31, -444.15, 1032.65, -12.67, 6.71, 36.27, -379, 469, 430
165, 13, 16.297, 3.105, -23.965, -309.88, -615.72, 1129.39, -6.34, -9.74, 27.24, -379, 469, 430
165, 13, 16.090, 3.512, -24.204, -220.28, -707.46, 1201.60, 11.22, -34.32, 22.86, -379, 469, 430
165, 13, 16.191, 2.090, -24.440, -95.03, -855.90, 1212.95, 45.05, -58.76, 22.69, -379, 469, 430
165, 13, 16.351, -0.203, -23.467, -2.56, -796.08, 1199.16, 86.52, -73.55, 14.00, -379, 469, 430
165, 13, 16.675, -1.713, -21.895, -39.37, -694.64, 1139.04, 112.32, -77.39, 12.25, -379, 469, 430
165, 13, 17.578, -2.329, -20.853, -156.07, -772.89, 940.92, 146.66, -90.42, 16.97, -379, 469, 430
165, 13, 18.577, -4.513, -18.273, 23.32, -527.95, 942.44, 167.57, -102.05, 20.99, -379, 469, 430
165, 13, 20.163, -6.664, -15.249, 84.23, -406.01, 968.63, 178.46, -97.45, 12.01, -418, 412, 447
165, 14, 21.870, -8.436, -13.548, 131.41, -497.19, 965.52, 182.69, -89.13, 14.17, -418, 412, 447
165, 13, 23.817, -10.333, -11.731, 205.32, -498.54, 1015.44, 194.04, -84.63, 19.74, -418, 412, 447
165, 12, 25.855, -12.986, -10.377, 321.90, -580.81, 870.36, 220.70, -80.25, 10.26, -418, 412, 447
165, 14, 27.558, -15.408, -6.955, 412.05, -336.12, 959.59, 234.41, -55.34, 8.40, -418, 412, 447
165, 13, 28.836, -17.812, -1.098, 488.34, -3.97, 908.51, 227.39, -32.84, 13.52, -418, 412, 447
165, 13, 30.453, -17.847, 4.716, 401.98, 150.33, 936.34, 196.67, 3.36, 22.08, -418, 412, 447
165, 13, 31.778, -16.037, 10.735, 301.70, 415.16, 1001.04, 156.18, 28.69, 20.99, -418, 412, 447
165, 13, 33.430, -13.732, 15.169, 217.41, 408.39, 1012.70, 123.54, 31.04, 16.40, -418, 412, 447
165, 13, 36.122, -10.056, 17.379, 38.88, 381.23, 1077.21, 73.32, 30.30, 2.10, -590, 378, 380
165, 15, 38.239, -8.611, 16.137, 173.58, 150.76, 1135.93, 37.08, 25.92, -12.55, -590, 378, 380
165, 12, 39.716, -7.764, 14.198, 222.53, 55.73, 1162.90, 27.08, 29.35, -24.42, -590, 378, 380
165, 13, 40.537, -6.762, 12.132, 227.66, 48.95, 1169.62, 9.93, 42.66, -40.05, -590, 378, 380
165, 13, 40.852, -5.294, 11.211, 169.62, 189.58, 1174.99, -4.60, 48.09, -50.13, -590, 378, 380
165, 13, 40.508, -2.899, 12.147, 69.89, 414.79, 1100.34, -31.21, 60.75, -60.52, -590, 378, 380
165, 13, 40.137, -0.861, 12.164, 48.40, 385.01, 1023.93, -61.61, 57.83, -63.90, -590, 378, 380
165, 12, 40.072, -0.262, 10.094, 126.89, 261.54, 1007.75, -99.45, 56.80, -53.04, -590, 378, 380
165, 14, 40.014, 2.652, 5.708, -125.55, 15.32, 1062.93, -103.97, 51.54, -37.83, -590, 378, 380
165, 13, 38.545, 3.849, -0.459, -84.66, -319.70, 1180.05, -96.29, 38.61, -37.00, -549, 444, 403
165, 13, 36.967, 3.723, -5.499, -34.55, -510.13, 1210.27, -61.52, 17.60, -37.37, -549, 444, 403
165, 14, 35.941, 2.644, -8.249, 19.78, -424.87, 1178.65, -13.89, -0.53, -18.70, -549, 444, 403
165, 12, 35.451, -0.099, -7.724, 217.22, -149.96, 1165.41, 9.01, -6.53, -7.74, -549, 444, 403
165, 13, 35.390, -2.274, -5.524, 268.19, 82.70, 1164.43, 7.97, 2.47, 2.97, -549, 444, 403
165, 13, 35.600, -2.944, -4.132, 144.53, 32.78, 1154.36, -1.69, 11.70, 6.89, -549, 444, 403
165, 13, 35.986, -2.077, -4.754, 29.42, -117.37, 1151.55, -2.60, 14.37, 8.48, -549, 444, 403
165, 12, 36.092, -0.798, -5.012, -34.12, -114.69, 1146.48, 0.19, 10.93, 4.15, -549, 444, 403
165, 14, 36.075, -0.110, -4.430, -23.74, -63.96, 1147.22, 0.43, 5.32, 2.84, -549, 444, 403
165, 12, 36.045, 0.230, -4.140, -18.01, -73.24, 1149.11, 0.27, 2.37, 2.43, -549, 444, 403
165, 12, 36.111, -0.063, -4.631, 12.82, -115.84, 1157.84, 0.99, -1.69, 0.67, -554, 435, 408
165, 14, 36.183, -0.801, -4.892, 49.13, -116.27, 1155.09, 3.11, -3.59, 0.92, -554, 435, 408
165, 13, 36.223, -1.532, -4.463, 62.56, -74.28, 1152.22, 4.88, -4.33, -2.05, -554, 435, 408
165, 13, 36.311, -2.379, -3.551, 96.86, -19.65, 1152.28, 4.01, -3.94, -2.23, -554, 435, 408
165, 12, 36.537, -3.001, -3.191, 98.45, -41.26, 1154.60, 1.79, -2.08, -0.89, -554, 435, 408
165, 14, 36.814, -2.916, -3.224, 63.54, -60.18, 1162.54, 0.42, -0.76, -0.24, -554, 435, 408
165, 12, 37.057, -2.411, -3.251, 29.42, -60.30, 1155.27, -0.53, -1.58, 1.18, -554, 435, 408
165, 12, 37.273, -1.922, -3.383, 14.59, -69.27, 1162.78, -1.31, -3.50, 3.07, -554, 435, 408
165, 14, 37.589, -1.791, -3.452, 24.11, -67.57, 1166.38, -2.53, -6.03, 9.87, -554, 435, 408
165, 12, 37.802, -1.314, -3.661, -10.62, -88.75, 1254.21, -3.65, -7.23, 15.80, -560, 458, 406
166, 8, 11.059, 3.134, -17.660, -53.41, -341.61, 1052.25, -2.14, 19.15, -0.75, -436, 532, 437
166, 25, 11.387, 2.901, -17.027, -25.76, -292.85, 1037.84, -4.99, 19.65, -2.62, -436, 532, 437
166, 12, 11.486, 2.858, -16.739, -24.41, -277.71, 1029.97, -9.37, 22.52, -6.10, -436, 532, 437
166, 13, 11.489, 3.313, -16.558, -44.56, -271.48, 1037.48, -17.24, 25.73, -10.93, -436, 532, 437
166, 13, 11.452, 4.164, -16.977, -70.31, -288.57, 1037.72, -24.13, 25.94, -10.43, -436, 532, 437
166, 13, 11.247, 5.599, -17.491, -136.47, -314.27, 1099.73, -28.07, 23.27, -10.70, -436, 532, 437
166, 13, 11.035, 6.875, -17.685, -173.10, -290.47, 1083.92, -34.19, 14.95, -11.91, -436, 532, 437
166, 14, 10.482, 7.875, -17.787, -187.99, -291.02, 1073.24, -41.27, 9.38, -12.24, -404, 543, 420
166, 13, 10.111, 8.484, -18.329, -191.77, -307.80, 1050.29, -50.55, -1.65, -8.58, -404, 543, 420
166, 13, 9.728, 8.466, -19.993, -191.28, -379.58, 1048.34, -52.99, -16.41, -4.36, -404, 543, 420
166, 14, 9.413, 7.803, -21.503, -177.12, -428.65, 1081.60, -49.60, -27.32, 0.92, -404, 543, 420
166, 12, 9.929, 5.883, -20.867, -71.96, -350.52, 1257.20, -41.99, -40.23, 12.92, -404, 543, 420
166, 13, 10.587, 6.094, -21.303, -203.67, -410.28, 1109.86, -42.52, -48.13, 25.60, -404, 543, 420
166, 12, 11.614, 6.953, -22.015, -345.76, -448.79, 1063.72, -37.36, -65.06, 37.38, -404, 543, 420
166, 14, 12.932, 6.800, -22.765, -303.34, -521.24, 1066.89, -25.50, -91.45, 50.38, -404, 543, 420
166, 13, 14.165, 5.916, -23.501, -256.41, -572.33, 1092.41, -20.17, -103.55, 52.46, -404, 543, 420
166, 13, 15.700, 4.772, -24.595, -248.66, -665.22, 1014.28, -5.88, -116.61, 62.26, -404, 543, 420
166, 13, 17.423, 2.535, -24.309, -169.25, -659.48, 1125.79, 18.41, -134.00, 66.46, -388, 485, 456
166, 14, 19.319, -1.821, -22.454, 103.58, -534.42, 1199.71, 31.27, -134.93, 64.60, -388, 485, 456
166, 13, 21.736, -4.727, -22.346, 92.96, -624.88, 1062.68, 47.20, -117.95, 87.91, -388, 485, 456
166, 14, 23.691, -7.551, -20.735, 144.84, -565.31, 1195.74, 70.21, -108.21, 81.37, -388, 485, 456
166, 12, 25.539, -8.842, -20.268, 71.96, -642.70, 1129.70, 80.76, -98.45, 59.93, -388, 485, 456
166, 13, 27.210, -9.992, -20.367, 115.66, -837.71, 1120.18, 100.46, -76.86, 48.82, -388, 485, 456
166, 14, 28.155, -11.597, -19.132, 214.78, -711.24, 1146.97, 124.58, -63.26, 28.51, -388, 485, 456
166, 12, 27.958, -13.939, -16.827, 372.56, -611.02, 1063.78, 153.68, -32.09, -13.83, -388, 485, 456
166, 13, 27.298, -15.619, -14.263, 486.27, -523.13, 1040.65, 156.74, 15.81, -28.62, -388, 485, 456
166, 13, 27.338, -14.016, -10.961, 295.90, -247.31, 964.97, 149.74, 43.56, -36.96, -473, 421, 435
166, 15, 25.728, -10.501, -5.365, 128.48, 48.40, 902.83, 132.95, 81.65, -70.27, -473, 421, 435
166, 13, 24.542, -8.436, -1.852, 203.74, 67.81, 887.88, 78.32, 77.82, -83.48, -473, 421, 435
166, 12, 23.256, -5.433, 1.336, 129.52, 187.81, 922.97, 48.67, 87.81, -96.84, -473, 421, 435
166, 14, 22.421, -0.952, 1.774, -26.31, 110.90, 985.47, 3.91, 93.84, -96.88, -473, 421, 435
166, 12, 22.132, 0.809, 1.036, 91.43, 76.05, 968.26, -24.08, 84.14, -82.86, -473, 421, 435
166, 13, 21.936, 1.923, 0.917, 157.90, 193.91, 884.16, -60.84, 102.04, -65.17, -473, 421, 435
166, 13, 22.134, 4.347, -1.150, 10.86, 99.12, 971.56, -102.54, 98.99, -54.69, -473, 421, 435
166, 13, 22.190, 7.556, -3.521, -106.63, 69.82, 816.10, -127.24, 87.43, -42.15, -473, 421, 435
166, 13, 20.903, 10.880, -7.715, -253.36, -63.17, 972.05, -152.54, 67.47, -40.07, -452, 506, 442
166, 14, 19.125, 10.467, -13.520, -106.32, -299.80, 1047.18, -165.09, 40.60, -41.53, -452, 506, 442
166, 13, 17.448, 9.936, -19.346, -90.03, -572.02, 1160.64, -147.21, 41.83, -21.44, -452, 506, 442
166, 13, 16.363, 10.083, -23.725, -203.37, -628.78, 1143.98, -119.93, 25.37, 8.56, -452, 506, 442
166, 12, 15.332, 9.153, -26.901, -131.84, -671.75, 1149.90, -101.47, 13.47, 12.76, -452, 506, 442
166, 14, 14.442, 7.940, -28.559, -116.03, -667.11, 1134.70, -71.31, 2.50, 15.85, -452, 506, 442
166, 13, 14.030, 7.138, -28.558, -124.88, -578.98, 1077.64, -48.46, -5.74, 28.56, -452, 506, 442
166, 13, 14.194, 5.997, -27.502, -41.81, -466.92, 1108.09, -40.29, -7.91, 34.10, -452, 506, 442
166, 13, 14.421, 5.014, -26.690, -46.33, -523.44, 1149.11, -29.75, -8.09, 38.36, -452, 506, 442
166, 13, 14.942, 4.473, -25.605, -58.90, -478.82, 1112.06, -22.54, -8.87, 48.39, -452, 506, 442
166, 12, 14.832, 4.445, -24.188, -109.99, -496.09, 1135.01, -16.24, -9.21, 46.75, -386, 522, 437
166, 15, 14.364, 4.711, -23.816, -152.53, -568.85, 1134.09, -4.41, -18.62, 38.03, -386, 522, 437
166, 13, 14.200, 5.063, -23.855, -194.64, -622.13, 1127.93, 8.77, -28.95, 37.05, -386, 522, 437
166, 12, 14.111, 4.700, -23.740, -190.00, -670.90, 1113.59, 33.71, -47.79, 29.13, -386, 522, 437
166, 13, 14.045, 3.573, -23.086, -145.02, -694.03, 1146.85, 61.53, -60.42, 22.32, -386, 522, 437
166, 14, 13.513, 1.709, -21.467, -78.00, -592.90, 1196.04, 72.16, -63.34, 4.06, -386, 522, 437
166, 12, 13.388, 0.953, -18.636, -100.22, -477.78, 1209.11, 89.87, -65.59, 6.03, -386, 522, 437
166, 13, 14.249, 0.380, -17.932, -145.87, -655.21, 1083.92, 112.17, -73.20, 25.88, -386, 522, 437
166, 14, 15.071, -0.967, -15.599, -63.96, -467.90, 1041.63, 146.70, -87.77, 21.43, -386, 522, 437
166, 12, 16.703, -2.251, -13.381, -30.27, -426.64, 1080.63, 156.38, -88.13, 15.17, -450, 483, 437
166, 14, 18.454, -3.116, -12.471, -28.93, -578.31, 1033.57, 166.25, -78.90, 25.52, -450, 483, 437
166, 14, 20.490, -4.208, -11.027, 10.74, -583.56, 1024.78, 195.93, -80.89, 36.73, -450, 483, 437
166, 12, 22.635, -6.879, -9.647, 210.27, -627.75, 938.90, 220.19, -83.21, 37.50, -450, 483, 437
166, 13, 24.796, -9.824, -5.441, 306.46, -274.54, 979.00, 243.71, -62.56, 45.87, -450, 483, 437
166, 14, 27.440, -11.779, -0.172, 308.47, -71.53, 938.05, 243.10, -27.60, 66.86, -450, 483, 437
166, 12, 29.556, -12.745, 7.545, 320.25, 286.07, 893.13, 229.64, -1.31, 68.66, -450, 483, 437
166, 13, 31.286, -11.703, 14.134, 203.19, 497.62, 998.96, 167.86, 20.03, 47.97, -450, 483, 437
166, 13, 32.838, -9.401, 19.216, 63.11, 594.30, 1089.42, 125.08, 29.40, 31.48, -450, 483, 437
166, 13, 35.323, -5.411, 20.764, -129.58, 386.17, 1082.82, 68.89, 28.30, -1.61, -620, 416, 382
166, 14, 36.470, -4.607, 19.085, 111.57, 173.03, 1140.14, 28.16, 9.15, -37.65, -620, 416, 382
166, 13, 37.040, -4.100, 16.627, 156.98, 85.02, 1185.97, 10.70, 14.42, -52.56, -620, 416, 382
166, 13, 37.459, -4.440, 15.258, 296.51, 197.14, 1129.64, -0.80, 37.68, -56.18, -620, 416, 382
166, 13, 37.626, -2.825, 14.153, 175.05, 295.78, 1157.84, -31.25, 71.21, -72.81, -620, 416, 382
166, 12, 37.161, -0.270, 13.744, 44.31, 427.19, 1140.75, -63.10, 67.60, -86.69, -620, 416, 382
166, 14, 36.606, 0.261, 13.116, 229.06, 496.28, 987.30, -105.96, 72.63, -87.07, -620, 416, 382
166, 13, 36.275, 0.480, 9.596, 216.43, 218.44, 957.09, -134.08, 77.71, -79.70, -620, 416, 382
166, 12, 35.865, 4.683, 2.208, -261.54, -310.24, 1088.07, -139.51, 74.22, -55.26, -620, 416, 382
166, 14, 35.146, 7.299, -4.458, -332.09, -676.45, 1216.61, -78.81, 40.14, -31.55, -620, 416, 382
166, 13, 33.258, 6.984, -8.933, -119.45, -592.90, 1195.74, -30.81, 13.98, -24.12, -544, 488, 411
166, 13, 32.363, 4.683, -8.450, 86.12, -179.44, 1180.05, 6.74, 5.95, -8.96, -544, 488, 411
166, 13, 31.914, 3.425, -6.425, 38.21, -5.25, 1147.40, 11.31, 8.43, -5.53, -544, 488, 411
166, 13, 31.953, 2.173, -4.473, 72.81, 52.12, 1167.79, 6.41, 5.95, 5.81, -544, 488, 411
166, 13, 32.204, 1.842, -2.872, 17.88, 54.63, 1164.92, 0.67, 13.99, 10.12, -544, 488, 411
166, 12, 32.471, 2.826, -2.229, -79.59, -4.39, 1149.23, -5.03, 15.39, 9.82, -544, 488, 411
166, 13, 32.667, 4.252, -2.342, -150.33, -42.05, 1143.98, -8.08, 11.01, 11.38, -544, 488, 411
166, 13, 32.617, 5.175, -3.601, -167.60, -143.25, 1155.94, -10.17, 2.34, 9.57, -544, 488, 411
166, 13, 32.394, 5.453, -5.020, -137.63, -202.94, 1149.54, -2.87, 0.66, 8.70, -544, 488, 411
166, 13, 32.092, 5.653, -5.758, -134.40, -166.14, 1149.84, 2.60, -0.56, 7.44, -556, 497, 406
166, 13, 31.895, 4.953, -4.863, -81.67, -75.74, 1152.83, 5.99, -3.72, 3.65, -556, 497, 406
166, 13, 31.718, 4.231, -4.084, -64.21, -60.61, 1158.08, 5.78, -4.41, -1.00, -556, 497, 406
166, 12, 31.640, 3.558, -3.390, -50.72, -45.41, 1156.62, 4.62, -5.02, -1.98, -556, 497, 406
166, 14, 31.743, 2.872, -2.992, -33.51, -45.10, 1160.22, 1.77, -4.53, 2.12, -556, 497, 406
166, 12, 32.016, 2.451, -2.722, -34.48, -42.11, 1157.47, -0.32, -3.27, 7.49, -556, 497, 406
166, 12, 32.363, 2.743, -2.746, -68.91, -51.70, 1154.17, -3.20, -1.91, 12.14, -556, 497, 406
166, 14, 32.552, 3.381, -3.291, -107.12, -89.54, 1156.68, -4.50, -2.91, 10.77, -556, 497, 406
166, 12, 32.561, 3.837, -3.621, -123.05, -94.24, 1249.45, -3.94, -6.90, 7.09, -556, 497, 406
166, 13, 32.570, 5.525, -3.132, -310.24, -19.90, 1246.46, -4.26, -10.25, 4.55, -556, 497, 406
166, 13, 32.896, 5.751, -1.432, -232.85, 107.36, 1284.67, -4.83, -30.08, 10.99, -562, 499, 408
166, 14, 33.423, 3.586, -0.454, -50.11, 114.50, 1297.79, -22.76, -56.02, 19.05, -562, 499, 408
167, 8, 24.090, -12.095, -17.025, 323.30, -231.51, 995.91, -12.83, 31.74, 5.82, -402, 375, 432
167, 24, 24.446, -9.527, -16.454, 217.29, -218.20, 1018.98, -27.81, 37.21, 8.66, -402, 375, 432
167, 13, 24.647, -7.914, -16.554, 148.80, -240.11, 1025.94, -35.07, 32.64, 9.66, -402, 375, 432
167, 14, 24.894, -6.006, -18.198, 42.66, -341.25, 1013.55, -43.05, 17.96, 9.30, -402, 375, 432
167, 12, 24.670, -6.931, -19.608, 159.42, -363.83, 985.47, -45.75, 6.61, 8.42, -386, 401, 437
167, 14, 24.253, -6.817, -19.864, 112.55, -340.94, 1003.72, -47.69, 2.98, 9.18, -386, 401, 437
167, 12, 24.150, -6.103, -20.939, 70.07, -403.56, 1045.96, -47.62, -7.64, 14.04, -386, 401, 437
167, 14, 24.102, -5.151, -21.313, -6.59, -365.36, 992.37, -44.71, -19.69, 14.08, -386, 401, 437
167, 12, 24.202, -4.619, -22.484, -44.56, -430.05, 952.21, -43.74, -41.86, 10.73, -386, 401, 437
167, 13, 24.276, -5.904, -22.707, 49.19, -430.30, 999.57, -35.15, -71.27, 14.73, -386, 401, 437
167, 14, 24.776, -7.666, -23.195, 85.69, -467.10, 1040.89, -29.56, -89.52, 20.13, -386, 401, 437
167, 12, 26.131, -11.222, -24.141, 249.88, -525.88, 1054.38, -20.45, -106.45, 27.76, -386, 401, 437
167, 13, 28.107, -13.321, -26.340, 188.11, -675.78, 989.93, -9.93, -111.94, 30.72, -386, 401, 437
167, 14, 29.598, -15.637, -25.213, 234.92, -486.88, 1027.40, 18.79, -122.98, 35.51, -386, 401, 437
167, 13, 31.783, -17.870, -24.217, 290.04, -487.55, 1082.89, 32.88, -131.96, 37.33, -363, 350, 435
167, 14, 35.059, -20.147, -25.969, 360.78, -707.64, 1017.33, 43.82, -131.32, 45.62, -363, 350, 435
167, 13, 37.662, -22.072, -24.624, 396.48, -492.80, 1050.96, 72.15, -127.36, 52.12, -363, 350, 435
167, 13, 41.235, -24.041, -25.715, 478.64, -698.85, 1018.68, 78.87, -119.42, 51.31, -363, 350, 435
167, 13, 44.595, -26.003, -26.071, 576.23, -650.02, 1044.98, 87.44, -105.16, 52.99, -363, 350, 435
167, 14, 46.580, -27.696, -23.771, 636.54, -483.83, 1101.62, 106.40, -80.71, 42.09, -363, 350, 435
167, 13, 48.279, -28.704, -22.449, 687.99, -549.19, 1088.13, 113.62, -51.90, 14.30, -363, 350, 435
167, 13, 49.460, -29.169, -21.133, 767.52, -602.29, 1152.53, 116.38, -24.74, -2.34, -363, 350, 435
167, 13, 50.057, -28.284, -19.551, 638.31, -505.31, 1028.93, 116.75, 16.56, -8.96, -363, 350, 435
167, 13, 50.593, -25.501, -17.287, 601.99, -420.35, 1038.94, 111.51, 42.82, -20.41, -445, 283, 421
167, 14, 50.427, -24.114, -14.678, 557.98, -288.33, 907.96, 106.73, 56.60, -32.27, -445, 283, 421
167, 13, 49.024, -22.608, -10.275, 509.52, -47.85, 856.75, 81.57, 79.47, -36.22, -445, 283, 421
167, 14, 47.979, -19.289, -7.497, 345.21, -52.49, 857.67, 45.54, 89.01, -43.42, -445, 283, 421
167, 13, 47.128, -16.138, -5.940, 291.75, -58.17, 896.24, 23.02, 82.00, -48.04, -445, 283, 421
167, 12, 45.896, -15.872, -4.586, 448.06, 38.82, 857.85, -8.04, 76.80, -50.79, -445, 283, 421
167, 14, 44.404, -15.339, -3.227, 436.58, 113.16, 836.12, -30.88, 83.20, -59.99, -445, 283, 421
167, 13, 43.168, -12.802, -2.788, 256.77, 109.74, 876.65, -67.66, 81.89, -57.70, -445, 283, 421
167, 12, 42.823, -11.100, -5.484, 244.87, -58.53, 890.14, -93.37, 66.88, -47.24, -445, 283, 421
167, 14, 41.755, -11.694, -8.857, 333.07, -159.24, 884.95, -99.59, 52.91, -43.44, -457, 352, 430
167, 13, 40.364, -12.052, -10.825, 339.97, -120.73, 1016.30, -107.05, 50.08, -47.99, -457, 352, 430
167, 13, 39.194, -12.398, -13.222, 360.11, -172.12, 1033.87, -114.61, 51.41, -39.57, -457, 352, 430
167, 13, 38.554, -11.844, -16.874, 267.09, -299.26, 1000.79, -115.72, 44.20, -26.32, -457, 352, 430
167, 14, 38.021, -11.236, -20.739, 251.59, -472.05, 1097.29, -105.51, 34.47, -19.02, -457, 352, 430
167, 13, 37.467, -10.554, -23.909, 193.36, -601.14, 1134.34, -76.79, 21.21, -16.84, -457, 352, 430
167, 12, 36.736, -10.919, -25.121, 239.81, -531.98, 1143.43, -54.40, 11.18, -10.78, -457, 352, 430
167, 14, 36.032, -11.637, -24.903, 255.55, -458.74, 1082.15, -32.98, 5.50, -7.71, -457, 352, 430
167, 13, 35.460, -11.875, -24.586, 246.64, -469.12, 1100.59, -24.57, 4.02, -6.39, -457, 352, 430
167, 12, 34.346, -12.562, -23.434, 233.22, -464.54, 1076.05, -13.13, 1.75, -0.75, -390, 387, 433
167, 15, 33.732, -12.991, -22.577, 237.24, -434.81, 1031.92, -7.34, 1.04, 11.04, -390, 387, 433
167, 13, 33.488, -12.015, -22.586, 167.11, -465.09, 1031.37, -5.74, 0.14, 14.79, -390, 387, 433
167, 12, 33.773, -11.663, -23.464, 169.43, -605.41, 1095.21, 4.54, -12.15, 20.48, -390, 387, 433
167, 14, 34.053, -11.831, -23.891, 191.59, -641.78, 1121.52, 21.62, -21.25, 19.33, -390, 387, 433
167, 13, 34.167, -13.547, -22.437, 304.38, -525.57, 1104.19, 51.45, -27.23, 18.58, -390, 387, 433
167, 12, 34.556, -14.513, -21.369, 300.90, -550.17, 1133.97, 69.42, -26.37, 17.37, -390, 387, 433
167, 13, 34.996, -14.291, -19.884, 232.18, -500.37, 1122.56, 81.94, -28.83, 16.48, -390, 387, 433
167, 14, 35.805, -14.372, -18.146, 232.85, -433.84, 1059.81, 96.73, -35.89, 28.81, -390, 387, 433
167, 13, 36.796, -15.111, -16.232, 263.92, -391.17, 1042.18, 110.34, -40.55, 31.52, -390, 387, 433
167, 13, 38.864, -14.810, -15.421, 200.20, -489.44, 1043.52, 121.41, -46.33, 35.15, -413, 357, 425
167, 15, 40.876, -15.237, -14.122, 207.82, -453.61, 977.54, 147.25, -60.74, 36.99, -413, 357, 425
167, 12, 42.638, -17.799, -11.507, 407.53, -339.54, 960.08, 167.43, -60.79, 35.68, -413, 357, 425
167, 13, 44.293, -20.313, -7.831, 453.98, -180.97, 944.46, 168.81, -55.21, 39.26, -413, 357, 425
167, 14, 45.401, -21.114, -2.165, 379.70, 81.36, 969.54, 159.52, -45.76, 46.56, -413, 357, 425
167, 13, 47.613, -21.804, 0.959, 372.80, 5.55, 915.65, 134.03, -42.82, 58.30, -413, 357, 425
167, 12, 50.077, -23.172, 2.516, 487.12, -12.82, 1055.24, 118.52, -41.64, 58.74, -413, 357, 425
167, 14, 52.839, -23.403, 2.251, 399.90, -171.14, 1022.34, 113.39, -32.43, 51.06, -413, 357, 425
167, 13, 54.890, -24.048, 3.090, 465.76, -71.84, 1077.94, 118.30, -30.51, 42.49, -413, 357, 425
167, 13, 57.459, -24.692, 4.210, 557.50, -66.71, 1083.19, 120.70, -16.94, 31.36, -549, 309, 389
167, 13, 59.252, -24.225, 6.528, 471.44, 81.73, 1047.42, 115.40, 0.05, 37.61, -549, 309, 389
167, 14, 60.721, -23.870, 8.478, 450.32, 109.31, 1018.01, 103.69, 6.39, 36.00, -549, 309, 389
167, 13, 61.085, -23.081, 11.243, 413.57, 246.64, 1038.94, 77.10, 10.89, 26.24, -549, 309, 389
167, 13, 61.584, -21.995, 12.276, 381.04, 225.40, 1040.41, 41.64, 16.69, 26.65, -549, 309, 389
167, 14, 62.219, -20.145, 11.980, 264.83, 178.71, 1036.07, 21.39, 17.08, 27.70, -549, 309, 389
167, 12, 63.055, -20.672, 9.286, 455.93, -72.94, 1122.56, 7.03, 10.41, 11.39, -549, 309, 389
167, 13, 63.666, -21.350, 6.637, 534.18, -165.16, 1154.24, 9.53, 16.84, -1.79, -549, 309, 389
167, 14, 63.497, -20.703, 5.324, 418.40, -39.06, 1119.26, 15.63, 31.04, -16.95, -549, 309, 389
167, 12, 61.906, -19.677, 6.040, 390.56, 111.08, 1081.85, 5.78, 35.96, -37.52, -583, 308, 374
167, 14, 59.884, -17.739, 6.990, 300.54, 196.29, 1069.21, -23.07, 39.73, -53.81, -583, 308, 374
167, 14, 57.812, -15.969, 7.310, 284.18, 212.65, 1078.92, -46.92, 37.25, -62.21, -583, 308, 374
167, 13, 56.464, -15.622, 5.095, 356.51, 54.75, 1069.95, -65.54, 31.24, -62.48, -583, 308, 374
167, 12, 55.636, -14.327, 2.263, 262.15, -34.48, 1060.42, -64.56, 31.41, -51.76, -583, 308, 374
167, 13, 55.063, -13.623, -0.707, 292.60, -155.70, 1099.43, -47.80, 29.42, -45.20, -583, 308, 374
167, 14, 54.377, -12.696, -2.945, 211.61, -188.05, 1068.36, -24.50, 15.12, -47.05, -583, 308, 374
167, 13, 53.440, -13.551, -3.400, 350.22, -84.41, 1091.19, -13.82, 7.63, -45.92, -583, 308, 374
167, 12, 52.927, -14.258, -2.868, 359.92, -22.03, 1078.25, -1.17, 7.10, -29.26, -583, 308, 374
167, 14, 52.645, -14.681, -1.735, 351.99, 34.91, 1080.08, 4.54, 5.01, -19.74, -583, 308, 374
167, 12, 51.908, -15.733, -0.224, 392.21, 76.48, 1100.22, 5.47, 2.66, -14.60, -563, 359, 386
167, 14, 51.816, -15.785, 0.136, 341.49, 21.00, 1110.53, 0.47, 8.81, -6.32, -563, 359, 386
167, 14, 52.059, -15.083, -0.544, 285.89, -42.85, 1110.41, -0.45, 10.11, -2.72, -563, 359, 386
167, 12, 52.274, -14.070, -1.318, 234.44, -73.43, 1110.96, 2.94, 7.52, -0.53, -563, 359, 386
167, 13, 52.351, -13.278, -1.899, 223.27, -78.31, 1114.32, 5.16, 4.91, 0.43, -563, 359, 386
167, 13, 52.366, -13.063, -2.226, 240.05, -73.67, 1109.86, 7.72, 0.59, 2.79, -563, 359, 386
167, 13, 52.285, -13.430, -2.082, 270.81, -50.72, 1112.12, 9.09, -3.25, 2.69, -563, 359, 386
167, 12, 52.166, -14.132, -1.291, 310.61, 2.69, 1116.27, 9.22, -3.99, 4.26, -563, 359, 386
167, 13, 52.279, -14.616, -0.365, 312.87, 39.12, 1115.54, 6.79, -3.28, 13.10, -563, 359, 386
167, 13, 52.497, -14.753, 0.191, 300.72, 28.38, 1128.97, 4.04, -3.91, 9.25, -560, 348, 379
167, 14, 52.836, -12.417, 0.149, 26.43, 9.28, 1210.21, -0.56, -6.45, 13.83, -560, 348, 379
167, 13, 52.771, -10.537, 0.505, -106.32, 54.32, 1254.88, -2.73, -40.18, 7.82, -560, 348, 379
167, 13, 52.505, -9.872, 0.389, -53.71, 11.23, 1250.79, -7.97, -67.20, 1.73, -560, 348, 379
167, 13, 52.359, -11.688, -1.079, 150.76, -100.40, 1174.32, -11.99, -94.38, -2.54, -560, 348, 379
167, 12, 52.582, -14.496, -2.983, 262.27, -178.53, 1121.34, -10.18, -100.60, -4.55, -560, 348, 379
167, 14, 52.834, -17.447, -4.396, 328.25, -177.98, 1084.17, -1.24, -102.79, -14.66, -560, 348, 379
168, 8, 50.901, -20.303, -14.091, 432.07, -268.25, 1069.76, 7.90, 20.42, -9.95, -436, 363, 427
168, 25, 49.832, -18.194, -14.135, 357.48, -305.18, 1081.73, 9.16, 27.81, -14.19, -436, 363, 427
168, 13, 48.830, -17.315, -13.828, 319.46, -293.82, 1064.33, 13.63, 25.47, -18.29, -432, 370, 430
168, 13, 47.700, -17.113, -12.770, 318.42, -241.76, 1027.16, 15.46, 22.41, -19.17, -432, 370, 430
168, 14, 46.668, -17.459, -11.528, 347.11, -193.12, 1005.37, 13.78, 19.94, -19.97, -432, 370, 430
168, 13, 45.871, -17.684, -10.601, 353.94, -174.26, 1000.85, 8.08, 19.80, -17.89, -432, 370, 430
168, 13, 45.346, -17.838, -10.139, 367.00, -173.58, 1011.72, 3.15, 20.52, -15.08, -432, 370, 430
168, 14, 45.049, -17.689, -10.255, 363.04, -188.11, 1027.53, -3.61, 22.24, -12.68, -432, 370, 430
168, 13, 44.757, -17.534, -10.480, 357.97, -187.93, 1022.64, -8.81, 22.16, -12.27, -432, 370, 430
168, 12, 44.462, -17.718, -10.811, 375.37, -191.35, 1003.91, -11.65, 22.35, -12.66, -432, 370, 430
168, 14, 44.255, -18.074, -11.143, 399.90, -186.58, 994.57, -15.46, 24.15, -8.16, -432, 370, 430
168, 13, 44.160, -18.349, -11.268, 415.95, -161.99, 983.83, -20.44, 30.04, 0.92, -432, 370, 430
168, 13, 43.913, -18.244, -11.271, 380.19, -161.38, 987.85, -24.64, 34.03, 5.98, -439, 398, 423
168, 15, 43.648, -17.178, -11.064, 305.85, -142.15, 956.67, -31.73, 34.13, 10.16, -439, 398, 423
168, 12, 43.367, -16.199, -11.180, 289.49, -150.76, 979.43, -41.56, 30.46, 10.79, -439, 398, 423
168, 13, 43.246, -14.962, -12.232, 268.43, -205.02, 1031.98, -47.85, 28.18, 13.37, -439, 398, 423
168, 14, 43.108, -12.699, -13.248, 120.36, -224.00, 1096.86, -55.53, 21.38, 16.88, -439, 398, 423
168, 13, 42.947, -10.961, -14.664, 92.41, -273.07, 1055.18, -59.68, 11.00, 19.52, -439, 398, 423
168, 13, 42.871, -10.293, -17.293, 87.22, -407.78, 1028.81, -62.36, -7.88, 14.41, -439, 398, 423
168, 12, 42.685, -11.092, -19.281, 160.16, -392.88, 996.03, -56.68, -22.08, 18.72, -439, 398, 423
168, 14, 42.601, -12.358, -20.646, 208.44, -424.26, 1058.65, -50.16, -29.41, 23.07, -439, 398, 423
168, 13, 42.320, -12.785, -20.595, 134.70, -378.30, 1012.94, -41.64, -43.08, 26.22, -395, 403, 439
168, 13, 42.540, -13.342, -21.232, 127.75, -414.49, 990.23, -35.87, -65.64, 29.74, -395, 403, 439
168, 14, 43.033, -14.853, -22.458, 193.97, -487.37, 1034.06, -29.98, -77.53, 29.26, -395, 403, 439
168, 13, 44.096, -15.474, -22.192, 115.23, -428.59, 1087.65, -16.12, -96.13, 42.13, -395, 403, 439
168, 13, 46.815, -16.966, -24.523, 141.54, -613.71, 915.16, -1.29, -121.84, 63.47, -395, 403, 439
168, 13, 48.715, -20.151, -23.475, 318.05, -421.08, 1052.37, 10.31, -135.46, 61.90, -395, 403, 439
168, 13, 51.401, -24.255, -23.748, 535.03, -463.01, 1057.86, 14.13, -132.22, 67.73, -395, 403, 439
168, 13, 55.047, -25.702, -25.352, 473.94, -580.99, 1112.55, 22.70, -119.69, 84.43, -395, 403, 439
168, 14, 58.828, -25.700, -25.441, 344.06, -522.77, 1067.99, 55.66, -116.97, 101.33, -395, 403, 439
168, 13, 63.579, -25.625, -25.301, 459.23, -489.07, 1087.28, 67.69, -119.30, 112.85, -374, 294, 432
168, 14, 67.945, -27.249, -26.155, 688.90, -652.71, 1097.41, 79.34, -98.21, 95.77, -374, 294, 432
168, 13, 71.264, -28.695, -25.740, 720.34, -571.17, 1079.53, 89.70, -76.99, 75.78, -374, 294, 432
168, 13, 72.538, -28.555, -23.495, 652.71, -524.29, 1158.69, 96.05, -47.91, 27.62, -374, 294, 432
168, 13, 74.076, -28.320, -23.316, 605.71, -739.32, 1094.42, 102.40, -28.44, 1.58, -374, 294, 432
168, 13, 74.376, -27.585, -20.848, 567.14, -524.41, 1116.52, 122.28, -12.18, -8.11, -374, 294, 432
168, 14, 74.214, -28.162, -18.504, 711.67, -560.97, 1122.01, 132.61, 9.06, -27.14, -374, 294, 432
168, 13, 72.672, -29.245, -14.729, 747.19, -383.24, 1007.39, 137.60, 29.95, -56.92, -374, 294, 432
168, 13, 69.413, -29.672, -8.620, 759.77, -51.03, 955.26, 119.89, 64.41, -68.70, -374, 294, 432
168, 13, 66.762, -29.069, -4.420, 763.85, -68.24, 887.33, 84.98, 101.69, -72.49, -489, 295, 423
168, 14, 64.620, -24.220, -1.787, 287.35, -53.28, 823.49, 61.46, 110.62, -78.38, -489, 295, 423
168, 13, 62.174, -19.469, 0.933, 117.98, 76.78, 731.75, 23.65, 86.98, -67.97, -489, 295, 423
168, 14, 59.418, -18.719, 3.576, 307.43, 195.31, 699.58, -20.74, 61.84, -67.13, -489, 295, 423
168, 12, 57.029, -18.429, 4.993, 416.50, 262.76, 815.37, -59.52, 61.37, -65.03, -489, 295, 423
168, 13, 55.827, -17.607, 3.284, 391.36, 130.80, 925.48, -110.01, 63.16, -49.71, -489, 295, 423
168, 13, 55.235, -18.317, -0.566, 496.09, -34.18, 818.79, -129.00, 59.27, -43.77, -489, 295, 423
168, 14, 54.747, -18.146, -4.848, 458.37, -93.51, 915.10, -142.99, 61.65, -39.39, -489, 295, 423
168, 12, 54.454, -16.584, -9.849, 326.11, -208.31, 947.88, -145.59, 59.20, -31.38, -489, 295, 423
168, 13, 54.256, -14.425, -15.424, 220.58, -449.34, 1050.90, -134.74, 48.95, -22.94, -489, 295, 423
168, 14, 53.238, -14.143, -19.785, 229.55, -538.70, 1097.35, -102.63, 27.29, -16.13, -422, 359, 444
168, 14, 52.191, -15.634, -21.992, 356.14, -490.66, 1061.83, -76.17, 15.65, -13.31, -422, 359, 444
168, 13, 51.200, -16.674, -23.318, 350.89, -475.28, 1066.28, -62.97, 17.36, -6.41, -422, 359, 444
168, 14, 50.333, -15.736, -23.986, 250.61, -484.86, 1071.29, -46.14, 16.75, 5.18, -422, 359, 444
168, 12, 49.594, -15.198, -24.331, 243.35, -510.99, 1066.77, -26.53, 8.43, 8.57, -422, 359, 444
168, 13, 49.085, -16.030, -24.113, 319.34, -509.77, 1078.43, -9.57, 4.85, 12.87, -422, 359, 444
168, 14, 48.975, -14.538, -23.252, 144.96, -445.01, 1061.04, 1.60, 0.96, 26.02, -422, 359, 444
168, 12, 48.956, -13.819, -22.656, 178.10, -468.93, 1054.14, 5.78, -11.57, 30.36, -422, 359, 444
168, 13, 49.358, -14.683, -22.922, 267.82, -575.56, 1112.30, 20.57, -22.89, 28.56, -422, 359, 444
168, 13, 48.989, -15.950, -21.341, 271.36, -521.30, 1130.68, 45.49, -30.01, 18.99, -388, 364, 439
168, 15, 49.273, -17.197, -20.154, 303.83, -504.52, 1103.27, 68.66, -37.86, 21.88, -388, 364, 439
168, 13, 49.645, -17.819, -18.690, 292.72, -449.83, 1075.32, 79.69, -38.45, 23.20, -388, 364, 439
168, 12, 50.872, -18.150, -18.048, 238.71, -463.93, 981.57, 88.55, -48.46, 32.51, -388, 364, 439
168, 14, 51.556, -19.926, -15.223, 339.97, -314.45, 1015.01, 99.43, -56.72, 37.55, -388, 364, 439
168, 13, 53.067, -19.907, -13.586, 240.84, -343.08, 1032.71, 108.71, -65.37, 42.38, -388, 364, 439
168, 13, 55.131, -21.497, -12.941, 362.00, -429.57, 1031.62, 120.69, -71.73, 45.33, -388, 364, 439
168, 14, 57.422, -22.861, -12.304, 383.73, -463.75, 1046.14, 135.35, -70.43, 45.43, -388, 364, 439
168, 13, 59.759, -24.598, -12.089, 428.53, -612.79, 972.90, 160.77, -70.23, 25.16, -388, 364, 439
168, 12, 62.661, -25.686, -10.943, 493.35, -562.32, 970.70, 190.06, -63.30, 17.51, -475, 299, 413
168, 15, 63.811, -27.713, -6.590, 598.51, -198.79, 947.94, 198.59, -49.39, 10.58, -475, 299, 413
168, 13, 63.670, -28.302, 0.187, 513.85, 89.90, 901.73, 189.32, -25.48, 12.90, -475, 299, 413
168, 13, 63.695, -28.360, 5.668, 530.94, 159.85, 958.31, 155.75, -10.41, 16.40, -475, 299, 413
168, 14, 63.829, -27.257, 9.916, 425.29, 182.92, 961.12, 132.42, -5.61, 13.91, -475, 299, 413
168, 12, 65.372, -27.795, 10.246, 550.78, 29.54, 996.89, 99.88, 0.73, 23.62, -475, 299, 413
168, 13, 66.714, -27.423, 10.378, 494.93, 57.50, 1015.20, 88.39, 9.36, 23.03, -475, 299, 413
168, 13, 68.148, -27.199, 9.450, 499.76, -48.34, 1044.68, 76.17, 12.90, 17.91, -475, 299, 413
168, 13, 69.088, -26.914, 8.687, 515.93, -76.97, 1068.36, 77.84, 20.48, 3.10, -475, 299, 413
168, 13, 69.468, -26.428, 8.606, 502.81, -3.30, 1061.40, 77.47, 24.46, 1.70, -585, 299, 382
168, 13, 68.821, -25.963, 9.525, 510.31, 90.15, 1055.05, 71.40, 30.56, -13.28, -585, 299, 382
168, 14, 67.096, -24.819, 11.836, 463.20, 222.96, 1024.72, 51.95, 38.09, -26.56, -585, 299, 382
168, 13, 65.312, -22.490, 13.742, 353.76, 294.25, 1057.43, 28.50, 38.80, -31.75, -585, 299, 382
168, 13, 64.024, -21.685, 13.424, 467.47, 226.56, 1107.54, -2.17, 40.79, -33.97, -585, 299, 382
168, 14, 62.915, -19.374, 12.100, 320.68, 166.38, 1068.48, -21.20, 46.38, -41.37, -585, 299, 382
168, 12, 61.025, -16.421, 11.097, 214.78, 203.49, 1057.74, -48.38, 42.98, -60.40, -585, 299, 382
168, 13, 59.234, -15.122, 8.849, 284.00, 129.58, 1063.96, -66.38, 33.49, -66.28, -585, 299, 382
168, 14, 58.035, -14.745, 5.853, 328.80, 22.52, 1064.58, -71.04, 30.29, -57.53, -585, 299, 382
168, 13, 57.561, -15.008, 2.792, 400.63, -54.57, 1063.23, -65.73, 34.61, -35.51, -585, 299, 382
168, 13, 56.470, -15.355, 1.171, 359.74, 5.19, 1068.73, -48.94, 28.82, -30.59, -599, 348, 389
168, 13, 55.803, -14.276, -0.488, 232.36, -49.07, 1036.50, -35.56, 21.23, -25.33, -599, 348, 389
168, 14, 55.360, -15.866, -1.141, 424.99, -47.55, 1050.84, -15.28, 2.78, -15.29, -599, 348, 389
168, 13, 55.133, -17.280, -1.271, 470.70, -38.51, 1074.34, -1.09, 6.04, -11.70, -599, 348, 389
168, 12, 54.793, -17.678, -0.172, 409.06, 61.58, 1100.95, 3.09, 8.32, -8.03, -599, 348, 389
168, 14, 54.801, -16.646, 0.328, 301.64, 34.97, 1094.30, -0.03, 12.14, -1.83, -599, 348, 389
168, 13, 54.947, -15.501, 0.448, 265.75, 18.19, 1095.21, -0.15, 11.25, 3.45, -599, 348, 389
168, 12, 55.273, -14.538, -0.062, 246.52, -25.70, 1108.64, 0.89, 7.92, 9.12, -599, 348, 389
168, 14, 55.466, -14.080, -0.360, 252.01, -24.72, 1105.65, 3.05, 3.07, 10.35, -599, 348, 389
168, 13, 55.542, -14.799, -0.596, 317.81, -31.13, 1105.77, 4.03, 0.56, 10.44, -581, 348, 382
168, 13, 55.442, -15.573, -0.293, 347.23, -0.31, 1111.08, 5.74, 0.21, 5.59, -581, 348, 382
168, 14, 55.299, -16.239, 0.204, 360.84, 20.20, 1106.51, 6.32, 1.39, 2.62, -581, 348, 382
168, 12, 55.049, -16.200, 1.059, 318.12, 55.42, 1098.63, 5.14, 2.12, 0.43, -581, 348, 382
168, 13, 54.790, -15.878, 1.950, 290.89, 83.13, 1098.02, 0.94, -0.63, 0.92, -581, 348, 382
168, 13, 54.780, -15.826, 1.910, 305.11, 39.67, 1108.83, -2.81, -2.66, 1.82, -581, 348, 382
168, 13, 55.096, -16.124, 1.236, 329.83, 0.00, 1114.99, -4.65, -3.49, 8.64, -581, 348, 382
168, 13, 55.550, -16.566, 0.591, 346.25, -9.22, 1107.67, -4.49, -2.96, 15.00, -581, 348, 382
168, 12, 55.833, -16.905, -0.454, 354.25, -68.24, 1119.69, -1.65, -1.92, 2.69, -581, 348, 382
168, 14, 55.710, -15.073, -0.228, 153.26, 3.97, 1114.81, 1.91, -3.75, 6.56, -570, 355, 379
169, 9, 44.930, -14.837, -12.886, 276.79, -240.48, 1081.54, -9.32, 8.87, -0.26, -448, 382, 439
169, 25, 44.610, -15.610, -13.701, 324.77, -267.09, 1074.22, -12.42, 11.72, 3.74, -448, 382, 439
169, 14, 44.655, -15.984, -14.616, 362.49, -326.17, 1080.20, -8.92, 16.57, 4.91, -448, 382, 439
169, 12, 44.620, -16.122, -15.220, 361.57, -332.76, 1077.58, -1.63, 23.42, 5.13, -448, 382, 439
169, 13, 44.225, -15.920, -14.857, 329.83, -283.63, 1064.76, 2.31, 26.79, 2.27, -448, 382, 439
169, 13, 43.461, -15.162, -13.573, 290.95, -224.12, 1060.12, 3.49, 28.85, -4.30, -448, 382, 439
169, 13, 42.619, -14.291, -12.366, 271.00, -203.86, 1070.80, 1.52, 28.37, -10.10, -448, 382, 439
169, 13, 41.722, -13.403, -11.585, 247.80, -197.20, 1052.37, -4.62, 26.25, -16.90, -448, 382, 439
169, 13, 40.527, -13.475, -11.139, 267.52, -194.89, 1041.44, -11.92, 24.35, -21.73, -452, 407, 428
169, 15, 39.643, -13.968, -11.137, 311.04, -189.58, 1027.04, -17.72, 25.65, -21.42, -452, 407, 428
169, 13, 38.981, -14.433, -11.563, 331.67, -188.66, 996.28, -27.96, 30.62, -17.11, -452, 407, 428
169, 12, 38.109, -14.483, -11.608, 310.61, -154.42, 976.07, -36.71, 35.77, -21.11, -452, 407, 428
169, 14, 37.897, -13.368, -13.408, 239.69, -252.20, 966.13, -40.12, 35.07, -10.09, -452, 407, 428
169, 13, 37.818, -12.413, -15.547, 226.26, -329.65, 1001.59, -42.59, 32.07, 0.02, -452, 407, 428
169, 13, 37.584, -11.807, -17.346, 227.23, -359.50, 1025.76, -40.55, 29.82, 3.59, -452, 407, 428
169, 12, 37.036, -10.396, -17.723, 169.07, -334.23, 1087.52, -36.03, 26.34, 8.30, -452, 407, 428
169, 14, 36.474, -8.663, -17.813, 67.69, -351.68, 1188.23, -32.93, 14.78, 4.96, -452, 407, 428
169, 13, 35.976, -6.827, -17.438, -48.83, -284.67, 1115.17, -30.50, 0.94, 5.53, -452, 407, 428
169, 12, 35.215, -5.792, -16.519, -102.60, -273.32, 1138.55, -30.77, -26.00, 7.24, -406, 432, 445
169, 15, 34.959, -5.293, -15.795, -122.13, -203.19, 942.20, -34.70, -56.55, 14.88, -406, 432, 445
169, 12, 34.812, -6.014, -15.264, -34.12, -222.35, 961.73, -37.02, -74.07, 18.18, -406, 432, 445
169, 13, 35.091, -8.257, -17.204, 58.65, -387.88, 956.79, -37.91, -97.76, 17.67, -406, 432, 445
169, 14, 35.791, -10.952, -19.188, 125.67, -448.43, 1004.88, -35.93, -109.05, 21.32, -406, 432, 445
169, 12, 37.324, -13.903, -22.142, 197.33, -690.19, 1035.40, -23.96, -121.98, 22.63, -406, 432, 445
169, 13, 39.541, -16.675, -23.981, 245.67, -665.47, 1059.75, 5.72, -132.82, 41.90, -406, 432, 445
169, 14, 41.337, -20.577, -22.972, 450.44, -471.50, 1174.01, 22.86, -130.73, 47.89, -406, 432, 445
169, 13, 44.255, -23.424, -24.017, 485.29, -581.79, 1065.12, 35.22, -116.37, 60.49, -406, 432, 445
169, 13, 48.760, -23.761, -25.785, 441.71, -667.72, 1075.38, 57.86, -101.68, 82.96, -395, 332, 432
169, 15, 52.537, -24.325, -26.398, 487.67, -637.15, 1102.23, 71.79, -98.99, 79.09, -395, 332, 432
169, 12, 55.498, -25.824, -25.924, 632.93, -607.18, 1139.10, 83.07, -80.35, 65.73, -395, 332, 432
169, 13, 57.756, -25.560, -24.476, 564.58, -577.76, 1171.02, 100.29, -54.32, 54.92, -395, 332, 432
169, 13, 59.583, -25.273, -22.425, 515.81, -514.53, 1118.90, 114.63, -47.61, 44.65, -395, 332, 432
169, 14, 61.001, -26.107, -20.697, 583.92, -571.41, 1069.70, 137.06, -34.26, 14.95, -395, 332, 432
169, 13, 61.545, -26.987, -17.960, 617.13, -453.61, 1029.24, 143.87, -10.34, -0.83, -395, 332, 432
169, 13, 59.997, -28.203, -12.142, 663.64, -108.64, 960.51, 138.59, 10.19, -24.60, -395, 332, 432
169, 14, 58.369, -27.805, -7.002, 634.16, -40.22, 1013.85, 110.50, 39.87, -28.54, -395, 332, 432
169, 12, 58.281, -25.685, -3.694, 568.18, -75.81, 1003.36, 92.58, 60.26, -24.74, -487, 297, 408
169, 14, 58.102, -22.063, -2.542, 340.70, -116.09, 951.35, 65.06, 73.20, -37.70, -487, 297, 408
169, 14, 56.851, -19.225, -1.051, 334.11, -43.64, 965.45, 43.15, 69.69, -60.61, -487, 297, 408
169, 13, 55.142, -18.459, 0.697, 407.41, 27.47, 901.49, 27.01, 69.15, -67.50, -487, 297, 408
169, 12, 53.371, -17.582, 2.249, 416.44, 113.59, 899.35, -5.49, 75.01, -67.55, -487, 297, 408
169, 14, 51.838, -15.373, 2.731, 295.29, 113.40, 946.96, -40.08, 68.44, -67.98, -487, 297, 408
169, 13, 50.098, -13.529, 3.516, 247.86, 203.31, 889.22, -62.08, 58.71, -66.36, -487, 297, 408
169, 12, 48.605, -13.568, 3.431, 374.21, 258.48, 842.71, -102.12, 51.87, -58.35, -487, 297, 408
169, 13, 47.634, -13.357, 1.844, 361.51, 191.16, 865.72, -133.78, 55.99, -49.14, -487, 297, 408
169, 14, 47.234, -11.007, -3.143, 161.87, -33.14, 878.85, -167.67, 48.39, -46.04, -487, 297, 408
169, 12, 45.933, -11.734, -9.057, 293.82, -187.74, 971.68, -178.12, 33.73, -41.55, -464, 370, 433
169, 14, 45.087, -12.095, -15.557, 325.56, -508.67, 1080.08, -168.22, 32.29, -35.35, -464, 370, 433
169, 14, 44.584, -12.497, -21.235, 345.34, -675.05, 1097.78, -135.51, 30.62, -16.71, -464, 370, 433
169, 13, 44.052, -12.702, -25.189, 314.64, -719.73, 1110.23, -92.19, 29.10, -7.91, -464, 370, 433
169, 12, 43.370, -12.662, -27.620, 283.75, -725.65, 1142.03, -61.47, 29.21, -2.85, -464, 370, 433
169, 14, 42.277, -12.785, -26.688, 275.27, -519.90, 1117.07, -23.80, 29.25, 5.79, -464, 370, 433
169, 13, 41.258, -12.013, -25.103, 201.54, -437.56, 1100.83, -11.39, 27.72, 6.38, -464, 370, 433
169, 12, 40.570, -11.334, -23.111, 176.94, -336.43, 1083.25, -5.37, 19.03, 14.15, -464, 370, 433
169, 14, 40.256, -11.118, -21.286, 205.51, -301.45, 1063.96, -4.68, 13.25, 23.41, -464, 370, 433
169, 13, 39.481, -11.034, -19.059, 162.17, -290.77, 1077.51, -8.67, 11.30, 26.52, -374, 396, 452
169, 13, 39.424, -9.687, -20.366, 28.20, -601.07, 1113.83, -10.71, 4.82, 24.68, -374, 396, 452
169, 13, 39.324, -9.474, -21.111, 43.64, -663.57, 1108.95, 18.34, -21.50, 17.13, -374, 396, 452
169, 13, 39.104, -11.421, -20.947, 225.04, -603.94, 1085.75, 37.93, -33.25, 11.25, -374, 396, 452
169, 13, 38.695, -13.778, -18.506, 297.55, -393.07, 1074.40, 57.32, -34.61, 9.35, -374, 396, 452
169, 13, 38.961, -13.984, -17.646, 199.95, -442.26, 1057.07, 64.46, -32.28, 20.93, -374, 396, 452
169, 13, 39.458, -13.878, -16.236, 165.65, -414.67, 1089.72, 76.39, -44.73, 26.13, -374, 396, 452
169, 13, 40.443, -14.316, -15.110, 172.91, -422.24, 1067.08, 92.02, -58.59, 33.88, -374, 396, 452
169, 13, 41.497, -15.843, -13.710, 271.91, -376.04, 1097.35, 98.45, -58.98, 40.37, -374, 396, 452
169, 14, 43.965, -16.663, -13.887, 290.89, -518.74, 1060.24, 108.42, -59.56, 42.40, -438, 368, 445
169, 14, 46.412, -17.766, -13.666, 353.03, -574.95, 1075.44, 134.06, -58.18, 45.85, -438, 368, 445
169, 13, 48.841, -19.045, -12.852, 382.20, -535.10, 1035.83, 154.72, -56.23, 45.37, -438, 368, 445
169, 13, 50.533, -20.772, -10.187, 440.67, -351.20, 1056.64, 175.67, -52.40, 31.81, -438, 368, 445
169, 13, 51.612, -22.102, -5.266, 435.61, -110.41, 1016.05, 174.95, -39.67, 38.70, -438, 368, 445
169, 13, 53.276, -23.427, -1.228, 515.87, -58.47, 1072.88, 168.51, -28.00, 52.25, -438, 368, 445
169, 13, 55.865, -23.942, 0.383, 474.18, -165.04, 1019.04, 166.10, -14.92, 56.00, -438, 368, 445
169, 14, 58.331, -24.123, 1.999, 434.20, -136.90, 1005.68, 167.73, -10.78, 56.57, -438, 368, 445
169, 13, 60.522, -24.989, 3.829, 467.83, -91.00, 969.60, 167.05, -8.17, 56.02, -438, 368, 445
169, 12, 61.456, -25.192, 7.963, 472.72, 96.01, 982.97, 156.99, 4.29, 36.35, -567, 334, 365
169, 15, 61.290, -24.553, 12.079, 487.55, 233.28, 1093.26, 133.71, 20.06, 15.85, -567, 334, 365
169, 13, 61.334, -22.436, 14.888, 328.80, 240.60, 1058.41, 114.17, 27.80, 16.40, -567, 334, 365
169, 13, 61.437, -21.322, 15.852, 368.35, 204.04, 1054.02, 88.24, 27.26, 14.84, -567, 334, 365
169, 14, 61.430, -19.694, 15.889, 281.19, 140.08, 1057.74, 74.23, 27.69, 1.45, -567, 334, 365
169, 12, 60.728, -18.591, 15.791, 335.08, 175.78, 1129.64, 56.76, 27.31, -16.07, -567, 334, 365
169, 13, 59.547, -18.022, 15.614, 379.27, 204.53, 1117.61, 36.30, 30.96, -31.25, -567, 334, 365
169, 14, 58.432, -17.169, 14.867, 354.49, 179.38, 1127.26, 21.54, 31.91, -37.95, -567, 334, 365
169, 13, 56.683, -16.532, 14.759, 374.39, 247.01, 1099.18, 1.88, 36.45, -56.43, -567, 334, 365
169, 12, 54.689, -14.740, 14.475, 286.68, 265.87, 1072.45, -20.84, 39.74, -71.79, -567, 334, 365
169, 13, 52.630, -11.854, 13.955, 194.15, 286.38, 1111.94, -35.80, 41.10, -79.73, -620, 345, 362
169, 15, 50.968, -9.915, 12.948, 192.08, 286.13, 1108.89, -58.62, 37.18, -76.26, -620, 345, 362
169, 13, 49.432, -9.518, 12.608, 274.54, 369.20, 1049.62, -74.49, 30.94, -69.34, -620, 345, 362
169, 12, 48.853, -9.766, 9.621, 293.95, 108.15, 1053.89, -72.77, 23.07, -54.05, -620, 345, 362
169, 14, 48.629, -9.917, 6.906, 270.32, 61.10, 1047.00, -61.62, 19.67, -41.04, -620, 345, 362
169, 13, 48.584, -10.192, 3.505, 290.59, -103.39, 1070.01, -51.52, 16.24, -38.03, -620, 345, 362
169, 12, 48.727, -10.507, 0.830, 307.43, -130.19, 1088.99, -32.06, 19.15, -27.61, -620, 345, 362
169, 14, 48.932, -10.388, -0.828, 246.95, -111.82, 1104.74, -10.09, 12.49, -20.71, -620, 345, 362
169, 13, 49.120, -10.756, -1.102, 278.69, -36.19, 1109.80, 1.30, 10.00, -12.81, -620, 345, 362
169, 12, 48.750, -11.175, 0.668, 270.87, 106.75, 1127.14, 9.41, 7.73, -4.67, -588, 377, 386
169, 15, 48.752, -11.023, 1.938, 238.22, 114.62, 1129.03, 4.86, 10.58, 3.81, -588, 377, 386
169, 12, 48.900, -10.287, 2.602, 185.30, 86.43, 1124.69, 2.73, 9.74, 5.42, -588, 377, 386
169, 13, 49.032, -9.704, 2.784, 174.26, 63.66, 1128.97, 1.50, 5.81, 4.35, -588, 377, 386
169, 12, 49.085, -9.331, 2.715, 171.63, 49.44, 1131.16, 0.64, 3.29, 2.14, -588, 377, 386
169, 14, 49.097, -9.692, 2.761, 210.88, 55.11, 1127.20, 0.94, -0.06, 1.92, -588, 377, 386
169, 12, 49.126, -10.129, 2.913, 224.85, 65.31, 1128.66, 0.59, -0.76, 2.17, -588, 377, 386
169, 13, 49.231, -10.760, 2.828, 252.50, 52.86, 1129.82, -0.24, -0.54, 2.32, -588, 377, 386
169, 13, 49.386, -11.168, 2.678, 248.35, 47.73, 1127.62, -0.53, 0.19, 2.73, -588, 377, 386
169, 13, 49.436, -11.666, 2.429, 256.59, 37.41, 1131.71, -1.01, 0.32, 2.85, -590, 389, 380
169, 13, 49.519, -11.823, 2.086, 245.91, 24.48, 1131.47, -0.43, 1.59, 2.46, -590, 389, 380
169, 14, 49.554, -11.619, 1.962, 223.33, 31.62, 1130.55, 0.61, 2.04, 2.66, -590, 389, 380
169, 12, 49.604, -11.545, 1.633, 226.99, 13.24, 1136.66, 1.37, 1.17, 2.40, -590, 389, 380
169, 13, 49.546, -11.492, 1.654, 224.37, 27.47, 1130.07, 2.94, 0.52, 1.06, -590, 389, 380
169, 13, 49.395, -11.484, 2.243, 225.71, 69.34, 1129.70, 2.28, -0.34, 1.30, -590, 389, 380
169, 13, 49.314, -11.726, 2.642, 246.09, 72.27, 1133.97, 0.39, -0.57, 1.66, -590, 389, 380
169, 13, 49.396, -12.021, 2.615, 258.48, 53.28, 1139.47, -0.90, 0.27, 3.77, -590, 389, 380
169, 12, 49.694, -11.767, 2.643, 225.71, 60.97, 1140.81, -1.68, 1.70, 13.69, -590, 389, 380
169, 14, 50.167, -10.998, 2.912, 175.96, 85.27, 1141.17, -3.46, 1.91, 26.45, -590, 389, 380
169, 12, 50.666, -7.898, 1.966, -160.95, -24.66, 1196.41, -6.61, -2.03, 26.61, -576, 396, 394
169, 14, 50.542, -6.237, 2.151, -200.87, 76.11, 1267.03, -7.01, -40.53, 19.62, -576, 396, 394
170, 8, 36.415, -7.063, -10.647, 114.81, -210.88, 1096.80, -9.24, 9.18, -3.84, -485, 412, 440
170, 23, 35.842, -8.585, -10.903, 210.82, -207.82, 1106.75, -8.93, 8.05, -7.90, -485, 412, 440
170, 14, 35.325, -9.150, -11.089, 214.17, -218.81, 1112.00, -11.38, 13.99, -8.22, -473, 432, 432
170, 13, 34.892, -9.238, -11.369, 207.82, -225.16, 1113.89, -12.21, 20.05, -8.19, -473, 432, 432
170, 13, 34.473, -8.545, -12.133, 161.56, -257.69, 1091.06, -10.77, 20.96, -10.44, -473, 432, 432
170, 14, 34.069, -8.255, -12.577, 168.64, -257.39, 1086.49, -7.26, 20.23, -6.00, -473, 432, 432
170, 12, 33.605, -8.392, -12.750, 185.97, -252.26, 1079.22, -5.52, 19.92, -7.88, -473, 432, 432
170, 13, 32.982, -9.117, -12.174, 238.77, -187.13, 1035.10, -6.66, 21.67, -13.72, -473, 432, 432
170, 13, 32.300, -9.742, -11.558, 265.99, -141.54, 1012.15, -15.88, 28.90, -17.81, -473, 432, 432
170, 13, 31.669, -9.878, -11.029, 255.49, -119.57, 1014.95, -24.64, 35.85, -18.51, -473, 432, 432
170, 13, 31.067, -7.602, -11.176, 111.88, -160.89, 1151.79, -36.61, 43.66, -19.81, -473, 432, 432
170, 13, 30.104, -4.658, -11.890, -31.80, -217.65, 1173.77, -40.50, 40.71, -19.56, -459, 453, 425
170, 14, 29.272, -2.874, -13.080, -15.50, -271.48, 1119.87, -40.54, 26.58, -14.85, -459, 453, 425
170, 13, 28.372, -1.032, -14.099, -114.93, -308.29, 1196.11, -41.15, 13.51, -16.64, -459, 453, 425
170, 13, 27.532, 0.233, -14.411, -105.29, -241.88, 1059.69, -39.66, -0.18, -13.21, -459, 453, 425
170, 13, 27.011, 1.039, -14.230, -135.44, -199.10, 1074.52, -42.44, -18.86, -7.07, -459, 453, 425
170, 13, 26.742, 1.469, -14.558, -156.01, -224.30, 1016.48, -44.06, -43.55, -3.30, -459, 453, 425
170, 13, 26.573, 0.837, -14.470, -100.83, -213.26, 1034.30, -44.10, -60.76, -2.38, -459, 453, 425
170, 12, 26.664, -1.319, -13.904, -16.36, -159.85, 1048.22, -46.01, -82.76, -2.53, -459, 453, 425
170, 14, 27.127, -2.312, -14.404, -71.47, -226.44, 1048.03, -47.27, -95.51, 6.84, -459, 453, 425
170, 13, 28.138, -3.752, -17.241, -126.28, -460.75, 982.42, -40.01, -121.54, 18.21, -409, 421, 445
170, 13, 29.004, -8.811, -17.795, 180.18, -387.82, 1124.27, -20.19, -151.57, 8.23, -409, 421, 445
170, 14, 30.330, -13.914, -19.224, 351.44, -473.69, 1144.78, -19.69, -149.96, 7.49, -409, 421, 445
170, 13, 33.122, -17.298, -21.929, 398.50, -660.71, 1115.78, -5.37, -131.05, 46.75, -409, 421, 445
170, 13, 36.681, -19.541, -23.834, 427.80, -677.98, 1162.17, 23.86, -117.68, 79.25, -409, 421, 445
170, 13, 39.683, -20.858, -23.732, 438.96, -552.98, 1233.64, 34.37, -104.08, 88.97, -409, 421, 445
170, 13, 42.933, -21.071, -24.164, 386.17, -596.19, 1152.77, 51.99, -82.45, 91.89, -409, 421, 445
170, 13, 45.793, -20.869, -23.934, 346.19, -620.42, 1181.76, 67.57, -76.25, 84.80, -409, 421, 445
170, 14, 47.915, -22.673, -22.640, 526.67, -595.03, 1196.96, 92.73, -66.58, 65.45, -409, 421, 445
170, 13, 49.622, -23.803, -21.296, 569.15, -609.07, 1196.84, 109.66, -38.63, 47.15, -409, 421, 445
170, 13, 51.536, -22.469, -19.799, 491.52, -565.06, 1191.71, 119.86, -19.64, 23.31, -455, 315, 418
170, 14, 52.159, -22.389, -17.606, 572.14, -503.72, 1119.20, 136.51, 6.66, -7.88, -455, 315, 418
170, 13, 51.522, -22.084, -13.350, 555.48, -275.21, 1091.67, 134.58, 35.03, -23.63, -455, 315, 418
170, 13, 51.102, -21.300, -9.434, 505.25, -179.57, 1005.92, 125.54, 52.96, -19.16, -455, 315, 418
170, 13, 50.789, -19.609, -5.593, 452.21, -83.74, 998.84, 110.40, 76.67, -12.05, -455, 315, 418
170, 14, 49.977, -16.529, -2.113, 306.64, -7.87, 972.72, 86.14, 87.07, -30.92, -455, 315, 418
170, 12, 48.457, -13.156, 2.164, 172.30, 184.27, 950.93, 68.95, 81.60, -47.27, -455, 315, 418
170, 13, 46.407, -12.027, 5.765, 302.55, 289.73, 922.06, 28.91, 65.36, -73.97, -455, 315, 418
170, 13, 44.663, -11.551, 8.085, 378.23, 329.65, 926.88, -6.09, 63.96, -77.56, -455, 315, 418
170, 13, 43.112, -9.791, 8.267, 267.52, 257.51, 993.16, -55.08, 71.70, -80.79, -533, 375, 421
170, 14, 41.741, -8.425, 7.366, 239.44, 252.75, 969.30, -95.54, 64.46, -81.78, -533, 375, 421
170, 13, 40.536, -7.696, 5.297, 243.71, 190.25, 910.83, -123.94, 60.99, -78.71, -533, 375, 421
170, 13, 39.844, -6.826, 0.722, 200.74, 33.39, 896.30, -156.13, 61.24, -63.80, -533, 375, 421
170, 12, 39.027, -5.487, -4.923, 127.38, -98.94, 898.19, -170.36, 54.45, -56.98, -533, 375, 421
170, 14, 38.079, -4.135, -11.137, 76.72, -309.27, 1092.96, -172.07, 43.34, -46.99, -533, 375, 421
170, 13, 37.314, -4.311, -17.349, 182.13, -619.81, 1176.15, -142.11, 28.43, -30.87, -533, 375, 421
170, 12, 36.776, -4.776, -22.446, 192.87, -718.02, 1146.97, -111.38, 22.74, -13.37, -533, 375, 421
170, 13, 36.462, -5.400, -25.475, 202.58, -703.00, 1158.81, -66.72, 18.88, 3.98, -533, 375, 421
170, 14, 35.150, -7.211, -25.591, 258.91, -655.09, 1164.79, -29.35, 20.64, 12.66, -418, 426, 433
170, 13, 33.945, -7.838, -24.378, 181.03, -529.97, 1137.70, -11.10, 23.38, 16.51, -418, 426, 433
170, 13, 33.041, -7.080, -21.718, 76.23, -324.89, 1149.29, 2.01, 23.52, 21.80, -418, 426, 433
170, 14, 32.506, -6.091, -18.853, 32.41, -185.97, 1073.30, 0.57, 19.08, 28.89, -418, 426, 433
170, 12, 32.304, -4.980, -17.203, 4.82, -242.68, 1067.26, -11.54, 10.20, 33.69, -418, 426, 433
170, 13, 32.348, -2.964, -17.810, -146.42, -426.21, 1056.21, -12.86, -1.43, 32.17, -418, 426, 433
170, 13, 32.309, -2.284, -19.029, -137.76, -617.43, 1135.93, 3.40, -25.51, 25.02, -418, 426, 433
170, 13, 32.117, -4.384, -19.000, 88.68, -574.28, 1167.18, 33.18, -46.94, 17.65, -418, 426, 433
170, 13, 32.291, -6.739, -18.555, 165.95, -549.13, 1153.87, 49.90, -50.44, 21.52, -418, 426, 433
170, 12, 32.847, -7.833, -18.191, 98.75, -550.42, 1099.37, 69.82, -51.93, 26.76, -418, 426, 433
170, 14, 33.487, -8.413, -16.268, 82.76, -426.09, 1117.74, 90.66, -61.87, 28.75, -427, 417, 442
170, 14, 34.675, -9.902, -15.738, 142.52, -521.91, 1046.81, 101.67, -69.38, 31.08, -427, 417, 442
170, 12, 35.684, -11.444, -13.052, 188.60, -353.33, 1148.93, 124.70, -72.41, 40.21, -427, 417, 442
170, 14, 37.867, -12.586, -11.856, 169.01, -511.66, 1098.21, 152.48, -78.09, 54.79, -427, 417, 442
170, 13, 40.085, -14.692, -9.914, 281.49, -406.31, 1073.06, 168.22, -78.99, 59.52, -427, 417, 442
170, 13, 42.001, -17.776, -5.909, 446.17, -203.43, 1098.57, 186.32, -68.34, 61.79, -427, 417, 442
170, 14, 44.375, -19.964, -1.576, 423.10, -71.96, 1037.66, 187.84, -52.61, 80.33, -427, 417, 442
170, 12, 46.873, -21.588, 2.957, 367.19, 25.09, 908.33, 186.66, -48.69, 89.76, -427, 417, 442
170, 13, 48.822, -22.056, 7.398, 352.17, 125.06, 998.41, 167.20, -44.74, 79.72, -427, 417, 442
170, 14, 52.457, -21.762, 10.167, 346.62, 129.15, 1037.29, 151.62, -36.13, 82.86, -554, 350, 408
170, 14, 55.750, -21.550, 11.112, 323.85, 52.19, 1102.97, 138.55, -31.04, 82.51, -554, 350, 408
170, 13, 58.112, -22.909, 11.373, 469.24, -56.70, 1077.94, 136.05, -27.69, 50.17, -554, 350, 408
170, 14, 59.647, -24.024, 12.554, 525.94, 76.48, 1140.75, 130.23, -16.98, 36.84, -554, 350, 408
170, 12, 60.265, -23.000, 14.764, 407.47, 229.61, 1105.59, 110.95, 6.87, 28.73, -554, 350, 408
170, 13, 60.158, -20.635, 16.715, 238.22, 283.33, 1124.94, 87.00, 15.30, 8.10, -554, 350, 408
170, 13, 59.804, -18.534, 17.202, 204.71, 200.32, 1123.90, 70.28, 12.98, -8.70, -554, 350, 408
170, 14, 58.821, -16.432, 17.046, 178.22, 178.77, 1116.09, 48.65, 14.45, -31.88, -554, 350, 408
170, 12, 57.188, -15.151, 16.309, 247.31, 149.29, 1131.71, 33.95, 13.18, -59.36, -554, 350, 408
170, 13, 55.461, -15.381, 15.054, 455.75, 64.09, 1181.82, 28.56, 22.33, -78.29, -627, 338, 351
170, 15, 54.110, -14.783, 14.057, 425.17, 96.92, 1176.82, 22.00, 44.09, -80.21, -627, 338, 351
170, 13, 52.721, -12.135, 12.516, 229.80, 50.54, 1181.52, 12.33, 59.02, -91.45, -627, 338, 351
170, 12, 50.727, -8.636, 13.368, 75.68, 281.43, 1093.87, 4.67, 51.20, -94.28, -627, 338, 351
170, 14, 48.998, -6.120, 14.590, 78.55, 386.54, 1063.35, -11.74, 43.42, -85.85, -627, 338, 351
170, 13, 47.822, -5.972, 15.553, 273.62, 443.91, 1051.76, -24.98, 40.39, -70.50, -627, 338, 351
170, 12, 47.486, -5.612, 14.594, 200.20, 288.33, 1031.19, -40.77, 37.28, -50.40, -627, 338, 351
170, 14, 47.444, -3.938, 12.266, 39.79, 146.85, 1046.45, -38.16, 24.02, -38.10, -627, 338, 351
170, 13, 47.479, -4.761, 10.140, 218.20, 95.58, 1074.83, -29.62, 14.21, -28.13, -627, 338, 351
170, 12, 47.323, -6.658, 8.188, 309.81, 38.02, 1073.49, -16.88, 9.05, -15.17, -611, 382, 357
170, 14, 47.539, -8.067, 6.799, 303.77, 25.09, 1094.67, -4.03, 9.16, -4.46, -611, 382, 357
170, 13, 47.836, -9.281, 6.769, 309.57, 125.00, 1132.14, 5.13, 8.64, 3.17, -611, 382, 357
170, 13, 48.225, -9.127, 7.023, 206.85, 152.65, 1133.30, 4.17, 14.66, 7.08, -611, 382, 357
170, 12, 48.442, -7.900, 7.647, 106.81, 192.50, 1132.81, 2.00, 12.99, 6.48, -611, 382, 357
170, 14, 48.629, -6.894, 7.598, 90.70, 150.82, 1127.81, -0.83, 7.69, 6.48, -611, 382, 357
170, 12, 48.719, -6.459, 7.298, 108.52, 130.74, 1132.02, -1.24, 4.05, 5.41, -611, 382, 357
170, 13, 48.853, -6.691, 6.957, 144.71, 122.07, 1140.50, -1.05, 1.46, 8.61, -611, 382, 357
170, 13, 48.952, -7.120, 6.743, 161.68, 123.60, 1134.64, -0.93, 0.00, 8.11, -611, 382, 357
170, 13, 49.033, -8.024, 6.551, 216.13, 118.65, 1138.85, -0.21, 0.05, 6.18, -611, 382, 357
170, 12, 48.939, -8.809, 6.695, 221.86, 139.95, 1136.72, 0.11, 1.81, 2.24, -627, 398, 358
170, 14, 48.912, -9.260, 6.642, 216.25, 129.88, 1138.79, -0.58, 2.65, 1.37, -627, 398, 358
170, 13, 48.961, -9.209, 6.284, 186.65, 106.45, 1133.42, -0.70, 3.97, 1.75, -627, 398, 358
170, 13, 48.955, -9.061, 6.083, 178.53, 109.07, 1135.01, 0.27, 4.03, 1.04, -627, 398, 358
170, 12, 48.885, -8.732, 6.163, 161.56, 123.84, 1136.72, 1.23, 3.67, 0.57, -627, 398, 358
170, 14, 48.771, -8.298, 6.130, 144.78, 117.07, 1141.42, 1.16, 2.07, -1.14, -627, 398, 358
170, 12, 48.635, -8.318, 5.662, 166.26, 80.14, 1135.62, 2.35, 0.45, -4.57, -627, 398, 358
170, 13, 48.428, -8.718, 5.655, 198.43, 100.65, 1140.75, 4.97, 0.12, -6.66, -627, 398, 358
170, 13, 48.198, -8.985, 6.265, 201.42, 148.56, 1138.24, 5.73, 1.17, -6.59, -627, 398, 358
170, 13, 48.123, -9.023, 7.050, 193.85, 177.61, 1134.03, 3.72, 2.38, -3.82, -622, 393, 374
170, 13, 48.241, -8.832, 7.657, 177.61, 194.21, 1145.51, 0.14, 2.98, 3.09, -622, 393, 374
170, 13, 48.595, -8.305, 8.244, 139.53, 217.04, 1145.51, -3.82, 2.67, 14.88, -622, 393, 374
170, 13, 49.450, -7.204, 6.990, 67.32, 90.76, 1266.85, -9.26, 1.51, 30.86, -622, 393, 374
170, 13, 50.234, -4.762, 5.072, -209.53, -76.42, 1302.25, -6.62, -3.11, 33.87, -622, 393, 374
170, 12, 50.349, -3.273, 5.271, -239.62, 108.89, 1361.33, 9.78, -38.14, 25.92, -622, 393, 374
171, 7, 18.392, 2.796, -12.943, -39.92, -252.81, 1061.65, 2.82, 10.12, -12.41, -443, 501, 427
171, 25, 18.249, 1.224, -12.997, 28.26, -237.30, 1051.15, -0.50, 13.59, -4.31, -443, 501, 427
171, 13, 18.400, 1.490, -12.896, -13.18, -235.11, 1083.62, -3.60, 17.37, 0.98, -443, 501, 427
171, 13, 18.486, 2.623, -13.130, -63.72, -249.21, 1096.86, -7.84, 18.03, 2.53, -443, 501, 427
171, 13, 18.473, 3.938, -13.310, -109.13, -251.40, 1096.56, -10.22, 14.79, 2.52, -443, 501, 427
171, 12, 18.571, 4.686, -13.084, -102.72, -230.10, 1079.16, -13.76, 8.00, 7.09, -443, 501, 427
171, 14, 18.753, 4.569, -13.100, -78.86, -232.67, 1058.11, -16.24, 4.34, 10.23, -452, 509, 432
171, 14, 18.999, 3.919, -13.615, -49.38, -248.90, 1041.63, -20.02, 1.95, 15.08, -452, 509, 432
171, 12, 19.356, 3.778, -14.397, -65.06, -280.82, 1076.78, -22.70, 1.56, 24.04, -452, 509, 432
171, 13, 19.675, 4.209, -15.135, -96.80, -305.54, 1095.95, -23.00, -0.99, 28.25, -452, 509, 432
171, 14, 20.034, 4.500, -14.597, -125.49, -288.45, 1245.91, -22.59, -8.38, 27.50, -452, 509, 432
171, 12, 20.227, 4.831, -14.667, -137.21, -312.68, 1218.81, -22.38, -13.05, 24.92, -452, 509, 432
171, 13, 20.655, 4.536, -13.751, -135.01, -280.58, 1450.07, -22.01, -16.65, 26.23, -452, 509, 432
171, 14, 20.801, 5.730, -14.991, -263.67, -360.90, 1065.49, -21.69, -23.41, 18.49, -452, 509, 432
171, 12, 21.085, 6.400, -14.844, -243.16, -275.39, 1086.49, -19.92, -36.14, 23.21, -452, 509, 432
171, 13, 21.686, 4.489, -14.009, -91.74, -249.27, 1134.46, -18.57, -49.13, 32.05, -441, 502, 408
171, 15, 22.347, 3.545, -14.137, -104.13, -286.32, 1114.20, -21.60, -50.96, 45.39, -441, 502, 408
171, 13, 23.505, 3.574, -14.147, -154.54, -280.70, 1113.28, -22.46, -54.87, 59.42, -441, 502, 408
171, 12, 24.624, 2.825, -15.075, -125.55, -366.21, 1111.08, -15.50, -64.77, 63.96, -441, 502, 408
171, 14, 25.845, 2.289, -15.941, -181.88, -440.37, 1103.76, -1.37, -80.26, 63.84, -441, 502, 408
171, 13, 27.051, 0.596, -16.875, -90.82, -518.07, 1130.25, 11.31, -89.80, 64.74, -441, 502, 408
171, 13, 28.158, -1.918, -16.891, -6.77, -477.05, 1136.54, 31.04, -99.14, 61.49, -441, 502, 408
171, 12, 29.289, -4.395, -16.376, 38.76, -422.79, 1123.17, 38.85, -98.95, 64.48, -441, 502, 408
171, 14, 30.962, -7.219, -15.917, 127.99, -405.70, 1068.05, 47.52, -95.34, 75.76, -441, 502, 408
171, 12, 32.617, -9.629, -13.695, 159.06, -274.96, 1111.63, 54.63, -91.59, 82.25, -441, 502, 408
171, 13, 35.133, -10.969, -11.068, 149.78, -138.00, 1082.34, 53.94, -89.59, 79.88, -454, 416, 423
171, 15, 37.247, -11.264, -9.938, 103.76, -198.91, 1179.93, 46.89, -87.88, 66.99, -454, 416, 423
171, 13, 39.110, -13.432, -10.843, 252.08, -365.91, 1085.39, 48.89, -85.31, 43.56, -454, 416, 423
171, 12, 40.474, -15.277, -11.496, 305.54, -374.08, 1132.32, 48.80, -69.66, 25.33, -454, 416, 423
171, 14, 41.393, -15.316, -12.442, 225.89, -477.72, 1168.09, 50.99, -40.02, 7.33, -454, 416, 423
171, 13, 41.780, -15.031, -12.686, 231.63, -431.64, 1151.18, 58.26, -21.22, -1.37, -454, 416, 423
171, 13, 41.618, -14.094, -12.438, 181.21, -404.72, 1182.74, 57.66, -10.15, -13.08, -454, 416, 423
171, 14, 40.950, -15.132, -10.412, 368.29, -237.37, 1118.47, 67.02, 9.84, -13.14, -454, 416, 423
171, 12, 40.093, -15.661, -8.673, 411.32, -214.05, 1148.25, 63.13, 29.44, -27.56, -454, 416, 423
171, 13, 39.507, -13.940, -8.379, 349.49, -254.21, 1109.25, 52.74, 60.81, -52.54, -505, 371, 421
171, 14, 38.412, -10.180, -7.001, 120.85, -126.65, 1079.47, 41.88, 75.39, -54.50, -505, 371, 421
171, 14, 37.126, -7.174, -6.221, 114.01, -126.65, 1058.53, 31.76, 71.98, -64.65, -505, 371, 421
171, 12, 35.945, -5.929, -4.920, 169.25, -52.00, 992.61, 22.48, 68.52, -60.32, -505, 371, 421
171, 13, 35.206, -3.664, -3.284, 91.74, 53.53, 1058.84, 4.41, 72.67, -42.25, -505, 371, 421
171, 13, 34.706, -1.220, -3.202, 26.86, -12.21, 979.61, -14.02, 65.72, -41.09, -505, 371, 421
171, 13, 34.231, 0.197, -3.406, 43.95, 4.21, 1073.24, -36.96, 60.71, -38.31, -505, 371, 421
171, 12, 33.634, 0.706, -4.818, 84.53, -63.84, 1101.68, -49.89, 61.55, -39.60, -505, 371, 421
171, 14, 32.908, 0.888, -6.859, 113.65, -129.82, 1109.07, -58.47, 63.76, -38.41, -505, 371, 421
171, 12, 31.219, 1.934, -9.075, -6.90, -196.59, 1162.66, -60.85, 65.38, -27.37, -493, 465, 430
171, 14, 30.121, 2.626, -11.014, -22.09, -215.52, 1069.40, -62.23, 55.11, -7.42, -493, 465, 430
171, 14, 29.471, 4.109, -11.933, -86.12, -192.63, 1050.11, -64.80, 45.91, 12.52, -493, 465, 430
171, 12, 28.457, 5.756, -13.008, -155.76, -224.37, 1099.85, -66.41, 37.03, -2.45, -493, 465, 430
171, 13, 27.242, 5.104, -13.854, -73.00, -252.32, 1165.77, -61.34, 20.30, -14.98, -493, 465, 430
171, 13, 26.476, 4.088, -14.715, -29.79, -270.94, 1125.06, -53.41, 13.61, -4.54, -493, 465, 430
171, 13, 26.089, 3.199, -15.974, -4.52, -356.57, 1211.36, -47.12, 15.65, 9.90, -493, 465, 430
171, 13, 25.749, 2.940, -16.465, -44.07, -338.44, 1168.76, -35.07, 15.41, 15.30, -493, 465, 430
171, 13, 25.469, 2.649, -16.413, -30.40, -298.34, 1099.85, -31.21, 15.72, 14.11, -493, 465, 430
171, 13, 25.200, 3.356, -16.368, -79.96, -302.43, 1102.36, -30.12, 16.31, 14.94, -493, 465, 430
171, 13, 24.018, 3.891, -16.862, -107.60, -355.96, 1098.57, -25.57, 11.17, 4.32, -448, 470, 432
171, 14, 22.937, 3.790, -17.609, -95.34, -402.16, 1135.93, -19.93, 5.93, -0.45, -448, 470, 432
171, 13, 22.117, 3.231, -17.651, -74.10, -406.19, 1182.07, -7.24, -0.66, 3.98, -448, 470, 432
171, 13, 21.824, 2.197, -16.330, -4.58, -274.78, 1110.78, -0.10, -3.40, 5.65, -448, 470, 432
171, 12, 21.731, 2.670, -14.486, -102.60, -154.97, 1087.89, -4.04, -3.31, 4.20, -448, 470, 432
171, 14, 21.818, 2.754, -13.309, -72.02, -185.24, 1100.40, -12.66, -5.88, 8.25, -448, 470, 432
171, 12, 22.044, 4.061, -14.540, -218.69, -402.16, 1208.50, -13.69, -7.90, 17.98, -448, 470, 432
171, 13, 22.401, 4.166, -16.470, -206.91, -641.85, 1184.39, 10.65, -32.62, 26.05, -448, 470, 432
171, 13, 22.960, 3.869, -16.981, -231.63, -612.61, 1195.92, 45.25, -59.04, 30.43, -448, 470, 432
171, 14, 23.484, 1.626, -16.239, -57.74, -462.77, 1133.24, 65.71, -72.06, 24.72, -455, 474, 428
171, 13, 24.369, -1.590, -13.104, 104.49, -250.12, 1173.10, 82.24, -76.35, 28.07, -455, 474, 428
171, 13, 25.502, -3.959, -11.058, 86.67, -254.27, 1099.67, 83.56, -66.96, 33.42, -455, 474, 428
171, 14, 26.730, -4.970, -8.169, 62.13, -160.22, 1150.09, 83.06, -63.64, 34.55, -455, 474, 428
171, 12, 28.361, -5.116, -7.391, -17.58, -268.13, 1113.59, 89.03, -68.05, 44.04, -455, 474, 428
171, 13, 29.767, -5.838, -7.250, -1.16, -362.55, 1067.93, 100.04, -75.49, 34.68, -455, 474, 428
171, 13, 30.937, -7.787, -6.821, 115.54, -385.31, 1084.29, 118.34, -84.16, 24.00, -455, 474, 428
171, 13, 32.005, -10.080, -4.737, 189.03, -198.30, 1159.91, 128.81, -82.08, 23.85, -455, 474, 428
171, 13, 33.133, -12.661, -1.907, 264.65, -86.49, 1052.49, 129.46, -68.97, 26.56, -455, 474, 428
171, 13, 35.983, -12.929, -0.599, 227.23, -105.47, 1023.74, 121.22, -52.41, 27.74, -537, 386, 408
171, 14, 38.072, -13.013, 1.161, 229.61, -43.40, 1074.46, 117.52, -47.10, 16.97, -537, 386, 408
171, 13, 39.546, -12.513, 3.227, 191.53, 19.65, 1053.34, 107.55, -35.77, 4.61, -537, 386, 408
171, 13, 40.527, -11.776, 5.242, 191.22, 68.12, 1141.54, 96.32, -25.55, -7.69, -537, 386, 408
171, 13, 41.455, -10.496, 6.670, 103.58, 63.84, 1161.56, 88.96, -24.81, -3.72, -537, 386, 408
171, 13, 42.306, -10.573, 6.424, 196.23, -89.78, 1145.63, 84.98, -24.80, -9.86, -537, 386, 408
171, 12, 42.940, -11.557, 7.105, 300.96, 14.71, 1155.03, 85.69, -20.58, -11.80, -537, 386, 408
171, 14, 43.696, -11.181, 8.398, 225.46, 120.06, 1146.67, 74.97, -6.32, -4.82, -537, 386, 408
171, 12, 44.365, -10.752, 9.303, 219.42, 134.34, 1117.61, 61.99, 2.46, -5.35, -537, 386, 408
171, 13, 44.762, -8.721, 9.725, 53.47, 117.49, 1132.08, 50.34, 6.10, -8.58, -537, 386, 408
171, 13, 45.336, -7.925, 10.226, 148.38, 163.02, 1131.23, 39.28, 3.89, -14.53, -615, 375, 370
171, 14, 45.888, -7.444, 10.354, 162.05, 170.29, 1167.85, 29.00, 7.69, -9.97, -615, 375, 370
171, 13, 46.298, -7.513, 9.361, 212.89, 92.22, 1188.96, 14.50, 11.76, -14.07, -615, 375, 370
171, 12, 46.518, -7.322, 7.818, 219.67, 12.33, 1205.32, 9.87, 22.48, -21.42, -615, 375, 370
171, 14, 46.528, -6.962, 6.369, 223.21, -13.12, 1210.82, 10.49, 32.52, -27.32, -615, 375, 370
171, 12, 46.304, -5.953, 5.360, 169.92, 14.95, 1135.07, 10.08, 47.56, -33.45, -615, 375, 370
171, 13, 45.763, -3.456, 5.237, 34.73, 84.78, 1168.09, 6.63, 53.86, -39.19, -615, 375, 370
171, 13, 45.073, -2.430, 6.144, 110.60, 197.94, 1131.23, -5.06, 54.22, -41.18, -615, 375, 370
171, 13, 44.453, -0.050, 6.389, -36.32, 201.48, 1171.39, -21.17, 52.31, -41.34, -615, 375, 370
171, 13, 43.290, 0.855, 6.468, 35.83, 189.03, 1100.46, -31.26, 49.58, -44.37, -613, 416, 372
171, 14, 42.174, 1.619, 4.981, 27.16, 99.91, 1153.44, -44.14, 50.54, -50.35, -613, 416, 372
171, 13, 41.147, 1.774, 4.089, 71.53, 125.73, 1073.91, -50.71, 52.13, -50.37, -613, 416, 372
171, 12, 39.903, 3.169, 1.349, -45.23, -51.45, 1079.65, -47.54, 46.56, -56.47, -613, 416, 372
171, 13, 38.641, 4.908, -0.350, -152.28, -54.26, 1118.96, -27.27, 27.05, -54.96, -613, 416, 372
171, 13, 37.696, 3.718, 0.822, 68.54, 158.57, 1066.71, -13.18, 13.06, -52.35, -613, 416, 372
171, 13, 37.580, 2.984, 1.913, -28.56, 134.40, 1234.80, 1.93, -16.24, -27.81, -613, 416, 372
171, 12, 37.754, -0.904, 2.941, 340.58, 161.62, 1122.99, 7.99, -36.68, -14.07, -613, 416, 372
171, 14, 38.261, -2.702, 2.872, 204.10, 89.60, 1169.25, -6.29, -12.12, -10.29, -613, 416, 372
171, 12, 38.768, -4.330, 2.666, 253.66, 76.72, 1181.46, -6.96, -3.38, -10.99, -613, 416, 372
171, 13, 38.895, -4.152, 2.890, 96.07, 81.05, 1135.19, -2.17, 3.15, -15.59, -595, 444, 372
171, 14, 39.182, -4.906, 3.151, 167.60, 97.84, 1146.55, -3.65, 1.61, -6.45, -595, 444, 372
171, 13, 39.666, -3.873, 2.816, 44.49, 58.90, 1159.55, -6.25, 7.00, 0.59, -595, 444, 372
171, 12, 39.958, -3.121, 1.428, 25.45, -52.73, 1174.38, -4.68, 2.44, -2.08, -595, 444, 372
171, 14, 40.178, -2.873, 1.074, 55.24, 9.83, 1151.98, -1.51, 2.96, 0.82, -595, 444, 372
171, 12, 40.409, -2.181, 1.159, 15.14, 33.02, 1174.50, -1.17, 2.96, 5.28, -595, 444, 372
171, 12, 40.695, -1.382, 1.508, -12.94, 54.32, 1157.41, -1.79, 2.36, 11.13, -595, 444, 372
171, 13, 41.069, -0.598, 2.165, -38.09, 89.54, 1156.19, -3.44, 0.47, 17.87, -595, 444, 372
171, 13, 41.306, 0.064, 2.179, -55.54, 53.41, 1161.68, -6.27, -6.24, 15.87, -595, 444, 372
171, 13, 41.174, 0.885, 2.099, -98.82, 38.09, 1153.99, -5.45, -11.91, 14.60, -585, 462, 379
171, 13, 40.996, 0.185, 2.931, -23.32, 102.23, 1136.72, -5.01, -24.99, 12.51, -585, 462, 379
171, 14, 40.888, -0.066, 3.227, -49.74, 90.58, 1244.81, -6.84, -29.21, 13.30, -585, 462, 379
171, 12, 40.713, -1.142, 2.425, -4.46, 15.26, 1231.08, -6.56, -42.82, 9.04, -585, 462, 379
171, 13, 40.362, -2.615, 1.664, 37.90, -6.53, 1218.14, -2.50, -50.43, -2.78, -585, 462, 379
171, 13, 40.142, -4.532, 1.534, 105.16, 24.54, 1181.40, -1.43, -50.27, -3.56, -585, 462, 379
171, 13, 40.128, -5.991, 1.331, 114.50, 12.57, 1139.04, 2.95, -47.29, -2.24, -585, 462, 379
171, 12, 40.206, -6.892, 0.499, 102.72, -51.33, 1133.79, 8.67, -48.86, -5.20, -585, 462, 379
171, 12, 40.189, -8.546, 0.835, 184.08, 12.94, 1150.27, 13.98, -47.49, -7.73, -585, 462, 379
