97, 7, -69.734, 16.908, 114.672, -208.19, 822.39, -418.58, -15.93, -29.72, -22.35, 0.41346, 0.77267, -0.32043, -0.35967
97, 27, -69.749, 16.579, 115.063, -231.99, 814.51, -413.33, -10.81, -23.21, -8.86, 0.41210, 0.77363, -0.32326, -0.35661
97, 15, -69.775, 16.451, 115.054, -230.53, 784.24, -387.39, -10.98, -21.50, -5.44, 0.41259, 0.77336, -0.32400, -0.35595
97, 16, -69.785, 16.539, 115.331, -244.14, 790.28, -413.33, -12.60, -22.87, -3.27, 0.41034, 0.77444, -0.32452, -0.35574
97, 15, -69.808, 17.333, 115.487, -288.82, 788.51, -406.31, -11.60, -21.07, -0.14, 0.40601, 0.77589, -0.32153, -0.36024
97, 15, -69.599, 18.048, 115.519, -294.13, 784.67, -394.35, -11.15, -16.65, 1.50, 0.40355, 0.77741, -0.31693, -0.36378
97, 17, -69.497, 17.654, 115.058, -259.52, 772.46, -368.35, -13.73, -12.79, 6.42, 0.40860, 0.77561, -0.31659, -0.36229
97, 15, -69.450, 16.948, 114.481, -255.19, 802.67, -374.88, -17.61, -11.22, 11.73, 0.41548, 0.77282, -0.31772, -0.35941
97, 16, -69.341, 16.491, 114.748, -269.35, 829.59, -429.93, -17.20, -12.08, 16.41, 0.41585, 0.77352, -0.31994, -0.35548
97, 15, -69.105, 15.938, 115.552, -274.72, 831.54, -465.21, -10.31, -6.30, 23.13, 0.41334, 0.77641, -0.32335, -0.34897
97, 15, -68.610, 15.993, 116.479, -311.10, 774.48, -432.98, -1.76, 10.09, 31.20, 0.40832, 0.78120, -0.32254, -0.34493
97, 16, -67.661, 16.028, 117.610, -330.44, 768.13, -446.59, 1.41, 30.87, 30.53, 0.40326, 0.78790, -0.31926, -0.33862
97, 15, -66.654, 15.371, 118.784, -286.74, 790.95, -459.35, 8.61, 37.96, 22.85, 0.40063, 0.79411, -0.31863, -0.32764
97, 15, -66.106, 13.544, 118.817, -223.45, 821.23, -423.83, 15.71, 39.05, 19.37, 0.40888, 0.79375, -0.32291, -0.31387
97, 17, -65.536, 11.984, 119.634, -207.46, 811.52, -446.84, 23.62, 42.71, 25.50, 0.41055, 0.79646, -0.32787, -0.29935
97, 15, -65.122, 11.541, 119.423, -228.33, 779.60, -386.72, 27.47, 50.80, 27.92, 0.41471, 0.79635, -0.32633, -0.29556
97, 15, -64.671, 11.753, 118.956, -256.47, 751.83, -346.44, 22.10, 52.87, 24.43, 0.41835, 0.79618, -0.32108, -0.29663
97, 16, -64.368, 12.516, 117.488, -282.23, 724.12, -264.71, 8.83, 49.90, 16.03, 0.42656, 0.79251, -0.31180, -0.30454
97, 15, -64.167, 11.112, 115.696, -172.00, 839.84, -336.24, -9.00, 46.02, 9.26, 0.44445, 0.78449, -0.31194, -0.29956
97, 16, -63.891, 8.598, 113.999, -112.18, 990.23, -367.31, -13.18, 48.98, 19.65, 0.46543, 0.77495, -0.31705, -0.28688
97, 15, -63.919, 6.389, 112.060, -88.13, 1050.54, -336.00, -10.70, 37.77, 24.77, 0.48580, 0.76329, -0.32252, -0.27816
97, 15, -64.912, 5.460, 112.215, -111.08, 941.83, -407.53, -5.13, 13.26, 21.22, 0.48545, 0.75948, -0.33373, -0.27595
97, 17, -65.751, 5.401, 112.687, -108.89, 850.16, -375.18, 3.72, 3.74, 10.25, 0.48049, 0.75890, -0.34069, -0.27773
97, 15, -66.402, 6.229, 113.823, -143.19, 841.80, -404.30, 16.24, -3.01, -0.89, 0.46853, 0.76313, -0.34409, -0.28235
97, 15, -67.817, 6.615, 113.260, -112.85, 887.15, -348.75, 15.04, -24.40, 0.64, 0.46736, 0.75723, -0.35035, -0.29230
97, 15, -70.201, 6.258, 109.840, -44.25, 1049.38, -159.06, -9.65, -66.14, 7.86, 0.48464, 0.73496, -0.35850, -0.31055
97, 15, -74.148, 5.807, 104.970, 34.85, 1102.91, -25.33, -38.57, -136.52, 8.38, 0.50558, 0.70035, -0.37150, -0.34042
97, 15, -77.528, 7.378, 102.399, -124.21, 1044.49, -228.70, -43.46, -165.27, 8.52, 0.50461, 0.68180, -0.37632, -0.37269
97, 16, -80.625, 6.704, 96.423, 19.53, 920.65, 159.73, -61.14, -134.77, 11.26, 0.53129, 0.64277, -0.37735, -0.40272
97, 15, -81.675, 10.589, 98.462, -355.59, 900.70, -484.44, -66.44, -132.45, -2.81, 0.50044, 0.65929, -0.37102, -0.42099
97, 17, -84.049, 10.061, 90.497, 59.94, 883.06, 468.08, -66.57, -116.53, -10.32, 0.53778, 0.61413, -0.35653, -0.45444
97, 15, -84.229, 14.409, 94.822, -484.80, 808.59, -776.98, -71.62, -131.28, -20.17, 0.49528, 0.64569, -0.35185, -0.46258
97, 15, -86.043, 17.301, 90.481, -241.76, 747.74, 108.34, -53.28, -115.19, -26.73, 0.49935, 0.62948, -0.32828, -0.49663
97, 16, -85.132, 22.796, 94.545, -567.32, 710.57, -540.53, -40.79, -98.74, -45.35, 0.45573, 0.66321, -0.31092, -0.50576
97, 15, -83.165, 27.039, 98.863, -530.64, 753.72, -511.29, -15.30, -59.71, -54.90, 0.41893, 0.69386, -0.29525, -0.50585
97, 15, -81.153, 28.753, 101.865, -360.60, 787.90, -443.12, -30.11, -43.98, -59.20, 0.40115, 0.71265, -0.28682, -0.49895
97, 17, -79.939, 30.581, 102.480, -416.69, 773.01, -257.39, -35.10, -34.84, -53.26, 0.39387, 0.72041, -0.27207, -0.50185
97, 15, -77.854, 31.797, 105.053, -427.06, 778.56, -349.91, -9.86, -26.05, -42.56, 0.38077, 0.73549, -0.26349, -0.49462
97, 16, -76.420, 31.755, 106.024, -463.32, 862.12, -281.13, -7.13, -12.25, -27.21, 0.38086, 0.74194, -0.25863, -0.48743
97, 16, -73.659, 35.037, 109.150, -921.45, 886.17, -556.58, -10.57, 4.51, -37.64, 0.35665, 0.76050, -0.23651, -0.48836
97, 15, -68.665, 33.714, 116.054, -535.89, 968.51, -770.20, 49.84, 64.91, -52.91, 0.33645, 0.79130, -0.23774, -0.45180
97, 16, -64.709, 29.269, 121.506, -381.04, 806.64, -417.79, 110.32, 138.06, -2.15, 0.33209, 0.81532, -0.25138, -0.40222
97, 15, -63.058, 26.955, 121.942, -361.21, 585.82, -66.04, 102.87, 160.60, 23.77, 0.34403, 0.82007, -0.25155, -0.38190
97, 15, -61.662, 24.783, 121.148, -279.36, 508.97, -112.55, 50.54, 137.93, 16.94, 0.36279, 0.82034, -0.24871, -0.36548
97, 16, -62.000, 21.050, 118.110, -149.41, 694.52, -111.08, 18.55, 77.33, 13.43, 0.39753, 0.80808, -0.25857, -0.34945
97, 15, -63.689, 20.327, 115.189, -329.83, 826.48, -203.37, 7.71, 17.07, 15.97, 0.41546, 0.79339, -0.26473, -0.35755
97, 16, -64.865, 17.595, 111.360, -186.65, 891.30, -105.53, -11.87, 29.71, 28.48, 0.44832, 0.77364, -0.27399, -0.35414
97, 16, -64.995, 16.545, 108.512, -336.61, 884.89, -188.11, -30.18, 45.57, 44.45, 0.47089, 0.76067, -0.27121, -0.35508
97, 16, -64.645, 15.368, 105.996, -294.68, 872.25, -204.47, -39.54, 52.66, 41.54, 0.49285, 0.74935, -0.26708, -0.35248
97, 15, -63.716, 12.554, 105.592, -232.24, 1173.10, -405.46, -49.09, 47.63, 39.01, 0.50816, 0.74567, -0.27413, -0.33256
97, 16, -63.552, 11.867, 106.436, -263.49, 996.15, -345.03, -4.94, 22.70, 30.11, 0.50548, 0.74876, -0.27895, -0.32564
97, 15, -63.303, 11.408, 107.443, -215.76, 858.70, -309.81, 1.34, 24.40, 20.77, 0.50114, 0.75309, -0.28244, -0.31927
97, 16, -63.223, 11.367, 108.362, -220.95, 854.80, -313.17, 5.11, 20.31, 15.61, 0.49545, 0.75722, -0.28466, -0.31640
97, 15, -63.705, 11.740, 109.022, -250.49, 868.53, -321.17, 5.70, 18.79, 13.76, 0.48847, 0.75940, -0.28786, -0.31913
97, 15, -64.090, 12.092, 109.520, -254.70, 858.64, -319.52, 5.54, 20.55, 15.41, 0.48286, 0.76106, -0.29010, -0.32168
97, 16, -64.436, 14.779, 108.823, -450.87, 844.42, -237.73, 2.11, 19.25, 4.82, 0.47696, 0.76101, -0.27722, -0.34135
97, 15, -64.861, 18.730, 107.012, -536.93, 854.68, -167.91, -15.92, 13.04, -34.51, 0.47313, 0.75747, -0.25454, -0.37095
97, 15, -65.773, 25.466, 104.106, -776.43, 819.70, -84.23, -41.53, -6.68, -91.55, 0.46301, 0.75081, -0.21519, -0.41905
97, 16, -65.968, 32.612, 102.187, -762.15, 818.60, -225.34, -75.75, -3.79, -155.11, 0.44533, 0.74833, -0.17001, -0.46127
97, 15, -66.482, 38.946, 98.949, -674.26, 769.17, -120.91, -97.64, 24.97, -194.08, 0.43658, 0.73834, -0.12386, -0.49891
97, 16, -64.851, 40.629, 99.034, -438.42, 801.94, -271.48, -103.32, 47.01, -200.55, 0.43563, 0.74079, -0.10397, -0.50065
97, 17, -61.250, 39.037, 101.302, -237.92, 921.81, -406.31, -97.27, 87.05, -182.09, 0.44315, 0.75250, -0.09932, -0.47698
97, 15, -58.662, 37.125, 102.271, -152.16, 1017.70, -455.81, -111.59, 70.83, -193.11, 0.45526, 0.75850, -0.09701, -0.45609
97, 16, -57.947, 33.131, 101.784, 71.96, 1137.39, -401.86, -93.63, 50.97, -162.37, 0.47715, 0.75682, -0.11284, -0.43223
97, 15, -58.804, 28.219, 100.028, 66.16, 1176.70, -246.28, -66.26, 41.38, -104.30, 0.50428, 0.74647, -0.13967, -0.41107
97, 15, -60.418, 25.639, 98.923, -248.29, 989.93, -218.02, -39.34, 19.00, -59.91, 0.51531, 0.73761, -0.16078, -0.40563
97, 16, -61.565, 23.223, 99.183, -229.06, 969.30, -285.22, -28.01, 11.38, -43.56, 0.51855, 0.73482, -0.18267, -0.39721
97, 15, -62.885, 23.396, 99.689, -424.01, 856.57, -224.12, -10.31, 14.84, -22.46, 0.51005, 0.73512, -0.19193, -0.40325
97, 15, -64.747, 23.001, 100.309, -408.81, 856.87, -244.02, -6.05, 5.45, -16.80, 0.50098, 0.73416, -0.20826, -0.40823
97, 17, -67.040, 24.049, 100.408, -481.57, 818.73, -203.06, 1.01, -10.01, -10.45, 0.48793, 0.73156, -0.21751, -0.42360
97, 15, -69.440, 25.656, 100.206, -522.40, 807.37, -184.39, 1.39, -18.68, -11.05, 0.47362, 0.72805, -0.22316, -0.44252
97, 15, -71.458, 27.293, 100.044, -557.37, 810.49, -175.17, 1.71, -12.63, -8.92, 0.45980, 0.72546, -0.22628, -0.45945
97, 16, -72.751, 28.245, 100.417, -609.86, 907.90, -208.31, 2.12, 2.14, -4.58, 0.44807, 0.72554, -0.23072, -0.46861
97, 15, -70.986, 24.942, 105.710, -340.33, 1145.75, -764.89, 27.35, 34.74, 9.54, 0.43530, 0.74579, -0.25799, -0.43330
97, 16, -71.066, 21.630, 109.583, -455.93, 1184.02, -380.86, 113.08, 50.25, 44.71, 0.42359, 0.75624, -0.28962, -0.40593
97, 16, -72.005, 19.454, 111.634, -412.29, 1044.37, -210.69, 139.60, 46.18, 51.65, 0.41587, 0.75859, -0.31363, -0.39146
97, 15, -72.988, 18.014, 113.619, -333.98, 890.81, -180.85, 145.64, 29.51, 45.43, 0.40544, 0.76104, -0.33366, -0.38094
97, 17, -74.071, 17.763, 115.109, -331.67, 772.09, -162.66, 139.81, 13.90, 46.71, 0.39301, 0.76267, -0.34696, -0.37880
97, 15, -75.164, 18.789, 116.627, -373.17, 699.89, -194.34, 126.17, -1.59, 44.33, 0.37480, 0.76575, -0.35465, -0.38389
97, 15, -76.187, 20.585, 118.436, -401.31, 711.12, -286.32, 110.64, -22.76, 29.95, 0.35124, 0.77044, -0.35958, -0.39211
97, 16, -77.386, 22.659, 120.023, -438.84, 723.39, -340.82, 98.54, -40.28, 28.69, 0.32691, 0.77356, -0.36397, -0.40282
97, 15, -78.107, 24.226, 122.855, -467.16, 729.00, -465.45, 98.25, -48.35, 34.81, 0.29783, 0.78037, -0.37200, -0.40488
97, 15, -79.071, 25.889, 124.363, -450.50, 669.25, -380.86, 103.80, -42.82, 37.96, 0.27616, 0.78225, -0.37681, -0.41212
97, 16, -80.002, 26.568, 124.983, -398.74, 612.12, -329.04, 97.02, -29.24, 48.74, 0.26527, 0.78108, -0.38251, -0.41622
97, 15, -79.230, 27.212, 126.059, -439.64, 599.85, -358.46, 85.16, -19.00, 60.51, 0.25757, 0.78648, -0.37840, -0.41464
97, 18, -78.799, 27.606, 126.319, -501.89, 629.03, -353.88, 73.09, -4.00, 73.55, 0.25542, 0.78868, -0.37471, -0.41513
98, 7, -66.946, 12.248, 116.104, -209.84, 822.75, -412.29, 7.97, -2.94, 2.80, 0.43006, 0.77982, -0.32692, -0.31631
98, 27, -67.062, 13.426, 116.601, -229.74, 792.60, -399.72, 3.80, -1.67, 1.89, 0.42192, 0.78287, -0.32385, -0.32283
98, 15, -67.221, 13.415, 116.732, -210.51, 797.30, -405.09, 1.43, -6.33, 1.01, 0.42062, 0.78289, -0.32535, -0.32297
98, 16, -67.551, 14.464, 116.746, -257.75, 811.04, -413.09, 0.28, -14.73, -0.14, 0.41557, 0.78331, -0.32297, -0.33078
98, 16, -67.820, 15.507, 116.811, -267.09, 811.71, -417.91, -0.96, -17.33, -5.49, 0.41031, 0.78403, -0.32032, -0.33814
98, 15, -68.109, 14.848, 116.540, -207.28, 823.24, -406.62, -0.14, -16.18, -4.46, 0.41387, 0.78146, -0.32446, -0.33580
98, 15, -68.320, 14.865, 116.050, -233.70, 825.13, -396.61, -1.29, -14.27, -1.36, 0.41652, 0.77911, -0.32438, -0.33805
98, 16, -68.358, 14.806, 116.038, -232.48, 834.78, -410.64, -0.85, -12.91, -2.46, 0.41672, 0.77888, -0.32487, -0.33786
98, 15, -68.486, 14.386, 115.802, -209.72, 818.54, -391.91, -0.04, -14.95, -2.28, 0.41958, 0.77712, -0.32694, -0.33637
98, 16, -68.422, 15.160, 116.200, -260.93, 801.76, -414.25, -1.87, -12.31, -0.12, 0.41404, 0.77973, -0.32419, -0.33985
98, 15, -67.957, 15.843, 117.301, -277.65, 787.41, -455.63, -0.40, -6.09, -0.50, 0.40523, 0.78578, -0.32120, -0.33936
98, 16, -67.547, 16.498, 118.137, -281.74, 758.00, -431.34, 3.73, -0.60, 0.79, 0.39813, 0.79057, -0.31794, -0.33972
98, 16, -67.203, 16.916, 118.579, -273.25, 742.13, -412.48, 2.45, 3.72, 1.58, 0.39446, 0.79347, -0.31502, -0.33995
98, 14, -66.735, 17.180, 118.989, -287.05, 762.88, -429.38, 1.01, 12.07, 1.34, 0.39197, 0.79642, -0.31182, -0.33890
98, 15, -66.311, 16.602, 119.327, -256.71, 768.19, -435.42, 1.18, 14.90, 0.75, 0.39310, 0.79818, -0.31240, -0.33284
98, 16, -65.993, 15.500, 119.330, -240.23, 796.51, -437.44, 3.65, 20.17, 5.15, 0.39822, 0.79798, -0.31503, -0.32466
98, 15, -65.825, 14.565, 118.971, -232.06, 787.66, -418.52, 4.39, 22.00, 8.88, 0.40474, 0.79621, -0.31693, -0.31904
98, 15, -65.604, 15.038, 118.666, -275.88, 763.55, -401.67, 1.05, 30.17, 10.09, 0.40570, 0.79624, -0.31247, -0.32214
98, 17, -65.402, 15.230, 118.383, -259.03, 733.03, -386.84, -3.27, 31.35, 8.32, 0.40751, 0.79599, -0.30942, -0.32343
98, 15, -65.348, 13.678, 117.114, -196.53, 756.47, -358.76, -10.14, 35.18, 10.98, 0.42224, 0.78983, -0.31239, -0.31670
98, 16, -65.309, 11.491, 115.715, -148.93, 783.08, -349.43, -17.40, 33.23, 18.65, 0.43994, 0.78193, -0.31810, -0.30636
98, 15, -65.439, 10.571, 113.967, -250.12, 1087.04, -463.50, -23.71, 31.86, 26.18, 0.45476, 0.77345, -0.31847, -0.30584
98, 15, -65.475, 8.361, 112.463, -125.18, 971.86, -355.83, -10.79, 28.17, 25.75, 0.47253, 0.76386, -0.32486, -0.29614
98, 16, -65.699, 7.355, 111.790, -137.88, 948.30, -379.46, -13.76, 12.20, 21.45, 0.47990, 0.75874, -0.32924, -0.29260
98, 15, -66.119, 7.608, 112.464, -160.28, 912.54, -418.95, -2.11, -9.00, 11.62, 0.47348, 0.76076, -0.33259, -0.29401
98, 15, -67.457, 7.709, 110.727, -132.69, 980.04, -267.27, 14.31, -24.47, 3.08, 0.48108, 0.74980, -0.33640, -0.30529
98, 17, -69.938, 7.629, 107.256, -87.16, 1045.35, -102.05, -7.98, -72.47, 8.12, 0.49691, 0.72747, -0.34322, -0.32569
98, 15, -73.492, 7.957, 103.759, -91.61, 1043.95, -84.35, -17.81, -127.31, 10.35, 0.50698, 0.70204, -0.35343, -0.35383
98, 15, -77.539, 8.471, 98.189, -86.85, 1022.52, 123.23, -49.20, -153.72, 7.68, 0.52511, 0.66564, -0.35689, -0.39219
98, 16, -79.450, 11.696, 99.580, -379.76, 937.44, -560.24, -78.29, -141.41, -1.14, 0.49751, 0.67406, -0.35654, -0.41352
98, 15, -82.171, 10.899, 95.014, 6.41, 871.64, 14.65, -72.01, -139.53, -11.28, 0.51692, 0.64325, -0.35936, -0.43575
98, 16, -83.500, 13.945, 96.895, -317.81, 871.83, -537.41, -81.79, -145.48, -17.49, 0.48841, 0.65560, -0.35839, -0.45078
98, 15, -86.063, 13.239, 90.519, 12.08, 849.18, 255.62, -63.75, -118.68, -16.30, 0.51644, 0.61771, -0.35050, -0.47841
98, 15, -85.164, 19.454, 94.971, -659.12, 741.82, -691.59, -69.25, -121.65, -16.46, 0.46838, 0.65672, -0.33102, -0.48966
98, 17, -85.383, 22.279, 92.363, -321.11, 867.00, 43.15, -36.35, -75.88, -27.37, 0.46951, 0.65248, -0.30553, -0.51037
98, 15, -84.083, 25.433, 95.352, -414.98, 791.75, -454.10, -55.76, -86.82, -33.83, 0.44341, 0.67507, -0.29393, -0.51115
98, 15, -82.770, 28.608, 97.159, -487.73, 831.48, -301.57, -33.80, -59.49, -37.64, 0.42352, 0.69149, -0.27668, -0.51568
98, 16, -81.422, 30.397, 99.562, -417.97, 780.33, -348.33, -24.55, -57.46, -35.71, 0.40635, 0.70645, -0.26938, -0.51307
98, 15, -80.028, 32.502, 102.057, -522.89, 767.94, -410.03, -24.99, -54.32, -28.78, 0.38688, 0.72132, -0.26034, -0.51209
98, 15, -78.601, 33.826, 104.123, -536.32, 795.41, -347.84, -11.71, -32.25, -24.09, 0.37371, 0.73293, -0.25330, -0.50891
98, 16, -77.177, 34.115, 105.029, -555.73, 835.33, -247.50, -8.97, -4.69, -6.76, 0.37279, 0.73928, -0.24659, -0.50368
98, 15, -73.283, 33.445, 109.368, -729.68, 1030.27, -628.91, -2.62, 32.77, 12.68, 0.36423, 0.76105, -0.24325, -0.47851
98, 17, -68.928, 31.423, 115.147, -682.43, 1088.44, -588.50, 73.29, 89.58, 10.12, 0.35182, 0.78751, -0.24727, -0.44148
98, 15, -64.307, 29.707, 120.886, -556.34, 794.74, -374.57, 122.20, 147.32, 17.73, 0.33611, 0.81439, -0.24433, -0.40510
98, 16, -60.852, 28.784, 124.465, -460.08, 545.41, -201.48, 119.22, 169.54, 5.65, 0.32597, 0.83206, -0.23594, -0.38178
98, 16, -60.001, 25.161, 121.875, -144.84, 433.78, 45.47, 79.51, 163.67, -1.87, 0.36139, 0.82621, -0.23739, -0.36113
98, 15, -59.016, 21.081, 118.904, -135.31, 630.49, -59.81, 23.73, 126.39, 2.30, 0.40072, 0.81735, -0.23965, -0.33752
98, 15, -58.392, 17.902, 116.542, -217.90, 963.50, -247.31, 0.93, 83.53, 10.05, 0.43045, 0.80841, -0.24305, -0.31954
98, 16, -58.358, 15.660, 113.592, -239.07, 1009.89, -171.08, 1.82, 63.10, 19.16, 0.45880, 0.79533, -0.24522, -0.31116
98, 15, -59.020, 12.775, 110.517, -190.06, 999.63, -182.56, -8.67, 61.21, 27.05, 0.48767, 0.77824, -0.25543, -0.30213
98, 16, -59.499, 10.287, 107.802, -135.62, 931.46, -163.82, -14.88, 49.82, 27.98, 0.51264, 0.76210, -0.26382, -0.29462
98, 16, -59.995, 8.225, 105.253, -115.84, 892.33, -166.99, -23.77, 36.40, 27.92, 0.53455, 0.74619, -0.27091, -0.28994
98, 15, -60.933, 7.657, 103.574, -147.95, 883.24, -218.38, -31.27, 16.72, 21.48, 0.54476, 0.73509, -0.27558, -0.29485
98, 16, -61.676, 9.727, 105.523, -427.31, 1385.74, -649.35, -4.49, -22.23, -15.01, 0.52370, 0.74584, -0.27497, -0.30633
98, 15, -62.867, 11.924, 106.443, -263.00, 927.12, -316.28, 11.48, -31.17, -25.92, 0.50718, 0.75053, -0.27420, -0.32295
98, 15, -63.996, 14.805, 106.731, -334.84, 844.60, -262.94, 12.23, -27.51, -20.85, 0.49201, 0.75325, -0.26792, -0.34462
98, 16, -64.808, 17.391, 106.262, -409.61, 870.42, -223.27, 8.80, -8.16, -10.28, 0.48322, 0.75281, -0.25864, -0.36454
98, 15, -65.359, 20.413, 105.186, -490.91, 857.18, -188.78, -4.78, 3.49, -13.76, 0.47714, 0.75078, -0.24307, -0.38676
98, 16, -65.588, 23.921, 104.501, -517.70, 817.93, -223.69, -22.79, 2.02, -42.23, 0.46723, 0.75128, -0.22367, -0.40897
98, 16, -66.133, 30.053, 102.319, -796.94, 764.10, -116.88, -44.10, 0.28, -85.09, 0.45458, 0.74687, -0.18580, -0.44836
98, 15, -66.961, 37.578, 98.668, -924.26, 703.80, -11.78, -76.17, 11.43, -145.99, 0.44240, 0.73612, -0.13362, -0.49453
98, 15, -67.610, 43.989, 94.907, -739.26, 680.18, -60.42, -112.83, 32.99, -195.68, 0.43425, 0.72377, -0.08329, -0.52976
98, 16, -63.882, 45.604, 96.236, -505.07, 800.60, -290.77, -125.60, 73.11, -209.05, 0.43545, 0.73133, -0.05610, -0.52191
98, 15, -58.714, 42.291, 99.544, -92.90, 953.06, -443.48, -110.99, 96.92, -182.96, 0.45146, 0.74707, -0.05670, -0.48462
98, 16, -56.187, 38.473, 100.718, -156.74, 1107.30, -402.16, -85.12, 80.96, -147.40, 0.46990, 0.75387, -0.06687, -0.45431
98, 15, -57.217, 35.567, 98.480, -310.61, 916.08, -147.77, -68.73, 57.17, -118.43, 0.49204, 0.74386, -0.08151, -0.44489
98, 16, -57.899, 32.623, 98.370, -173.16, 940.00, -343.99, -65.99, 11.97, -116.83, 0.50163, 0.74215, -0.10253, -0.43251
98, 16, -58.566, 27.992, 98.379, -69.76, 1140.01, -341.55, -43.71, 24.03, -71.78, 0.51668, 0.73926, -0.13350, -0.41074
98, 15, -59.584, 25.430, 98.530, -320.01, 928.41, -228.70, -18.59, 27.02, -28.10, 0.52155, 0.73681, -0.15521, -0.40126
98, 16, -60.667, 23.164, 99.204, -298.58, 912.48, -259.28, -11.60, 12.91, -17.26, 0.52173, 0.73627, -0.17730, -0.39278
98, 16, -62.850, 24.219, 99.346, -469.85, 827.70, -201.78, -1.99, -13.80, -15.92, 0.50928, 0.73450, -0.18590, -0.40815
98, 15, -65.449, 26.706, 98.953, -552.37, 785.34, -176.64, -1.59, -34.93, -23.96, 0.49258, 0.73110, -0.18710, -0.43342
98, 15, -67.830, 28.987, 98.389, -603.64, 775.94, -153.32, -1.55, -28.75, -12.39, 0.47761, 0.72717, -0.18717, -0.45616
98, 16, -69.647, 30.741, 97.854, -623.35, 789.00, -126.16, -0.05, -6.68, -0.51, 0.46619, 0.72383, -0.18653, -0.47323
98, 16, -70.377, 31.228, 98.370, -575.74, 786.93, -144.47, 2.75, 15.27, 6.83, 0.45778, 0.72522, -0.19051, -0.47770
98, 15, -70.476, 30.411, 99.608, -531.74, 836.06, -193.18, 4.33, 19.26, 7.20, 0.45308, 0.72912, -0.20089, -0.47196
98, 15, -69.253, 26.409, 103.679, -348.21, 1086.67, -532.10, 28.40, 24.99, 32.89, 0.44890, 0.74327, -0.23122, -0.43884
98, 15, -69.220, 24.733, 108.012, -581.42, 1083.44, -443.73, 90.59, 15.83, 46.60, 0.42765, 0.75820, -0.25606, -0.42034
98, 17, -71.070, 25.282, 109.626, -554.87, 959.35, -210.51, 120.65, -7.96, 24.22, 0.40779, 0.76036, -0.27149, -0.42644
98, 15, -73.148, 25.121, 110.350, -376.95, 819.89, -127.14, 122.94, -21.02, 8.61, 0.39593, 0.75766, -0.28877, -0.43106
98, 15, -75.293, 25.219, 110.481, -330.02, 726.32, -103.70, 111.63, -33.42, 9.57, 0.38648, 0.75268, -0.30291, -0.43858
98, 16, -76.450, 27.565, 111.282, -498.90, 717.53, -153.38, 95.04, -31.33, 15.60, 0.36598, 0.75478, -0.30197, -0.45296
98, 16, -76.728, 30.401, 113.371, -629.09, 742.61, -276.79, 88.20, -30.74, 10.93, 0.33772, 0.76303, -0.29809, -0.46355
98, 15, -76.382, 32.503, 115.722, -588.75, 716.43, -314.03, 82.24, -16.67, 7.67, 0.31335, 0.77200, -0.29500, -0.46776
99, 8, -65.371, 18.585, 117.543, -272.95, 794.13, -406.49, 0.71, 5.74, -2.28, 0.40064, 0.79627, -0.29171, -0.34690
99, 26, -65.048, 16.998, 117.542, -262.94, 788.82, -408.87, 0.27, 6.43, 3.40, 0.40768, 0.79567, -0.29665, -0.33570
99, 16, -64.899, 16.521, 117.722, -264.65, 797.24, -423.34, -0.56, 4.52, 6.26, 0.40867, 0.79625, -0.29829, -0.33166
99, 15, -64.954, 17.312, 117.824, -313.05, 796.39, -424.50, 0.08, 0.11, 8.98, 0.40480, 0.79721, -0.29541, -0.33664
99, 15, -65.068, 18.408, 117.905, -334.78, 781.25, -418.09, 0.26, -2.17, 6.48, 0.39971, 0.79816, -0.29149, -0.34380
99, 16, -65.348, 18.173, 117.270, -290.71, 792.85, -401.55, -0.95, -2.05, 4.16, 0.40419, 0.79501, -0.29260, -0.34491
99, 15, -65.602, 18.440, 117.137, -306.27, 796.39, -408.33, -0.58, -1.79, 3.54, 0.40332, 0.79414, -0.29275, -0.34783
99, 16, -65.702, 18.257, 117.202, -287.78, 791.56, -410.10, -0.41, -3.33, -0.89, 0.40327, 0.79394, -0.29447, -0.34686
99, 16, -65.684, 17.986, 117.628, -273.99, 782.17, -426.21, -0.90, -5.77, -2.49, 0.40142, 0.79524, -0.29686, -0.34399
99, 15, -65.579, 18.412, 118.226, -302.19, 764.22, -431.46, -0.09, -3.65, -1.05, 0.39593, 0.79797, -0.29600, -0.34478
99, 16, -65.687, 18.444, 118.064, -278.38, 739.44, -393.01, -1.05, -2.31, -0.64, 0.39661, 0.79715, -0.29612, -0.34577
99, 15, -65.976, 19.389, 117.464, -301.21, 722.29, -372.86, -6.64, -5.44, 0.92, 0.39621, 0.79514, -0.29201, -0.35426
99, 15, -66.237, 20.675, 116.923, -329.41, 700.99, -361.63, -14.00, -6.45, 2.34, 0.39407, 0.79366, -0.28622, -0.36454
99, 16, -66.580, 20.269, 115.579, -292.54, 714.05, -344.85, -22.97, -0.29, 6.26, 0.40387, 0.78779, -0.28618, -0.36659
99, 15, -66.695, 17.899, 114.535, -244.38, 883.12, -412.78, -28.44, 4.15, 15.99, 0.41996, 0.78146, -0.29478, -0.35505
99, 16, -66.989, 16.485, 113.971, -278.99, 936.16, -439.94, -23.70, -8.60, 21.49, 0.42835, 0.77704, -0.30167, -0.34889
99, 16, -67.125, 16.354, 113.997, -276.86, 874.94, -396.79, -2.91, -14.02, 6.93, 0.42827, 0.77662, -0.30328, -0.34852
99, 15, -67.220, 17.216, 113.825, -281.01, 828.67, -357.67, 7.55, -14.76, -4.04, 0.42580, 0.77673, -0.29936, -0.35464
99, 15, -68.599, 16.713, 111.543, -232.06, 948.00, -212.71, 13.34, -29.30, 4.51, 0.43879, 0.76388, -0.30387, -0.36279
99, 16, -70.529, 15.111, 107.817, -163.27, 1066.10, -87.22, -5.33, -41.95, 26.15, 0.46337, 0.74169, -0.31241, -0.37092
99, 15, -73.231, 14.212, 103.384, -221.07, 1082.09, -69.03, -37.61, -84.14, 43.14, 0.48612, 0.71428, -0.31938, -0.38922
99, 16, -74.398, 16.365, 102.711, -455.32, 1016.85, -364.56, -58.73, -89.44, 37.83, 0.47761, 0.71233, -0.31329, -0.40783
99, 16, -76.393, 14.781, 96.465, -98.63, 977.05, 125.18, -78.37, -74.54, 26.02, 0.51462, 0.67654, -0.31101, -0.42513
99, 15, -76.325, 17.215, 97.554, -374.94, 923.16, -517.94, -98.95, -90.08, -11.30, 0.49854, 0.68688, -0.30163, -0.43436
99, 16, -79.074, 16.237, 89.578, -63.66, 813.54, 187.50, -130.96, -104.59, -6.97, 0.53800, 0.64137, -0.29174, -0.46270
99, 15, -80.426, 19.523, 88.920, -309.63, 782.10, -93.75, -67.15, -122.06, -34.43, 0.52261, 0.64331, -0.27797, -0.48556
99, 15, -80.211, 22.951, 92.074, -507.57, 775.57, -612.67, -84.54, -113.89, -18.07, 0.49081, 0.66585, -0.27075, -0.49239
99, 16, -80.013, 26.625, 94.285, -542.85, 831.05, -324.40, -25.47, -81.75, -34.49, 0.46225, 0.68309, -0.25844, -0.50292
99, 15, -79.692, 28.913, 94.924, -419.68, 758.12, -169.19, -32.26, -54.99, -35.64, 0.44935, 0.69055, -0.24640, -0.51041
99, 15, -77.515, 32.307, 98.865, -613.40, 747.80, -525.70, -40.19, -56.96, -28.55, 0.41902, 0.71524, -0.23143, -0.50921
99, 17, -74.196, 34.471, 103.759, -643.31, 686.65, -547.97, -14.83, -10.61, -16.10, 0.39233, 0.74142, -0.21985, -0.49803
99, 16, -72.677, 32.876, 104.806, -484.92, 823.12, -228.45, -2.79, 20.29, 9.93, 0.39942, 0.74667, -0.22315, -0.48286
99, 16, -72.404, 30.841, 103.476, -471.01, 881.53, -161.80, -13.52, 16.84, 26.45, 0.41840, 0.74066, -0.22686, -0.47423
99, 15, -68.232, 34.847, 109.304, -995.00, 599.85, -599.49, 18.69, 37.40, -15.62, 0.37919, 0.77130, -0.20186, -0.46965
99, 15, -64.333, 33.501, 114.763, -534.61, 922.61, -467.65, 71.55, 83.50, -54.12, 0.36318, 0.79569, -0.20377, -0.43984
99, 16, -62.061, 30.187, 117.722, -371.34, 914.25, -289.37, 101.84, 109.92, -36.15, 0.36454, 0.80922, -0.21495, -0.40751
99, 15, -60.610, 27.825, 118.914, -404.79, 836.79, -176.03, 101.14, 120.42, -13.00, 0.37044, 0.81573, -0.21994, -0.38598
99, 15, -60.065, 25.884, 118.594, -306.09, 694.09, -76.23, 92.68, 110.17, -18.62, 0.38196, 0.81553, -0.22405, -0.37258
99, 17, -61.662, 21.687, 113.193, 16.24, 726.68, 293.09, 59.77, 82.52, -12.73, 0.43052, 0.79144, -0.23792, -0.36288
99, 15, -62.672, 18.067, 108.358, -100.89, 880.19, 72.14, -4.82, 47.88, 21.80, 0.47356, 0.76707, -0.24761, -0.35501
99, 15, -62.956, 14.699, 105.714, -118.35, 879.27, -149.41, -28.65, 22.55, 34.02, 0.50218, 0.75108, -0.25858, -0.34181
99, 16, -63.506, 14.707, 103.692, -289.98, 901.06, -216.37, -36.32, -3.07, 42.15, 0.51365, 0.74089, -0.25603, -0.34884
99, 15, -63.127, 17.265, 105.659, -1041.26, 1742.74, -849.91, -8.38, -9.19, 9.64, 0.49294, 0.75379, -0.24633, -0.35796
99, 16, -62.867, 19.003, 105.870, -438.29, 843.63, -230.10, 7.89, 19.17, 14.76, 0.48609, 0.75727, -0.23628, -0.36666
99, 15, -62.020, 20.277, 105.779, -499.51, 826.66, -182.92, 9.88, 54.79, 28.71, 0.48478, 0.75992, -0.22373, -0.37075
99, 15, -60.989, 22.112, 104.181, -633.67, 847.53, -69.95, -6.06, 86.19, 18.14, 0.49204, 0.75677, -0.20196, -0.38001
99, 17, -60.340, 27.494, 101.760, -854.37, 742.98, -37.90, -48.05, 63.44, -55.53, 0.49019, 0.75153, -0.15998, -0.41149
99, 15, -59.610, 31.739, 100.691, -569.27, 807.25, -219.85, -77.61, 45.72, -130.52, 0.48350, 0.75009, -0.12748, -0.43284
99, 15, -59.800, 36.730, 97.076, -657.17, 794.31, -51.82, -88.23, 59.89, -167.80, 0.48619, 0.73620, -0.08587, -0.46288
99, 16, -57.796, 38.074, 97.102, -425.35, 854.68, -263.37, -99.08, 63.10, -188.38, 0.48862, 0.73784, -0.06521, -0.46108
99, 16, -60.373, 40.409, 92.139, -481.32, 743.10, -35.03, -104.05, 11.15, -191.41, 0.49972, 0.71553, -0.04709, -0.48587
99, 15, -59.339, 41.094, 93.239, -325.93, 917.24, -587.71, -124.21, -27.29, -197.16, 0.49430, 0.72083, -0.04112, -0.48413
99, 16, -58.998, 39.650, 93.653, -275.88, 948.79, -478.88, -107.97, -20.78, -153.72, 0.49919, 0.72256, -0.04941, -0.47569
99, 15, -60.253, 36.896, 92.334, -329.90, 948.73, -255.00, -82.14, -11.12, -105.97, 0.51370, 0.71526, -0.06847, -0.46886
99, 17, -63.430, 35.462, 89.280, -394.59, 850.71, -92.77, -68.67, -41.57, -93.33, 0.52535, 0.69842, -0.08420, -0.47867
99, 15, -64.300, 32.544, 89.880, -232.12, 1131.41, -383.67, -62.25, -43.09, -80.41, 0.53014, 0.69789, -0.10986, -0.46886
99, 15, -65.256, 29.252, 90.812, -260.56, 1052.55, -228.88, -19.52, -28.37, -37.51, 0.53393, 0.69767, -0.13940, -0.45688
99, 16, -67.531, 29.870, 91.367, -490.05, 827.03, -136.05, 2.82, -60.87, -35.17, 0.51884, 0.69807, -0.15179, -0.46954
99, 15, -70.819, 33.165, 90.539, -647.03, 745.12, -80.81, 1.16, -80.99, -45.33, 0.49594, 0.69418, -0.14849, -0.50011
99, 15, -73.437, 36.055, 89.357, -727.72, 728.45, -36.87, -5.58, -53.29, -27.07, 0.47843, 0.68951, -0.14155, -0.52502
99, 16, -74.967, 34.688, 89.050, -571.96, 868.77, -41.93, -8.32, -32.03, -3.91, 0.47950, 0.68436, -0.15759, -0.52621
99, 15, -73.249, 32.137, 93.301, -489.38, 963.99, -325.07, 13.11, -11.93, 32.16, 0.47304, 0.70103, -0.18148, -0.50185
99, 16, -69.394, 29.047, 100.639, -577.45, 1005.74, -477.60, 81.02, 63.10, 78.32, 0.45677, 0.73372, -0.20579, -0.45898
99, 17, -67.455, 28.267, 106.033, -742.43, 953.86, -200.56, 146.04, 82.72, 82.97, 0.43256, 0.75755, -0.21851, -0.43734
99, 15, -67.737, 28.297, 107.515, -691.77, 869.20, 89.29, 149.38, 69.43, 53.73, 0.42152, 0.76255, -0.22586, -0.43568
99, 16, -69.297, 29.432, 106.014, -570.62, 737.24, 209.35, 107.64, 40.89, 18.92, 0.42059, 0.75484, -0.22440, -0.45052
99, 15, -70.388, 31.899, 105.124, -611.63, 673.22, 34.00, 65.75, 17.37, -1.23, 0.41125, 0.75141, -0.21478, -0.46917
99, 15, -71.275, 34.406, 104.972, -588.75, 669.07, -106.81, 41.18, -2.83, -16.73, 0.39727, 0.75099, -0.20639, -0.48539
99, 16, -72.345, 36.017, 104.599, -544.92, 656.98, -133.18, 29.84, -4.04, -10.57, 0.38770, 0.74882, -0.20301, -0.49775
99, 15, -72.933, 37.781, 104.678, -554.99, 630.31, -154.85, 18.00, -5.39, -4.40, 0.37634, 0.74908, -0.19752, -0.50817
100, 8, -63.344, 17.420, 120.180, -289.37, 756.16, -457.03, 1.40, 3.46, -4.22, 0.39254, 0.80961, -0.29045, -0.32571
100, 27, -63.643, 17.484, 120.616, -292.05, 787.78, -459.84, 8.19, 6.68, -2.80, 0.38836, 0.81038, -0.29352, -0.32604
100, 15, -63.785, 16.032, 120.114, -233.22, 819.21, -439.82, 10.54, 13.02, 0.72, 0.39692, 0.80712, -0.29944, -0.31835
100, 15, -63.695, 13.917, 119.468, -171.88, 877.20, -436.34, 10.67, 20.04, 4.21, 0.40949, 0.80309, -0.30625, -0.30590
100, 16, -63.661, 12.204, 118.917, -173.03, 883.97, -443.60, 12.07, 15.28, 6.60, 0.41961, 0.79935, -0.31199, -0.29601
100, 15, -63.700, 10.751, 118.426, -152.89, 863.53, -427.19, 15.47, 9.23, 6.65, 0.42810, 0.79570, -0.31731, -0.28793
100, 15, -63.764, 10.876, 118.216, -193.66, 845.46, -434.63, 14.78, 4.51, 9.06, 0.42894, 0.79490, -0.31669, -0.28958
100, 16, -63.773, 11.701, 119.172, -236.69, 838.32, -478.03, 15.69, 0.40, 6.45, 0.41934, 0.79940, -0.31561, -0.29240
100, 16, -63.970, 13.117, 119.818, -258.73, 801.27, -460.21, 16.53, -8.26, -0.64, 0.40922, 0.80277, -0.31256, -0.30068
100, 15, -64.123, 14.466, 120.501, -267.94, 773.38, -458.92, 15.60, -8.35, -2.83, 0.39907, 0.80613, -0.30965, -0.30824
100, 16, -64.476, 15.620, 120.414, -247.25, 716.98, -405.94, 14.07, -8.35, -2.06, 0.39443, 0.80596, -0.30692, -0.31725
100, 15, -64.689, 16.965, 120.784, -275.39, 677.73, -412.23, 5.05, -10.16, 0.23, 0.38616, 0.80782, -0.30364, -0.32575
100, 16, -64.872, 17.761, 121.200, -270.51, 673.40, -427.12, -1.60, -12.29, 0.18, 0.37966, 0.80936, -0.30268, -0.33044
100, 15, -64.973, 18.740, 121.415, -306.40, 696.04, -446.23, -7.49, -8.42, 1.68, 0.37408, 0.81051, -0.29978, -0.33655
100, 15, -65.182, 18.795, 120.900, -281.43, 704.65, -425.42, -11.35, -4.17, 2.98, 0.37689, 0.80832, -0.29950, -0.33893
100, 16, -65.151, 17.986, 119.960, -258.91, 711.43, -411.74, -16.88, -0.10, 6.83, 0.38672, 0.80465, -0.30006, -0.33608
100, 16, -64.920, 17.485, 119.749, -269.65, 737.92, -444.09, -22.31, 2.41, 11.15, 0.39080, 0.80413, -0.30002, -0.33263
100, 15, -64.716, 16.706, 119.306, -282.41, 814.70, -469.42, -19.62, 7.72, 14.73, 0.39745, 0.80247, -0.30075, -0.32807
100, 16, -64.794, 14.944, 118.077, -212.34, 815.31, -425.23, -20.62, 4.99, 15.22, 0.41241, 0.79623, -0.30560, -0.32023
100, 16, -64.809, 13.229, 117.702, -199.16, 956.79, -513.00, -13.76, -2.70, 13.66, 0.42130, 0.79294, -0.31227, -0.31022
100, 14, -65.372, 13.033, 116.666, -207.09, 840.27, -401.49, 7.62, -23.45, 8.63, 0.42763, 0.78733, -0.31421, -0.31387
100, 16, -67.279, 13.419, 114.334, -173.34, 905.70, -297.18, 2.08, -68.97, -2.95, 0.43672, 0.77376, -0.31890, -0.32995
100, 15, -70.981, 14.460, 110.446, -142.33, 1016.48, -195.43, -14.88, -139.97, -14.54, 0.44738, 0.74984, -0.32691, -0.36155
100, 17, -75.357, 15.119, 106.694, -104.86, 978.76, -259.40, -42.98, -181.67, -19.00, 0.45442, 0.72347, -0.33949, -0.39351
100, 16, -79.177, 17.277, 103.242, -211.55, 930.91, -215.64, -48.44, -199.64, -19.29, 0.45301, 0.70264, -0.34009, -0.43060
100, 15, -84.816, 21.098, 97.868, -383.61, 928.41, -68.97, -67.20, -234.69, -9.16, 0.44556, 0.67322, -0.33260, -0.48746
100, 16, -88.844, 25.175, 94.108, -499.57, 977.48, -144.29, -80.60, -209.41, -17.72, 0.43021, 0.65704, -0.31736, -0.53151
100, 15, -90.661, 23.852, 90.740, -152.47, 900.76, -144.10, -122.18, -149.56, -2.42, 0.44704, 0.63569, -0.31907, -0.54244
100, 15, -91.486, 25.967, 90.038, -348.94, 826.35, -284.06, -114.20, -144.75, -16.37, 0.43681, 0.63644, -0.30860, -0.55579
100, 17, -91.693, 29.448, 90.720, -639.59, 824.83, -469.42, -104.03, -137.95, 4.32, 0.41485, 0.64747, -0.29368, -0.56783
100, 15, -92.040, 33.684, 89.006, -509.70, 685.42, -40.34, -71.88, -95.47, -1.28, 0.40146, 0.65087, -0.26298, -0.58826
100, 16, -91.186, 37.223, 89.094, -714.97, 724.24, -206.36, -83.92, -78.72, 13.08, 0.38720, 0.66107, -0.23808, -0.59697
100, 16, -89.321, 39.569, 91.011, -669.49, 733.15, -282.10, -58.23, -56.79, 2.69, 0.37352, 0.67591, -0.22348, -0.59472
100, 15, -88.621, 39.291, 90.797, -471.56, 739.81, -68.97, -44.12, -41.10, -1.42, 0.37985, 0.67605, -0.21987, -0.59189
100, 16, -86.634, 39.519, 92.614, -537.72, 767.15, -181.21, -34.87, -26.81, 3.35, 0.37804, 0.68624, -0.21604, -0.58266
100, 15, -83.296, 40.772, 95.775, -696.11, 743.90, -228.15, -19.06, 10.93, 10.16, 0.36920, 0.70450, -0.20440, -0.57060
100, 15, -81.282, 38.445, 95.982, -532.23, 863.53, -50.35, -16.33, 38.03, 22.07, 0.38961, 0.70582, -0.20647, -0.55443
100, 16, -78.367, 35.700, 96.521, -488.53, 870.30, -50.35, -18.77, 61.20, 35.72, 0.41358, 0.70946, -0.20684, -0.53183
100, 15, -70.677, 36.358, 105.500, -781.43, 750.67, -661.38, 16.65, 90.35, 12.48, 0.38742, 0.75494, -0.19410, -0.49224
100, 16, -65.089, 35.433, 112.067, -682.56, 916.08, -285.28, 103.86, 145.44, -29.62, 0.37056, 0.78579, -0.18864, -0.45785
100, 17, -61.598, 34.392, 115.241, -641.78, 907.90, -153.26, 106.66, 155.89, -39.63, 0.36657, 0.80174, -0.18210, -0.43553
100, 15, -58.840, 32.790, 117.505, -528.75, 842.41, -143.07, 103.52, 152.01, -43.54, 0.36727, 0.81371, -0.17888, -0.41351
100, 15, -57.155, 30.438, 118.441, -339.36, 686.52, -80.81, 103.02, 141.05, -38.89, 0.37556, 0.82001, -0.18139, -0.39198
100, 16, -56.966, 27.050, 116.476, -173.83, 642.03, 50.66, 86.15, 123.27, -28.95, 0.40276, 0.81399, -0.18962, -0.37317
100, 15, -58.657, 23.214, 110.337, -96.37, 748.05, 206.54, 13.33, 70.60, 6.28, 0.45415, 0.78707, -0.20055, -0.36612
100, 16, -59.084, 19.141, 106.206, -105.22, 861.08, -34.06, -32.37, 38.19, 30.39, 0.49521, 0.76623, -0.21145, -0.35063
100, 15, -59.929, 15.827, 103.408, -218.14, 903.93, -176.57, -40.41, 12.57, 50.17, 0.52243, 0.74864, -0.22604, -0.33989
100, 16, -60.212, 17.602, 102.979, -736.27, 1269.17, -395.81, -37.28, -4.17, 39.83, 0.51837, 0.74826, -0.21714, -0.35250
100, 17, -60.664, 18.908, 103.252, -411.87, 928.16, -242.31, -0.50, -8.23, 12.89, 0.51065, 0.75010, -0.21396, -0.36167
100, 15, -60.973, 19.706, 103.550, -346.68, 858.95, -206.79, 10.59, 2.88, 7.15, 0.50490, 0.75170, -0.21267, -0.36713
100, 15, -60.717, 21.273, 104.240, -441.53, 858.52, -209.96, 20.24, 20.16, 4.53, 0.49559, 0.75674, -0.20484, -0.37387
100, 16, -60.978, 25.370, 101.853, -781.43, 808.72, 49.99, -3.02, 33.56, -13.10, 0.49533, 0.74949, -0.17624, -0.40231
100, 15, -61.487, 30.294, 98.467, -782.71, 769.84, 21.91, -51.41, 23.74, -58.60, 0.49650, 0.73764, -0.13947, -0.43580
100, 15, -62.206, 35.316, 95.071, -707.28, 738.59, -49.07, -80.30, 13.42, -100.14, 0.49504, 0.72511, -0.10139, -0.46784
100, 16, -61.060, 38.675, 94.163, -632.57, 760.99, -177.92, -95.39, 32.10, -119.93, 0.49146, 0.72345, -0.07040, -0.47972
100, 16, -62.870, 43.574, 88.111, -863.46, 656.86, 197.08, -99.78, 53.94, -129.27, 0.49990, 0.69815, -0.02546, -0.51189
100, 16, -63.079, 45.728, 84.031, -665.53, 772.77, 31.13, -135.32, 61.48, -170.35, 0.51384, 0.68094, 0.00527, -0.52180
100, 15, -61.987, 46.154, 81.724, -491.64, 982.30, -98.21, -155.50, 43.06, -201.74, 0.53047, 0.67047, 0.02491, -0.51813
100, 15, -63.647, 46.349, 76.267, -444.27, 914.86, -20.57, -186.87, -5.49, -211.48, 0.55336, 0.64525, 0.04150, -0.52510
100, 17, -64.307, 44.512, 73.008, -146.79, 1030.33, -317.99, -216.06, -67.03, -199.42, 0.57671, 0.62783, 0.04046, -0.52115
100, 15, -61.098, 42.078, 76.237, -201.17, 1143.74, -626.71, -132.81, -29.63, -108.88, 0.58373, 0.64105, 0.02761, -0.49755
100, 15, -58.880, 39.001, 79.448, -446.47, 971.68, -191.96, -38.70, 10.42, -33.87, 0.58785, 0.65483, 0.00621, -0.47496
100, 16, -57.509, 37.295, 81.397, -473.69, 897.58, -155.88, -48.73, 6.26, -46.55, 0.58911, 0.66368, -0.00500, -0.46092
100, 16, -56.722, 34.853, 83.465, -433.17, 966.31, -146.91, -20.52, 3.28, -31.27, 0.58971, 0.67283, -0.02436, -0.44603
100, 16, -58.165, 34.958, 84.029, -575.56, 782.04, -43.76, 0.86, -31.48, -28.24, 0.58032, 0.67542, -0.03440, -0.45372
100, 15, -62.003, 36.939, 82.503, -677.67, 732.06, 22.16, 3.96, -76.65, -40.55, 0.56564, 0.66814, -0.03797, -0.48187
100, 15, -65.792, 39.183, 80.575, -777.77, 702.03, 73.06, 7.61, -70.95, -26.81, 0.55090, 0.65967, -0.03711, -0.50987
100, 16, -67.846, 39.887, 80.222, -733.22, 718.26, 53.65, 7.29, -45.90, -4.49, 0.54060, 0.65804, -0.04278, -0.52241
100, 15, -69.341, 40.463, 79.822, -756.16, 725.77, 94.73, 6.64, -23.13, 6.59, 0.53344, 0.65626, -0.04580, -0.53166
100, 15, -68.911, 39.940, 81.091, -697.94, 745.42, 65.98, 7.51, 10.54, 16.22, 0.53048, 0.66172, -0.05256, -0.52722
100, 16, -67.793, 36.099, 82.787, -582.15, 996.70, 37.54, 0.18, 9.92, 39.97, 0.54255, 0.66569, -0.07827, -0.50632
100, 16, -65.045, 34.804, 89.552, -802.43, 1229.61, -448.91, 65.20, 6.66, 22.61, 0.51967, 0.69782, -0.09922, -0.48286
100, 15, -63.634, 31.848, 97.261, -479.00, 1197.33, -355.29, 155.25, 10.19, 3.81, 0.48965, 0.73089, -0.13959, -0.45449
100, 17, -63.687, 27.842, 104.044, -346.31, 1085.21, -192.32, 218.64, 18.33, 23.22, 0.46160, 0.75616, -0.18843, -0.42384
100, 15, -63.827, 22.250, 109.960, -197.02, 1074.89, -128.30, 249.99, 49.34, 64.40, 0.44345, 0.77502, -0.23943, -0.38128
100, 16, -64.291, 17.848, 113.917, -283.14, 913.57, -19.17, 249.99, 66.43, 117.87, 0.43174, 0.78511, -0.27669, -0.34735
100, 15, -64.244, 15.208, 117.423, -451.78, 758.42, 40.16, 249.99, 98.61, 162.26, 0.41752, 0.79558, -0.29878, -0.32166
100, 15, -63.971, 15.391, 120.726, -832.82, 672.36, 37.11, 211.33, 105.00, 176.16, 0.39448, 0.80818, -0.30521, -0.31318
101, 7, -66.068, 26.457, 102.636, -468.26, 859.74, -185.61, 18.67, 13.40, -3.97, 0.46753, 0.74522, -0.20632, -0.42836
101, 27, -65.884, 25.085, 103.855, -401.49, 845.52, -194.64, 20.55, 14.28, -4.30, 0.46577, 0.74922, -0.21705, -0.41787
101, 15, -65.780, 23.953, 104.462, -371.46, 832.21, -201.78, 22.98, 15.60, 4.45, 0.46667, 0.75077, -0.22462, -0.41000
101, 15, -65.887, 24.400, 104.486, -404.91, 819.40, -190.61, 24.63, 17.74, 10.34, 0.46436, 0.75111, -0.22303, -0.41288
101, 17, -65.997, 25.350, 104.043, -441.35, 839.72, -169.25, 19.65, 16.00, 0.14, 0.46307, 0.75002, -0.21706, -0.41943
101, 16, -65.795, 24.581, 104.367, -420.04, 910.52, -220.58, 15.29, 15.69, -3.87, 0.46475, 0.75098, -0.22103, -0.41374
101, 16, -64.230, 24.062, 106.979, -422.30, 887.63, -332.15, 24.25, 35.82, 0.98, 0.45508, 0.76403, -0.22269, -0.39947
101, 15, -64.105, 23.488, 108.754, -394.10, 848.51, -268.98, 51.35, 19.30, 3.94, 0.44587, 0.77078, -0.23094, -0.39214
101, 15, -64.345, 23.588, 108.752, -397.71, 804.99, -190.25, 49.58, 26.51, 7.36, 0.44467, 0.77036, -0.23204, -0.39366
101, 16, -64.634, 23.476, 108.474, -373.90, 782.65, -201.42, 37.45, 22.87, 8.41, 0.44598, 0.76860, -0.23360, -0.39470
101, 15, -65.000, 23.033, 108.077, -367.13, 812.44, -227.17, 30.35, 16.77, 8.18, 0.44910, 0.76592, -0.23696, -0.39437
101, 15, -65.464, 22.646, 107.307, -360.72, 827.21, -204.22, 24.26, 9.86, 9.55, 0.45415, 0.76156, -0.23939, -0.39556
101, 16, -66.452, 22.228, 105.342, -331.48, 802.80, -141.54, 4.48, -2.82, 11.45, 0.46533, 0.75117, -0.24126, -0.40126
101, 16, -66.369, 22.989, 105.553, -442.87, 885.99, -278.87, -14.37, -5.62, 15.08, 0.46124, 0.75301, -0.23746, -0.40477
101, 15, -66.507, 22.831, 105.273, -386.78, 870.61, -242.98, -8.74, -4.79, 12.86, 0.46321, 0.75143, -0.23821, -0.40503
101, 16, -67.644, 22.293, 102.547, -325.26, 846.74, -71.72, -9.96, -9.48, 11.11, 0.47900, 0.73723, -0.23873, -0.41238
101, 15, -67.320, 22.898, 104.235, -722.84, 1363.95, -818.85, -49.67, -38.85, 13.61, 0.46683, 0.74560, -0.23947, -0.41086
101, 16, -69.049, 21.000, 101.108, -166.08, 1086.36, -2.87, -1.26, -32.53, -14.56, 0.48825, 0.72642, -0.24948, -0.41435
101, 15, -72.760, 20.773, 94.580, -234.74, 1074.65, 226.81, -55.07, -92.49, -15.50, 0.51560, 0.68936, -0.24923, -0.44365
101, 16, -76.972, 19.872, 88.594, -207.21, 1096.37, 52.49, -114.11, -158.72, -11.74, 0.53743, 0.65068, -0.25510, -0.47191
101, 16, -81.834, 19.989, 81.688, -230.22, 997.68, 207.21, -119.72, -179.01, -17.58, 0.55402, 0.60731, -0.25149, -0.51087
101, 16, -82.671, 23.684, 83.124, -592.22, 927.73, -473.88, -129.05, -149.51, -15.56, 0.52700, 0.62236, -0.24053, -0.52640
101, 15, -85.287, 27.310, 78.692, -461.18, 697.94, 174.68, -89.37, -112.79, -16.67, 0.52249, 0.60668, -0.21172, -0.56046
101, 16, -84.927, 32.673, 79.618, -830.99, 754.33, -280.15, -100.78, -88.18, -29.14, 0.49493, 0.62545, -0.18156, -0.57523
101, 15, -85.784, 36.409, 77.975, -660.64, 702.45, 9.52, -84.92, -67.01, -37.10, 0.48191, 0.62627, -0.15476, -0.59296
101, 15, -83.729, 37.432, 79.645, -622.99, 855.29, -259.16, -100.56, -38.83, -16.04, 0.47837, 0.63830, -0.14563, -0.58526
101, 17, -82.484, 37.595, 80.819, -637.02, 867.31, -121.40, -64.32, -33.54, -2.46, 0.47733, 0.64511, -0.14360, -0.57911
101, 15, -85.381, 35.098, 74.729, -463.56, 949.22, 537.96, -57.63, -20.95, 6.13, 0.50768, 0.60952, -0.14401, -0.59161
101, 16, -81.251, 37.025, 79.878, -565.00, 687.13, -328.49, -70.93, -29.22, 9.70, 0.49152, 0.64147, -0.13552, -0.57320
101, 16, -78.337, 36.634, 83.344, -542.79, 844.67, -81.60, -14.29, 8.79, 13.41, 0.48804, 0.65903, -0.13848, -0.55527
101, 15, -77.170, 35.252, 84.185, -524.35, 897.40, 94.73, -2.06, 8.94, 10.56, 0.49520, 0.66166, -0.14435, -0.54419
101, 16, -76.007, 33.948, 84.450, -518.92, 882.08, 118.10, -2.78, 14.63, 17.48, 0.50508, 0.66204, -0.14694, -0.53386
101, 15, -74.835, 32.198, 84.847, -472.29, 905.64, 110.29, -3.45, 9.49, 22.89, 0.51599, 0.66231, -0.15280, -0.52130
101, 15, -71.538, 31.834, 90.215, -556.88, 974.37, -361.69, 4.03, 2.35, 22.36, 0.50057, 0.69006, -0.15942, -0.49783
101, 16, -69.069, 31.670, 95.315, -632.39, 1037.48, -163.33, 82.45, 31.26, 12.49, 0.48053, 0.71521, -0.16699, -0.47924
101, 15, -68.077, 32.574, 97.843, -631.16, 940.73, -2.56, 111.00, 47.55, -1.36, 0.46485, 0.72796, -0.16605, -0.47583
101, 15, -66.366, 33.394, 100.691, -579.41, 790.95, -0.73, 112.63, 82.94, -8.59, 0.45011, 0.74239, -0.16215, -0.46900
101, 17, -64.925, 34.884, 101.636, -560.97, 669.37, 113.28, 92.64, 106.81, -33.40, 0.44348, 0.74883, -0.14825, -0.46968
101, 15, -64.105, 33.695, 100.254, -319.52, 643.68, 155.82, 53.85, 114.05, -41.58, 0.46085, 0.74385, -0.14401, -0.46213
101, 16, -63.514, 31.191, 98.479, -329.90, 889.28, 116.64, 21.03, 86.19, -23.45, 0.48500, 0.73576, -0.14741, -0.44912
101, 15, -63.548, 29.140, 96.342, -398.93, 976.81, 90.33, 5.19, 51.06, -2.71, 0.50674, 0.72484, -0.15114, -0.44156
101, 15, -64.119, 28.045, 93.961, -403.38, 905.09, 72.69, -6.05, 19.27, -2.04, 0.52380, 0.71232, -0.15194, -0.44176
101, 16, -64.280, 26.075, 92.221, -297.55, 903.08, 31.62, -18.71, 7.50, -5.33, 0.54159, 0.70176, -0.15792, -0.43505
101, 15, -63.283, 26.617, 92.818, -511.66, 948.36, -94.79, -22.99, 6.08, 10.03, 0.53962, 0.70656, -0.15083, -0.43224
101, 15, -62.842, 26.739, 92.608, -516.72, 974.55, -52.12, -15.47, 13.77, 13.60, 0.54211, 0.70627, -0.14660, -0.43104
101, 17, -62.718, 26.937, 92.499, -470.40, 881.53, -46.33, -9.46, 6.53, 9.37, 0.54249, 0.70614, -0.14426, -0.43159
101, 15, -62.822, 26.996, 92.104, -481.08, 919.62, -30.64, -1.89, 8.15, 5.81, 0.54430, 0.70420, -0.14305, -0.43287
101, 16, -62.364, 27.594, 92.185, -488.46, 873.05, -25.27, 2.85, 23.61, 7.92, 0.54325, 0.70578, -0.13697, -0.43357
101, 15, -62.974, 33.468, 89.756, -1105.29, 586.85, 272.89, 0.21, 29.59, -18.53, 0.53254, 0.69934, -0.09562, -0.46709
101, 15, -66.848, 41.245, 81.267, -1112.00, 458.25, 623.35, -75.27, 21.35, -127.07, 0.53308, 0.66470, -0.03302, -0.52241
101, 16, -74.846, 47.169, 66.739, -928.10, 646.61, 684.63, -184.61, -10.63, -212.93, 0.54755, 0.60394, 0.03181, -0.57830
101, 16, -80.215, 48.229, 56.972, -494.26, 865.36, 164.43, -250.00, -74.02, -250.00, 0.56450, 0.56090, 0.06204, -0.60240
101, 15, -77.161, 50.266, 57.122, -495.18, 1130.00, -556.82, -250.00, -54.06, -188.45, 0.57003, 0.56424, 0.09014, -0.59040
101, 17, -79.396, 48.838, 48.761, -692.50, 770.75, 494.26, -233.96, -4.08, -112.59, 0.60470, 0.51992, 0.11291, -0.59269
101, 15, -82.001, 44.254, 41.137, -419.07, 696.04, 492.61, -250.00, -90.65, -99.31, 0.64398, 0.46720, 0.10955, -0.59582
101, 15, -75.368, 44.351, 46.078, -614.01, 1295.59, -568.48, -250.00, -85.17, -66.69, 0.65650, 0.48911, 0.11292, -0.56304
101, 17, -70.825, 42.013, 50.300, -534.18, 1177.80, 187.01, -114.74, -27.31, -27.11, 0.66982, 0.50352, 0.09574, -0.53725
101, 15, -67.448, 39.869, 54.510, -475.28, 1032.59, 196.78, -61.23, -23.35, -18.51, 0.67533, 0.52096, 0.07621, -0.51645
101, 16, -65.008, 38.040, 57.931, -517.46, 975.40, 312.99, -23.25, -6.82, -8.09, 0.67772, 0.53611, 0.05928, -0.49978
101, 15, -63.400, 38.125, 60.609, -605.22, 812.99, 401.43, 3.45, -1.21, -15.24, 0.67163, 0.55122, 0.05592, -0.49188
101, 16, -63.128, 40.014, 61.433, -683.23, 684.14, 399.96, 10.64, 2.10, -24.94, 0.66120, 0.55892, 0.06702, -0.49592
101, 16, -63.377, 41.997, 61.395, -735.05, 668.27, 401.00, 6.18, 3.68, -26.35, 0.65210, 0.56188, 0.07991, -0.50266
101, 15, -62.457, 44.083, 60.977, -791.44, 652.34, 456.42, -6.25, 57.20, -9.53, 0.64938, 0.56175, 0.10093, -0.50255
101, 15, -60.175, 43.606, 63.459, -665.10, 720.58, 282.71, 0.18, 26.34, 4.98, 0.64900, 0.57323, 0.09812, -0.49049
101, 16, -59.650, 43.192, 64.118, -740.54, 707.64, 359.01, 14.00, 12.78, 13.12, 0.64967, 0.57606, 0.09505, -0.48688
101, 15, -58.440, 42.476, 65.709, -721.13, 731.99, 343.81, 25.34, 24.43, 19.53, 0.64970, 0.58335, 0.08947, -0.47916
101, 15, -55.811, 41.273, 69.958, -682.25, 823.61, 226.81, 51.67, 34.40, 21.93, 0.64341, 0.60435, 0.07728, -0.46348
101, 16, -54.471, 41.173, 73.601, -793.03, 798.58, 284.06, 96.37, 48.67, 17.27, 0.62968, 0.62367, 0.06912, -0.45800
101, 16, -56.074, 41.547, 73.357, -821.53, 759.28, 507.02, 105.15, 46.73, -8.45, 0.62301, 0.62349, 0.06392, -0.46800
101, 16, -57.422, 41.642, 73.659, -723.14, 773.56, 323.61, 84.30, 29.63, -27.45, 0.61543, 0.62589, 0.05597, -0.47579
101, 15, -57.054, 41.373, 77.515, -640.50, 756.53, 111.82, 95.13, 8.77, -25.51, 0.59666, 0.64596, 0.04022, -0.47446
101, 15, -59.304, 40.849, 78.952, -649.29, 683.47, 165.89, 115.59, -17.66, -1.48, 0.58127, 0.65361, 0.01799, -0.48435
101, 16, -60.037, 39.981, 82.578, -638.98, 683.90, 71.72, 120.61, -16.53, 22.21, 0.56084, 0.67116, -0.00722, -0.48471
101, 15, -61.590, 39.641, 85.788, -712.77, 678.59, 74.22, 141.53, -20.70, 46.36, 0.53666, 0.68606, -0.03225, -0.49018
101, 16, -63.120, 38.435, 87.311, -667.97, 641.11, 200.44, 142.97, 24.06, 71.21, 0.52608, 0.69176, -0.05555, -0.49155
101, 16, -64.619, 37.102, 87.821, -680.30, 642.58, 256.53, 119.48, 33.98, 83.83, 0.52225, 0.69224, -0.07509, -0.49236
101, 16, -66.072, 36.731, 87.420, -761.17, 656.49, 279.66, 91.58, 23.87, 83.15, 0.51998, 0.68908, -0.08442, -0.49766
101, 15, -67.096, 36.412, 86.957, -728.88, 709.53, 220.95, 66.20, 19.06, 71.38, 0.51967, 0.68589, -0.09053, -0.50131
101, 16, -67.443, 36.106, 87.182, -695.37, 783.57, 125.67, 51.30, 16.33, 60.30, 0.51812, 0.68631, -0.09549, -0.50140
