22, 7, 8.579, 11.254, -38.056, -136.23, -1001.71, 623.23, -48.29, 2.82, 33.92, 0.91672, -0.33628, 0.02797, 0.21393
22, 27, 9.814, 14.818, -43.900, -188.35, -1106.38, 574.34, 2.11, 11.72, 136.69, 0.89044, -0.38731, 0.04122, 0.23538
22, 15, 9.950, 18.815, -42.648, -433.47, -823.24, 710.02, 50.77, 8.63, 116.33, 0.88711, -0.38240, 0.07519, 0.24728
22, 16, 11.220, 22.913, -37.086, -616.03, -473.08, 799.56, 80.77, -7.85, 59.43, 0.89345, -0.34507, 0.11632, 0.26294
22, 16, 11.941, 21.913, -32.425, -548.22, -587.46, 1215.94, 59.01, -39.46, 4.68, 0.90722, -0.30788, 0.11686, 0.26172
22, 15, 13.132, 18.752, -29.631, -269.90, -742.31, 1492.74, 29.17, -38.95, 35.09, 0.91791, -0.28203, 0.09441, 0.26263
22, 16, 13.732, 15.934, -28.001, -96.37, -523.99, 1022.16, 21.04, -12.89, 38.91, 0.92535, -0.26471, 0.07360, 0.26123
22, 15, 13.126, 15.584, -26.228, -180.30, -301.21, 645.57, 17.39, 8.97, 8.82, 0.93125, -0.24936, 0.07607, 0.25457
22, 15, 12.023, 17.754, -28.063, -392.94, -499.76, 673.40, 5.79, 5.45, 2.70, 0.92595, -0.26695, 0.09239, 0.25065
22, 16, 11.567, 19.076, -30.133, -468.20, -688.78, 834.72, -0.18, -9.40, 24.11, 0.91958, -0.28522, 0.09982, 0.25111
22, 15, 12.103, 18.907, -31.976, -324.65, -742.61, 865.78, -4.55, -16.01, 64.03, 0.91400, -0.30017, 0.09298, 0.25662
22, 15, 13.364, 18.273, -33.362, -168.03, -697.14, 789.67, -5.45, -0.85, 103.77, 0.90861, -0.31120, 0.08130, 0.26641
22, 17, 15.148, 19.979, -34.933, -161.01, -692.14, 625.00, 1.94, 29.15, 172.98, 0.89660, -0.32758, 0.08633, 0.28522
22, 15, 17.343, 25.188, -35.089, -357.79, -590.82, 567.50, 11.80, 41.17, 214.81, 0.87874, -0.33920, 0.12130, 0.31311
22, 16, 19.295, 30.845, -34.284, -515.63, -594.18, 579.90, 23.45, 32.29, 212.18, 0.86069, -0.34474, 0.16268, 0.33749
22, 15, 20.901, 34.095, -32.050, -613.65, -691.41, 806.58, 46.81, 13.35, 191.95, 0.85296, -0.33595, 0.19024, 0.35128
22, 15, 26.154, 35.678, -22.911, -593.20, 251.10, 1468.51, -1.59, 30.08, 121.17, 0.85603, -0.28026, 0.21759, 0.37592
22, 16, 18.720, 33.865, -28.971, -674.74, -848.27, 933.72, -8.08, 9.65, -75.18, 0.86879, -0.30867, 0.20371, 0.32928
22, 15, 15.208, 29.461, -26.076, -618.35, -212.59, 1680.91, 28.22, -11.83, -145.66, 0.89781, -0.27327, 0.18518, 0.29151
22, 15, 7.488, 27.814, -28.282, -1563.60, -787.17, 1210.82, 67.50, -69.32, -250.00, 0.91423, -0.27611, 0.18525, 0.23156
22, 17, 2.158, 26.137, -29.591, -1491.64, -737.43, 485.41, 122.44, -151.47, -250.00, 0.92467, -0.27669, 0.18198, 0.18791
22, 15, 0.261, 20.838, -27.673, -533.81, -365.91, 545.59, 139.05, -198.35, -220.95, 0.94250, -0.25493, 0.14549, 0.15981
22, 16, 2.269, 6.010, -22.463, 265.32, -51.51, 542.24, 80.09, -224.66, -126.79, 0.96846, -0.19978, 0.02373, 0.14701
22, 16, 3.315, -6.293, -19.044, 886.72, 87.34, 671.20, 41.53, -120.79, -78.19, 0.97512, -0.15528, -0.07811, 0.13755
22, 14, 4.854, -8.579, -25.182, 457.40, -1086.73, 1060.12, -30.28, -12.94, -46.26, 0.96299, -0.20268, -0.10727, 0.14164
22, 16, 7.808, -12.045, -27.249, 1208.86, -704.41, 1008.91, 6.07, 52.30, 66.78, 0.95400, -0.21099, -0.14407, 0.15690
22, 15, 8.713, -6.896, -29.929, 349.55, -833.13, 776.61, 46.10, 198.14, 71.51, 0.94882, -0.24145, -0.10730, 0.17301
22, 15, 6.240, 5.917, -20.201, -415.10, 286.07, 784.00, 83.88, 249.99, 22.13, 0.96662, -0.18131, 0.01956, 0.17998
22, 17, 8.370, 14.600, -15.640, -151.61, 66.83, 634.22, -1.57, 234.12, 92.83, 0.96101, -0.15664, 0.09758, 0.20590
22, 15, 15.077, 16.082, -13.747, 420.78, 18.01, 646.48, -75.25, 242.93, 249.99, 0.94783, -0.14939, 0.10494, 0.26132
22, 15, 17.451, 29.944, -12.953, -1491.64, -227.05, 1133.18, -13.96, 248.34, 142.03, 0.91656, -0.17408, 0.21786, 0.28661
22, 17, 16.416, 33.614, -17.135, -2000.00, -1101.44, 1131.59, -30.80, -32.41, 41.77, 0.90265, -0.21221, 0.23887, 0.28831
22, 15, 17.374, 26.739, -14.280, 93.02, -136.90, 976.68, 26.17, -20.84, 16.04, 0.92213, -0.17813, 0.18850, 0.28708
22, 15, 17.248, 29.057, -14.773, -723.57, -284.36, 1032.84, -18.16, 11.32, 26.63, 0.91633, -0.18650, 0.20640, 0.28801
23, 8, -8.852, 25.139, -49.020, -551.88, -634.77, 194.95, 74.09, 16.68, -123.33, 0.88336, -0.41308, 0.18035, 0.12853
23, 27, -10.041, 20.622, -51.780, -239.93, -509.89, 181.09, 94.77, -54.89, -86.98, 0.88207, -0.43464, 0.14685, 0.10714
23, 15, -8.619, 12.090, -50.587, 84.11, -340.70, 207.70, 90.32, -81.02, -64.54, 0.89615, -0.42875, 0.07591, 0.08558
23, 15, -6.691, 0.933, -47.165, 438.42, -260.86, 363.95, 67.03, -87.30, -60.75, 0.91449, -0.39975, -0.01735, 0.06007
23, 15, -5.371, -8.130, -43.747, 585.39, -271.48, 607.73, 37.41, -69.09, -50.36, 0.92511, -0.36579, -0.09291, 0.04169
23, 15, -4.857, -16.417, -43.067, 752.50, -363.22, 554.75, 6.16, -34.88, -57.39, 0.92196, -0.35182, -0.16073, 0.01953
23, 16, -2.885, -19.485, -47.110, 538.94, -758.67, 453.55, -16.10, -8.96, -17.70, 0.90579, -0.37733, -0.19187, 0.01861
23, 15, -0.997, -15.425, -50.283, 99.98, -1081.73, 632.81, 2.82, 10.15, 34.41, 0.89784, -0.40484, -0.16767, 0.04336
23, 16, 0.437, -9.072, -48.163, -298.95, -1091.80, 1139.34, 44.89, -1.50, 75.36, 0.90709, -0.39467, -0.12205, 0.08076
23, 16, 2.165, -4.061, -44.042, -283.26, -979.43, 1434.39, 59.92, -9.09, 87.08, 0.91933, -0.36652, -0.08457, 0.11550
23, 15, 4.593, 0.502, -39.670, -403.32, -1011.78, 1853.82, 52.87, -11.62, 106.89, 0.92834, -0.33561, -0.05016, 0.15181
23, 16, 7.694, 4.033, -33.183, -360.66, -222.66, 1937.81, 24.15, -13.36, 120.28, 0.93910, -0.28666, -0.02008, 0.18847
23, 15, 8.235, 7.266, -28.399, -413.76, -67.63, 1025.63, -3.43, -5.26, 9.43, 0.94670, -0.25203, 0.01352, 0.20015
23, 15, 7.098, 10.531, -30.663, -317.93, -330.99, 444.15, -28.87, -13.81, -37.76, 0.94002, -0.27497, 0.03929, 0.19803
23, 16, 5.451, 10.183, -36.712, -146.12, -654.24, 320.13, -15.74, -12.16, -27.15, 0.92739, -0.32335, 0.03059, 0.18563
23, 15, 5.204, 10.724, -39.868, -141.36, -705.08, 541.08, -2.17, 6.12, 34.21, 0.91787, -0.34929, 0.03061, 0.18594
23, 15, 4.718, 9.757, -40.074, -124.76, -745.42, 840.94, 2.17, 7.55, 18.90, 0.91918, -0.34979, 0.02393, 0.17937
23, 16, 5.227, 9.991, -40.726, -153.93, -944.89, 985.66, 0.85, 6.65, 63.26, 0.91609, -0.35537, 0.02322, 0.18424
23, 15, 7.874, 12.739, -37.176, -175.96, -614.81, 1051.70, 15.76, 27.92, 145.99, 0.91854, -0.33091, 0.04371, 0.21184
23, 15, 11.691, 15.877, -29.321, -217.96, 129.52, 1534.24, 1.30, 47.60, 146.76, 0.92685, -0.27396, 0.07502, 0.24548
23, 16, 10.328, 14.826, -28.474, -290.28, -545.84, 1226.87, -21.82, 12.24, -21.35, 0.93333, -0.26463, 0.07133, 0.23192
23, 15, 8.664, 14.910, -26.986, -453.67, -614.99, 1382.63, 8.06, 4.68, -46.47, 0.93981, -0.25150, 0.07868, 0.21750
23, 16, 2.712, 14.692, -30.132, -1454.71, -1596.25, 965.09, 89.88, -68.79, -207.08, 0.94300, -0.27285, 0.08517, 0.17041
23, 16, -0.106, 12.732, -29.052, -959.41, -793.09, 681.40, 156.69, -164.15, -205.52, 0.95189, -0.26029, 0.07685, 0.14230
23, 15, 1.364, 8.079, -20.891, -213.44, -58.59, 464.11, 165.79, -213.55, -124.86, 0.97072, -0.18841, 0.04481, 0.14209
23, 16, 2.541, -5.818, -14.507, 722.41, 122.25, 882.57, 112.44, -216.34, -86.52, 0.98157, -0.11767, -0.06776, 0.13446
23, 15, 1.125, -15.234, -8.129, 1177.80, 510.80, 938.35, 75.38, -77.53, -105.73, 0.98153, -0.05248, -0.14023, 0.11909
23, 15, 2.101, -15.759, -11.806, 551.27, -402.95, 1022.03, -18.04, 52.67, -73.14, 0.97778, -0.08203, -0.14914, 0.12233
23, 16, 3.868, -9.211, -19.160, -493.84, -1255.98, 972.41, -16.75, 48.99, -46.84, 0.97326, -0.15176, -0.10371, 0.13774
23, 15, 4.397, -8.816, -21.464, 399.41, -767.52, 1151.25, 36.42, 65.87, -30.85, 0.96954, -0.17139, -0.10392, 0.14078
23, 15, 4.735, -10.826, -22.787, 1739.26, -566.16, 712.52, 22.99, 200.29, 35.15, 0.96618, -0.17921, -0.12294, 0.13877
23, 18, 4.799, -1.170, -15.123, -41.32, 426.64, 489.07, -25.18, 249.99, 89.38, 0.97844, -0.12822, -0.03125, 0.15885
23, 14, 9.137, 13.456, -12.188, -855.83, 322.33, 1007.57, -44.29, 249.99, 158.49, 0.96531, -0.12649, 0.09320, 0.20853
23, 17, 7.866, 26.449, -19.792, -1147.52, -1033.08, 575.38, -59.27, 249.99, 66.97, 0.93452, -0.20667, 0.18990, 0.21886
23, 15, 6.273, 32.620, -24.435, -2000.00, -1173.89, 1232.48, -41.56, 66.41, 11.14, 0.91331, -0.24783, 0.23487, 0.22199
23, 15, 7.318, 29.521, -25.456, -577.33, -838.13, 1154.17, 21.10, -54.75, 40.95, 0.91698, -0.25498, 0.20526, 0.22803
23, 16, 11.449, 20.110, -21.089, 638.18, -114.99, 1008.54, 8.74, -61.58, 70.23, 0.93763, -0.21335, 0.12811, 0.24275
23, 15, 10.598, 15.767, -19.380, 96.68, -169.43, 1041.50, -5.17, 22.37, -40.04, 0.94949, -0.19153, 0.09692, 0.22889
23, 15, 10.684, 16.727, -23.436, -298.40, -695.80, 988.28, -26.08, 31.50, 36.45, 0.94045, -0.22656, 0.09658, 0.23428
24, 8, -5.677, 21.496, -44.521, -218.38, -690.37, 336.79, 89.90, -91.26, -164.33, 0.90195, -0.38346, 0.14580, 0.13486
24, 26, -4.945, 3.717, -39.053, 149.78, -488.83, 549.01, 117.98, -113.64, -129.57, 0.93834, -0.33543, 0.00469, 0.08353
24, 16, -5.046, -6.664, -35.108, 377.69, -350.95, 618.23, 107.93, -107.02, -144.53, 0.95038, -0.29599, -0.07824, 0.05516
24, 15, -6.666, -17.210, -29.052, 678.96, -28.93, 662.84, 73.88, -69.72, -116.68, 0.95762, -0.23851, -0.15999, 0.02210
24, 16, -4.918, -15.638, -31.173, -100.16, -572.94, 559.75, 66.84, -75.37, -77.16, 0.95424, -0.25525, -0.15126, 0.03745
24, 16, 1.155, -17.116, -30.194, 277.34, -198.85, 537.17, 32.83, -66.60, 156.97, 0.95166, -0.23666, -0.17597, 0.08582
24, 15, 6.572, -19.394, -27.101, 717.53, 408.57, 734.99, -53.59, -32.54, 242.03, 0.95015, -0.19836, -0.20201, 0.13062
24, 16, 9.099, -21.678, -32.383, 834.23, -694.03, 1084.66, -122.44, -18.04, 64.57, 0.93484, -0.23257, -0.23136, 0.13584
24, 15, 10.484, -20.233, -38.987, 608.58, -1389.53, 937.50, -85.42, 37.25, 36.74, 0.91959, -0.28633, -0.23097, 0.13790
24, 15, 10.318, -14.202, -42.629, 10.62, -1575.56, 878.30, -10.39, 86.30, 53.47, 0.91344, -0.32868, -0.18798, 0.14919
24, 16, 9.654, -4.530, -41.132, -691.10, -1116.64, 1016.11, 56.40, 81.30, 88.65, 0.91883, -0.33616, -0.10758, 0.17656
24, 15, 11.032, 3.876, -38.870, -1427.98, -896.42, 1264.71, 34.05, -27.46, 68.97, 0.91802, -0.33162, -0.04036, 0.21363
24, 16, 11.097, 3.364, -34.768, -351.99, -447.14, 1237.55, 4.56, -87.69, -28.73, 0.92960, -0.29766, -0.03702, 0.21419
24, 16, 10.704, -1.005, -32.430, 198.49, -495.48, 1000.00, 9.71, -52.12, -17.78, 0.93883, -0.27109, -0.06748, 0.20137
24, 15, 12.277, 0.972, -30.781, -91.61, -361.69, 777.95, -14.17, -26.72, 73.58, 0.93874, -0.26039, -0.05191, 0.21970
24, 15, 12.113, 0.804, -31.252, -1.71, -435.85, 682.01, -8.53, -7.58, 39.61, 0.93808, -0.26401, -0.05381, 0.21776
24, 15, 13.547, 0.585, -31.905, 139.10, -429.44, 642.03, -18.63, 31.78, 113.96, 0.93390, -0.26821, -0.06020, 0.22865
24, 15, 16.606, 6.241, -29.626, -219.36, -453.80, 1158.51, -21.12, 45.37, 191.18, 0.92790, -0.26015, -0.01616, 0.26658
24, 16, 19.545, 11.772, -24.400, -714.17, -4.09, 1999.94, -22.17, 39.79, 162.20, 0.92517, -0.23013, 0.03571, 0.29971
24, 15, 16.971, 14.210, -26.845, -562.32, -693.24, 1073.85, -28.95, 1.83, -10.09, 0.92301, -0.25401, 0.05488, 0.28376
24, 16, 13.711, 13.835, -26.177, -471.01, -655.58, 1378.66, 10.20, -15.72, -63.02, 0.93271, -0.24625, 0.06049, 0.25641
24, 16, 7.130, 12.142, -28.007, -960.08, -1256.04, 1242.07, 84.92, -64.70, -226.36, 0.94414, -0.25526, 0.05720, 0.20042
24, 15, 4.000, 10.361, -28.697, -985.05, -1290.10, 815.73, 146.65, -135.52, -169.22, 0.94977, -0.25737, 0.04824, 0.17138
24, 15, 3.526, 8.591, -26.242, -511.54, -588.99, 615.54, 181.36, -164.56, -116.47, 0.95752, -0.23478, 0.03802, 0.16309
24, 16, 4.709, -4.886, -17.458, 557.07, 153.44, 753.85, 142.68, -212.14, -83.72, 0.97571, -0.14288, -0.06597, 0.15242
24, 15, 4.506, -15.299, -10.516, 1360.47, 626.95, 936.04, 81.67, -103.65, -54.97, 0.97630, -0.06858, -0.14531, 0.14495
24, 16, 5.742, -14.902, -12.721, 353.21, -274.90, 1020.63, -13.81, 32.29, -40.57, 0.97360, -0.08638, -0.14565, 0.15309
24, 16, 7.629, -8.594, -19.854, -440.00, -1090.82, 984.50, -16.42, 25.83, -19.06, 0.96754, -0.15519, -0.10448, 0.16992
24, 16, 8.314, -10.961, -17.865, 620.18, -175.48, 1113.28, 19.68, 42.52, 22.86, 0.96795, -0.13359, -0.12224, 0.17404
24, 16, 8.062, -13.803, -15.979, 1398.32, 147.22, 1103.88, -18.04, 125.00, 22.83, 0.96845, -0.11291, -0.14300, 0.17003
24, 15, 9.258, -11.259, -15.789, 671.02, -39.79, 697.51, -31.18, 249.99, 93.41, 0.96855, -0.11451, -0.12253, 0.18382
24, 15, 11.604, -6.474, -26.296, 549.56, -1177.61, 72.51, -62.32, 249.99, 105.00, 0.95126, -0.20946, -0.10357, 0.20124
24, 16, 6.445, 8.456, -23.396, -2000.00, 313.05, 1041.63, -13.96, 249.99, -65.64, 0.95874, -0.21174, 0.03554, 0.18635
24, 15, 7.211, 15.287, -28.625, -1366.33, -1233.28, 908.94, -55.66, 17.08, 64.39, 0.93826, -0.26441, 0.08205, 0.20743
24, 15, 8.744, 13.478, -24.282, -148.99, -204.35, 995.42, 18.45, -30.27, 23.32, 0.94733, -0.22726, 0.07169, 0.21398
24, 16, 10.360, 12.501, -18.941, -192.75, -46.39, 1026.79, 24.89, -24.17, 13.63, 0.95505, -0.18241, 0.07078, 0.22271
24, 16, 8.756, 15.625, -19.863, -804.57, -421.08, 1051.88, -3.56, -21.77, -60.13, 0.95244, -0.19375, 0.09789, 0.21384
25, 8, -7.146, 30.091, -48.549, -850.34, -677.19, 186.22, 53.18, -48.65, -81.86, 0.87266, -0.41008, 0.21319, 0.15763
25, 27, -5.015, 14.294, -44.347, -4.09, -705.63, 544.19, 109.15, -125.52, -80.60, 0.91256, -0.38220, 0.08619, 0.11719
25, 15, -3.813, 2.187, -39.690, 513.61, -385.62, 569.52, 117.02, -118.98, -87.46, 0.93631, -0.33969, -0.01166, 0.08832
25, 14, -3.588, -10.313, -34.295, 798.52, -100.28, 511.47, 97.11, -82.20, -76.52, 0.95026, -0.28483, -0.11167, 0.05830
25, 17, -2.777, -17.241, -31.402, 536.99, -184.02, 564.39, 51.08, -46.44, -29.14, 0.95131, -0.25247, -0.16933, 0.05105
25, 15, -0.586, -20.310, -32.024, 537.05, -423.95, 768.86, 6.08, -23.38, 13.53, 0.94546, -0.25021, -0.19959, 0.06055
25, 16, 1.046, -17.898, -33.034, 323.97, -645.39, 1063.11, -6.58, 12.28, 16.94, 0.94484, -0.25922, -0.18417, 0.07850
25, 15, 2.008, -13.700, -34.996, 32.17, -941.96, 1160.10, -8.06, 24.64, 8.26, 0.94285, -0.28005, -0.15372, 0.09469
25, 15, 3.232, -9.454, -36.833, -81.42, -1151.67, 1322.51, -8.92, 16.17, 34.07, 0.93899, -0.29980, -0.12395, 0.11428
25, 16, 5.472, -4.776, -37.917, -143.92, -1288.45, 1553.28, -8.62, 6.33, 96.39, 0.93387, -0.31342, -0.09319, 0.14482
25, 15, 8.162, 0.319, -35.692, -237.92, -843.26, 1686.71, -6.93, 11.82, 147.20, 0.93429, -0.30136, -0.05577, 0.18215
25, 15, 9.801, 4.401, -29.728, -100.77, -103.33, 1112.00, -4.08, 46.01, 125.21, 0.94340, -0.25851, -0.01609, 0.20716
25, 17, 11.893, 11.539, -27.318, -410.77, 30.64, 524.60, -88.62, 6.26, 103.04, 0.93732, -0.25079, 0.04300, 0.23810
25, 15, 9.020, 12.516, -35.228, -300.42, -678.47, 397.22, -98.52, -14.11, -27.26, 0.92219, -0.31541, 0.04234, 0.21976
25, 15, 7.158, 12.535, -41.958, -343.93, -1275.21, 528.02, -61.71, -22.44, 9.68, 0.90554, -0.36849, 0.03551, 0.20724
25, 16, 6.756, 13.112, -44.193, -314.64, -1103.52, 758.67, -8.43, -28.43, 57.47, 0.89806, -0.38659, 0.03741, 0.20650
25, 14, 6.394, 10.645, -40.818, 12.51, -581.79, 909.97, 18.29, -10.76, 23.78, 0.91306, -0.35708, 0.02472, 0.19545
25, 15, 4.791, 9.504, -38.806, -92.59, -653.02, 846.25, 30.29, 17.89, 1.35, 0.92317, -0.33934, 0.02363, 0.17899
25, 16, 6.709, 13.935, -36.348, -306.95, -564.33, 832.28, 18.60, 19.11, 131.93, 0.92130, -0.32517, 0.05830, 0.20512
25, 15, 9.172, 16.652, -32.583, -344.06, -682.31, 1123.11, 38.77, 15.97, 125.53, 0.92262, -0.29969, 0.08093, 0.22893
25, 17, 12.332, 19.414, -23.819, -599.55, 316.41, 1600.71, 38.13, 17.16, 76.91, 0.93163, -0.23544, 0.11472, 0.25194
25, 15, 10.003, 15.719, -25.367, -180.30, -734.68, 1434.81, -17.63, -9.25, -47.12, 0.93947, -0.24034, 0.08569, 0.22869
25, 15, 3.856, 14.680, -27.428, -895.08, -1055.73, 1264.04, 62.50, -41.05, -205.25, 0.94747, -0.25139, 0.08656, 0.17780
25, 16, -1.276, 14.104, -28.814, -1470.15, -1540.04, 863.16, 145.35, -92.38, -217.98, 0.95216, -0.25843, 0.09126, 0.13521
25, 16, -2.069, 6.014, -27.162, -37.84, -713.56, 701.54, 191.42, -161.80, -135.29, 0.96436, -0.23848, 0.02676, 0.11145
25, 15, -1.384, -3.381, -15.277, 356.75, 298.03, 729.37, 188.64, -134.00, -88.48, 0.98531, -0.12893, -0.04344, 0.10323
25, 16, -1.799, -11.649, -6.972, 755.86, 520.81, 815.86, 102.52, -75.38, -76.29, 0.98820, -0.04957, -0.10706, 0.09767
25, 14, -0.988, -15.806, -5.834, 490.17, 62.56, 843.63, 7.78, -22.87, -58.76, 0.98382, -0.03477, -0.14209, 0.10342
25, 17, 2.449, -13.593, -14.662, 82.09, -1181.82, 1027.16, -28.11, 1.77, -25.79, 0.97711, -0.10884, -0.13410, 0.12423
25, 15, 4.863, -14.829, -17.382, 651.73, -504.88, 1014.53, 11.30, 48.96, 21.20, 0.97044, -0.12718, -0.15018, 0.13970
25, 15, 6.164, -11.584, -15.710, 289.12, -96.74, 855.41, -2.56, 126.82, 52.35, 0.97303, -0.11658, -0.12203, 0.15725
25, 16, 8.015, -9.082, -19.216, 341.31, -316.65, 835.02, -63.81, 141.02, 65.90, 0.96762, -0.14861, -0.10813, 0.17301
25, 15, 8.091, 1.352, -17.924, -159.91, -101.01, 873.41, -31.64, 225.66, 71.49, 0.96941, -0.15515, -0.01813, 0.18935
25, 15, 8.044, 13.526, -18.718, -1011.23, -134.77, 984.92, -67.12, 173.90, 46.09, 0.95845, -0.18058, 0.08349, 0.20445
25, 16, 7.508, 15.915, -22.954, -233.40, -614.69, 1166.50, -71.94, 106.35, 39.61, 0.94875, -0.21874, 0.09690, 0.20651
25, 15, 7.827, 24.822, -26.739, -1413.09, -959.53, 960.75, -38.80, 80.56, 88.15, 0.92397, -0.26105, 0.16302, 0.22707
25, 16, 8.985, 26.799, -23.552, -742.92, -170.04, 930.66, 7.08, -30.04, -4.31, 0.92420, -0.23943, 0.18318, 0.23447
25, 16, 9.669, 25.039, -20.593, -468.57, -155.03, 1134.03, -6.94, -26.93, -24.92, 0.93255, -0.21422, 0.17334, 0.23328
26, 9, -14.014, 17.899, -50.417, -479.61, -779.36, 415.89, 65.06, 38.12, -16.75, 0.89387, -0.42046, 0.14153, 0.06459
26, 26, -12.660, 11.988, -46.423, -146.85, -683.29, 542.18, 120.34, -14.51, -61.33, 0.91358, -0.39291, 0.09207, 0.05024
26, 16, -11.419, 5.819, -38.637, 147.28, -258.06, 611.15, 135.91, -14.21, -64.56, 0.94193, -0.33131, 0.04102, 0.03637
26, 16, -9.788, 3.298, -29.838, 65.12, -17.64, 794.56, 113.48, -6.14, -39.30, 0.96504, -0.25816, 0.01878, 0.04122
26, 14, -7.703, 0.868, -23.995, 79.28, -29.79, 647.71, 61.49, -15.85, -20.16, 0.97666, -0.20797, -0.00366, 0.05359
26, 16, -5.857, -3.709, -24.954, 293.95, -373.41, 729.74, 10.41, -22.56, -24.80, 0.97401, -0.21323, -0.04647, 0.06061
26, 15, -4.601, -3.609, -28.085, 48.16, -629.58, 810.12, 3.56, 3.30, -30.86, 0.96713, -0.23929, -0.04990, 0.07014
26, 15, -3.097, -3.385, -31.176, 22.58, -702.64, 859.92, -8.46, -10.54, -13.75, 0.95934, -0.26478, -0.05338, 0.08189
26, 16, -0.792, -3.299, -34.449, 39.49, -863.28, 977.54, -22.29, -31.14, 23.00, 0.94958, -0.29097, -0.06085, 0.09968
26, 14, 2.069, -3.832, -36.905, 213.38, -999.33, 1166.08, -24.17, -28.60, 71.08, 0.94044, -0.30893, -0.07508, 0.12039
26, 15, 3.769, -4.346, -37.010, 240.42, -843.20, 1223.69, -27.84, -4.12, 74.48, 0.93834, -0.30795, -0.08397, 0.13283
26, 17, 4.460, -2.006, -35.341, 11.17, -562.01, 1277.83, -43.10, 20.20, 67.69, 0.94144, -0.29701, -0.06462, 0.14592
26, 15, 6.332, 5.159, -33.582, -425.48, -216.98, 919.74, -70.24, 32.41, 118.98, 0.93940, -0.29168, -0.00802, 0.17997
26, 16, 5.857, 10.040, -37.187, -485.35, -582.28, 655.03, -88.71, 6.90, 27.14, 0.92555, -0.32712, 0.02750, 0.18867
26, 15, 3.790, 10.712, -43.664, -428.04, -919.37, 451.90, -80.64, -36.35, -45.26, 0.90805, -0.37916, 0.02901, 0.17562
26, 15, 4.309, 11.669, -48.448, -253.48, -1193.97, 439.82, -33.23, -39.22, 78.99, 0.88936, -0.41768, 0.02731, 0.18396
26, 16, 4.206, 11.866, -49.124, -228.15, -1233.76, 726.38, 35.19, -29.85, 65.27, 0.88677, -0.42307, 0.02816, 0.18400
26, 15, 3.931, 11.165, -44.281, -119.45, -841.00, 930.66, 95.35, -4.17, 41.93, 0.90521, -0.38450, 0.03122, 0.17830
26, 14, 6.349, 14.324, -33.732, -589.84, -151.37, 1705.81, 111.42, -0.14, 72.40, 0.92855, -0.30430, 0.06712, 0.20171
26, 17, 8.581, 15.485, -25.283, -392.58, 382.75, 1488.65, 21.15, -0.67, 34.74, 0.94276, -0.23824, 0.08687, 0.21656
26, 15, 8.282, 11.193, -25.124, -23.68, -463.68, 1200.87, -29.17, -40.73, -15.67, 0.94937, -0.23068, 0.05197, 0.20685
26, 15, 4.688, 12.405, -27.563, -749.45, -1140.44, 1291.20, 34.21, -0.75, -96.48, 0.94885, -0.25061, 0.06553, 0.18050
26, 16, 0.307, 11.968, -29.646, -1023.44, -1594.73, 1066.59, 109.70, -52.16, -162.23, 0.95090, -0.26489, 0.06877, 0.14453
26, 15, -1.724, 9.660, -30.064, -655.70, -1213.87, 637.57, 177.09, -125.83, -136.72, 0.95471, -0.26556, 0.05368, 0.12295
26, 17, -0.495, 2.098, -21.106, 33.20, -119.26, 565.67, 199.97, -157.97, -81.95, 0.97591, -0.18397, -0.00333, 0.11720
26, 14, -0.442, -8.774, -11.618, 770.69, 416.56, 754.94, 142.93, -126.33, -69.08, 0.98612, -0.09138, -0.08732, 0.10768
26, 15, -1.648, -15.715, -5.021, 712.28, 398.44, 805.66, 58.20, -42.48, -65.88, 0.98473, -0.02869, -0.14041, 0.09880
26, 17, 0.259, -14.298, -12.663, 146.00, -1097.05, 1032.47, -6.50, -1.44, -64.91, 0.98044, -0.09347, -0.13615, 0.10707
26, 15, 2.087, -15.856, -14.810, 607.30, -480.10, 1024.11, 30.73, 32.98, -2.96, 0.97521, -0.10752, -0.15311, 0.11812
26, 16, 3.734, -10.573, -13.248, 99.49, -65.19, 954.77, 0.24, 92.42, 55.95, 0.97916, -0.09957, -0.10796, 0.14025
26, 15, 6.303, -11.443, -12.387, 562.44, 148.68, 887.33, -66.51, 83.80, 105.12, 0.97590, -0.08840, -0.11633, 0.16206
26, 15, 9.471, -9.954, -17.461, 656.62, -390.81, 582.95, -61.73, 213.20, 132.29, 0.96711, -0.13082, -0.11449, 0.18570
26, 15, 10.354, 2.971, -19.059, -387.39, -193.79, 947.75, -93.50, 233.25, 127.75, 0.96315, -0.16719, -0.00963, 0.21047
26, 16, 12.353, 5.165, -21.830, 455.63, -343.63, 938.54, -110.55, 204.63, 179.70, 0.95355, -0.19426, 0.00030, 0.23024
26, 15, 10.369, 18.478, -25.140, -759.89, -547.79, 972.11, -61.98, 249.99, 80.36, 0.93471, -0.24285, 0.10826, 0.23585
26, 17, 10.792, 27.385, -29.205, -1321.11, -901.12, 1084.90, -89.36, 109.76, 129.96, 0.90592, -0.28811, 0.17164, 0.25854
26, 16, 13.946, 32.460, -29.513, -1089.54, -759.46, 1087.83, -47.11, 2.82, 169.55, 0.88432, -0.30223, 0.20376, 0.29174
26, 15, 10.376, 33.967, -30.858, -1461.12, -757.69, 1144.84, 17.58, -23.67, -64.93, 0.88521, -0.30777, 0.22204, 0.26905
27, 9, 9.702, -5.899, -45.559, -522.34, -208.56, 694.89, -110.34, -117.39, 21.08, 0.90554, -0.36890, -0.12520, 0.16802
27, 26, 14.783, -7.695, -60.709, -105.04, -655.94, 85.88, -124.43, -171.33, -7.74, 0.84270, -0.47431, -0.18058, 0.17967
27, 15, 18.574, -8.292, -67.035, 73.18, -1468.51, 108.22, -93.70, -188.91, 64.78, 0.80970, -0.51211, -0.21142, 0.19347
27, 16, 20.309, -6.415, -66.026, 46.20, -1143.86, 470.34, -13.62, -153.82, 112.88, 0.80936, -0.50629, -0.20439, 0.21640
27, 15, 21.242, -0.460, -59.433, -419.62, -627.20, 718.32, 44.50, -108.13, 115.08, 0.82879, -0.47166, -0.15256, 0.25956
27, 15, 22.407, 5.095, -51.751, -596.50, -267.40, 724.49, 44.35, -117.59, 76.38, 0.84833, -0.42683, -0.09746, 0.29774
27, 16, 24.217, 10.296, -46.215, -533.39, -341.00, 711.67, 11.55, -106.52, 119.22, 0.85464, -0.39644, -0.04928, 0.33166
27, 15, 24.814, 14.984, -44.941, -723.57, -987.92, 814.33, 3.43, -86.17, 139.09, 0.84819, -0.39747, -0.01158, 0.34995
27, 16, 24.007, 19.520, -42.392, -738.77, -867.92, 838.13, 42.38, -40.51, 118.86, 0.84944, -0.38832, 0.03409, 0.35567
27, 16, 24.123, 26.763, -37.205, -1108.95, -510.68, 979.98, 62.23, 3.56, 136.67, 0.84800, -0.36477, 0.10660, 0.36942
27, 15, 25.446, 33.488, -33.252, -1975.65, -372.25, 933.72, 27.85, -65.39, 115.79, 0.83659, -0.35079, 0.16800, 0.38579
27, 15, 22.486, 32.264, -32.441, -1081.85, -810.61, 1230.22, 26.38, -90.57, -4.75, 0.85236, -0.33807, 0.16997, 0.36098
27, 16, 20.163, 24.715, -29.862, 100.40, -461.36, 1037.90, 41.53, -48.34, -24.97, 0.88659, -0.30111, 0.12426, 0.32840
27, 16, 17.871, 27.487, -29.277, -753.17, -532.78, 814.39, 37.56, -14.40, 22.82, 0.88778, -0.29890, 0.15415, 0.31422
27, 16, 16.913, 26.171, -27.367, -316.96, -386.17, 772.71, 30.00, -10.93, 43.59, 0.89842, -0.28044, 0.15111, 0.30227
27, 15, 15.424, 24.129, -26.002, -311.16, -452.76, 919.43, 29.51, -0.97, 18.87, 0.91016, -0.26426, 0.14157, 0.28588
27, 16, 13.673, 22.833, -27.520, -362.67, -570.07, 794.92, 16.84, -26.37, 15.65, 0.91367, -0.27214, 0.13140, 0.27181
27, 16, 11.755, 18.358, -31.184, -105.29, -1021.00, 837.89, 13.92, -55.10, 2.30, 0.91783, -0.29276, 0.09116, 0.25212
27, 15, 11.286, 13.186, -32.667, 265.93, -1120.79, 930.24, 48.74, -34.77, 40.79, 0.92353, -0.29663, 0.04689, 0.23855
27, 15, 12.018, 11.921, -32.219, -37.48, -914.86, 969.06, 69.83, -7.29, 89.88, 0.92495, -0.29129, 0.03559, 0.24156
27, 15, 12.267, 11.959, -29.239, -160.71, -551.03, 897.52, 74.62, 6.41, 73.82, 0.93164, -0.26729, 0.04159, 0.24265
27, 15, 11.836, 13.051, -28.588, -221.92, -594.12, 769.23, 80.53, 9.63, 50.17, 0.93255, -0.26362, 0.05296, 0.24095
27, 15, 11.104, 15.024, -27.459, -405.94, -706.48, 829.41, 114.06, 0.76, 29.77, 0.93375, -0.25715, 0.07327, 0.23796
27, 16, 12.241, 12.937, -19.443, 28.20, 524.11, 1343.69, -2.33, 12.33, -18.55, 0.94990, -0.18849, 0.07038, 0.23918
27, 16, 5.978, 11.631, -25.488, -912.90, -1423.58, 1200.07, -1.15, -60.59, -222.06, 0.95209, -0.23318, 0.05967, 0.18867
27, 15, 1.779, 11.982, -28.005, -1716.31, -1674.62, 836.36, 107.46, -100.03, -204.56, 0.95266, -0.25215, 0.06773, 0.15581
27, 16, 0.087, 9.521, -27.153, -908.87, -976.50, 640.87, 191.73, -188.85, -185.71, 0.95924, -0.24197, 0.05180, 0.13644
27, 15, 1.027, -1.905, -20.032, 85.69, -154.54, 607.54, 188.19, -250.00, -148.50, 0.97677, -0.17033, -0.03868, 0.12418
27, 16, 0.670, -16.537, -14.367, 941.71, -45.65, 694.46, 161.72, -211.78, -145.30, 0.97629, -0.10479, -0.15713, 0.10581
27, 15, -5.031, -22.255, -1.675, 743.47, 848.63, 859.92, 149.36, -57.72, -210.31, 0.97844, 0.00045, -0.19351, 0.07219
27, 15, -0.854, -24.314, -7.250, 745.85, -435.18, 936.16, -12.32, -8.55, -51.15, 0.97090, -0.03772, -0.21580, 0.09675
27, 16, 3.182, -24.148, -11.373, 845.83, -356.75, 1102.05, 0.40, 52.07, -7.71, 0.96546, -0.06510, -0.22017, 0.12318
27, 16, 3.989, -22.178, -6.606, 750.79, 577.51, 948.36, 9.03, 129.44, 42.96, 0.96963, -0.02618, -0.19845, 0.14053
27, 15, 5.568, -18.398, -4.512, 516.54, 624.08, 830.69, -97.69, 161.09, 63.60, 0.97338, -0.01144, -0.16400, 0.15972
27, 16, 11.003, -14.904, -15.071, 754.39, -584.78, 751.28, -150.99, 218.06, 100.36, 0.96371, -0.09939, -0.15350, 0.19449
27, 16, 14.552, -0.808, -21.726, -280.82, -503.54, 679.87, -84.82, 249.99, 166.89, 0.95248, -0.18102, -0.05287, 0.23922
27, 16, 13.280, 14.696, -25.296, -1244.75, -612.43, 735.66, -59.35, 249.99, 89.36, 0.93427, -0.24034, 0.07048, 0.25379
27, 15, 11.490, 21.760, -29.819, -1054.69, -947.51, 1061.40, -71.80, 98.30, 48.95, 0.91532, -0.28647, 0.12266, 0.25512
27, 15, 9.930, 26.778, -34.196, -1096.19, -1127.44, 793.09, -19.13, 30.82, 50.07, 0.89596, -0.32541, 0.15779, 0.25781
28, 8, -9.664, 22.997, -52.677, -808.41, -979.98, 201.42, 22.06, 40.66, -88.62, 0.87444, -0.44093, 0.16284, 0.12008
28, 25, -11.028, 18.423, -55.136, -421.63, -1124.45, 111.88, 142.65, -71.61, -76.49, 0.87298, -0.46013, 0.13081, 0.09523
28, 17, -8.992, 10.142, -50.841, 86.24, -516.91, 319.15, 167.56, -109.73, -63.59, 0.89726, -0.43055, 0.06183, 0.07564
28, 15, -6.398, 0.051, -43.859, 273.62, -353.03, 540.65, 132.70, -131.19, -63.90, 0.92570, -0.37272, -0.02369, 0.06004
28, 16, -3.667, -7.300, -42.342, 208.37, -647.95, 603.09, 97.08, -161.11, -65.79, 0.92901, -0.35377, -0.09096, 0.05929
28, 15, 1.207, -14.825, -41.950, 726.81, -674.87, 603.94, 78.10, -149.60, 52.54, 0.92403, -0.33620, -0.16579, 0.07513
28, 15, 4.411, -21.082, -39.774, 929.63, -481.32, 710.27, 73.94, -86.50, 66.80, 0.92269, -0.30299, -0.22279, 0.08486
28, 16, 5.519, -24.075, -37.271, 620.97, -485.41, 751.53, 63.26, -29.71, 30.59, 0.92478, -0.27493, -0.24726, 0.08981
28, 15, 6.004, -21.362, -34.320, 252.14, -445.86, 887.27, 41.67, -1.87, 38.08, 0.93435, -0.25515, -0.22431, 0.10759
28, 15, 6.792, -16.323, -32.881, -44.86, -563.60, 1144.71, 10.98, 2.21, 42.29, 0.94129, -0.25130, -0.18404, 0.13016
28, 16, 8.990, -11.310, -34.387, -39.18, -903.14, 1294.19, -23.64, 3.27, 89.51, 0.93768, -0.26977, -0.15040, 0.15927
28, 15, 11.489, -6.043, -34.903, 119.93, -854.80, 1371.70, -41.28, 34.30, 152.02, 0.93300, -0.28121, -0.11462, 0.19311
28, 16, 13.811, 5.164, -33.841, -771.55, -238.95, 929.38, -73.59, 58.30, 183.77, 0.92500, -0.29263, -0.02752, 0.24079
28, 16, 12.715, 10.976, -36.246, -397.22, -421.57, 537.17, -81.84, 30.26, 48.13, 0.91400, -0.32222, 0.01747, 0.24591
28, 15, 12.170, 11.749, -41.260, -67.50, -961.79, 678.41, -83.76, 27.60, 105.20, 0.89905, -0.36304, 0.01459, 0.24432
28, 15, 13.302, 16.269, -44.393, -295.90, -1124.39, 720.46, -53.34, 27.77, 210.43, 0.87854, -0.39427, 0.03974, 0.26673
28, 16, 15.194, 20.304, -39.975, -641.85, -1264.71, 1809.51, 19.48, 21.04, 193.39, 0.88052, -0.36722, 0.07614, 0.28990
28, 15, 14.258, 19.687, -36.443, -188.96, -586.12, 1104.37, 12.53, 29.91, 57.88, 0.89500, -0.33826, 0.08286, 0.27873
28, 16, 12.190, 16.528, -34.213, -195.56, -451.97, 900.76, -3.97, -26.51, -39.80, 0.91211, -0.31453, 0.06840, 0.25388
28, 15, 10.252, 15.422, -30.696, -329.83, -466.55, 1366.27, 12.65, 17.48, -47.97, 0.92724, -0.28349, 0.07190, 0.23384
28, 16, 3.229, 13.656, -34.629, -1399.78, -1808.65, 901.49, 70.70, -66.86, -250.00, 0.93223, -0.30905, 0.06850, 0.17534
28, 16, -0.485, 12.052, -34.035, -1491.15, -1377.93, 655.70, 176.33, -141.56, -228.91, 0.94096, -0.30072, 0.06597, 0.14076
28, 15, 0.987, 10.191, -30.208, -642.15, -451.05, 357.73, 206.63, -250.00, -123.37, 0.95067, -0.26842, 0.05164, 0.14670
28, 15, 2.711, -6.560, -20.667, 775.39, 236.39, 482.06, 172.81, -250.00, -97.02, 0.97347, -0.16915, -0.08142, 0.13087
28, 16, 1.332, -19.859, -15.048, 1536.01, 207.46, 842.35, 107.88, -152.88, -134.30, 0.97101, -0.10535, -0.18644, 0.10620
28, 16, 2.016, -25.567, -14.628, 911.93, -144.10, 872.44, 20.87, -39.28, -64.16, 0.96196, -0.09277, -0.23446, 0.10518
28, 16, 5.515, -22.110, -21.380, 172.12, -1077.82, 993.04, 3.02, 10.33, -38.40, 0.95671, -0.14786, -0.21629, 0.12672
28, 15, 4.876, -22.797, -16.553, 750.00, 108.52, 1168.52, 34.40, 44.00, -4.24, 0.96183, -0.10751, -0.21588, 0.12933
28, 16, 3.629, -22.139, -13.664, 1193.66, 494.38, 1017.21, -47.19, 173.42, 10.14, 0.96664, -0.08651, -0.20613, 0.12506
28, 16, 1.689, -11.217, -10.086, -10.99, 389.53, 825.07, -81.62, 249.99, -8.04, 0.98348, -0.07357, -0.10826, 0.12508
28, 15, 4.634, -6.314, -22.244, 742.98, -1372.25, 654.66, -138.80, 249.99, 61.65, 0.96878, -0.18147, -0.08419, 0.14644
28, 15, 4.758, 9.461, -26.166, -1120.24, -587.89, 915.10, -78.88, 249.99, 94.00, 0.95501, -0.23559, 0.04290, 0.17494
28, 16, 3.664, 17.488, -32.604, -889.83, -1540.83, 979.43, -49.52, 156.46, 79.77, 0.93117, -0.29637, 0.10209, 0.18619
28, 15, 4.071, 18.070, -33.658, -248.35, -624.15, 946.96, -38.50, 54.06, 62.94, 0.92676, -0.30580, 0.10408, 0.19174
28, 15, 6.003, 26.079, -31.703, -1048.28, -392.33, 818.18, 4.64, 44.75, 100.23, 0.91261, -0.29946, 0.16805, 0.22186
29, 8, -5.603, 15.544, -48.057, -593.02, -590.58, 457.03, 40.94, 14.63, -38.24, 0.89870, -0.41125, 0.09436, 0.11960
29, 26, -6.745, 13.999, -53.806, -419.43, -1060.24, 85.75, 84.59, -71.22, -54.81, 0.88006, -0.45494, 0.08083, 0.10949
29, 16, -4.850, 8.791, -53.626, 57.56, -831.18, 253.78, 112.98, -115.54, -6.75, 0.88445, -0.45372, 0.03310, 0.10390
29, 14, -3.273, -0.912, -50.555, 549.87, -818.97, 469.48, 134.99, -121.54, -49.41, 0.90072, -0.42453, -0.04633, 0.07957
29, 15, -3.341, -10.652, -44.105, 643.92, -607.18, 735.23, 144.10, -95.15, -73.87, 0.92217, -0.36444, -0.11975, 0.04941
29, 17, -3.027, -14.454, -37.447, 395.14, -427.92, 983.46, 111.26, -69.21, -21.33, 0.93920, -0.30586, -0.14851, 0.04800
29, 15, -2.520, -16.315, -32.845, 279.24, -386.66, 1070.31, 57.72, -70.14, -21.41, 0.94884, -0.26513, -0.16295, 0.05339
29, 17, -1.327, -19.050, -32.424, 471.80, -592.04, 1132.32, -9.06, -56.81, -19.17, 0.94641, -0.25646, -0.18786, 0.05694
29, 15, 0.111, -20.888, -34.987, 664.06, -828.55, 1049.56, -22.90, -14.29, -1.08, 0.93765, -0.27250, -0.20742, 0.05949
29, 15, 0.969, -19.488, -36.799, 393.31, -645.26, 812.93, -16.04, 36.09, 26.12, 0.93430, -0.28787, -0.19924, 0.06722
29, 16, 1.067, -12.813, -37.422, -79.35, -501.28, 673.40, -19.47, 57.30, 42.21, 0.93795, -0.30244, -0.14604, 0.08627
29, 14, 1.541, -6.071, -37.861, -172.12, -573.24, 815.98, -30.22, 56.16, 71.89, 0.93843, -0.31438, -0.09289, 0.10905
29, 15, 3.580, -0.038, -38.088, -56.82, -582.46, 873.84, -44.34, 52.89, 135.07, 0.93443, -0.32250, -0.04961, 0.14271
29, 17, 5.919, 3.288, -39.529, 69.27, -722.17, 874.39, -51.92, 61.17, 188.38, 0.92515, -0.33764, -0.03128, 0.17064
29, 15, 7.658, 8.347, -41.756, -54.20, -889.71, 788.70, -34.67, 75.35, 207.92, 0.91074, -0.36188, 0.00064, 0.19896
29, 15, 9.275, 15.182, -38.995, -431.76, -908.81, 1226.14, 14.31, 74.18, 201.37, 0.90669, -0.34906, 0.05584, 0.23009
29, 16, 8.186, 21.424, -37.867, -751.40, -595.76, 897.03, -7.85, 60.62, 63.72, 0.90086, -0.34649, 0.11180, 0.23643
29, 15, 8.450, 21.620, -35.499, -871.28, -857.36, 1562.56, -11.70, -48.12, 12.95, 0.90689, -0.32829, 0.11749, 0.23661
29, 16, 1.340, 17.780, -37.704, -1337.28, -2000.00, 1251.89, 103.07, -70.17, -232.68, 0.92026, -0.33573, 0.10292, 0.17267
29, 15, -1.271, 13.369, -35.118, -1681.64, -1709.96, 512.94, 249.99, -233.01, -220.83, 0.93744, -0.30996, 0.07762, 0.13824
29, 15, -1.066, 12.022, -31.113, -488.89, -307.43, 79.83, 249.99, -250.00, -147.53, 0.94904, -0.27626, 0.07068, 0.13416
29, 17, -2.839, -5.938, -18.962, 1589.90, 964.54, 750.37, 221.61, -250.00, -224.60, 0.98133, -0.15887, -0.06657, 0.08558
29, 15, -6.870, -17.603, -11.125, 1669.68, 754.27, 929.26, 104.53, -92.27, -201.43, 0.98267, -0.08641, -0.15780, 0.04464
29, 16, -6.256, -20.889, -13.529, 723.69, -333.86, 903.44, 6.90, 9.77, -104.26, 0.97587, -0.10374, -0.18725, 0.04294
29, 16, -3.357, -19.710, -19.789, 516.78, -974.18, 1106.08, -1.99, 30.39, -48.39, 0.96924, -0.15325, -0.18332, 0.05904
29, 15, -1.701, -19.359, -19.227, 623.72, -211.55, 1103.27, 8.16, 70.58, 13.82, 0.96947, -0.14624, -0.18220, 0.07451
29, 15, -3.532, -13.669, -12.608, 58.17, 586.00, 917.54, -24.97, 131.33, -9.15, 0.98410, -0.09800, -0.12756, 0.07530
29, 15, -3.828, -11.464, -12.462, 462.89, 228.27, 913.82, -118.00, 163.68, -25.12, 0.98632, -0.09896, -0.10829, 0.07517
29, 16, -1.153, -10.246, -23.351, 938.84, -792.18, 930.05, -179.76, 177.68, 39.15, 0.97145, -0.19070, -0.10912, 0.08948
29, 17, -0.983, 1.455, -24.294, -203.00, -202.94, 1011.60, -89.68, 249.99, 82.83, 0.97113, -0.21047, -0.01115, 0.11176
29, 15, -1.319, 8.091, -31.936, -29.97, -819.52, 694.34, -94.64, 216.48, 79.90, 0.95123, -0.28016, 0.03760, 0.12354
29, 14, -2.456, 18.036, -37.134, -1286.56, -1200.44, 876.71, -69.52, 144.26, 68.60, 0.92672, -0.32762, 0.11678, 0.14220
29, 17, -1.747, 24.127, -37.466, -1072.14, -818.24, 963.44, -3.83, 35.61, 61.44, 0.91395, -0.33311, 0.16386, 0.16398
29, 15, 5.748, 29.610, -30.739, -650.39, -48.34, 852.72, -34.84, -17.32, 184.71, 0.90719, -0.29436, 0.19932, 0.22500
30, 8, -14.032, 15.288, -58.232, -846.98, -1070.25, 454.90, 69.02, -21.77, -49.56, 0.86600, -0.48202, 0.11719, 0.06297
30, 27, -9.730, 9.558, -54.755, -198.06, -800.35, 376.28, 126.54, -108.80, -50.43, 0.88299, -0.46059, 0.05766, 0.06971
30, 15, -8.476, -1.753, -50.770, 552.25, -669.92, 445.56, 150.36, -113.10, -98.49, 0.90267, -0.42754, -0.03371, 0.03540
30, 16, -7.290, -9.186, -45.299, 414.37, -578.06, 635.86, 152.60, -87.10, -63.10, 0.92018, -0.37904, -0.09558, 0.02145
30, 14, -6.007, -14.157, -39.368, 316.16, -433.78, 700.56, 138.69, -85.84, -41.69, 0.93505, -0.32561, -0.13848, 0.02208
30, 16, -5.042, -18.289, -34.797, 308.53, -468.26, 842.90, 99.84, -97.89, -63.90, 0.94300, -0.28278, -0.17375, 0.02455
30, 16, -4.924, -23.885, -32.071, 568.54, -573.06, 968.57, 76.09, -86.85, -79.12, 0.94189, -0.25406, -0.21919, 0.01577
30, 16, -4.776, -28.790, -30.761, 1069.03, -665.10, 1208.25, 48.86, -52.99, -62.09, 0.93621, -0.23725, -0.25917, 0.00774
30, 15, -3.969, -28.197, -29.065, 632.87, -486.88, 1129.46, 27.42, -9.32, -2.75, 0.94063, -0.22227, -0.25578, 0.01955
30, 16, -2.748, -24.074, -29.255, 147.03, -316.04, 656.19, 7.79, 10.35, 16.06, 0.94699, -0.22641, -0.22463, 0.03871
30, 15, -0.709, -20.954, -31.675, 144.84, -418.09, 627.38, -16.08, -7.75, 24.06, 0.94549, -0.24667, -0.20439, 0.05853
30, 15, 1.725, -20.046, -35.311, 381.77, -721.25, 810.24, -26.18, -7.44, 45.91, 0.93689, -0.27353, -0.20466, 0.07444
30, 16, 3.120, -18.318, -36.140, 401.55, -630.62, 910.16, -27.74, 17.15, 81.00, 0.93561, -0.28063, -0.19473, 0.08925
30, 15, 4.372, -12.780, -34.834, 63.23, -336.30, 841.55, -45.16, 35.93, 126.90, 0.94159, -0.27696, -0.15183, 0.11685
30, 16, 6.162, -5.445, -34.584, -170.78, -387.63, 914.73, -69.40, 33.62, 132.84, 0.94174, -0.28455, -0.09613, 0.15140
30, 16, 8.677, -2.740, -38.624, 284.00, -1203.67, 1112.98, -66.32, 41.62, 176.07, 0.92691, -0.31988, -0.08656, 0.17612
30, 15, 8.030, 5.524, -34.452, -690.98, -415.28, 1462.04, -7.05, 89.12, 99.19, 0.93407, -0.29916, -0.01082, 0.19466
30, 15, 6.438, 8.862, -35.323, -477.54, -922.67, 1062.68, -3.30, 19.87, 15.99, 0.93112, -0.31071, 0.01933, 0.18999
30, 15, 3.705, 9.737, -35.420, -704.53, -1302.98, 1385.19, 45.01, -19.83, -62.33, 0.93419, -0.31188, 0.03378, 0.16995
30, 15, 0.241, 8.167, -35.498, -926.64, -1829.83, 1067.50, 141.65, -80.15, -142.87, 0.94021, -0.31009, 0.03015, 0.13765
30, 16, -0.356, 6.484, -33.043, -601.07, -1230.04, 620.67, 238.20, -136.13, -85.69, 0.94872, -0.28832, 0.02061, 0.12801
30, 15, -0.710, -4.043, -23.497, 122.86, -110.96, 326.84, 249.99, -170.97, -111.76, 0.97288, -0.19822, -0.05750, 0.10439
30, 15, -3.792, -16.304, -8.886, 945.98, 894.17, 558.29, 214.34, -140.80, -130.23, 0.98412, -0.06406, -0.14752, 0.07514
30, 18, -4.629, -24.195, -2.751, 1161.50, 561.83, 829.28, 82.89, -77.16, -65.17, 0.97478, -0.00664, -0.21072, 0.07314
30, 15, -1.674, -25.375, -8.076, 695.50, -399.90, 893.25, -8.38, 10.75, -52.06, 0.96935, -0.04517, -0.22512, 0.08741
30, 16, 1.808, -22.624, -15.146, 298.28, -1073.55, 1035.52, 20.48, 18.04, -45.09, 0.96653, -0.10163, -0.21019, 0.10637
30, 15, 0.771, -18.885, -10.729, 223.45, 124.82, 1033.33, 29.11, 58.33, -23.14, 0.97615, -0.07077, -0.17372, 0.10933
30, 15, -1.361, -17.205, -5.647, 376.16, 611.57, 911.07, -48.99, 79.74, -41.29, 0.98254, -0.03224, -0.15379, 0.09966
30, 16, -1.004, -18.483, -9.786, 1137.27, 111.15, 1025.82, -158.90, 130.68, -28.70, 0.97882, -0.06583, -0.16840, 0.09597
30, 15, -0.968, -3.869, -10.453, -509.46, 419.98, 886.66, -168.59, 249.99, 35.58, 0.98939, -0.08671, -0.04358, 0.10816
30, 15, 3.895, -1.070, -24.270, 952.27, -1068.42, 259.64, -200.12, 249.99, 183.56, 0.96628, -0.20630, -0.04135, 0.14842
30, 17, 3.518, 13.622, -29.041, -836.18, -550.48, 865.48, -128.35, 249.99, 132.74, 0.94579, -0.26340, 0.07601, 0.17411
30, 15, 2.604, 23.245, -35.467, -1105.04, -1265.08, 940.06, -106.22, 155.50, 136.39, 0.91466, -0.32267, 0.14737, 0.19384
30, 15, 2.097, 26.338, -38.463, -778.63, -1163.76, 1018.68, -34.08, 30.11, 93.19, 0.90015, -0.34739, 0.16869, 0.20146
31, 8, -12.447, -0.558, -38.858, 92.71, -545.90, 650.51, 45.01, 42.61, -5.97, 0.94300, -0.33255, -0.00852, 0.00952
31, 25, -11.906, -6.637, -40.549, 337.40, -720.15, 639.59, 51.93, 27.78, -37.69, 0.93667, -0.34500, -0.06001, -0.00458
31, 17, -11.273, -6.399, -40.613, 127.01, -682.92, 705.08, 54.82, 33.45, -20.18, 0.93659, -0.34526, -0.05997, 0.00128
31, 15, -10.825, -6.163, -37.077, 112.61, -386.41, 860.60, 27.92, 19.75, -7.13, 0.94686, -0.31605, -0.05919, 0.00749
31, 16, -9.870, -5.154, -35.756, 22.83, -474.24, 902.22, -7.83, 1.57, -15.24, 0.95066, -0.30503, -0.05328, 0.01881
31, 15, -8.277, -6.294, -36.491, 159.42, -635.74, 966.19, -27.98, -5.35, -11.98, 0.94802, -0.30974, -0.06714, 0.02852
31, 14, -7.277, -8.529, -37.956, 349.43, -691.83, 956.36, -38.43, 3.80, -1.24, 0.94287, -0.31978, -0.08866, 0.02951
31, 16, -6.346, -8.664, -39.502, 197.08, -661.25, 855.22, -38.60, 19.68, 2.80, 0.93816, -0.33163, -0.09285, 0.03553
31, 15, -6.323, -5.378, -40.837, -87.46, -622.19, 741.64, -35.63, 10.82, -7.70, 0.93521, -0.34488, -0.06660, 0.04471
31, 16, -6.163, -3.205, -42.347, -77.03, -669.98, 731.08, -35.47, -1.26, -8.36, 0.93073, -0.35851, -0.05006, 0.05200
31, 16, -5.601, -4.196, -44.565, 127.93, -776.37, 731.87, -34.72, -8.22, 8.13, 0.92333, -0.37553, -0.06087, 0.05226
31, 14, -5.111, -5.276, -45.646, 261.54, -899.96, 852.17, -20.68, 10.19, 35.13, 0.91944, -0.38315, -0.07165, 0.05195
31, 15, -4.014, -2.546, -46.788, 136.17, -1106.32, 917.54, 5.69, 37.61, 101.78, 0.91498, -0.39376, -0.05418, 0.06948
31, 16, -3.307, 2.501, -46.262, -96.44, -1141.42, 894.17, 57.36, 55.62, 117.74, 0.91475, -0.39293, -0.01593, 0.09261
31, 15, -2.357, 8.758, -35.898, -836.98, 7.69, 1999.94, 118.78, 56.03, 79.37, 0.94148, -0.31298, 0.04165, 0.11798
31, 16, -3.292, 11.218, -34.806, -499.02, -859.31, 1337.52, 16.37, 27.01, -19.42, 0.94299, -0.30495, 0.06562, 0.11607
31, 15, -4.179, 11.346, -35.954, -866.64, -1517.52, 1352.91, 55.14, -55.31, -61.94, 0.94063, -0.31393, 0.06794, 0.10978
31, 16, -5.148, 13.368, -32.825, -1264.77, -1702.51, 898.56, 249.99, -48.91, -56.87, 0.94754, -0.28825, 0.09017, 0.10466
31, 16, -4.499, 13.454, -28.283, -893.86, -690.67, 468.44, 249.99, -179.82, -85.95, 0.95753, -0.25105, 0.09355, 0.10660
31, 15, -3.450, -0.280, -15.598, 613.95, 223.75, 715.52, 249.99, -187.17, -86.40, 0.98674, -0.13492, -0.01465, 0.08904
31, 15, -5.234, -9.575, -2.590, 896.48, 929.02, 840.27, 203.79, -104.36, -104.82, 0.99361, -0.01622, -0.08489, 0.07252
31, 16, -6.640, -14.520, 5.779, 675.66, 769.47, 876.04, 85.12, -41.52, -78.10, 0.98839, 0.05779, -0.12284, 0.06822
31, 15, -5.417, -16.755, 2.255, 556.82, -229.55, 1002.38, 4.26, -0.64, -79.34, 0.98628, 0.03006, -0.14386, 0.07515
31, 15, -2.064, -16.012, -6.081, 319.52, -1129.09, 1106.02, -6.06, 7.29, -34.59, 0.98443, -0.03803, -0.14372, 0.09375
31, 16, 0.439, -14.726, -8.981, 313.35, -348.69, 1141.11, 26.50, 18.33, -21.24, 0.98233, -0.06121, -0.13640, 0.11258
31, 16, -0.622, -13.000, -3.643, 280.52, 455.99, 1052.00, 9.81, 59.46, -45.28, 0.98692, -0.01839, -0.11602, 0.11037
31, 16, -2.452, -16.389, -0.945, 1220.52, 904.36, 519.96, -89.39, 102.65, -78.65, 0.98502, 0.00597, -0.14264, 0.09669
31, 15, -2.932, -5.939, -5.824, -103.88, 200.38, 1051.45, -223.01, 211.35, -63.15, 0.99313, -0.04561, -0.05631, 0.09183
31, 15, 3.963, -5.301, -18.866, 1803.22, -1163.09, 334.96, -232.89, 236.21, 201.23, 0.97478, -0.15471, -0.07035, 0.14466
31, 16, 6.029, 7.851, -24.978, -463.07, -680.79, 993.47, -120.16, 249.99, 172.60, 0.95695, -0.22403, 0.02870, 0.18229
31, 15, 8.282, 19.606, -27.806, -895.87, -550.35, 975.28, -106.48, 156.95, 196.27, 0.93099, -0.26404, 0.11687, 0.22334
31, 15, 10.428, 30.268, -27.590, -1391.78, -369.20, 1005.31, -72.07, 109.07, 170.63, 0.90354, -0.27826, 0.19959, 0.25760
31, 16, 14.721, 34.726, -24.441, -1396.12, -179.44, 1651.73, -83.73, 5.13, 128.16, 0.88850, -0.26765, 0.23291, 0.29100
31, 17, 21.504, 32.681, -21.476, -416.81, -8.73, 1519.41, -164.94, -51.41, 174.85, 0.88252, -0.25420, 0.20918, 0.33585
31, 15, 12.099, 23.443, -31.312, 57.01, -1028.93, 1296.45, -131.45, -44.45, -188.10, 0.90655, -0.30135, 0.13143, 0.26471
32, 8, 24.534, 13.691, -53.492, -257.08, -586.98, 647.09, 15.03, -199.52, 55.13, 0.81988, -0.45700, -0.04617, 0.34177
32, 26, 29.154, 14.388, -42.551, -318.73, -602.66, 755.55, 50.16, -175.90, 139.96, 0.84368, -0.37772, -0.02321, 0.38077
32, 16, 31.172, 11.190, -34.908, -50.60, -309.57, 714.42, 74.44, -153.81, 124.70, 0.86605, -0.31139, -0.02823, 0.39013
32, 15, 31.376, 9.737, -28.094, -116.21, -265.44, 653.99, 102.54, -103.74, 108.29, 0.88454, -0.25492, -0.01687, 0.39029
32, 15, 29.875, 9.989, -20.943, -192.38, -149.84, 595.83, 126.77, -68.21, 57.00, 0.90343, -0.19991, 0.01212, 0.37908
32, 16, 27.202, 12.381, -15.470, -437.74, -208.37, 724.43, 148.16, -55.73, 16.13, 0.91765, -0.16275, 0.05322, 0.35860
32, 15, 25.919, 15.660, -8.862, -911.44, -12.08, 968.63, 149.14, -84.14, 27.16, 0.92540, -0.11813, 0.10175, 0.34544
32, 15, 24.553, 12.017, -1.016, -308.78, 111.45, 1129.21, 146.53, -117.75, -8.67, 0.93898, -0.04271, 0.09597, 0.32754
32, 17, 22.333, 4.976, 2.995, 98.94, 0.85, 1113.83, 133.38, -124.25, -25.73, 0.94983, 0.01136, 0.04935, 0.30864
32, 15, 21.362, -0.755, 5.231, 97.60, -41.87, 1149.23, 117.20, -121.38, 6.32, 0.95219, 0.04549, 0.00751, 0.30202
32, 15, 21.215, -6.547, 8.178, 354.25, 107.18, 1252.62, 104.70, -91.64, 21.55, 0.94847, 0.08503, -0.03291, 0.30346
32, 16, 22.192, -11.542, 11.251, 529.05, 393.98, 1456.05, 63.37, -70.72, 61.74, 0.93865, 0.12367, -0.06504, 0.31528
32, 15, 22.952, -15.862, 11.518, 662.41, 325.68, 1503.78, 7.71, -49.91, 46.59, 0.93082, 0.13760, -0.09895, 0.32380
32, 16, 24.178, -18.486, 8.505, 642.21, 117.37, 1379.46, -46.26, -8.77, 38.48, 0.92686, 0.12133, -0.12765, 0.33154
32, 15, 26.363, -18.259, 2.896, 469.30, -95.34, 1234.25, -82.95, 39.63, 55.78, 0.92563, 0.07790, -0.14041, 0.34267
32, 15, 29.339, -14.091, -4.090, 183.78, -247.31, 1152.47, -104.94, 78.25, 81.48, 0.92397, 0.01213, -0.12701, 0.36055
32, 17, 31.914, -7.491, -12.095, -176.57, -534.85, 973.82, -122.38, 93.08, 114.85, 0.91707, -0.07164, -0.10069, 0.37910
32, 15, 33.441, -0.955, -19.350, -349.06, -744.38, 1004.39, -125.33, 80.27, 140.11, 0.90372, -0.15069, -0.07486, 0.39368
32, 15, 34.618, 3.253, -26.178, -204.90, -1050.17, 994.69, -108.27, 60.94, 176.86, 0.88537, -0.21780, -0.06761, 0.40512
32, 16, 35.183, 9.211, -29.089, -431.27, -1085.88, 1198.55, -53.59, 73.17, 210.78, 0.86966, -0.26002, -0.03305, 0.41832
32, 15, 33.918, 14.895, -26.121, -730.29, -525.88, 1412.66, -6.76, 63.05, 122.80, 0.87152, -0.25600, 0.02484, 0.41749
32, 15, 29.401, 18.131, -24.335, -654.66, -387.82, 1004.09, 11.74, 27.33, -18.84, 0.88531, -0.25022, 0.06658, 0.38625
32, 16, 24.480, 13.862, -22.953, -28.32, -463.56, 1225.71, 19.57, 5.08, -68.93, 0.91119, -0.22537, 0.04697, 0.34166
32, 15, 16.774, 14.612, -21.481, -794.80, -405.03, 1381.41, 42.65, -1.65, -205.72, 0.93378, -0.21125, 0.07179, 0.27979
32, 17, 9.186, 12.961, -24.544, -1036.07, -1334.29, 1080.38, 98.40, -80.64, -250.00, 0.94666, -0.22894, 0.06600, 0.21696
32, 15, 5.055, 9.846, -25.417, -701.29, -1060.12, 671.20, 172.76, -151.98, -205.43, 0.95568, -0.22994, 0.04668, 0.17782
32, 15, 6.199, -0.081, -23.683, 212.34, -615.97, 621.95, 192.79, -195.66, -72.31, 0.96388, -0.20197, -0.03631, 0.16980
32, 16, 5.381, -9.971, -11.150, 583.07, 601.81, 800.60, 185.10, -146.58, -102.20, 0.97905, -0.08102, -0.10141, 0.15687
32, 15, 3.355, -15.601, -1.251, 704.28, 948.18, 802.12, 85.31, -55.57, -95.47, 0.97983, 0.00955, -0.13581, 0.14629
32, 15, 5.496, -12.995, -9.809, -29.24, -904.24, 1103.45, -58.33, -14.03, -75.61, 0.97756, -0.06485, -0.12539, 0.15637
32, 16, 7.938, -14.442, -13.813, 629.70, -468.02, 1124.02, -15.45, 31.13, -7.07, 0.97005, -0.09362, -0.14504, 0.17087
32, 16, 7.484, -14.359, -13.755, 709.41, -173.03, 1034.91, -4.71, 132.39, -36.15, 0.97084, -0.09385, -0.14389, 0.16719
32, 15, 7.978, -12.865, -15.020, 669.68, -146.42, 971.80, -48.52, 174.68, 10.24, 0.97021, -0.10656, -0.13360, 0.17173
32, 16, 11.632, -0.172, -12.512, -186.10, 165.95, 800.23, -40.85, 249.99, 169.95, 0.96970, -0.10597, -0.02544, 0.21865
32, 15, 15.874, 12.578, -11.786, -436.10, 128.42, 813.60, -101.45, 240.15, 175.35, 0.95288, -0.12656, 0.07920, 0.26406
32, 17, 15.187, 21.286, -18.748, -1052.49, -844.24, 970.76, -106.54, 129.04, 61.14, 0.93129, -0.20058, 0.13636, 0.27180
33, 8, -2.203, 8.251, -43.801, -654.24, -581.30, 430.42, 70.06, 83.13, -44.30, 0.91798, -0.37687, 0.02882, 0.12019
33, 26, -5.525, 12.120, -48.289, -489.14, -689.27, 137.15, 88.13, -26.89, -94.53, 0.90194, -0.41264, 0.06673, 0.10854
33, 16, -6.352, 7.453, -50.116, -78.92, -875.73, 214.05, 113.40, -79.09, -102.82, 0.90027, -0.42557, 0.03130, 0.08618
33, 15, -5.199, -0.396, -45.866, 263.37, -609.44, 571.41, 133.69, -97.21, -66.50, 0.91846, -0.38832, -0.03239, 0.06772
33, 15, -4.293, -8.576, -38.010, 534.61, -228.33, 881.84, 127.01, -95.10, -56.62, 0.94162, -0.31776, -0.09736, 0.05386
33, 16, -4.222, -15.482, -30.203, 595.89, 105.16, 896.79, 86.81, -73.92, -45.91, 0.95626, -0.24640, -0.15114, 0.04490
33, 15, -3.084, -22.128, -27.952, 684.57, -120.48, 696.59, 27.12, -57.89, -27.02, 0.95253, -0.21861, -0.20755, 0.04278
33, 16, 0.784, -23.307, -31.300, 464.72, -453.06, 768.55, -16.85, -34.29, 32.84, 0.94237, -0.23738, -0.22646, 0.06565
33, 16, 4.321, -20.203, -35.671, 148.44, -1260.56, 951.54, 32.41, -22.31, 20.75, 0.93395, -0.27148, -0.21237, 0.09454
33, 15, 7.687, -16.154, -33.314, 241.15, -623.11, 1284.55, 51.99, -15.74, 129.46, 0.93942, -0.25373, -0.18515, 0.13725
33, 16, 11.493, -11.641, -27.893, 92.35, 41.99, 1405.88, 14.91, -7.91, 197.01, 0.94745, -0.21241, -0.14853, 0.18754
33, 15, 14.296, -8.240, -25.120, 45.59, -141.24, 1487.55, -36.39, -2.11, 143.72, 0.94822, -0.19339, -0.12068, 0.22116
33, 15, 14.883, -5.215, -26.130, -47.36, -592.71, 1366.58, -59.59, 5.40, 54.46, 0.94533, -0.20781, -0.09888, 0.23107
33, 16, 14.101, -2.926, -28.579, -65.31, -709.53, 1102.23, -48.80, 17.78, 13.84, 0.94169, -0.23350, -0.08349, 0.22743
33, 15, 12.860, -1.982, -31.374, 14.10, -650.21, 759.34, -25.28, 27.79, 4.90, 0.93775, -0.25922, -0.07854, 0.21738
33, 14, 11.211, -3.191, -32.892, 199.52, -555.36, 654.05, -6.20, 53.76, 10.50, 0.93768, -0.27051, -0.08735, 0.19990
33, 17, 10.080, -0.700, -34.017, 28.32, -607.73, 715.27, 8.09, 72.63, 42.03, 0.93592, -0.28497, -0.06623, 0.19609
33, 15, 9.060, 5.537, -29.103, -568.05, -150.76, 1413.57, 4.09, 81.61, 34.53, 0.94521, -0.25524, -0.00391, 0.20349
33, 15, 8.154, 7.729, -31.021, -418.76, -841.00, 1281.13, -43.32, 3.14, -2.91, 0.94037, -0.27429, 0.01295, 0.20075
33, 16, 6.677, 5.215, -30.590, -19.10, -729.80, 1245.73, 2.95, -2.43, -33.60, 0.94611, -0.26712, -0.00365, 0.18308
33, 15, 3.995, 6.465, -30.826, -610.17, -1025.15, 1281.49, 51.57, -14.25, -99.69, 0.94860, -0.27056, 0.01267, 0.16367
33, 15, 0.255, 4.850, -31.179, -765.20, -1369.38, 1021.42, 133.24, -88.12, -192.99, 0.95373, -0.27147, 0.00759, 0.12903
33, 16, -0.340, 2.390, -30.543, -487.43, -1205.81, 797.73, 185.13, -137.76, -121.08, 0.95719, -0.26388, -0.01088, 0.11848
33, 15, 0.898, -4.956, -24.534, 76.54, -409.85, 723.08, 212.68, -156.70, -80.42, 0.96941, -0.20512, -0.06906, 0.11577
33, 17, 0.184, -13.308, -12.520, 575.87, 520.87, 855.53, 186.49, -122.68, -77.71, 0.98154, -0.09348, -0.12751, 0.10765
33, 15, -1.620, -17.600, -2.487, 590.21, 850.83, 1005.07, 111.63, -63.45, -86.98, 0.98277, -0.00510, -0.15436, 0.10152
33, 15, 0.016, -16.068, -2.999, 245.54, 29.85, 1079.59, -0.05, -15.05, -64.16, 0.98310, -0.00892, -0.14181, 0.11543
33, 16, 1.933, -13.305, -10.825, -13.67, -881.90, 1078.80, -29.88, -9.99, -81.31, 0.98103, -0.07702, -0.12707, 0.12452
33, 15, 2.600, -18.002, -9.973, 1415.41, 77.15, 1251.46, 5.58, 31.61, -32.17, 0.97583, -0.06275, -0.16651, 0.12688
33, 15, -0.261, -14.310, -4.728, 745.00, 788.82, 1211.67, -28.13, 203.61, -82.31, 0.98506, -0.02597, -0.12841, 0.11175
33, 16, 1.258, -14.562, -12.533, 1105.47, -315.86, 827.21, -165.01, 186.47, -30.68, 0.97932, -0.09083, -0.13907, 0.11548
33, 15, 4.371, 2.147, -19.393, -715.88, -568.12, 917.11, -94.61, 249.99, 94.51, 0.97268, -0.16921, -0.00835, 0.15874
33, 17, 6.164, 11.094, -26.957, -1247.80, -1570.86, 1076.97, -86.35, 99.20, 96.24, 0.94935, -0.24477, 0.05237, 0.18996
33, 15, 6.308, 10.513, -28.856, -164.73, -894.41, 1146.85, 18.90, 5.73, 17.77, 0.94559, -0.25980, 0.04405, 0.19083
33, 15, 9.723, 9.183, -22.837, 50.35, -89.36, 1112.73, 41.21, -8.94, 93.20, 0.95332, -0.20919, 0.03659, 0.21467
34, 7, 1.049, 19.251, -40.101, -218.51, -756.35, 377.38, 59.66, -69.04, -56.04, 0.91099, -0.35549, 0.11207, 0.17653
34, 27, 1.250, 0.737, -35.326, 536.50, -508.30, 597.11, 95.03, -88.77, -39.94, 0.94438, -0.30160, -0.03366, 0.12672
34, 15, 0.929, -8.067, -30.984, 608.28, -316.83, 698.49, 102.84, -62.58, -57.85, 0.95576, -0.25555, -0.10138, 0.10459
34, 16, -0.458, -13.908, -24.450, 535.40, -24.11, 814.03, 85.49, -22.60, -63.42, 0.96654, -0.19503, -0.14195, 0.08724
34, 14, -1.755, -16.386, -19.989, 348.45, 3.85, 794.56, 22.22, -1.27, -62.16, 0.97199, -0.15611, -0.15760, 0.07767
34, 15, -0.360, -16.776, -22.080, 295.04, -338.38, 864.38, -20.91, -6.16, -38.15, 0.96759, -0.17139, -0.16436, 0.08588
34, 16, 2.115, -15.736, -26.604, 330.38, -649.60, 1000.12, -27.85, 7.90, 6.29, 0.95909, -0.20728, -0.16349, 0.10226
34, 16, 3.898, -13.747, -29.654, 257.20, -750.37, 1148.25, -24.88, 11.05, 20.80, 0.95304, -0.23324, -0.15340, 0.11738
34, 15, 5.078, -11.290, -31.333, 178.22, -745.00, 1189.82, -20.13, 10.95, 26.15, 0.94956, -0.24955, -0.13750, 0.13094
34, 16, 6.027, -8.966, -32.282, 166.38, -748.35, 1190.06, -16.02, 13.19, 36.25, 0.94708, -0.26009, -0.12168, 0.14347
34, 15, 8.701, -2.445, -30.970, -362.06, -399.41, 1169.31, -31.82, 7.10, 127.20, 0.94608, -0.25778, -0.07224, 0.18239
34, 15, 10.040, -1.547, -32.019, 42.60, -755.86, 1195.68, -33.68, -16.99, 81.15, 0.94117, -0.26715, -0.06966, 0.19488
34, 16, 10.511, -2.302, -30.896, 86.61, -537.54, 979.98, -14.11, -15.72, 48.52, 0.94320, -0.25626, -0.07500, 0.19769
34, 15, 11.757, 0.503, -30.296, -62.99, -548.22, 931.58, -3.46, 1.43, 90.00, 0.94109, -0.25577, -0.05367, 0.21462
34, 16, 13.379, 4.852, -28.520, -285.77, -348.33, 844.79, -14.02, -11.60, 89.56, 0.93876, -0.24885, -0.01795, 0.23765
34, 16, 12.985, 1.727, -28.162, 246.40, -456.24, 855.90, -9.50, 12.60, 36.54, 0.94262, -0.24003, -0.04213, 0.22820
34, 14, 11.371, 2.041, -28.910, 21.67, -842.90, 1147.34, 28.70, 43.09, 7.23, 0.94396, -0.24734, -0.03755, 0.21531
34, 16, 10.322, 5.413, -22.730, -625.79, 190.25, 1787.17, 15.56, 24.83, -15.01, 0.95574, -0.20216, 0.00414, 0.21372
34, 15, 8.428, 2.005, -25.145, 11.60, -650.09, 1134.89, -25.70, -43.00, -70.93, 0.95684, -0.21685, -0.02520, 0.19185
34, 15, 6.339, 2.556, -27.438, -438.23, -1482.48, 1247.38, 73.55, -18.47, -79.32, 0.95534, -0.23724, -0.02012, 0.17502
34, 16, 3.910, 2.353, -27.325, -662.05, -1514.04, 928.34, 183.59, -71.05, -128.42, 0.95917, -0.23641, -0.01664, 0.15434
34, 15, 2.901, 2.168, -22.576, -368.77, -558.47, 685.42, 249.99, -107.91, -109.36, 0.96955, -0.19633, -0.01007, 0.14606
34, 15, 3.762, -3.210, -8.425, 52.25, 257.39, 721.44, 243.48, -134.44, -56.47, 0.98554, -0.06831, -0.03881, 0.15015
34, 17, 3.440, -10.310, 2.087, 494.63, 614.44, 873.54, 170.66, -120.58, -67.79, 0.98430, 0.03139, -0.08610, 0.15087
34, 15, 3.159, -13.725, 10.033, 456.24, 903.56, 1013.37, 83.47, -78.40, -57.04, 0.97668, 0.10342, -0.10493, 0.15617
34, 16, 5.413, -12.041, 6.891, 136.60, 49.56, 1132.32, -23.06, -22.61, -47.34, 0.97771, 0.07640, -0.09326, 0.17187
34, 15, 7.097, -11.688, -1.693, 171.26, -929.14, 1105.04, -24.76, -30.78, -79.40, 0.97847, 0.00401, -0.10278, 0.17891
34, 15, 7.408, -14.799, -2.192, 799.68, -88.87, 1280.94, 18.89, 9.57, -68.02, 0.97501, 0.00505, -0.13005, 0.18003
34, 15, 6.077, -15.409, 1.391, 842.10, 634.40, 1167.05, -21.01, 82.81, -75.86, 0.97575, 0.03498, -0.12997, 0.17262
34, 15, 6.659, -14.957, -1.740, 992.74, 292.54, 1100.46, -146.90, 159.91, -44.98, 0.97597, 0.00830, -0.13074, 0.17411
34, 16, 8.440, -4.054, -9.432, 16.48, -263.24, 945.74, -136.76, 249.99, 6.32, 0.97785, -0.07382, -0.05044, 0.18924
34, 16, 10.371, 4.507, -21.565, -296.08, -1397.83, 608.46, -134.77, 197.39, 93.86, 0.95829, -0.19088, -0.00137, 0.21271
34, 16, 10.406, 14.502, -25.420, -731.38, -775.15, 1102.17, -63.21, 173.42, 102.21, 0.94036, -0.23922, 0.07462, 0.23005
34, 15, 11.396, 21.775, -27.940, -1042.30, -1036.74, 1096.80, -20.07, 73.68, 132.90, 0.92007, -0.27134, 0.12717, 0.25235
34, 16, 11.918, 16.489, -24.218, 16.66, -320.86, 1081.97, 32.23, -45.85, 9.87, 0.93668, -0.23360, 0.09049, 0.24468
34, 15, 14.913, 13.473, -16.401, 118.29, 250.85, 1172.91, 30.68, -13.11, 73.46, 0.94810, -0.16602, 0.07736, 0.25993
35, 9, -3.342, 5.535, -39.881, -68.48, -748.23, 457.09, 44.83, -3.04, -62.07, 0.93354, -0.34337, 0.01415, 0.10197
35, 25, -2.998, -2.822, -36.713, 204.04, -575.20, 660.77, 88.01, -33.18, -37.77, 0.94535, -0.31123, -0.05290, 0.08159
35, 15, -2.810, -6.799, -31.394, 254.39, -287.84, 789.43, 93.32, -32.05, -36.42, 0.95813, -0.26337, -0.08268, 0.07606
35, 16, -2.965, -9.746, -24.751, 274.11, -20.20, 847.17, 75.29, -18.44, -33.85, 0.97061, -0.20475, -0.10276, 0.07376
35, 15, -2.401, -11.482, -20.530, 263.61, -17.03, 943.12, 25.04, -18.76, -20.13, 0.97599, -0.16666, -0.11556, 0.07949
35, 16, -0.670, -13.497, -23.185, 359.99, -494.14, 1018.98, -16.88, -26.75, -27.37, 0.96913, -0.18509, -0.13718, 0.08776
35, 15, 0.921, -13.759, -27.159, 389.89, -892.03, 1175.23, -7.97, -0.63, -16.92, 0.96070, -0.21627, -0.14533, 0.09574
35, 16, 2.396, -12.098, -28.660, 267.15, -812.50, 1291.87, 13.91, 12.61, 15.74, 0.95756, -0.22929, -0.13575, 0.10990
35, 16, 3.412, -9.545, -27.142, 125.49, -508.24, 1301.27, 7.26, 12.25, 33.62, 0.96072, -0.21910, -0.11496, 0.12565
35, 15, 4.495, -7.835, -25.197, 124.33, -289.67, 1159.00, -18.75, 12.28, 45.36, 0.96363, -0.20424, -0.10042, 0.14008
35, 15, 6.321, -6.629, -24.180, 143.62, -226.50, 1034.18, -51.77, 11.33, 73.62, 0.96329, -0.19601, -0.09219, 0.15861
35, 16, 8.671, -3.551, -24.777, 25.09, -310.79, 958.62, -72.60, 20.69, 100.94, 0.95883, -0.20443, -0.07146, 0.18370
35, 14, 9.827, -1.879, -28.692, 38.09, -581.67, 890.01, -73.75, 21.28, 70.82, 0.94900, -0.23924, -0.06627, 0.19434
35, 15, 8.993, -0.196, -33.034, -74.22, -787.23, 772.34, -51.42, 23.23, 11.99, 0.93993, -0.27837, -0.05779, 0.18896
35, 16, 9.016, 3.162, -35.980, -150.76, -736.88, 726.44, -26.44, 25.90, 62.87, 0.93028, -0.30782, -0.03534, 0.19641
35, 16, 8.040, 5.193, -37.202, -141.72, -839.48, 825.62, 13.00, 29.19, 42.48, 0.92691, -0.32101, -0.01820, 0.19354
35, 16, 7.789, 8.976, -30.302, -473.21, -253.23, 1465.03, 66.36, 42.30, 36.62, 0.94142, -0.27009, 0.02539, 0.20031
35, 15, 7.349, 11.181, -22.242, -600.83, 433.59, 1662.90, 42.76, 19.63, -29.98, 0.95652, -0.20624, 0.05874, 0.19768
35, 15, 4.785, 6.318, -28.028, 118.84, -1493.59, 1356.26, -34.22, -51.12, -87.68, 0.95389, -0.24725, 0.01372, 0.16960
35, 15, 2.664, 4.948, -29.752, -262.51, -1433.04, 1263.55, 82.31, -26.17, -81.05, 0.95405, -0.25982, 0.00457, 0.14922
35, 15, 2.028, 6.082, -28.391, -655.15, -1336.00, 991.88, 191.51, -51.72, -50.44, 0.95709, -0.24964, 0.01722, 0.14618
35, 15, 2.001, 5.923, -23.697, -498.11, -669.68, 757.51, 249.99, -121.22, -72.66, 0.96665, -0.21005, 0.02190, 0.14486
35, 16, 2.594, 2.901, -11.367, -164.79, 94.79, 678.53, 232.83, -137.14, -77.29, 0.98424, -0.10158, 0.01082, 0.14432
35, 16, 2.209, -3.789, 0.134, 354.61, 741.58, 848.63, 159.99, -112.42, -82.23, 0.98971, 0.00576, -0.03257, 0.13921
35, 15, 2.814, -10.045, 6.132, 722.05, 823.79, 1036.38, 44.47, -78.95, -37.66, 0.98362, 0.06535, -0.07880, 0.14835
35, 16, 5.198, -12.711, -2.697, 579.71, -789.25, 1140.87, -60.97, -31.16, -47.52, 0.98039, -0.00481, -0.11301, 0.16140
35, 15, 6.977, -11.689, -9.546, 141.54, -882.51, 1106.14, -3.65, -11.24, -48.98, 0.97663, -0.06312, -0.11474, 0.17043
35, 16, 6.720, -14.230, -5.283, 747.86, 382.87, 1181.64, 20.93, 31.31, -22.05, 0.97641, -0.02296, -0.12990, 0.17094
35, 15, 6.409, -17.688, -4.607, 1217.77, 394.23, 931.70, -63.44, 82.17, -32.10, 0.97308, -0.01215, -0.15820, 0.16713
35, 15, 5.123, -8.144, -4.544, -58.35, 324.65, 971.01, -128.97, 196.27, -48.87, 0.98360, -0.02734, -0.07649, 0.16106
35, 16, 7.608, -2.993, -14.563, 177.92, -417.85, 870.67, -173.58, 172.52, 43.28, 0.97496, -0.11968, -0.04898, 0.18092
35, 16, 11.253, 3.013, -23.338, 354.86, -1039.73, 889.53, -107.98, 235.13, 191.70, 0.95454, -0.20296, -0.01872, 0.21752
35, 15, 11.545, 10.892, -27.322, -201.60, -741.88, 1040.65, -64.35, 195.28, 141.82, 0.93884, -0.24962, 0.03840, 0.23408
35, 16, 11.075, 16.324, -30.951, -556.21, -1078.43, 1118.59, -39.93, 93.70, 106.76, 0.92344, -0.28739, 0.07673, 0.24245
35, 15, 15.866, 25.857, -28.371, -1240.72, -538.64, 991.21, -6.90, 28.10, 242.45, 0.89941, -0.28642, 0.14854, 0.29490
35, 16, 18.039, 28.715, -18.944, -627.56, 486.02, 1054.02, 33.19, 27.87, 29.45, 0.90772, -0.22040, 0.19148, 0.30134
36, 7, -7.371, 5.059, -34.063, 93.87, -301.51, 833.98, 86.00, -16.48, -36.23, 0.95299, -0.29452, 0.02572, 0.06647
36, 27, -5.125, -1.358, -26.264, 304.87, -140.63, 1047.24, 22.29, -4.66, -0.90, 0.97120, -0.22566, -0.02869, 0.07096
36, 15, -4.064, -3.546, -26.018, 221.74, -421.20, 1077.76, -10.89, 3.44, -12.76, 0.97095, -0.22163, -0.04913, 0.07570
36, 14, -3.726, -5.984, -28.127, 340.76, -619.57, 1036.38, -21.70, 15.37, -29.81, 0.96608, -0.23728, -0.07174, 0.07242
36, 16, -3.326, -7.276, -30.552, 345.76, -690.37, 1015.81, -24.22, 35.31, -12.52, 0.96023, -0.25625, -0.08496, 0.07123
36, 15, -2.831, -6.247, -32.598, 182.92, -659.42, 1010.44, -24.28, 49.14, 4.71, 0.95546, -0.27395, -0.07884, 0.07638
36, 17, -2.307, -3.658, -32.003, 74.83, -549.74, 1095.09, -28.27, 52.18, 29.13, 0.95682, -0.27106, -0.05811, 0.08744
36, 15, -1.518, 1.006, -31.658, -172.00, -456.24, 1016.78, -38.28, 53.43, 47.12, 0.95627, -0.27209, -0.02079, 0.10530
36, 15, 0.443, 6.184, -31.298, -278.44, -337.22, 915.22, -65.41, 37.81, 86.30, 0.95231, -0.27371, 0.01815, 0.13364
36, 16, 1.747, 10.406, -33.581, -318.05, -543.09, 835.33, -76.17, 22.64, 72.99, 0.94112, -0.29678, 0.04711, 0.15491
36, 15, 2.675, 13.672, -37.264, -383.67, -752.44, 779.66, -74.10, 3.68, 80.10, 0.92570, -0.33011, 0.06617, 0.17244
36, 15, 1.439, 13.281, -41.080, -261.17, -975.22, 750.79, -36.57, -8.55, 7.80, 0.91655, -0.35979, 0.06112, 0.16354
36, 15, 1.071, 14.277, -41.360, -259.58, -901.98, 833.25, 31.69, 12.78, 60.97, 0.91483, -0.36251, 0.06994, 0.16365
36, 15, 1.843, 16.824, -37.665, -381.29, -656.74, 874.94, 66.13, 6.96, 47.20, 0.92115, -0.33520, 0.09371, 0.17420
36, 16, 3.302, 18.770, -29.123, -639.83, 13.37, 1263.00, 88.08, -5.51, -8.06, 0.93821, -0.26876, 0.11919, 0.18253
36, 16, 3.892, 15.738, -21.155, -126.16, 539.37, 1559.33, 26.31, -19.35, -71.74, 0.95830, -0.20037, 0.10502, 0.17458
36, 15, 0.029, 10.701, -28.076, -138.00, -1708.44, 1328.61, -24.51, -62.15, -134.62, 0.95616, -0.25064, 0.06073, 0.13873
36, 16, -3.068, 8.037, -30.125, -331.05, -1609.68, 1295.53, 100.62, -30.45, -133.22, 0.95735, -0.26442, 0.04313, 0.10821
36, 15, -4.854, 7.792, -29.110, -541.02, -1396.55, 887.82, 216.71, -34.79, -105.78, 0.96140, -0.25510, 0.04601, 0.09234
36, 15, -4.236, 7.576, -24.808, -343.38, -595.09, 681.64, 244.01, -82.14, -63.17, 0.96995, -0.21897, 0.04643, 0.09539
36, 16, -1.988, 1.590, -10.637, 202.27, 372.44, 689.76, 234.10, -85.78, -23.83, 0.99018, -0.09361, 0.00420, 0.10372
36, 15, -1.557, -3.562, 1.268, 321.29, 669.25, 860.41, 161.81, -60.98, -53.89, 0.99372, 0.01431, -0.02972, 0.10692
36, 16, -0.483, -5.916, 7.602, 378.30, 972.78, 984.68, 11.94, -13.57, -26.74, 0.98935, 0.07173, -0.04347, 0.11894
36, 16, 0.886, -4.510, -0.406, -59.02, -758.48, 1070.92, -22.62, -14.08, -56.22, 0.99104, 0.00152, -0.03948, 0.12757
36, 15, 2.411, -2.511, -2.188, -49.87, -128.78, 1072.57, 10.10, 5.28, -24.75, 0.98965, -0.01581, -0.02438, 0.14052
36, 15, 3.372, -1.034, -0.606, -18.43, 183.90, 1062.26, -19.97, 18.15, -27.45, 0.98875, -0.00388, -0.00971, 0.14924
36, 15, 4.750, -4.271, -1.501, 494.26, 257.26, 1111.51, -97.33, 24.93, -2.15, 0.98624, -0.00691, -0.03888, 0.16056
36, 15, 9.269, -8.158, -9.547, 917.60, -425.23, 594.97, -136.25, 101.01, 109.37, 0.97512, -0.06715, -0.08605, 0.19296
36, 16, 13.971, 3.169, -11.786, -408.02, -14.95, 1155.70, -125.40, 190.06, 202.89, 0.96460, -0.10624, 0.00207, 0.24138
36, 15, 17.555, 1.327, -18.914, 899.11, -537.11, 764.40, -153.78, 153.03, 192.11, 0.94913, -0.16127, -0.03340, 0.26837
36, 16, 17.901, 8.126, -21.595, 4.46, -394.84, 1087.65, -113.29, 220.30, 182.26, 0.93894, -0.19877, 0.01591, 0.28039
36, 16, 15.780, 17.888, -26.122, -705.14, -916.56, 1120.12, -65.28, 205.22, 113.16, 0.92143, -0.25451, 0.08944, 0.27962
36, 16, 17.308, 26.867, -28.606, -1133.91, -768.68, 1014.83, -84.32, 80.92, 200.43, 0.89259, -0.29185, 0.15244, 0.30802
36, 15, 14.899, 31.834, -27.870, -1059.63, -447.20, 984.99, 7.85, 42.44, 25.08, 0.88787, -0.29033, 0.20047, 0.29531
36, 16, 10.340, 31.709, -28.991, -1322.20, -842.41, 1340.58, 29.96, -39.47, -76.39, 0.89645, -0.29077, 0.20831, 0.26162
37, 8, 23.534, 0.745, -28.218, -866.15, -282.84, 1249.21, -97.38, -53.81, 47.16, 0.91829, -0.23296, -0.07205, 0.31191
37, 26, 20.706, 9.191, -33.974, -1171.08, -428.22, 606.02, -118.39, -105.93, -16.48, 0.90346, -0.30084, -0.01320, 0.30509
37, 16, 20.292, 11.276, -40.649, -840.52, -914.31, 281.19, -99.41, -147.10, 24.00, 0.88220, -0.35748, -0.01324, 0.30618
37, 16, 21.448, 10.279, -46.117, -379.39, -1121.03, 293.46, -40.90, -162.08, 74.90, 0.86277, -0.39674, -0.03955, 0.31090
37, 16, 22.170, 11.780, -43.730, -359.92, -720.70, 634.52, 39.21, -111.85, 94.56, 0.86626, -0.38176, -0.02380, 0.32139
37, 15, 23.380, 16.619, -34.703, -675.42, -16.11, 827.03, 76.42, -57.08, 74.65, 0.88145, -0.32368, 0.03667, 0.34194
37, 16, 24.000, 21.554, -27.420, -1007.32, 179.08, 868.90, 44.54, -54.47, 35.00, 0.88856, -0.27911, 0.09645, 0.35106
37, 15, 23.322, 24.746, -25.167, -1125.79, -123.60, 819.70, -12.98, -94.71, -1.95, 0.88887, -0.26830, 0.13052, 0.34770
37, 15, 20.722, 22.306, -28.951, -716.67, -959.35, 920.47, -18.13, -128.59, -5.77, 0.89284, -0.28977, 0.10608, 0.32805
37, 16, 19.722, 16.211, -29.569, -7.14, -1028.26, 1182.25, 31.58, -96.11, 30.30, 0.90619, -0.28122, 0.05768, 0.31050
37, 15, 20.105, 13.788, -27.984, -221.25, -876.77, 1243.53, 63.26, -66.31, 86.14, 0.91299, -0.26357, 0.04142, 0.30864
37, 16, 20.034, 13.120, -22.952, -346.68, -485.23, 1308.47, 72.60, -41.93, 48.35, 0.92485, -0.22168, 0.04960, 0.30505
37, 16, 19.159, 11.743, -17.308, -123.96, -100.59, 1207.82, 61.41, 0.89, 4.79, 0.93866, -0.17222, 0.05452, 0.29374
37, 15, 18.115, 12.213, -14.778, -227.84, -162.66, 931.21, 15.08, 2.72, 3.62, 0.94431, -0.15195, 0.06628, 0.28425
37, 16, 16.100, 13.353, -18.552, -283.81, -451.84, 655.64, -7.25, -8.77, -8.90, 0.94222, -0.18428, 0.06956, 0.27098
37, 14, 14.356, 11.897, -23.856, -20.63, -795.17, 621.89, 8.09, 11.13, 18.35, 0.93870, -0.22406, 0.04835, 0.25749
37, 15, 13.819, 11.882, -27.525, -71.90, -865.60, 665.28, 32.71, 22.90, 63.97, 0.93227, -0.25378, 0.04115, 0.25451
37, 16, 16.719, 15.549, -17.983, -863.04, 687.50, 1999.94, 63.76, 16.53, 88.13, 0.93856, -0.18456, 0.08815, 0.27797
37, 15, 16.178, 12.996, -17.819, -103.76, -369.57, 1178.34, -9.99, 0.82, 18.45, 0.94366, -0.17756, 0.06820, 0.27080
37, 16, 15.265, 8.951, -17.024, 126.46, -342.90, 1187.50, 11.32, -6.89, -8.22, 0.95153, -0.16220, 0.03767, 0.25859
37, 16, 12.583, 11.281, -18.390, -668.27, -875.24, 1430.97, 53.34, 11.28, -57.09, 0.95286, -0.17697, 0.05817, 0.23948
37, 15, 6.926, 11.144, -21.564, -992.43, -1443.60, 1061.22, 102.77, -67.11, -185.14, 0.95849, -0.20031, 0.06033, 0.19374
37, 16, 4.281, 10.944, -21.749, -988.46, -1270.69, 710.02, 197.91, -122.09, -127.17, 0.96260, -0.20018, 0.06297, 0.17137
37, 15, 4.024, 9.169, -17.430, -437.62, -400.88, 612.73, 231.18, -175.98, -97.26, 0.97152, -0.16145, 0.05465, 0.16460
37, 15, 3.553, -0.906, -5.507, 181.03, 310.00, 638.73, 201.87, -199.27, -124.14, 0.98744, -0.04629, -0.01506, 0.15030
37, 16, 2.846, -10.939, 3.451, 839.36, 789.12, 893.01, 121.63, -156.54, -82.05, 0.98410, 0.04345, -0.08993, 0.14687
37, 15, 2.673, -16.180, 6.573, 772.46, 491.70, 1104.86, 18.75, -62.48, -90.59, 0.97707, 0.07630, -0.13091, 0.14958
37, 16, 4.936, -15.492, -1.998, 264.71, -1045.47, 1078.74, -3.45, -26.54, -107.11, 0.97789, 0.00489, -0.13578, 0.15895
37, 16, 7.199, -15.566, -7.781, 469.24, -1020.02, 1201.11, 46.97, -4.65, -72.88, 0.97363, -0.04148, -0.14510, 0.17110
37, 15, 4.911, -15.567, -1.506, 808.17, 930.30, 1195.62, 1.88, 86.73, -81.87, 0.97781, 0.00917, -0.13574, 0.15929
37, 15, 4.428, -12.489, -0.815, 485.66, 539.18, 1018.62, -121.90, 145.29, -63.48, 0.98161, 0.01025, -0.10852, 0.15669
37, 16, 8.075, -9.664, -12.559, 582.34, -566.04, 629.58, -172.90, 212.66, 22.09, 0.97422, -0.09113, -0.10289, 0.17888
37, 15, 9.806, 5.354, -17.693, -726.99, -346.44, 958.07, -124.08, 249.99, 89.65, 0.96469, -0.15981, 0.01375, 0.20892
37, 16, 10.696, 12.194, -26.043, -568.66, -1167.60, 1003.54, -118.72, 118.86, 95.51, 0.94165, -0.24090, 0.05359, 0.22890
37, 15, 10.287, 13.107, -28.274, -88.68, -600.16, 1064.58, -53.85, 85.07, 64.02, 0.93636, -0.26040, 0.05761, 0.22828
38, 7, -3.646, 1.508, -50.183, -183.65, -902.89, 475.40, 74.08, 65.42, -2.20, 0.90151, -0.42342, -0.02565, 0.08570
38, 27, -8.126, 11.205, -47.489, -562.62, -470.58, 235.78, 117.65, 22.45, -99.45, 0.90792, -0.40467, 0.06942, 0.08435
38, 16, -9.266, 14.970, -48.122, -382.87, -343.26, 87.46, 103.19, -33.12, -77.47, 0.90252, -0.40862, 0.10287, 0.08888
38, 15, -8.739, 10.941, -50.761, -56.03, -476.75, 120.79, 74.09, -95.20, -47.86, 0.89668, -0.43007, 0.06721, 0.08053
38, 15, -6.556, 1.756, -50.775, 394.53, -643.80, 329.22, 57.38, -121.53, -26.21, 0.90111, -0.42870, -0.01327, 0.06362
38, 15, -4.123, -6.299, -49.586, 579.77, -863.10, 628.36, 59.53, -125.69, -18.88, 0.90517, -0.41301, -0.08502, 0.05350
38, 15, -2.831, -13.059, -46.112, 670.78, -787.72, 888.00, 78.74, -97.27, -26.50, 0.91423, -0.37731, -0.14134, 0.04304
38, 16, -1.987, -16.854, -42.056, 515.32, -659.06, 960.75, 74.17, -66.93, -7.21, 0.92384, -0.33899, -0.17259, 0.04271
38, 15, -0.508, -19.087, -38.950, 554.50, -646.55, 1117.86, 45.58, -59.39, 26.66, 0.92989, -0.30848, -0.19331, 0.05270
38, 16, 2.213, -20.490, -37.674, 753.36, -808.72, 1314.51, 19.87, -43.80, 77.82, 0.93027, -0.29118, -0.21094, 0.07286
38, 16, 4.018, -18.442, -34.486, 529.36, -425.60, 1349.30, 8.78, 6.77, 122.34, 0.93870, -0.26537, -0.19651, 0.09907
38, 15, 4.481, -14.041, -30.109, 124.33, -107.60, 1044.07, -9.09, 43.91, 98.74, 0.95131, -0.23577, -0.15748, 0.12091
38, 16, 5.029, -8.650, -28.508, -65.00, -196.11, 851.50, -46.42, 45.97, 66.51, 0.95647, -0.23026, -0.11227, 0.13977
38, 15, 6.477, -4.734, -31.791, 28.20, -522.58, 790.77, -70.98, 45.86, 81.16, 0.94793, -0.26239, -0.08727, 0.15802
38, 15, 9.510, 2.647, -34.804, -281.62, -642.21, 852.42, -84.85, 43.18, 180.22, 0.93291, -0.29729, -0.03882, 0.19949
38, 16, 9.910, 5.149, -37.901, -18.37, -875.12, 854.19, -54.90, 50.31, 123.06, 0.92170, -0.32623, -0.02507, 0.20838
38, 14, 8.814, 6.980, -38.111, -45.10, -819.95, 986.27, -26.78, 64.70, 95.73, 0.92124, -0.33084, -0.00747, 0.20447
38, 15, 8.757, 11.001, -38.393, -162.96, -792.54, 911.68, -6.97, 66.50, 133.54, 0.91573, -0.33868, 0.02477, 0.21476
38, 17, 9.523, 14.967, -31.898, -695.68, -47.67, 1881.71, 3.38, 47.14, 60.49, 0.92641, -0.29213, 0.06757, 0.22774
38, 15, 7.226, 15.472, -33.943, -445.80, -804.14, 916.93, -2.13, -6.22, -29.15, 0.92467, -0.30787, 0.07381, 0.21156
38, 16, 6.072, 14.950, -30.198, -457.03, -402.22, 1305.79, 20.58, -12.78, -58.17, 0.93707, -0.27607, 0.07916, 0.19856
38, 15, 0.779, 12.181, -32.686, -950.62, -1618.29, 1286.56, 75.36, -72.05, -204.80, 0.94268, -0.29045, 0.06549, 0.15068
38, 15, -2.283, 9.069, -33.994, -1165.22, -1871.03, 609.25, 168.61, -152.84, -196.98, 0.94620, -0.29752, 0.04599, 0.11864
38, 16, -1.566, 3.722, -32.992, -488.59, -1347.66, 432.19, 249.99, -229.62, -124.88, 0.95190, -0.28550, 0.00072, 0.11129
38, 15, -0.964, -8.149, -16.923, 237.98, 392.09, 414.92, 249.99, -232.76, -116.11, 0.98160, -0.13799, -0.08625, 0.09990
38, 15, -3.741, -20.154, -3.170, 1192.75, 1013.79, 787.72, 226.72, -165.59, -144.95, 0.98083, -0.01180, -0.17661, 0.08146
38, 18, -5.583, -25.404, 4.528, 1043.03, 995.18, 867.86, 72.06, -73.14, -106.02, 0.97164, 0.05418, -0.21639, 0.07851
38, 15, 0.146, -24.635, -5.718, 526.49, -1216.00, 1067.99, -4.46, -29.41, -74.17, 0.96984, -0.02250, -0.21740, 0.10789
38, 15, 0.910, -23.223, -3.593, 858.46, 230.04, 1259.09, 26.59, 86.36, -53.76, 0.97181, -0.00470, -0.20345, 0.11908
38, 16, -0.104, -20.825, -0.783, 724.30, 687.68, 1072.20, -61.81, 115.36, -65.77, 0.97664, 0.01488, -0.18024, 0.11604
38, 15, 0.454, -16.038, -5.482, 556.52, 134.46, 1054.32, -175.29, 189.00, -81.99, 0.98227, -0.02970, -0.14414, 0.11610
38, 16, 1.154, -0.428, -9.586, -548.89, 91.55, 803.47, -163.29, 249.99, -13.17, 0.98806, -0.08236, -0.01456, 0.12936
38, 15, 2.727, 6.708, -22.905, 20.81, -1393.19, 700.74, -165.01, 227.98, 65.63, 0.96658, -0.20440, 0.02826, 0.15211
38, 15, 2.393, 13.316, -30.128, -268.68, -904.24, 929.02, -92.99, 169.14, 70.45, 0.94532, -0.27134, 0.07448, 0.16492
38, 17, 2.054, 15.184, -34.813, -35.52, -1204.90, 1045.41, -38.39, 114.72, 85.39, 0.93135, -0.31108, 0.08397, 0.16959
39, 7, 1.569, 4.663, -41.576, -199.34, -1430.60, 926.45, -41.76, 19.86, -64.70, 0.92381, -0.35652, -0.00972, 0.13922
39, 26, 0.833, 8.545, -41.986, -290.71, -831.30, 644.41, 62.43, 1.37, 6.54, 0.92005, -0.36321, 0.02349, 0.14504
39, 16, 0.552, 11.667, -40.989, -434.20, -654.17, 478.88, 100.54, -20.71, -4.30, 0.92011, -0.35747, 0.05095, 0.15171
39, 15, -1.180, 11.291, -40.780, -338.56, -673.34, 381.04, 121.25, -65.95, -68.82, 0.92338, -0.35475, 0.05354, 0.13659
39, 17, -0.027, 2.586, -37.648, 140.81, -211.06, 225.59, 109.06, -105.70, -11.81, 0.93857, -0.32281, -0.01747, 0.12069
39, 15, 0.837, -8.238, -37.155, 665.22, -549.50, 357.12, 93.22, -114.73, -41.52, 0.94066, -0.30650, -0.10801, 0.09774
39, 15, 1.108, -16.850, -35.117, 910.46, -599.43, 607.91, 101.88, -66.10, -40.72, 0.94088, -0.27778, -0.17723, 0.07852
39, 16, -0.750, -20.898, -28.326, 545.23, -204.28, 853.45, 105.37, -15.03, -49.51, 0.95239, -0.21909, -0.20205, 0.06426
39, 15, -2.556, -20.114, -21.823, 171.81, -8.54, 1000.31, 59.34, -20.79, -50.09, 0.96542, -0.16869, -0.18890, 0.06182
39, 15, -1.694, -20.084, -21.422, 299.44, -289.61, 1132.26, -13.93, -54.60, -34.83, 0.96555, -0.16392, -0.18967, 0.06979
39, 16, 1.168, -22.759, -26.679, 833.07, -905.33, 1386.05, -60.30, -60.11, -4.68, 0.95170, -0.19925, -0.21981, 0.07911
39, 15, 4.473, -22.131, -32.348, 659.73, -1097.17, 1307.31, -49.70, -16.82, 32.10, 0.93910, -0.24064, -0.22540, 0.09688
39, 16, 4.505, -18.047, -33.291, 260.62, -679.02, 956.79, -3.91, 59.49, 18.63, 0.94134, -0.25540, -0.19336, 0.10616
39, 16, 3.241, -12.768, -32.166, -20.69, -382.93, 744.93, -9.42, 62.41, 0.16, 0.94893, -0.25644, -0.14645, 0.11102
39, 15, 3.117, -9.199, -31.007, 84.72, -341.13, 793.52, -26.99, 56.14, 40.05, 0.95322, -0.25218, -0.11562, 0.12008
39, 16, 4.925, -6.998, -30.893, 207.09, -426.64, 898.13, -45.19, 57.73, 110.57, 0.95191, -0.25273, -0.10129, 0.14048
39, 15, 6.771, -3.978, -34.335, 186.77, -834.17, 926.64, -39.75, 68.78, 121.12, 0.94135, -0.28433, -0.08530, 0.16041
39, 14, 7.068, -0.060, -37.385, 14.53, -1087.59, 823.97, 1.26, 81.38, 98.24, 0.93162, -0.31510, -0.05853, 0.17139
39, 16, 6.728, 7.900, -29.076, -1334.41, 452.09, 1999.94, 49.83, 76.35, 56.06, 0.94715, -0.25830, 0.02099, 0.18908
39, 15, 5.789, 11.738, -29.142, -406.19, -522.22, 902.04, 2.72, 29.94, 1.27, 0.94435, -0.26345, 0.05495, 0.18913
39, 16, 5.886, 10.596, -26.499, -278.75, -466.00, 1451.23, 0.69, -25.15, -16.46, 0.95134, -0.24022, 0.04954, 0.18654
39, 16, 2.781, 11.569, -29.422, -905.21, -1708.01, 1260.01, 68.12, -12.06, -88.68, 0.94855, -0.26407, 0.06004, 0.16408
39, 15, 0.508, 9.717, -29.918, -943.24, -2000.00, 874.15, 193.01, -109.02, -116.71, 0.95242, -0.26539, 0.04916, 0.14158
39, 15, 0.112, 11.077, -26.810, -1008.67, -785.46, 322.63, 249.99, -156.43, -98.90, 0.95838, -0.24042, 0.06525, 0.13947
39, 16, 1.564, -0.540, -10.072, 238.40, 640.14, 193.48, 249.99, -246.67, -102.00, 0.98724, -0.08637, -0.01639, 0.13275
39, 15, -0.227, -12.495, 3.040, 1512.27, 1628.42, 875.67, 209.99, -190.12, -110.55, 0.98641, 0.03904, -0.10491, 0.12030
39, 15, -0.899, -18.450, 6.653, 1281.43, 741.09, 1082.52, 9.67, -33.09, -82.47, 0.97812, 0.07490, -0.15259, 0.11995
39, 16, 2.499, -17.752, -2.308, 431.70, -907.29, 1071.72, 2.59, -9.36, -95.45, 0.97829, 0.00217, -0.15553, 0.13696
39, 16, 2.314, -16.054, -1.612, 374.76, -24.17, 1234.25, 52.97, 16.60, -124.47, 0.98061, 0.00578, -0.14020, 0.13683
39, 16, -0.403, -15.372, 4.511, 656.31, 1173.71, 1351.38, 0.08, 40.95, -130.93, 0.98287, 0.05433, -0.12817, 0.12074
39, 15, -1.915, -16.802, 4.090, 1644.47, 1014.47, 963.62, -136.00, 123.02, -137.99, 0.98279, 0.05023, -0.14157, 0.10754
39, 15, -4.288, -3.116, -2.542, -256.96, 124.02, 956.30, -225.07, 245.28, -188.19, 0.99599, -0.01985, -0.02893, 0.08226
39, 16, -0.535, -3.307, -18.892, 804.32, -1215.03, 391.30, -243.21, 129.83, 31.19, 0.97998, -0.15967, -0.04723, 0.10919
39, 15, -0.871, 6.433, -28.549, -402.89, -1170.41, 1003.17, -136.22, 225.48, 41.10, 0.95989, -0.25074, 0.02632, 0.12269
39, 15, 0.590, 7.770, -33.966, 137.33, -1118.84, 1013.43, -53.07, 78.75, 99.05, 0.94420, -0.29724, 0.02779, 0.13914
40, 7, 0.734, -2.844, -38.713, 11.78, -1135.80, 1005.74, -21.92, 1.34, -60.89, 0.93665, -0.32572, -0.06514, 0.11115
40, 27, -0.308, -1.068, -35.124, -66.22, -726.62, 904.17, 75.66, -10.29, -27.15, 0.94708, -0.29859, -0.04427, 0.10919
40, 15, -0.510, -1.231, -33.852, -30.03, -532.65, 665.04, 86.44, -24.09, -34.00, 0.95056, -0.28798, -0.04390, 0.10759
40, 14, -1.510, -7.942, -31.626, 318.05, -343.08, 485.78, 81.63, -26.08, -55.87, 0.95635, -0.26315, -0.09535, 0.08398
40, 17, -2.109, -14.434, -33.556, 458.07, -521.91, 247.07, 84.01, -8.32, -77.70, 0.94860, -0.27264, -0.14882, 0.06066
40, 15, -2.283, -18.438, -34.853, 479.13, -720.76, 419.01, 96.83, 0.11, -72.85, 0.94184, -0.27878, -0.18175, 0.04676
40, 15, -3.396, -21.270, -32.654, 486.76, -636.78, 712.89, 120.75, 8.87, -81.71, 0.94401, -0.25910, -0.20143, 0.03385
40, 16, -5.429, -21.851, -25.752, 426.70, -265.93, 1093.87, 114.80, 5.28, -62.48, 0.95771, -0.20474, -0.20025, 0.02774
40, 15, -6.224, -22.161, -19.939, 470.40, -0.92, 1369.69, 66.97, -18.75, -34.14, 0.96663, -0.15702, -0.20010, 0.03065
40, 15, -5.308, -23.334, -17.495, 618.96, 36.25, 1510.93, -5.39, -47.28, -5.62, 0.96757, -0.13373, -0.21035, 0.04099
40, 16, -2.952, -25.632, -19.442, 634.28, -223.88, 1178.28, -58.94, -55.43, -6.37, 0.96032, -0.14324, -0.23322, 0.05356
40, 15, 0.097, -28.194, -25.717, 650.51, -488.65, 751.83, -68.84, -29.72, -4.08, 0.94518, -0.18553, -0.26182, 0.06059
40, 17, 2.722, -27.337, -30.337, 490.84, -443.73, 674.99, -60.63, 26.50, 49.32, 0.93698, -0.21884, -0.26223, 0.07356
40, 15, 2.681, -23.725, -30.046, 352.48, -275.15, 876.89, -68.31, 53.22, 66.45, 0.94307, -0.22260, -0.23285, 0.08274
40, 15, 2.921, -19.327, -30.068, 279.30, -256.47, 953.49, -92.12, 65.33, 88.67, 0.94828, -0.22942, -0.19758, 0.09535
40, 16, 4.200, -13.599, -32.128, 145.39, -411.25, 940.43, -111.98, 67.44, 115.26, 0.94757, -0.25359, -0.15535, 0.11691
40, 15, 5.129, -7.685, -34.214, 28.02, -609.56, 1160.28, -116.32, 65.48, 116.95, 0.94387, -0.27897, -0.11144, 0.13737
40, 15, 5.673, -1.407, -36.437, -238.71, -1197.39, 1613.10, -84.15, 65.00, 114.44, 0.93677, -0.30614, -0.06437, 0.15685
40, 16, 3.506, 4.405, -39.545, -686.22, -1364.56, 966.06, -27.49, 64.92, 17.20, 0.92769, -0.33963, -0.01511, 0.15432
40, 15, 1.005, 5.288, -38.930, -646.97, -1531.43, 1588.07, 39.08, -25.34, -64.76, 0.93201, -0.33571, 0.00024, 0.13659
40, 16, -2.016, 3.470, -37.868, -579.65, -2000.00, 1225.52, 160.38, -53.15, -131.34, 0.93946, -0.32555, -0.00480, 0.10683
40, 16, -2.202, 3.394, -35.841, -811.40, -1877.26, 620.30, 249.99, -100.14, -66.20, 0.94528, -0.30884, -0.00304, 0.10516
40, 15, -1.563, 4.208, -34.505, -588.81, -523.74, -139.59, 249.99, -187.47, -93.93, 0.94777, -0.29843, 0.00327, 0.11254
40, 16, -4.118, -10.478, -19.187, 1234.86, 1477.05, 451.29, 249.99, -207.79, -193.24, 0.97968, -0.15777, -0.10371, 0.06770
40, 15, -8.810, -19.956, -6.220, 1573.79, 1681.64, 1071.53, 163.34, -97.77, -167.18, 0.98290, -0.04585, -0.17518, 0.03342
40, 16, -8.761, -23.727, -7.837, 932.68, -167.24, 1095.21, -10.03, -4.29, -107.99, 0.97603, -0.05780, -0.20784, 0.02888
40, 16, -8.273, -20.395, -11.094, 158.63, -471.92, 1047.24, 19.53, 15.26, -118.61, 0.97928, -0.08653, -0.18060, 0.03014
40, 15, -11.284, -17.517, -5.446, 211.30, 311.16, 1181.70, 61.15, 15.50, -158.39, 0.98714, -0.04360, -0.15309, 0.01444
40, 16, -15.118, -16.339, 1.320, 330.93, 1383.73, 1157.35, -10.44, 10.84, -177.35, 0.98974, 0.00977, -0.14221, -0.00975
40, 16, -15.760, -15.582, 0.011, 788.27, 1282.47, 1220.15, -201.59, 62.97, -117.51, 0.99062, -0.00223, -0.13554, -0.01693
40, 15, -12.612, -3.973, -8.824, -298.03, 101.81, 918.52, -250.00, 163.46, -12.13, 0.99641, -0.07652, -0.03535, 0.00767
40, 15, -4.902, -7.152, -20.621, 1453.19, -447.02, 642.09, -250.00, 110.20, 171.89, 0.97984, -0.17333, -0.07504, 0.06504
40, 16, -2.840, 4.334, -30.558, -245.85, -811.10, 1033.81, -205.26, 243.58, 140.94, 0.95861, -0.26561, 0.01117, 0.10197
40, 15, -0.205, 9.527, -39.316, -41.75, -1364.44, 810.24, -141.91, 107.80, 193.11, 0.92856, -0.34214, 0.03797, 0.13881
40, 17, 2.360, 11.279, -40.872, 3.23, -1016.91, 1075.50, -64.20, 36.65, 183.60, 0.91845, -0.35697, 0.04233, 0.16504
40, 14, 5.333, 15.709, -34.430, -268.43, -185.18, 1040.34, -9.86, 35.86, 148.77, 0.92636, -0.31080, 0.08000, 0.19714
41, 7, -15.269, -14.404, -28.945, 558.72, -79.53, 763.37, 3.18, 74.84, -26.58, 0.96015, -0.24948, -0.11820, -0.04364
41, 27, -13.997, -8.805, -36.279, 137.02, -547.12, 540.59, -12.37, 103.50, -1.21, 0.94746, -0.31054, -0.07242, -0.02553
41, 15, -14.390, -5.268, -40.143, -16.60, -736.63, 530.09, -0.41, 86.68, -14.81, 0.93818, -0.34305, -0.04140, -0.02061
41, 16, -14.129, -2.802, -43.172, -63.29, -973.39, 677.49, 23.39, 46.38, -16.43, 0.92956, -0.36785, -0.02168, -0.01167
41, 16, -13.399, -3.228, -43.455, 55.60, -941.47, 834.23, 59.60, -0.01, -27.85, 0.92862, -0.36995, -0.02746, -0.00717
41, 14, -11.963, -6.181, -39.986, 220.46, -681.34, 956.60, 81.41, -41.66, -18.97, 0.93854, -0.34056, -0.05613, -0.00339
41, 16, -10.454, -10.380, -35.091, 409.42, -415.59, 1131.10, 73.14, -67.60, -14.95, 0.94996, -0.29758, -0.09498, 0.00046
41, 15, -8.773, -16.322, -31.369, 848.69, -308.59, 1268.37, 48.52, -74.36, -2.55, 0.95378, -0.26135, -0.14827, 0.00345
41, 15, -7.621, -20.290, -27.748, 760.19, -127.32, 1118.96, 29.90, -34.03, 17.10, 0.95653, -0.22648, -0.18348, 0.00933
41, 17, -7.727, -20.528, -24.181, 366.15, -46.75, 921.33, -1.19, 4.66, -0.89, 0.96280, -0.19659, -0.18491, 0.01370
41, 14, -7.425, -17.679, -22.696, 100.40, -97.41, 854.86, -32.48, 6.35, -7.14, 0.96899, -0.18576, -0.16124, 0.02367
41, 16, -6.528, -13.418, -24.310, -61.58, -284.85, 870.30, -52.54, -4.65, -14.15, 0.97049, -0.20145, -0.12724, 0.03703
41, 16, -4.785, -11.367, -27.294, 93.14, -413.27, 860.72, -61.57, -7.40, 10.65, 0.96584, -0.22649, -0.11439, 0.05270
41, 15, -2.565, -9.562, -30.873, 153.08, -567.08, 924.62, -63.31, 4.99, 50.77, 0.95813, -0.25610, -0.10592, 0.07195
41, 16, -0.589, -8.194, -33.771, 294.31, -953.49, 1356.69, -49.04, 15.67, 75.87, 0.95049, -0.27993, -0.10124, 0.08918
41, 15, -0.716, -3.735, -30.453, -261.23, -500.12, 1752.14, -2.24, 36.54, 40.40, 0.95908, -0.25721, -0.06114, 0.10137
41, 15, -0.239, -5.160, -30.606, 357.79, -910.64, 1431.15, 11.58, 11.02, 27.41, 0.95823, -0.25668, -0.07424, 0.10196
41, 16, -1.550, -4.281, -30.912, 67.63, -1338.01, 1408.33, 81.28, 32.77, -38.94, 0.95873, -0.26095, -0.06421, 0.09287
41, 15, -2.448, -1.395, -29.985, -252.50, -1575.81, 1150.45, 179.09, 45.85, -25.25, 0.96146, -0.25625, -0.03728, 0.09239
41, 15, -3.117, 4.234, -27.645, -694.70, -1033.69, 489.50, 249.99, 11.32, -32.49, 0.96534, -0.24105, 0.01349, 0.09912
41, 17, -3.761, 5.504, -24.864, -322.20, -447.08, 302.12, 249.99, -94.93, -78.73, 0.97078, -0.21831, 0.02790, 0.09564
41, 14, -4.727, -0.946, -8.375, 335.14, 993.41, 611.94, 249.99, -87.32, -104.82, 0.99422, -0.07214, -0.01399, 0.07828
41, 15, -4.768, -6.882, 2.473, 607.18, 1322.69, 1016.48, 114.43, -89.10, -53.47, 0.99476, 0.02619, -0.05812, 0.07986
41, 16, -3.743, -11.511, 1.844, 634.70, 89.29, 1151.31, -4.38, -29.95, -48.97, 0.99086, 0.02474, -0.09848, 0.08880
41, 15, -1.348, -13.247, -4.674, 462.34, -725.83, 1117.43, -2.12, -18.33, -35.22, 0.98716, -0.02776, -0.11896, 0.10296
41, 16, -0.822, -15.326, -2.788, 549.87, 52.43, 1203.25, 40.49, 6.97, -37.16, 0.98480, -0.00889, -0.13518, 0.10874
41, 15, -1.691, -14.045, 2.992, 309.39, 825.50, 1178.04, 0.42, 32.95, -35.23, 0.98629, 0.03866, -0.11880, 0.10782
41, 15, -1.048, -13.528, 4.333, 532.23, 880.00, 1062.01, -111.50, 51.80, -31.65, 0.98570, 0.05038, -0.11280, 0.11463
41, 17, 1.414, -14.293, 0.923, 555.18, 503.66, 606.57, -228.74, 97.15, 26.54, 0.98334, 0.02439, -0.12225, 0.13234
41, 15, 5.249, -4.609, -10.670, -260.86, -308.41, 991.64, -250.00, 143.34, 66.44, 0.98177, -0.08500, -0.05486, 0.16093
41, 15, 9.368, -6.631, -22.473, 1022.64, -703.25, 632.75, -250.00, 124.62, 144.33, 0.96151, -0.17918, -0.09463, 0.18559
41, 16, 9.073, 3.974, -28.963, -619.75, -831.05, 1377.56, -192.09, 177.07, 104.72, 0.94672, -0.25161, -0.01665, 0.20036
41, 15, 12.103, 5.478, -33.693, 532.53, -912.23, 967.59, -131.86, 113.15, 249.99, 0.92857, -0.29236, -0.02031, 0.22776
41, 15, 12.990, 10.195, -33.557, 26.37, -630.13, 1013.24, -76.72, 136.92, 219.91, 0.92176, -0.29941, 0.01614, 0.24588
41, 16, 12.066, 14.533, -34.189, -309.63, -806.15, 1028.50, -48.52, 73.65, 139.27, 0.91577, -0.31125, 0.05257, 0.24844
41, 15, 10.976, 15.085, -31.437, -85.14, -390.56, 1091.74, -23.24, 63.17, 62.06, 0.92443, -0.28942, 0.06579, 0.23945
41, 17, 10.923, 22.578, -30.216, -1199.22, -344.54, 1065.80, -33.47, 36.00, 72.07, 0.91389, -0.29013, 0.12989, 0.25252
41, 15, 9.265, 20.917, -26.014, -520.26, 160.46, 1795.59, -40.82, -2.47, -79.26, 0.93064, -0.25223, 0.12904, 0.23159
41, 15, 7.787, 19.089, -23.678, -586.55, 426.45, 1808.84, -117.77, -28.03, -101.71, 0.94173, -0.22913, 0.12152, 0.21417
41, 17, 3.890, 12.674, -25.790, -37.29, -10.19, 1339.05, -184.68, -48.78, -177.83, 0.95352, -0.23570, 0.07221, 0.17330
41, 15, -1.042, 2.268, -34.121, 595.83, -728.15, 1006.47, -214.63, -45.75, -204.25, 0.94924, -0.29361, -0.01379, 0.11197
41, 15, -2.105, -2.495, -42.379, 464.97, -979.00, 830.20, -195.43, 2.80, -45.00, 0.92812, -0.35742, -0.05701, 0.08714
41, 16, -2.887, -5.514, -49.081, 529.85, -1096.13, 725.65, -158.36, 31.53, -1.57, 0.90640, -0.40882, -0.08301, 0.06652
41, 14, -3.983, -9.554, -52.019, 830.02, -456.97, 638.55, -159.61, 75.53, 68.00, 0.89544, -0.42899, -0.11196, 0.04025
41, 16, -5.261, -9.653, -56.059, 328.61, -512.08, 460.63, -178.90, 86.88, 77.44, 0.88008, -0.46143, -0.10893, 0.02605
