342, 8, 86.188, -31.156, -11.788, 616.52, -213.68, 922.18, 22.18, 12.56, -2.11, 0.63710, 0.14102, -0.24750, 0.71621
342, 28, 84.738, -29.539, -9.625, 579.90, -169.25, 1036.32, 17.46, 22.12, -0.90, 0.64493, 0.13957, -0.22723, 0.71621
342, 15, 85.080, -28.937, -9.704, 525.82, -185.55, 980.59, 21.25, 14.31, 20.12, 0.64342, 0.13588, -0.22410, 0.71925
342, 15, 85.590, -29.118, -9.979, 543.15, -181.09, 969.97, 15.80, 5.48, 26.66, 0.64039, 0.13653, -0.22619, 0.72118
342, 16, 84.994, -29.524, -8.857, 519.96, -60.06, 906.68, -4.99, 5.94, 21.32, 0.64239, 0.14429, -0.22203, 0.71918
342, 15, 84.320, -30.348, -9.120, 540.47, -84.84, 861.02, -34.12, 6.28, 5.74, 0.64614, 0.14682, -0.22894, 0.71312
342, 16, 84.755, -30.088, -12.634, 499.08, -276.25, 836.61, -53.67, 12.96, -9.33, 0.64785, 0.12620, -0.24884, 0.70883
342, 15, 84.299, -30.617, -15.821, 569.09, -337.95, 845.40, -54.55, 11.85, -35.98, 0.65358, 0.11051, -0.27165, 0.69773
342, 16, 81.543, -31.254, -16.510, 585.51, -296.69, 845.28, -51.58, 18.26, -93.39, 0.67036, 0.10397, -0.28174, 0.67855
342, 16, 79.362, -30.569, -16.748, 553.28, -268.92, 889.65, -53.74, 18.58, -73.19, 0.68384, 0.09287, -0.28129, 0.66680
342, 16, 78.092, -29.153, -16.850, 553.89, -261.35, 984.38, -51.41, 15.53, -40.18, 0.69220, 0.08032, -0.27502, 0.66240
342, 15, 77.034, -27.168, -16.951, 580.20, -358.83, 1187.56, -29.64, 19.87, -40.02, 0.69951, 0.06489, -0.26510, 0.66045
342, 16, 74.773, -26.197, -14.099, 603.09, -242.61, 1216.25, 12.86, 19.78, -54.94, 0.71138, 0.07147, -0.24447, 0.65503
342, 15, 73.274, -23.349, -11.561, 374.94, -190.00, 1264.53, 23.80, 16.99, -35.66, 0.72036, 0.06717, -0.21388, 0.65637
342, 15, 70.287, -22.567, -9.494, 486.21, -331.12, 1287.35, 55.38, 7.03, -109.91, 0.73663, 0.07032, -0.19916, 0.64247
342, 16, 65.641, -22.340, -8.229, 565.19, -931.46, 1422.55, 122.88, 14.58, -192.51, 0.76154, 0.06933, -0.19360, 0.61463
342, 17, 65.006, -21.999, -6.311, 563.66, -995.24, 885.56, 249.99, 49.57, -105.80, 0.76402, 0.07918, -0.18150, 0.61405
342, 16, 65.536, -21.385, -1.771, 339.05, -258.12, 680.85, 249.99, 44.56, -28.93, 0.75813, 0.10674, -0.15250, 0.62497
342, 15, 62.469, -26.153, 8.880, 760.62, 174.74, 445.98, 249.99, 38.07, -67.41, 0.75305, 0.19861, -0.13086, 0.61347
342, 15, 57.478, -25.454, 23.433, 466.86, 551.45, 501.34, 249.99, 45.85, -104.48, 0.75015, 0.28667, -0.05990, 0.59288
342, 16, 54.492, -21.243, 33.849, 347.41, 823.61, 889.53, 203.32, 42.79, -98.85, 0.74808, 0.33578, 0.01467, 0.57220
342, 15, 53.650, -18.645, 37.796, 333.44, 706.73, 959.17, 105.12, 15.12, -54.02, 0.74735, 0.35091, 0.04998, 0.56198
342, 15, 55.568, -19.024, 33.345, 391.05, 229.98, 1188.11, 19.13, -5.81, 5.90, 0.74992, 0.32276, 0.03084, 0.57662
342, 16, 55.964, -20.876, 25.717, 552.55, -482.79, 1050.54, 13.52, -15.37, -63.80, 0.76347, 0.28055, -0.01973, 0.58140
342, 17, 52.679, -18.306, 25.939, 329.71, 402.10, 1111.63, 19.65, -12.50, -124.13, 0.78510, 0.27029, -0.00820, 0.55721
342, 16, 46.887, -15.136, 28.383, 83.44, 1066.28, 1079.71, -94.02, -60.81, -156.85, 0.81307, 0.27424, 0.01259, 0.51337
342, 15, 40.500, -14.822, 28.778, 31.19, 1326.35, 669.86, -250.00, -141.36, -151.37, 0.84008, 0.27629, 0.00128, 0.46683
342, 15, 42.498, -22.443, 16.578, 650.94, -88.81, 1098.02, -250.00, -179.12, 3.30, 0.84260, 0.21553, -0.10308, 0.48265
342, 16, 50.964, -28.187, 1.539, 1205.38, -617.68, 1202.15, -250.00, -73.37, 119.48, 0.81725, 0.14140, -0.19865, 0.52216
342, 16, 55.398, -25.627, -10.254, 474.61, -1039.49, 1168.33, -150.80, 13.79, -23.22, 0.81069, 0.05370, -0.23131, 0.53516
342, 15, 52.667, -27.033, -8.936, 610.23, -188.78, 858.76, 2.66, 1.47, -145.52, 0.82079, 0.06435, -0.23642, 0.51602
342, 16, 47.615, -24.757, -0.901, 405.03, 227.42, 973.57, 56.38, 16.21, -144.33, 0.84063, 0.10286, -0.18823, 0.49732
342, 16, 43.619, -24.445, 5.738, 681.70, 442.93, 1083.98, 38.57, 8.54, -142.06, 0.85102, 0.14447, -0.16195, 0.47818
342, 15, 41.077, -24.289, 9.758, 673.65, 250.79, 960.63, 36.56, 13.75, -152.27, 0.85625, 0.17039, -0.14772, 0.46473
342, 16, 39.071, -24.573, 15.038, 640.20, 464.05, 787.66, 31.98, 5.97, -118.10, 0.85501, 0.20841, -0.13198, 0.45619
342, 15, 39.413, -24.769, 16.275, 671.39, 169.92, 838.75, 38.57, 23.93, -113.43, 0.85091, 0.21870, -0.12791, 0.46018
342, 16, 41.180, -23.849, 17.584, 436.65, 213.56, 833.68, 52.36, -1.32, -61.80, 0.84317, 0.22692, -0.11211, 0.47434
342, 15, 43.236, -24.871, 20.646, 510.93, 395.26, 863.77, 67.69, -28.88, -1.05, 0.82574, 0.25491, -0.10260, 0.49259
343, 7, 73.959, -30.291, -2.530, 454.22, -122.92, 1087.65, -20.68, 28.06, 27.02, 0.69959, 0.16570, -0.20305, 0.66475
343, 28, 71.905, -30.140, 1.026, 574.95, 54.26, 987.61, 16.31, 5.04, -11.47, 0.70628, 0.18316, -0.18472, 0.65840
343, 15, 70.444, -29.908, 3.142, 595.76, 137.39, 1032.59, 5.74, 6.24, -16.91, 0.71158, 0.19266, -0.17356, 0.65300
343, 15, 69.997, -28.928, 3.864, 573.55, 97.66, 1066.83, 2.04, 17.55, -4.07, 0.71470, 0.19100, -0.16401, 0.65255
343, 16, 71.174, -27.482, 1.916, 550.66, -136.90, 1201.72, 20.90, 20.38, 2.59, 0.71354, 0.17239, -0.16417, 0.65893
343, 15, 72.417, -26.576, -0.532, 589.36, -594.67, 1201.05, 84.30, 30.44, -29.16, 0.71124, 0.15377, -0.17089, 0.66430
343, 16, 73.608, -27.193, -0.754, 723.33, -947.63, 884.03, 213.62, 48.44, -52.42, 0.70371, 0.15780, -0.17436, 0.67044
343, 16, 73.731, -30.446, 3.825, 703.31, -254.70, 470.76, 249.99, 84.24, -8.06, 0.69039, 0.20478, -0.16725, 0.67339
343, 16, 68.403, -31.258, 18.020, 680.48, 533.51, 405.15, 249.99, 103.72, -37.43, 0.68899, 0.28857, -0.10136, 0.65707
343, 16, 61.920, -27.404, 33.664, 565.31, 1227.17, 613.10, 249.99, 92.43, -82.31, 0.69209, 0.36126, -0.00635, 0.62487
343, 15, 58.725, -22.648, 41.741, 299.38, 1309.51, 807.98, 123.80, 62.96, -29.86, 0.69737, 0.39019, 0.05868, 0.59832
343, 15, 57.153, -18.756, 42.881, 160.89, 944.70, 962.28, 27.35, 18.26, -1.22, 0.71330, 0.38172, 0.08579, 0.58149
343, 16, 57.739, -19.642, 35.899, 403.56, 133.00, 1129.70, -28.21, -13.53, 5.92, 0.72984, 0.34124, 0.04584, 0.59058
343, 15, 57.244, -19.048, 29.246, 282.90, -1.40, 1067.57, -30.14, -21.80, -46.36, 0.75241, 0.29566, 0.01436, 0.58844
343, 15, 55.004, -17.263, 25.472, 197.02, 315.92, 1161.07, -54.25, -43.27, -71.06, 0.77698, 0.26255, 0.00236, 0.57215
343, 17, 51.642, -15.485, 24.350, 116.64, 783.08, 1271.36, -108.91, -65.53, -58.02, 0.79953, 0.24700, 0.00217, 0.54748
343, 16, 49.224, -15.807, 21.617, 142.58, 792.79, 1042.24, -207.03, -93.56, -32.46, 0.81598, 0.22895, -0.01807, 0.53051
343, 16, 51.151, -20.542, 10.145, 498.54, -21.73, 1106.75, -250.00, -108.83, 22.42, 0.81839, 0.16876, -0.10311, 0.53957
343, 15, 56.533, -23.890, -0.527, 713.75, -116.39, 1079.71, -223.02, -31.97, 105.35, 0.80032, 0.11553, -0.17179, 0.56270
343, 15, 58.444, -22.079, -7.702, 336.85, -91.61, 1018.43, -196.40, -2.66, 24.06, 0.79861, 0.05938, -0.19318, 0.56691
343, 17, 56.771, -24.777, -10.216, 603.64, 10.25, 915.89, -160.58, -19.43, -57.81, 0.80514, 0.05245, -0.22467, 0.54637
343, 15, 54.049, -24.325, -10.531, 456.79, 28.81, 1100.46, -135.38, -12.87, -88.87, 0.81852, 0.04264, -0.22415, 0.52723
343, 15, 51.839, -26.329, -9.594, 714.72, 156.31, 935.79, -105.99, 1.83, -68.50, 0.82575, 0.05457, -0.23486, 0.50990
343, 16, 49.788, -27.802, -8.306, 686.34, -43.40, 821.90, -31.10, 9.77, -98.34, 0.83206, 0.06649, -0.24070, 0.49530
343, 16, 48.764, -29.022, -5.083, 752.32, 66.22, 848.69, 20.69, 3.59, -66.94, 0.83232, 0.09329, -0.23622, 0.49270
343, 15, 47.432, -29.328, -0.609, 737.18, 120.91, 896.12, 50.49, 8.40, -82.93, 0.83324, 0.12449, -0.22048, 0.49153
343, 16, 48.574, -29.812, 1.258, 748.84, -38.88, 855.22, 71.11, 10.67, -54.50, 0.82518, 0.14227, -0.21455, 0.50279
343, 15, 48.871, -27.676, 6.643, 499.08, 239.38, 874.15, 89.07, 19.32, -30.27, 0.82075, 0.17223, -0.17469, 0.51594
343, 16, 50.250, -27.141, 11.550, 498.35, 466.80, 911.87, 61.84, -15.72, 32.12, 0.80744, 0.20673, -0.14605, 0.53289
344, 7, 84.347, -28.586, -12.029, 489.14, -424.01, 1211.49, 22.10, -0.93, -51.09, 0.65087, 0.11899, -0.23755, 0.71119
344, 27, 76.878, -29.414, -3.664, 560.67, 82.58, 1040.10, 15.08, 5.24, -65.88, 0.68531, 0.15875, -0.20036, 0.68192
344, 15, 74.660, -28.580, -2.983, 639.89, -117.68, 1185.79, 5.89, 24.28, -68.54, 0.69862, 0.15404, -0.19440, 0.67113
344, 16, 72.567, -26.809, -2.872, 553.71, -176.51, 1164.25, 12.80, 34.58, -82.73, 0.71305, 0.14082, -0.18566, 0.66125
344, 15, 69.339, -23.857, -2.325, 432.80, -218.32, 1166.56, 34.63, 51.77, -106.56, 0.73463, 0.12227, -0.16777, 0.64593
344, 17, 67.214, -23.100, -1.196, 581.18, -258.54, 1175.29, 79.38, 49.77, -88.38, 0.74625, 0.12227, -0.15887, 0.63476
344, 16, 65.208, -22.434, 0.286, 569.64, -599.37, 978.52, 180.64, 62.19, -128.00, 0.75653, 0.12563, -0.14854, 0.62435
344, 15, 64.301, -23.840, 3.012, 741.82, -614.26, 668.95, 249.99, 77.01, -105.77, 0.75616, 0.15005, -0.14414, 0.62043
344, 15, 59.832, -26.676, 15.774, 663.45, 285.89, 229.92, 249.99, 105.94, -100.51, 0.75263, 0.24383, -0.10293, 0.60291
344, 16, 55.493, -22.130, 31.987, 350.16, 1161.01, 474.30, 249.99, 99.28, -87.55, 0.74607, 0.32734, 0.00195, 0.57985
344, 15, 53.233, -19.105, 42.391, 479.61, 1222.53, 721.01, 185.08, 59.36, -74.04, 0.73342, 0.38269, 0.06787, 0.55771
344, 17, 53.045, -17.114, 45.991, 373.54, 908.14, 883.48, 100.18, 36.40, -30.88, 0.72774, 0.39788, 0.09846, 0.54991
344, 15, 52.919, -15.020, 42.646, 270.57, 591.13, 1193.91, 35.65, 19.62, -10.05, 0.74525, 0.36806, 0.09655, 0.54755
344, 16, 53.783, -14.914, 36.525, 283.57, 239.26, 1195.43, -10.25, 5.67, 17.78, 0.75991, 0.32677, 0.07039, 0.55749
344, 16, 53.628, -16.358, 29.450, 442.57, -206.54, 1050.60, -3.02, -10.90, -41.89, 0.77625, 0.28565, 0.02519, 0.56143
344, 15, 51.184, -13.662, 28.967, 189.76, 560.42, 1109.68, -9.97, -8.63, -69.54, 0.79488, 0.27132, 0.03626, 0.54151
344, 15, 48.651, -12.603, 29.543, 80.44, 1043.40, 1086.12, -97.26, -56.01, -36.58, 0.80737, 0.27173, 0.04062, 0.52217
344, 16, 47.462, -13.347, 27.415, 19.71, 882.14, 833.68, -196.74, -97.72, 24.53, 0.81626, 0.26004, 0.02276, 0.51534
344, 15, 49.435, -21.391, 21.025, 522.46, 516.24, 749.76, -250.00, -135.35, 122.06, 0.80498, 0.24833, -0.06140, 0.53533
344, 15, 56.425, -27.996, 7.622, 638.18, -58.41, 885.07, -250.00, -93.22, 174.61, 0.78273, 0.19158, -0.16034, 0.57002
344, 16, 63.535, -30.719, -7.716, 871.83, -761.84, 1077.94, -221.14, -55.97, 68.38, 0.76232, 0.11446, -0.24688, 0.58721
344, 16, 65.497, -30.123, -13.917, 700.81, -646.18, 1131.53, -81.49, -12.76, -37.49, 0.75813, 0.07451, -0.27325, 0.58738
344, 17, 62.122, -28.852, -9.336, 537.96, -7.51, 1034.85, 8.10, 10.36, -85.17, 0.77351, 0.09059, -0.24426, 0.57776
344, 15, 57.648, -25.876, -3.953, 347.11, 238.04, 1161.80, -11.03, 11.24, -108.49, 0.79526, 0.10336, -0.20129, 0.56245
344, 15, 52.911, -23.790, -1.005, 381.35, 59.14, 1096.25, -24.45, -8.87, -168.96, 0.81830, 0.10616, -0.17688, 0.53649
344, 16, 47.474, -24.827, 4.685, 689.94, 443.12, 977.05, -16.15, -7.42, -168.75, 0.83512, 0.14380, -0.16447, 0.50483
344, 15, 44.783, -24.571, 6.653, 593.32, 92.53, 902.28, 3.92, 10.67, -167.69, 0.84469, 0.15338, -0.15753, 0.48801
344, 15, 43.678, -25.951, 9.176, 679.81, 143.31, 789.55, 32.68, -0.95, -119.26, 0.84306, 0.17596, -0.15876, 0.48279
344, 16, 42.748, -26.770, 13.666, 646.12, 330.26, 807.68, 48.45, 3.39, -74.48, 0.83764, 0.21081, -0.14760, 0.48181
344, 16, 42.843, -27.721, 17.842, 697.75, 478.52, 812.01, 42.94, 2.24, -34.29, 0.82671, 0.24481, -0.13690, 0.48773
344, 15, 44.250, -27.689, 21.522, 602.66, 640.14, 850.46, 27.72, 8.58, 22.06, 0.81240, 0.27258, -0.11759, 0.50188
345, 9, 87.746, -33.269, -12.037, 608.28, -92.83, 972.96, -7.25, 27.15, -7.02, 0.62584, 0.15700, -0.25786, 0.71916
345, 26, 83.284, -32.084, -8.414, 629.15, -125.79, 1087.28, 0.11, 12.52, -35.02, 0.64976, 0.15987, -0.23530, 0.70490
345, 16, 80.803, -31.405, -6.305, 635.13, -76.97, 1109.01, 3.33, 15.22, -38.60, 0.66278, 0.16270, -0.22216, 0.69634
345, 15, 79.189, -30.256, -5.795, 669.07, -145.81, 1176.45, 2.16, 31.77, -38.33, 0.67329, 0.15545, -0.21483, 0.69019
345, 15, 77.508, -27.829, -6.467, 527.16, -323.73, 1168.15, 16.52, 46.07, -72.30, 0.68710, 0.13342, -0.20698, 0.68356
345, 16, 74.906, -25.242, -5.717, 451.54, -341.61, 1183.90, 55.26, 47.03, -99.38, 0.70452, 0.11776, -0.19007, 0.67355
345, 15, 71.635, -25.541, -4.099, 723.63, -510.38, 1135.68, 114.85, 53.32, -122.31, 0.72144, 0.12424, -0.18596, 0.65537
345, 16, 71.039, -25.167, -2.460, 580.14, -614.07, 858.64, 203.25, 65.67, -81.43, 0.72348, 0.13146, -0.17493, 0.65474
345, 16, 70.597, -27.675, 0.887, 832.03, -522.64, 522.83, 249.99, 86.49, -70.88, 0.71806, 0.16621, -0.17213, 0.65356
345, 15, 67.364, -30.957, 10.572, 665.95, 63.17, 273.32, 249.99, 103.29, -79.19, 0.71282, 0.24031, -0.14407, 0.64295
345, 17, 60.903, -27.282, 27.212, 470.09, 851.20, 458.07, 249.99, 109.51, -108.83, 0.71717, 0.32080, -0.04352, 0.61714
345, 15, 56.721, -22.079, 40.576, 412.60, 1383.61, 724.61, 227.91, 79.03, -99.78, 0.71338, 0.38157, 0.04981, 0.58567
345, 15, 54.767, -16.818, 47.222, 289.61, 1091.86, 824.83, 138.80, 67.65, -92.24, 0.71596, 0.40286, 0.11247, 0.55898
345, 16, 54.560, -12.874, 46.517, 139.89, 765.56, 1014.22, 53.03, 30.60, -47.83, 0.73038, 0.38248, 0.13523, 0.54951
345, 15, 53.922, -12.312, 41.209, 232.18, 420.10, 1106.87, -2.92, -7.14, -3.17, 0.75176, 0.34647, 0.11160, 0.54987
345, 16, 52.833, -12.660, 37.179, 228.39, 533.81, 1016.24, -38.22, -33.50, 3.72, 0.76792, 0.32217, 0.08670, 0.54680
345, 16, 51.434, -13.882, 31.943, 268.31, 562.68, 1135.50, -101.55, -64.50, -1.49, 0.78592, 0.29269, 0.04937, 0.54242
345, 15, 50.573, -16.561, 26.280, 356.08, 504.21, 1083.44, -146.17, -77.48, 6.81, 0.79813, 0.26509, 0.00114, 0.54103
345, 15, 50.044, -18.273, 21.229, 234.99, 495.06, 907.59, -202.41, -90.08, 24.25, 0.80819, 0.23688, -0.03631, 0.53795
345, 16, 51.258, -22.133, 16.507, 341.00, 607.79, 815.86, -250.00, -103.17, 97.23, 0.80405, 0.22093, -0.08440, 0.54550
345, 15, 57.427, -24.893, 4.627, 336.00, 61.52, 947.20, -250.00, -92.01, 165.07, 0.78815, 0.15745, -0.15212, 0.57524
345, 16, 63.738, -29.714, -7.475, 1057.43, -254.70, 1114.62, -250.00, -57.20, 146.33, 0.76247, 0.11110, -0.23894, 0.59093
345, 16, 69.177, -26.474, -20.984, 534.24, -715.70, 1104.55, -235.62, 15.95, 69.15, 0.74462, 0.01637, -0.28609, 0.60285
345, 16, 68.419, -26.784, -24.712, 607.79, -383.42, 906.80, -134.60, 19.98, -39.86, 0.74857, -0.00809, -0.30734, 0.58746
345, 16, 64.635, -24.279, -23.862, 230.22, -390.50, 989.87, -53.22, 1.61, -133.44, 0.76855, -0.02650, -0.28719, 0.57110
345, 15, 59.029, -27.357, -17.863, 738.40, 76.48, 1015.08, -14.85, -3.68, -141.11, 0.79423, 0.01728, -0.27754, 0.54025
345, 15, 53.164, -27.877, -10.207, 596.44, 213.81, 935.06, 10.61, 10.08, -148.77, 0.81811, 0.06035, -0.24774, 0.51544
345, 17, 49.354, -28.484, -3.669, 681.52, 226.99, 862.30, 28.25, 7.40, -122.33, 0.82945, 0.10233, -0.22573, 0.50058
345, 15, 47.836, -28.234, 1.711, 604.06, 258.54, 864.14, 34.33, -6.08, -78.85, 0.83091, 0.13737, -0.20202, 0.49991
345, 14, 49.688, -28.111, 1.927, 639.04, -63.54, 948.49, 39.73, -12.46, -54.41, 0.82268, 0.14163, -0.19792, 0.51377
345, 17, 51.539, -28.278, 3.405, 629.52, -36.87, 955.38, 78.54, -15.11, -38.62, 0.81202, 0.15605, -0.18999, 0.52932
345, 16, 51.393, -27.797, 9.309, 580.51, 394.04, 1019.29, 85.50, -20.03, -18.91, 0.80462, 0.19534, -0.15926, 0.53764
345, 16, 52.056, -28.191, 12.769, 614.32, 426.82, 1003.17, 32.85, -28.45, 3.59, 0.79431, 0.22209, -0.14452, 0.54668
346, 8, 87.674, -36.400, -10.035, 706.91, -161.62, 923.46, -18.01, 26.16, 17.87, 0.62007, 0.18832, -0.26124, 0.71541
346, 26, 86.626, -32.378, -11.452, 630.43, -249.88, 1006.04, -4.49, 48.05, -16.62, 0.63287, 0.15186, -0.25116, 0.71648
346, 17, 84.132, -32.793, -9.995, 690.19, -241.88, 1055.54, 24.07, 10.15, -67.36, 0.64596, 0.15726, -0.24765, 0.70475
346, 15, 80.984, -31.928, -6.415, 688.29, -76.84, 1197.14, 26.03, 15.23, -55.05, 0.66118, 0.16569, -0.22549, 0.69609
346, 16, 77.350, -30.270, -2.749, 601.81, -8.30, 1132.57, 24.61, 30.85, -72.69, 0.67998, 0.17020, -0.19925, 0.68481
346, 15, 74.470, -27.055, -2.033, 487.85, -262.21, 1166.69, 45.16, 58.68, -113.87, 0.70057, 0.15048, -0.17986, 0.67395
346, 15, 71.244, -24.420, 0.121, 504.09, -235.23, 1223.94, 91.96, 56.23, -123.66, 0.72019, 0.14371, -0.15518, 0.66075
346, 17, 71.374, -23.261, -0.265, 520.51, -648.56, 936.28, 163.21, 67.57, -70.77, 0.72145, 0.13476, -0.14996, 0.66247
346, 15, 70.701, -25.821, 1.624, 821.41, -776.92, 626.40, 249.99, 72.27, -72.95, 0.71930, 0.16044, -0.15608, 0.65765
346, 16, 67.786, -29.964, 7.840, 972.23, -264.77, 323.61, 249.99, 101.62, -104.97, 0.71808, 0.21850, -0.15211, 0.64302
346, 16, 60.416, -28.636, 25.457, 652.28, 899.54, 188.23, 249.99, 127.47, -103.46, 0.72087, 0.31579, -0.06358, 0.61367
346, 15, 53.834, -22.348, 41.744, 498.66, 1427.00, 415.16, 249.99, 117.50, -168.61, 0.72316, 0.39117, 0.04409, 0.56752
346, 15, 50.386, -13.791, 50.535, -31.98, 1669.25, 856.51, 151.20, 67.00, -146.37, 0.73336, 0.41669, 0.13316, 0.52040
346, 17, 49.414, -10.300, 48.882, 106.51, 931.34, 1160.95, 24.04, 0.26, -63.40, 0.75275, 0.39379, 0.14637, 0.50683
346, 15, 49.757, -11.495, 43.043, 377.75, 409.67, 1275.27, -22.81, -17.92, -17.48, 0.76750, 0.35935, 0.11303, 0.51869
346, 16, 49.167, -10.380, 38.322, 136.11, 445.25, 1112.00, -32.44, -29.30, -48.57, 0.78674, 0.32338, 0.09784, 0.51662
346, 15, 46.178, -8.960, 36.767, 71.17, 895.26, 1067.69, -79.41, -61.74, -57.82, 0.80710, 0.30937, 0.09295, 0.49421
346, 16, 42.162, -7.974, 34.905, -57.80, 1047.30, 943.85, -167.50, -110.24, -91.08, 0.83063, 0.29533, 0.08180, 0.46491
346, 16, 40.386, -12.876, 27.658, 241.39, 540.16, 884.34, -250.00, -164.35, -27.73, 0.84680, 0.26104, 0.01125, 0.46331
346, 15, 43.803, -21.391, 20.449, 496.83, 456.97, 767.40, -250.00, -150.53, 135.39, 0.83153, 0.24084, -0.07602, 0.49476
346, 15, 52.524, -29.035, 6.917, 730.96, -39.67, 905.09, -250.00, -111.96, 211.43, 0.80065, 0.18576, -0.17752, 0.54123
346, 16, 61.058, -32.947, -8.272, 1082.46, -568.66, 1021.85, -250.00, -50.51, 144.42, 0.77196, 0.11698, -0.26663, 0.56507
346, 15, 63.837, -31.216, -16.097, 597.23, -807.50, 1005.43, -82.77, 13.98, -24.38, 0.76663, 0.06193, -0.29209, 0.56844
346, 15, 62.786, -29.706, -15.913, 503.05, -410.46, 957.03, 26.52, 13.53, -74.23, 0.77331, 0.05231, -0.28216, 0.56536
346, 16, 56.851, -28.169, -5.864, 496.83, 426.57, 1067.02, 45.15, 23.66, -92.37, 0.79752, 0.10005, -0.22698, 0.54995
346, 16, 50.272, -27.009, 3.050, 484.68, 521.18, 933.04, 21.85, 9.54, -149.45, 0.82069, 0.14576, -0.18416, 0.52087
346, 16, 45.968, -27.499, 8.103, 709.72, 311.22, 849.85, 11.42, 10.81, -153.88, 0.83172, 0.17763, -0.17137, 0.49732
346, 16, 43.382, -27.524, 12.634, 626.28, 317.50, 764.40, 23.26, 7.62, -125.53, 0.83515, 0.20699, -0.15647, 0.48498
346, 15, 43.155, -26.236, 14.743, 524.05, 207.70, 863.89, 36.77, 4.68, -104.61, 0.83511, 0.21716, -0.13827, 0.48613
347, 7, 82.474, -30.688, -9.279, 638.37, -86.73, 1058.41, 12.57, 12.60, -23.61, 0.65739, 0.14437, -0.23410, 0.70156
347, 28, 77.158, -29.761, -4.863, 606.45, -102.05, 1071.78, 18.09, 23.86, -61.67, 0.68481, 0.15419, -0.20914, 0.68082
347, 15, 74.568, -27.762, -3.851, 556.76, -202.82, 1182.43, 32.86, 34.65, -89.76, 0.70139, 0.14372, -0.19468, 0.67045
347, 15, 71.844, -26.067, -3.069, 660.77, -398.80, 1345.15, 66.05, 50.70, -117.69, 0.71842, 0.13410, -0.18309, 0.65754
347, 16, 69.565, -23.837, -2.927, 542.85, -828.31, 1109.13, 143.65, 75.84, -148.70, 0.73401, 0.11863, -0.17080, 0.64652
347, 15, 68.771, -23.297, -1.200, 568.97, -785.83, 700.01, 248.34, 86.46, -112.90, 0.73731, 0.12551, -0.15848, 0.64460
347, 15, 66.166, -25.847, 4.100, 610.05, -271.00, 387.39, 249.99, 110.74, -105.13, 0.74121, 0.17033, -0.14886, 0.63201
347, 18, 60.160, -23.671, 21.269, 530.88, 954.96, 388.67, 249.99, 126.59, -80.79, 0.74567, 0.26555, -0.05238, 0.60887
347, 15, 54.763, -19.568, 37.582, 484.68, 1408.39, 362.98, 249.99, 100.66, -121.44, 0.74003, 0.35291, 0.04587, 0.57071
347, 15, 50.977, -13.863, 47.190, 230.77, 1395.87, 696.90, 150.71, 54.63, -136.34, 0.74231, 0.39477, 0.11945, 0.52808
347, 16, 48.829, -11.765, 49.560, 367.68, 1028.75, 925.23, 63.09, 7.11, -101.21, 0.74926, 0.40455, 0.13719, 0.50609
347, 15, 48.836, -12.116, 46.029, 343.57, 524.17, 1006.53, 14.16, -4.44, -41.26, 0.76046, 0.38262, 0.11910, 0.51100
347, 16, 49.291, -13.513, 41.444, 370.30, 383.73, 1041.08, -5.62, -18.08, -19.75, 0.76978, 0.35702, 0.09005, 0.52141
347, 15, 50.522, -15.286, 35.954, 407.41, 302.92, 1211.91, -24.71, -25.06, 6.74, 0.77622, 0.32630, 0.05573, 0.53657
347, 15, 50.590, -14.201, 31.350, 146.79, 550.35, 1221.44, -61.11, -29.43, 16.11, 0.79073, 0.29029, 0.04214, 0.53732
347, 17, 49.794, -13.353, 28.224, 97.17, 700.20, 1147.83, -114.51, -53.76, 9.90, 0.80374, 0.26523, 0.03176, 0.53164
347, 15, 49.470, -14.094, 23.833, 122.80, 562.62, 968.63, -174.39, -80.06, 28.34, 0.81348, 0.23744, 0.00528, 0.53089
347, 15, 51.112, -17.874, 18.173, 257.02, 534.91, 860.35, -242.80, -100.62, 101.78, 0.80993, 0.21397, -0.04572, 0.54418
347, 17, 54.274, -23.881, 13.786, 425.84, 603.52, 638.24, -250.00, -103.37, 173.47, 0.79099, 0.21227, -0.10448, 0.56424
347, 15, 60.719, -31.036, 3.418, 696.78, 145.51, 706.36, -250.00, -89.26, 199.55, 0.76172, 0.18478, -0.19544, 0.58945
347, 15, 68.432, -33.452, -10.845, 760.93, -339.54, 915.10, -250.00, -41.99, 156.43, 0.73616, 0.12022, -0.27536, 0.60646
347, 16, 73.920, -31.984, -22.848, 845.34, -675.54, 1063.54, -206.63, 4.03, 70.87, 0.71721, 0.04983, -0.32664, 0.61354
347, 16, 72.476, -31.193, -24.618, 620.12, -564.58, 884.34, -41.87, 20.54, -89.78, 0.72588, 0.02978, -0.33208, 0.60161
347, 17, 68.738, -28.222, -17.200, 335.39, 119.87, 964.48, 25.52, 31.04, -29.01, 0.74479, 0.05000, -0.27684, 0.60510
347, 15, 64.649, -29.090, -10.281, 699.34, 246.77, 1125.37, 23.32, -1.45, -65.50, 0.76106, 0.09099, -0.24862, 0.59220
347, 15, 60.716, -28.544, -5.763, 599.61, -40.53, 1029.79, 26.41, 11.67, -119.96, 0.77788, 0.11028, -0.22546, 0.57611
347, 16, 58.496, -26.058, -3.588, 436.65, -145.32, 925.66, 51.19, 28.45, -117.81, 0.79049, 0.10829, -0.19995, 0.56870
347, 15, 55.912, -24.432, 1.621, 385.93, 146.61, 897.46, 51.44, 6.73, -82.01, 0.80022, 0.13226, -0.16571, 0.56098
347, 15, 55.652, -24.632, 4.891, 534.36, 204.28, 976.87, 35.48, -5.23, -23.61, 0.79705, 0.15566, -0.15141, 0.56352
348, 7, 80.628, -30.760, -7.284, 475.04, -208.07, 1074.28, -11.52, 30.46, -20.39, 0.66598, 0.15265, -0.22473, 0.69474
348, 27, 77.751, -29.908, -3.393, 537.48, -14.47, 987.12, 11.80, 6.62, -16.14, 0.67903, 0.16489, -0.20040, 0.68671
348, 15, 76.812, -29.846, -3.305, 608.89, -78.61, 1089.78, 3.36, 8.75, -12.47, 0.68460, 0.16339, -0.20086, 0.68139
348, 17, 76.377, -28.865, -4.392, 596.31, -207.15, 1158.02, 10.73, 21.25, -25.95, 0.68999, 0.15018, -0.20212, 0.67860
348, 15, 74.626, -28.155, -4.077, 683.35, -239.01, 1258.61, 34.03, 32.82, -63.06, 0.70082, 0.14478, -0.19829, 0.66976
348, 17, 71.926, -26.749, -3.817, 670.96, -475.46, 1245.06, 67.32, 57.76, -120.73, 0.71795, 0.13352, -0.19149, 0.65579
348, 15, 70.271, -24.085, -3.967, 454.41, -697.39, 1023.38, 131.94, 79.05, -119.90, 0.73078, 0.11448, -0.17753, 0.64910
348, 15, 68.998, -24.706, -1.728, 666.02, -613.28, 734.62, 218.21, 77.48, -103.20, 0.73481, 0.13041, -0.17020, 0.64349
348, 16, 67.670, -27.566, 3.828, 772.28, -251.83, 427.19, 249.99, 101.27, -77.11, 0.73031, 0.17996, -0.15926, 0.63945
348, 15, 62.282, -27.310, 20.305, 552.73, 675.17, 243.35, 249.99, 111.85, -66.70, 0.72769, 0.27809, -0.07746, 0.62220
348, 15, 56.884, -22.838, 36.841, 423.83, 1332.28, 525.15, 249.99, 90.42, -72.81, 0.72241, 0.36131, 0.02595, 0.58899
348, 18, 53.818, -19.726, 45.895, 514.95, 1164.49, 710.33, 172.60, 61.00, -71.75, 0.71667, 0.40694, 0.08268, 0.56031
348, 15, 52.672, -15.829, 46.884, 320.19, 780.64, 995.54, 101.91, 44.54, -69.22, 0.73005, 0.39882, 0.11030, 0.54388
348, 16, 52.849, -13.547, 43.530, 227.54, 454.16, 1139.77, 48.90, 27.38, -36.00, 0.74656, 0.36785, 0.11076, 0.54320
348, 15, 53.428, -12.570, 38.805, 232.91, 368.47, 1283.63, 12.34, 12.14, -6.77, 0.76064, 0.33215, 0.09681, 0.54930
348, 15, 53.112, -11.508, 33.789, 173.46, 231.20, 1040.22, -11.89, -1.52, -34.58, 0.77822, 0.29412, 0.07937, 0.54915
348, 16, 50.663, -9.003, 30.762, 12.51, 494.08, 1134.03, -44.94, -42.68, -79.18, 0.80198, 0.26403, 0.07702, 0.53026
348, 15, 47.832, -8.982, 27.266, 10.74, 724.18, 1139.83, -144.19, -100.51, -42.34, 0.82260, 0.24078, 0.05502, 0.51217
348, 16, 46.227, -12.325, 23.338, 138.73, 777.65, 932.74, -238.00, -143.94, 4.25, 0.83225, 0.22671, 0.00955, 0.50584
348, 16, 48.448, -20.374, 18.236, 535.16, 615.84, 759.77, -250.00, -142.43, 124.20, 0.81742, 0.22378, -0.06887, 0.52631
348, 15, 55.623, -27.034, 6.611, 531.43, 87.83, 769.90, -250.00, -99.91, 198.27, 0.79026, 0.17896, -0.15989, 0.56383
348, 15, 63.397, -29.654, -9.242, 643.43, -612.61, 940.37, -250.00, -61.96, 128.92, 0.76592, 0.09826, -0.24793, 0.58501
348, 16, 67.362, -29.492, -20.792, 791.26, -841.06, 1161.80, -205.88, -7.86, 40.63, 0.75230, 0.03032, -0.30366, 0.58388
348, 16, 66.579, -29.182, -23.397, 658.45, -502.50, 1028.20, -72.43, 20.84, -43.91, 0.75689, 0.00929, -0.31507, 0.57251
348, 16, 62.192, -30.174, -17.052, 635.99, 113.77, 900.94, 1.10, 28.71, -56.27, 0.77624, 0.04565, -0.29097, 0.55741
348, 15, 57.449, -29.555, -10.045, 503.78, 149.60, 927.73, 10.56, 2.50, -88.20, 0.79595, 0.07919, -0.25584, 0.54289
348, 16, 52.910, -29.308, -4.308, 631.23, 126.83, 986.94, 16.39, 6.26, -126.50, 0.81277, 0.10862, -0.23115, 0.52362
348, 16, 48.911, -28.611, 1.465, 617.74, 191.71, 909.55, 31.64, 15.99, -130.62, 0.82576, 0.13914, -0.20454, 0.50687
348, 15, 47.139, -27.888, 5.954, 585.94, 240.84, 879.94, 31.58, 6.42, -85.59, 0.82903, 0.16548, -0.18186, 0.50226
348, 15, 48.008, -26.807, 8.118, 527.16, 205.32, 930.42, 26.62, -1.24, -31.76, 0.82414, 0.17784, -0.16303, 0.51244
348, 16, 50.814, -26.814, 8.155, 517.88, 104.43, 929.50, 36.57, -18.90, 10.61, 0.81127, 0.18207, -0.15851, 0.53251
349, 7, 84.905, -33.649, -10.629, 606.08, -182.86, 986.76, 1.64, 13.49, -1.08, 0.64118, 0.16091, -0.25500, 0.70567
349, 28, 83.175, -32.548, -9.755, 583.44, -175.05, 959.78, 5.29, 4.89, -16.90, 0.65176, 0.15499, -0.24618, 0.70041
349, 16, 82.245, -32.935, -9.096, 612.24, -150.33, 930.24, 6.96, 1.88, -17.40, 0.65609, 0.15921, -0.24553, 0.69564
349, 15, 81.071, -32.585, -7.696, 597.78, -107.67, 974.43, 8.80, 2.92, -14.51, 0.66166, 0.16259, -0.23678, 0.69261
349, 16, 80.187, -32.917, -6.463, 662.72, -78.55, 1002.26, 7.06, 2.18, -6.90, 0.66477, 0.16998, -0.23247, 0.68930
349, 14, 79.898, -32.311, -5.913, 644.78, -92.71, 1047.00, 5.65, 10.24, 3.85, 0.66651, 0.16885, -0.22619, 0.69000
349, 15, 79.945, -31.701, -5.905, 711.79, -131.71, 1149.78, 10.36, 20.18, 6.59, 0.66702, 0.16520, -0.22263, 0.69154
349, 16, 79.295, -29.362, -5.898, 691.77, -286.68, 1415.83, 35.21, 39.52, -29.32, 0.67388, 0.14951, -0.21020, 0.69235
349, 16, 77.465, -27.198, -5.903, 640.32, -759.28, 1323.24, 105.82, 67.05, -105.75, 0.68741, 0.13287, -0.19997, 0.68544
349, 15, 75.483, -25.612, -4.964, 576.66, -1288.64, 861.27, 233.76, 89.75, -145.42, 0.69991, 0.12555, -0.18723, 0.67772
349, 17, 75.797, -27.278, -3.879, 917.18, -994.26, 442.50, 249.99, 107.30, -65.47, 0.69481, 0.14272, -0.19040, 0.67869
349, 15, 68.625, -28.843, 13.357, 648.25, 669.56, 74.77, 249.99, 133.93, -77.95, 0.70454, 0.24771, -0.11188, 0.65555
349, 16, 59.620, -22.806, 32.504, 302.19, 1254.58, 233.70, 249.99, 126.97, -185.46, 0.72137, 0.33339, 0.01183, 0.60691
349, 16, 54.817, -15.794, 45.919, 227.78, 1605.47, 710.45, 229.98, 74.71, -163.33, 0.72316, 0.39046, 0.11328, 0.55834
349, 15, 53.543, -11.052, 50.464, 121.52, 1232.60, 930.73, 102.61, 38.11, -77.45, 0.72657, 0.40141, 0.16276, 0.53337
349, 16, 52.742, -9.935, 47.301, 293.52, 623.47, 1074.28, 18.75, 0.74, -75.94, 0.74393, 0.37765, 0.15293, 0.52968
349, 15, 50.914, -10.047, 40.162, 302.55, 165.47, 1099.37, -18.71, -23.70, -63.43, 0.77424, 0.33294, 0.11358, 0.52613
349, 16, 48.834, -9.041, 36.198, 120.97, 588.32, 1115.23, -51.82, -43.88, -51.31, 0.79678, 0.30352, 0.09697, 0.51344
349, 16, 45.965, -9.561, 32.776, 134.03, 784.48, 1091.55, -133.97, -94.69, -56.50, 0.81721, 0.28361, 0.07075, 0.49671
349, 15, 42.916, -10.845, 30.137, -31.01, 935.79, 746.52, -236.22, -146.45, -32.90, 0.83427, 0.27109, 0.04263, 0.47821
349, 15, 43.896, -20.252, 22.135, 416.81, 289.12, 632.02, -250.00, -186.28, 69.79, 0.82994, 0.24877, -0.05995, 0.49570
349, 16, 54.213, -28.585, 6.482, 771.06, -256.65, 972.72, -250.00, -120.23, 249.99, 0.79422, 0.18326, -0.17368, 0.55268
349, 15, 65.990, -29.913, -10.680, 744.81, -554.38, 1026.67, -250.00, -19.93, 249.99, 0.75342, 0.09583, -0.25482, 0.59854
349, 16, 72.090, -28.127, -23.301, 644.96, -705.63, 1074.28, -218.82, 11.89, 132.13, 0.72887, 0.01875, -0.30767, 0.61134
349, 16, 72.930, -25.567, -28.495, 522.52, -600.59, 1026.12, -115.29, 25.13, 4.22, 0.72456, -0.02723, -0.32071, 0.60944
349, 16, 68.719, -25.727, -24.834, 483.28, -245.61, 1003.72, -30.97, 18.37, -92.78, 0.74729, -0.01420, -0.30168, 0.59190
349, 16, 64.032, -26.906, -18.235, 570.98, 187.99, 1032.71, -17.11, 2.56, -78.24, 0.77032, 0.02439, -0.27554, 0.57454
349, 15, 57.696, -28.048, -11.344, 668.03, 215.82, 1027.22, -14.54, 11.51, -145.44, 0.79754, 0.06306, -0.25173, 0.54459
349, 15, 53.076, -28.736, -7.301, 768.92, -42.42, 944.64, 4.11, 29.77, -162.81, 0.81545, 0.08499, -0.24065, 0.51953
349, 16, 49.544, -28.013, -1.134, 538.09, 184.94, 770.26, 32.01, 20.11, -117.98, 0.82698, 0.11890, -0.21102, 0.50738
349, 15, 50.113, -27.645, 1.504, 584.90, 78.19, 852.84, 40.08, 2.49, -49.19, 0.82215, 0.13726, -0.19594, 0.51657
349, 15, 52.899, -28.138, 0.622, 607.79, -196.90, 892.21, 65.13, -23.03, -28.86, 0.80954, 0.13803, -0.20017, 0.53435
350, 7, 93.215, -33.837, -18.665, 630.62, -399.05, 1000.24, -7.70, 32.34, 8.03, 0.59939, 0.13859, -0.29550, 0.73089
350, 27, 87.450, -30.931, -14.147, 565.98, -296.02, 1167.24, 19.94, 23.43, -59.52, 0.63215, 0.12927, -0.25962, 0.71852
350, 15, 85.504, -29.243, -11.985, 607.42, -284.36, 1242.43, 43.37, 23.88, -24.89, 0.64312, 0.12593, -0.23953, 0.71635
350, 18, 84.224, -28.680, -11.015, 593.32, -343.20, 1109.80, 65.85, 32.27, -34.45, 0.65047, 0.12511, -0.23189, 0.71236
350, 15, 79.927, -28.083, -8.388, 646.73, -488.28, 1253.54, 101.05, 43.05, -140.28, 0.67448, 0.12807, -0.21722, 0.69389
350, 15, 74.847, -27.061, -5.328, 694.21, -729.19, 1198.18, 155.08, 69.56, -196.46, 0.70240, 0.13097, -0.19877, 0.67080
350, 16, 72.372, -25.036, -2.754, 536.80, -770.39, 873.41, 228.86, 99.84, -149.32, 0.71632, 0.13089, -0.17428, 0.66286
350, 15, 70.459, -25.873, 1.811, 494.14, -294.13, 486.27, 249.99, 94.25, -106.48, 0.72034, 0.16158, -0.15567, 0.65633
350, 16, 64.630, -29.457, 14.764, 689.76, 235.60, 183.90, 249.99, 99.19, -125.77, 0.72246, 0.25568, -0.11678, 0.63170
350, 16, 59.061, -27.711, 31.105, 647.46, 913.64, 283.63, 249.99, 101.55, -99.37, 0.71444, 0.34645, -0.03103, 0.60711
350, 15, 55.077, -23.922, 43.960, 579.28, 1090.58, 574.77, 232.12, 88.22, -71.86, 0.70432, 0.41066, 0.04857, 0.57701
350, 17, 52.679, -18.617, 49.794, 330.87, 962.16, 795.84, 157.61, 60.23, -84.68, 0.71134, 0.42789, 0.10501, 0.54760
350, 15, 51.395, -15.123, 49.478, 323.12, 720.52, 913.39, 80.64, 35.19, -81.96, 0.72883, 0.41389, 0.12280, 0.53143
350, 15, 51.031, -13.809, 46.037, 336.18, 539.92, 1092.16, 31.37, 13.61, -48.12, 0.74613, 0.38701, 0.11469, 0.52948
350, 16, 50.504, -13.300, 42.104, 333.92, 488.71, 1121.34, 5.56, -3.67, -44.35, 0.76268, 0.35959, 0.09838, 0.52853
350, 15, 49.270, -10.515, 39.694, 34.48, 715.88, 1043.03, -35.68, -24.10, -41.03, 0.78205, 0.33323, 0.10336, 0.51640
350, 15, 47.363, -10.779, 36.656, 189.70, 750.92, 1019.17, -94.25, -67.91, -47.55, 0.79860, 0.31488, 0.08252, 0.50624
350, 16, 45.750, -12.206, 33.412, 172.12, 829.71, 959.11, -164.60, -97.82, -20.35, 0.81146, 0.29866, 0.05356, 0.49947
350, 15, 45.239, -15.499, 26.821, 175.78, 617.31, 850.95, -250.00, -130.70, 35.45, 0.82332, 0.26461, -0.00090, 0.50212
350, 16, 50.338, -23.951, 17.928, 538.39, 343.51, 736.39, -250.00, -116.24, 186.87, 0.80168, 0.23798, -0.09275, 0.54044
350, 17, 59.566, -30.628, 4.734, 672.42, 40.77, 801.76, -250.00, -82.44, 246.60, 0.76630, 0.18958, -0.18782, 0.58443
350, 15, 68.235, -31.881, -10.104, 562.93, -291.87, 823.18, -250.00, -33.10, 182.13, 0.73855, 0.11566, -0.26198, 0.61036
350, 16, 71.936, -31.384, -22.469, 592.71, -601.62, 972.29, -250.00, -23.01, 41.50, 0.72793, 0.04301, -0.32203, 0.60379
350, 15, 72.170, -29.635, -29.383, 637.21, -721.86, 1260.62, -190.40, -0.27, -17.64, 0.72831, -0.01070, -0.34813, 0.59014
350, 15, 70.692, -31.092, -30.579, 863.22, -539.12, 1091.19, -87.46, 5.59, -39.52, 0.73545, -0.01425, -0.36218, 0.57248
350, 16, 67.533, -29.430, -26.868, 501.83, -347.96, 987.12, -0.31, 27.68, -58.49, 0.75202, -0.00944, -0.33383, 0.56827
350, 15, 62.958, -28.687, -18.864, 527.89, 7.75, 978.70, 46.04, 25.09, -65.07, 0.77442, 0.02727, -0.29015, 0.56155
350, 16, 59.435, -28.149, -12.359, 552.19, 0.98, 1001.46, 56.13, 10.43, -76.35, 0.78963, 0.06040, -0.25633, 0.55419
350, 17, 57.830, -27.163, -7.039, 528.44, 34.97, 999.39, 62.96, 4.10, -39.10, 0.79519, 0.08876, -0.22499, 0.55604
350, 14, 56.937, -27.487, -2.333, 560.91, 38.09, 921.75, 80.31, -8.94, -38.39, 0.79473, 0.12136, -0.20514, 0.55820
350, 15, 55.703, -27.231, 3.983, 415.04, 226.26, 860.29, 91.27, -35.90, -28.69, 0.79340, 0.16185, -0.17405, 0.56039
351, 7, 89.487, -32.829, -14.196, 542.85, -241.76, 983.22, 5.35, 22.25, -24.50, 0.61808, 0.14634, -0.26696, 0.72477
351, 28, 87.021, -32.903, -12.284, 635.31, -213.99, 993.71, 5.39, 5.00, -23.40, 0.63103, 0.15160, -0.25852, 0.71553
351, 15, 86.196, -32.128, -13.046, 584.41, -337.65, 978.88, 7.50, 12.62, -45.25, 0.63779, 0.14042, -0.26035, 0.71114
351, 15, 84.412, -31.429, -12.606, 605.53, -341.43, 1041.20, 22.92, 13.63, -69.11, 0.64886, 0.13432, -0.25613, 0.70380
351, 16, 81.881, -31.044, -10.238, 671.26, -227.17, 1089.36, 32.39, 23.58, -64.83, 0.66184, 0.13988, -0.24263, 0.69537
351, 15, 79.920, -29.367, -9.194, 593.69, -332.52, 1140.32, 45.81, 31.40, -77.35, 0.67415, 0.13135, -0.22934, 0.68969
351, 15, 77.093, -27.790, -8.447, 636.78, -597.11, 1240.17, 82.27, 51.22, -116.10, 0.69180, 0.12050, -0.21896, 0.67745
351, 17, 74.255, -25.913, -6.994, 579.22, -777.47, 1138.73, 147.64, 71.85, -141.72, 0.70890, 0.11280, -0.20222, 0.66621
351, 16, 71.568, -24.532, -3.197, 581.79, -659.30, 927.43, 238.49, 91.31, -138.50, 0.72206, 0.12393, -0.17459, 0.65786
351, 15, 69.937, -26.040, 2.017, 754.88, -324.89, 599.73, 249.99, 107.93, -85.04, 0.72278, 0.16311, -0.15630, 0.65312
351, 16, 65.406, -30.083, 14.153, 725.04, 215.09, 109.68, 249.99, 109.69, -91.51, 0.71804, 0.25584, -0.12259, 0.63557
351, 15, 57.727, -28.736, 31.805, 570.50, 742.25, 131.47, 249.99, 93.94, -149.88, 0.71624, 0.35485, -0.03852, 0.59967
351, 16, 53.252, -22.725, 44.891, 425.42, 1325.26, 672.61, 224.37, 70.31, -142.13, 0.71384, 0.41262, 0.05494, 0.56317
351, 15, 51.680, -18.342, 50.117, 423.83, 950.74, 834.11, 136.22, 49.87, -116.59, 0.71572, 0.42979, 0.10469, 0.54044
351, 16, 50.687, -15.265, 48.593, 359.99, 718.75, 1059.33, 69.09, 30.18, -66.11, 0.73489, 0.40951, 0.11519, 0.52818
351, 17, 50.854, -13.528, 43.742, 257.81, 376.53, 1196.66, 25.12, 17.23, -35.98, 0.75527, 0.37104, 0.10546, 0.52988
351, 15, 51.456, -13.590, 37.456, 300.05, 149.35, 1114.75, -6.99, 4.40, -16.04, 0.77151, 0.32893, 0.07753, 0.53904
351, 15, 50.131, -10.308, 35.795, 2.08, 650.70, 1100.04, -14.97, -14.34, -42.78, 0.78943, 0.30492, 0.08951, 0.52517
351, 16, 47.727, -9.617, 35.205, 87.83, 952.88, 1037.78, -85.93, -62.55, -47.47, 0.80320, 0.29981, 0.08548, 0.50761
351, 15, 45.840, -11.815, 33.800, 200.56, 1044.07, 837.28, -170.19, -99.49, -6.95, 0.81084, 0.29984, 0.05836, 0.49923
351, 15, 45.579, -16.514, 29.118, 214.05, 679.44, 676.88, -250.00, -141.62, 65.32, 0.81423, 0.28496, 0.00246, 0.50579
351, 16, 48.795, -24.444, 24.694, 429.75, 707.40, 540.71, -250.00, -135.36, 197.94, 0.79228, 0.28601, -0.06815, 0.53464
351, 15, 58.324, -33.748, 11.506, 671.57, 154.42, 637.70, -250.00, -107.77, 249.99, 0.75255, 0.24755, -0.17700, 0.58400
351, 17, 69.511, -36.137, -7.862, 1124.21, -1237.92, 1133.54, -250.00, -37.74, 147.69, 0.72277, 0.15696, -0.27450, 0.61450
351, 15, 75.225, -32.945, -21.724, 725.22, -1488.71, 1199.16, -188.86, 24.29, 28.97, 0.70904, 0.06636, -0.32527, 0.62214
351, 16, 74.749, -31.465, -24.430, 639.59, -840.70, 969.42, -10.11, 28.04, -80.15, 0.71363, 0.03918, -0.33192, 0.61565
351, 16, 69.368, -29.531, -15.113, 354.00, 181.52, 948.55, 51.43, 28.15, -64.66, 0.73925, 0.07258, -0.27338, 0.61116
351, 15, 64.264, -29.411, -7.425, 505.43, 138.06, 1046.39, 53.28, -9.87, -103.45, 0.76013, 0.11088, -0.23622, 0.59508
351, 15, 60.018, -29.685, -1.161, 723.82, 194.03, 1051.94, 43.72, 16.84, -97.49, 0.77443, 0.14600, -0.21070, 0.57840
351, 16, 55.194, -27.751, 5.499, 446.78, 258.24, 948.24, 45.33, 5.74, -130.17, 0.79267, 0.17405, -0.17104, 0.55868
351, 15, 53.362, -25.380, 9.437, 299.56, 217.16, 879.09, 35.31, -30.90, -71.62, 0.80000, 0.18795, -0.13801, 0.55283
351, 17, 53.460, -28.401, 11.080, 561.89, 152.59, 829.47, 38.28, -75.89, -31.91, 0.79030, 0.21316, -0.15147, 0.55412
352, 7, 90.514, -35.429, -13.634, 633.97, -218.26, 892.27, -10.14, 20.03, 5.44, 0.60880, 0.16922, -0.27464, 0.72478
352, 28, 90.194, -33.697, -15.125, 621.15, -262.94, 911.38, -7.74, 27.44, -1.29, 0.61420, 0.14885, -0.27616, 0.72411
352, 15, 89.165, -32.448, -15.037, 591.31, -270.63, 956.73, -0.37, 28.89, -16.22, 0.62141, 0.13848, -0.27080, 0.72204
352, 15, 87.206, -31.001, -13.911, 559.51, -279.60, 1080.51, 10.70, 13.01, -40.89, 0.63337, 0.13049, -0.25878, 0.71753
352, 16, 84.555, -30.337, -11.922, 650.09, -246.77, 1206.12, 13.24, 13.38, -50.09, 0.64810, 0.13141, -0.24597, 0.70866
352, 15, 82.755, -28.922, -11.309, 608.28, -316.71, 1189.39, 24.24, 31.26, -49.91, 0.65967, 0.12198, -0.23660, 0.70284
352, 15, 81.373, -25.626, -10.870, 435.36, -510.50, 1325.62, 66.11, 48.29, -49.77, 0.67023, 0.10070, -0.21709, 0.70251
352, 17, 80.617, -23.588, -10.806, 417.72, -868.41, 1201.72, 141.98, 54.80, -60.48, 0.67616, 0.08671, -0.20588, 0.70207
352, 15, 78.487, -24.866, -8.538, 736.02, -1115.23, 836.30, 249.99, 59.81, -119.87, 0.68629, 0.10445, -0.20117, 0.69111
352, 17, 77.479, -27.430, -5.197, 799.99, -585.02, 476.81, 249.99, 97.18, -69.43, 0.68622, 0.13854, -0.19709, 0.68634
352, 15, 70.836, -32.470, 8.807, 701.11, 278.50, -7.81, 249.99, 108.46, -105.08, 0.69339, 0.24218, -0.15649, 0.66036
352, 15, 59.844, -27.523, 29.058, 384.09, 1100.71, 336.36, 249.99, 96.15, -211.81, 0.71689, 0.33307, -0.03830, 0.61128
352, 16, 53.673, -20.742, 42.763, 314.76, 1184.02, 653.69, 217.18, 59.23, -190.40, 0.72526, 0.39133, 0.05977, 0.56328
352, 15, 53.051, -16.595, 47.157, 309.02, 954.65, 925.90, 121.90, 46.14, -73.52, 0.72512, 0.40321, 0.10765, 0.54776
352, 15, 52.076, -14.179, 45.385, 314.15, 660.34, 1095.03, 60.65, 19.97, -48.91, 0.74248, 0.38321, 0.11260, 0.53777
352, 18, 50.566, -13.685, 41.556, 411.74, 400.15, 1126.65, 18.16, -6.99, -77.36, 0.76316, 0.35743, 0.09333, 0.53021
352, 15, 48.124, -11.121, 39.039, 171.57, 542.79, 984.50, -8.50, -19.55, -101.73, 0.78776, 0.33216, 0.09277, 0.51039
352, 15, 43.984, -8.036, 36.578, -31.31, 706.79, 1042.42, -78.57, -82.39, -134.55, 0.81864, 0.30622, 0.09300, 0.47687
352, 16, 40.965, -9.447, 32.797, 147.58, 743.04, 1033.75, -154.66, -127.12, -92.81, 0.83825, 0.28616, 0.05926, 0.46036
352, 15, 40.337, -13.409, 29.065, 161.93, 931.70, 839.72, -248.44, -154.59, 19.84, 0.84275, 0.27335, 0.01277, 0.46357
352, 16, 44.229, -22.404, 23.341, 513.79, 624.82, 684.51, -250.00, -154.74, 171.37, 0.82104, 0.26581, -0.07013, 0.50032
352, 15, 54.051, -31.296, 9.718, 806.40, 28.14, 808.96, -250.00, -107.20, 249.99, 0.78339, 0.21768, -0.17748, 0.55445
352, 15, 67.808, -34.494, -8.705, 914.61, -411.74, 870.73, -250.00, -38.27, 249.99, 0.73553, 0.13833, -0.27115, 0.60526
352, 17, 73.407, -33.084, -22.880, 853.09, -981.20, 1066.89, -250.00, -1.10, 47.61, 0.71931, 0.05478, -0.33320, 0.60709
352, 15, 73.652, -29.563, -29.232, 506.71, -590.58, 990.36, -181.60, 30.56, -18.12, 0.72063, -0.00567, -0.34705, 0.60019
352, 15, 69.338, -28.234, -26.425, 514.47, -84.47, 1181.27, -111.60, 24.42, -60.91, 0.74335, -0.00829, -0.32472, 0.58474
352, 17, 66.671, -27.606, -24.039, 645.20, -349.24, 1088.26, -28.95, 28.43, -61.42, 0.75719, -0.00365, -0.30877, 0.57560
352, 15, 64.082, -28.082, -19.017, 680.79, -63.42, 910.64, 23.35, 39.60, -35.18, 0.76938, 0.02574, -0.28684, 0.57019
352, 15, 62.330, -28.192, -14.849, 622.19, -184.75, 857.18, 64.18, 36.46, -56.24, 0.77660, 0.05023, -0.26741, 0.56820
352, 16, 58.720, -27.768, -7.046, 471.31, 22.77, 827.15, 97.11, 11.02, -82.19, 0.79003, 0.09355, -0.22840, 0.56120
353, 8, 89.687, -34.098, -16.873, 704.28, -340.88, 950.26, -4.18, 25.54, -0.27, 0.61935, 0.14089, -0.28972, 0.71598
353, 27, 87.579, -30.306, -16.435, 655.88, -413.09, 1038.57, 25.36, 62.14, -36.45, 0.63412, 0.11277, -0.27064, 0.71549
353, 16, 84.612, -26.338, -13.267, 381.04, -302.86, 1313.72, 47.33, 57.18, -55.80, 0.65183, 0.09784, -0.23300, 0.71502
353, 16, 82.060, -25.385, -12.471, 599.79, -551.27, 1287.05, 68.09, 51.26, -83.63, 0.66751, 0.09114, -0.22501, 0.70391
353, 15, 79.704, -24.096, -12.265, 547.18, -955.44, 1232.36, 121.50, 59.70, -112.77, 0.68248, 0.07959, -0.21829, 0.69300
353, 16, 76.178, -24.104, -9.236, 675.42, -1145.81, 996.77, 241.01, 70.21, -165.77, 0.70130, 0.09145, -0.20286, 0.67725
353, 16, 73.819, -21.928, -5.736, 368.59, -595.28, 743.35, 249.99, 100.81, -120.88, 0.71417, 0.09605, -0.17109, 0.67191
353, 15, 68.673, -25.316, 4.748, 565.92, 47.06, 282.04, 249.99, 123.70, -120.41, 0.72710, 0.17471, -0.13801, 0.64942
353, 15, 59.020, -21.190, 25.197, 305.91, 1213.20, 296.88, 249.99, 110.67, -151.95, 0.74821, 0.27906, -0.01715, 0.60167
353, 18, 53.122, -16.596, 40.187, 319.40, 1298.89, 472.05, 230.25, 63.35, -144.53, 0.74794, 0.35835, 0.07436, 0.55375
353, 15, 50.459, -14.995, 46.526, 460.27, 964.72, 798.65, 137.31, 22.16, -90.11, 0.74394, 0.39536, 0.10674, 0.52806
353, 15, 49.556, -15.687, 47.348, 566.35, 789.55, 979.55, 79.61, 10.21, -52.44, 0.74333, 0.40414, 0.10253, 0.52309
353, 16, 49.463, -16.231, 45.336, 445.80, 578.31, 925.60, 34.35, 6.44, -35.06, 0.74927, 0.39317, 0.08918, 0.52542
353, 15, 50.163, -17.562, 41.604, 438.78, 451.35, 953.92, 1.78, -2.86, -4.86, 0.75492, 0.37329, 0.06485, 0.53530
353, 16, 51.490, -18.013, 36.606, 298.77, 372.68, 1035.10, -24.34, -16.38, 22.31, 0.76306, 0.34134, 0.04217, 0.54722
353, 15, 52.313, -19.079, 31.559, 345.03, 357.67, 1096.13, -45.71, -40.33, 16.67, 0.77081, 0.31176, 0.01261, 0.55542
353, 15, 52.850, -19.777, 26.281, 328.00, 399.11, 1133.00, -74.74, -45.53, 24.94, 0.78015, 0.27902, -0.01670, 0.55967
353, 17, 52.916, -19.745, 21.432, 300.29, 407.59, 1161.50, -111.56, -51.19, 11.25, 0.79100, 0.24564, -0.03998, 0.55891
353, 16, 52.701, -18.896, 17.164, 166.38, 478.03, 1108.28, -165.89, -61.71, 18.12, 0.80227, 0.21210, -0.05503, 0.55529
353, 15, 53.225, -19.752, 13.509, 138.85, 662.11, 873.72, -246.77, -83.93, 75.35, 0.80457, 0.19065, -0.07804, 0.55698
353, 16, 54.588, -22.214, 10.139, 236.21, 647.64, 810.12, -250.00, -101.41, 108.52, 0.79890, 0.17957, -0.10999, 0.56340
353, 15, 57.498, -29.636, 4.246, 826.35, 419.86, 650.88, -250.00, -88.19, 123.01, 0.77952, 0.17806, -0.18681, 0.57075
353, 15, 63.396, -31.640, -9.641, 1037.48, -588.32, 1018.74, -250.00, 3.56, 77.05, 0.76357, 0.10628, -0.26275, 0.58019
353, 16, 67.559, -31.554, -21.592, 1105.83, -1178.65, 907.65, -177.80, 42.95, 16.09, 0.75008, 0.03739, -0.32004, 0.57754
353, 16, 67.561, -28.105, -24.635, 456.91, -605.71, 848.08, -30.37, 44.04, -49.43, 0.75249, -0.00231, -0.31479, 0.57850
353, 17, 63.741, -29.109, -18.060, 588.44, -35.22, 863.59, 45.52, 13.02, -71.46, 0.76998, 0.03697, -0.28864, 0.56784
353, 15, 59.958, -30.231, -9.797, 685.97, 277.71, 957.95, 58.92, -5.66, -57.80, 0.78277, 0.08998, -0.25730, 0.55943
353, 15, 58.709, -29.791, -5.176, 680.85, 61.58, 1062.32, 48.13, -1.14, -38.35, 0.78537, 0.11667, -0.23288, 0.56156
353, 16, 59.121, -28.398, -2.876, 525.02, -63.35, 977.05, 59.81, -6.48, -31.65, 0.78311, 0.12615, -0.21168, 0.57098
353, 15, 58.793, -27.648, 2.290, 414.18, 224.85, 925.96, 67.32, -32.25, 1.98, 0.77964, 0.15705, -0.18105, 0.57855
353, 15, 59.353, -30.098, 5.782, 596.07, 228.76, 873.17, 50.87, -61.82, 22.69, 0.76673, 0.19364, -0.17923, 0.58524
353, 16, 62.346, -33.759, 5.846, 772.03, 90.27, 823.79, 39.75, -51.61, 61.85, 0.74320, 0.21724, -0.19819, 0.60099
354, 8, 92.095, -34.610, -16.110, 636.78, -226.07, 895.94, -12.02, 22.75, 2.73, 0.60286, 0.15445, -0.28423, 0.72933
354, 26, 92.332, -32.847, -18.022, 613.59, -304.87, 923.77, -9.44, 24.36, 10.31, 0.60466, 0.13293, -0.28789, 0.73064
354, 17, 92.111, -31.625, -18.360, 602.84, -329.71, 981.81, 1.07, 28.40, 10.51, 0.60691, 0.12223, -0.28457, 0.73194
354, 15, 90.625, -29.057, -16.960, 478.82, -307.37, 1119.20, 14.72, 32.48, -9.25, 0.61589, 0.10862, -0.26484, 0.73399
354, 15, 89.014, -27.244, -16.158, 483.40, -391.85, 1190.31, 30.44, 24.48, -27.55, 0.62609, 0.09705, -0.25221, 0.73142
354, 16, 88.122, -25.832, -15.734, 457.58, -579.28, 1345.21, 67.83, 10.23, -29.91, 0.63190, 0.08795, -0.24308, 0.73067
354, 15, 87.713, -26.783, -15.470, 631.16, -1025.39, 1185.06, 152.05, 2.47, -59.94, 0.63396, 0.09491, -0.24658, 0.72684
354, 17, 86.856, -29.415, -13.621, 799.26, -1271.06, 768.49, 249.99, 11.18, -106.67, 0.63629, 0.12081, -0.24922, 0.72002
354, 15, 85.203, -33.584, -9.596, 904.48, -657.71, 441.71, 249.99, 45.36, -104.61, 0.63793, 0.16692, -0.24785, 0.70976
354, 15, 75.794, -37.065, 5.895, 750.24, 206.30, 388.49, 249.99, 81.59, -140.59, 0.66040, 0.25825, -0.19089, 0.67878
354, 17, 62.579, -33.763, 27.085, 530.40, 962.28, 335.57, 249.99, 86.53, -205.28, 0.68915, 0.35066, -0.08335, 0.62862
354, 15, 52.593, -24.657, 44.357, 240.30, 1305.11, 511.23, 242.00, 67.12, -250.00, 0.71289, 0.41685, 0.03646, 0.56276
354, 15, 47.845, -16.465, 51.392, 143.68, 1298.22, 850.89, 116.58, 22.17, -191.54, 0.73405, 0.43463, 0.10907, 0.51027
354, 17, 45.859, -13.385, 50.454, 281.98, 818.54, 941.89, 27.03, -21.28, -122.12, 0.75472, 0.41966, 0.11910, 0.49000
354, 15, 44.331, -13.827, 46.500, 371.77, 500.79, 937.56, -22.78, -54.89, -98.54, 0.77416, 0.39625, 0.09371, 0.48464
354, 16, 43.746, -16.399, 41.723, 503.05, 418.03, 996.52, -51.09, -66.22, -64.99, 0.78625, 0.37310, 0.05284, 0.48971
354, 15, 45.211, -19.211, 35.594, 488.16, 430.24, 1074.89, -97.12, -57.79, -2.12, 0.79193, 0.34052, 0.01015, 0.50675
354, 15, 47.767, -20.247, 24.898, 297.18, 155.03, 1260.99, -167.63, -61.52, 26.97, 0.80645, 0.27016, -0.03885, 0.52454
354, 17, 50.765, -22.159, 14.734, 352.84, 105.59, 1051.57, -206.73, -72.85, 43.88, 0.80966, 0.20817, -0.09392, 0.54064
354, 15, 54.618, -22.318, 6.924, 215.76, 284.85, 930.48, -250.00, -73.91, 112.80, 0.80331, 0.15760, -0.12645, 0.56024
354, 15, 61.024, -24.606, -1.705, 493.04, 198.85, 1045.65, -250.00, -59.55, 192.89, 0.77788, 0.11790, -0.17806, 0.59101
354, 16, 68.793, -25.624, -12.230, 607.48, -51.51, 997.13, -250.00, -10.96, 232.06, 0.74402, 0.06747, -0.23421, 0.62211
354, 16, 72.107, -25.152, -21.556, 556.46, -331.48, 1029.24, -235.68, 8.99, 102.46, 0.72949, 0.01216, -0.28091, 0.62352
354, 15, 71.915, -27.763, -26.610, 828.98, -416.08, 892.88, -157.04, 17.76, -0.85, 0.73009, -0.00497, -0.32311, 0.60211
354, 16, 69.070, -28.427, -26.783, 660.83, -380.74, 992.55, -91.26, 31.86, -63.11, 0.74463, -0.01025, -0.32765, 0.58144
354, 15, 62.346, -29.377, -20.332, 621.77, 61.46, 957.64, -42.69, 34.98, -116.24, 0.77714, 0.01951, -0.30176, 0.55192
354, 17, 56.776, -29.804, -14.512, 679.63, 7.69, 958.92, -7.68, 28.46, -133.25, 0.80125, 0.04775, -0.27874, 0.52728
354, 15, 54.070, -29.620, -10.276, 649.90, -33.63, 848.57, 19.55, 28.80, -89.29, 0.81167, 0.07029, -0.25956, 0.51854
354, 15, 52.355, -28.028, -4.524, 456.30, 160.95, 861.88, 43.68, 0.26, -48.14, 0.81758, 0.09997, -0.22365, 0.52111
354, 16, 53.462, -27.928, -2.212, 518.13, -11.72, 907.53, 54.25, -35.77, -24.14, 0.81044, 0.11803, -0.21126, 0.53350
354, 15, 54.412, -29.904, 1.694, 654.60, 148.19, 943.42, 71.66, -62.45, 0.88, 0.79774, 0.15648, -0.20561, 0.54484
354, 15, 55.481, -31.748, 6.243, 635.86, 312.13, 895.69, 67.38, -67.25, 30.84, 0.78172, 0.19834, -0.19493, 0.55819
354, 16, 57.501, -34.804, 8.822, 762.27, 276.43, 849.91, 49.96, -68.60, 50.09, 0.75969, 0.23343, -0.19953, 0.57321
355, 7, 88.652, -32.362, -17.033, 604.06, -295.35, 926.82, 7.59, 17.21, -9.77, 0.62699, 0.12579, -0.28348, 0.71464
355, 27, 85.703, -30.968, -13.500, 557.80, -215.45, 989.93, 11.49, 6.60, -22.98, 0.64229, 0.12917, -0.25774, 0.71018
355, 15, 84.437, -31.551, -12.581, 602.36, -219.48, 952.15, 10.55, 0.23, -29.66, 0.64858, 0.13530, -0.25659, 0.70371
355, 16, 82.932, -32.505, -11.076, 634.95, -164.18, 944.34, 9.57, 0.41, -23.78, 0.65503, 0.14665, -0.25432, 0.69624
355, 16, 81.914, -31.807, -10.346, 588.75, -178.04, 974.85, 4.00, 11.92, -19.94, 0.66099, 0.14417, -0.24741, 0.69361
355, 16, 81.219, -30.372, -10.067, 583.37, -217.77, 1102.48, 8.62, 11.23, -17.44, 0.66632, 0.13522, -0.23870, 0.69337
355, 16, 80.833, -29.018, -10.348, 586.06, -321.35, 1174.62, 28.31, 17.16, -23.32, 0.67026, 0.12423, -0.23333, 0.69345
355, 15, 81.266, -28.188, -11.349, 636.11, -699.58, 1255.00, 83.03, 18.82, -33.52, 0.66940, 0.11400, -0.23435, 0.69569
355, 15, 82.296, -28.843, -11.198, 765.50, -1057.25, 1012.33, 189.99, 24.56, -43.98, 0.66242, 0.12117, -0.23598, 0.70059
355, 16, 82.273, -31.458, -8.322, 968.26, -855.47, 714.90, 249.99, 43.14, -66.38, 0.65655, 0.15434, -0.23272, 0.70069
355, 15, 78.844, -34.244, -0.079, 712.52, -151.18, 504.82, 249.99, 78.75, -73.58, 0.66015, 0.21247, -0.20379, 0.69104
355, 17, 71.349, -35.811, 14.743, 689.88, 363.04, 325.01, 249.99, 98.82, -98.87, 0.66825, 0.29619, -0.14194, 0.66751
355, 15, 62.023, -30.339, 32.885, 315.86, 940.61, 411.32, 249.99, 84.92, -138.64, 0.68482, 0.36974, -0.03015, 0.62722
355, 16, 54.542, -23.344, 45.431, 403.87, 1038.51, 670.35, 209.62, 50.45, -206.32, 0.70353, 0.41770, 0.05801, 0.57202
355, 16, 50.404, -16.130, 50.173, 214.78, 1102.29, 952.94, 103.65, 18.23, -169.29, 0.72799, 0.42313, 0.11546, 0.52693
355, 15, 48.555, -14.322, 48.125, 374.08, 673.34, 965.39, 19.78, -13.67, -113.33, 0.74881, 0.40505, 0.11205, 0.51250
355, 15, 47.093, -13.876, 43.978, 333.13, 451.84, 953.55, -19.94, -36.75, -99.48, 0.77062, 0.37719, 0.09179, 0.50543
355, 16, 45.878, -14.649, 39.110, 403.38, 428.89, 1105.59, -50.85, -56.85, -89.00, 0.78949, 0.34774, 0.06097, 0.50205
355, 15, 44.520, -16.109, 32.554, 436.71, 357.12, 1192.63, -93.25, -62.39, -70.26, 0.81085, 0.30788, 0.01777, 0.49740
355, 17, 46.190, -17.905, 25.752, 317.20, 453.92, 1099.49, -154.75, -63.52, 33.31, 0.81667, 0.26649, -0.02134, 0.51145
355, 16, 48.955, -19.540, 16.593, 242.00, 196.17, 988.28, -197.89, -78.05, 56.30, 0.81982, 0.20884, -0.06932, 0.52866
355, 15, 53.145, -22.079, 7.911, 331.05, 224.73, 955.57, -236.39, -85.02, 112.09, 0.80948, 0.16183, -0.12201, 0.55106
355, 16, 58.643, -25.573, 0.462, 571.11, 327.64, 1031.98, -250.00, -71.56, 181.77, 0.78620, 0.13395, -0.17622, 0.57697
355, 15, 64.217, -27.518, -8.540, 606.81, 57.07, 984.86, -250.00, -35.63, 167.18, 0.76381, 0.09309, -0.22982, 0.59592
355, 15, 66.805, -24.044, -16.571, 247.44, -142.58, 1092.59, -250.00, -9.20, 90.93, 0.75754, 0.02583, -0.24835, 0.60314
355, 16, 66.250, -25.812, -21.694, 641.36, -250.85, 1032.65, -202.16, -1.74, -3.07, 0.76012, 0.00061, -0.28595, 0.58349
355, 15, 65.033, -27.795, -25.000, 913.64, -407.47, 1079.16, -135.12, 14.27, -45.51, 0.76517, -0.01342, -0.31456, 0.56159
355, 17, 63.303, -28.931, -24.231, 762.15, -322.51, 858.46, -34.19, 30.86, -54.92, 0.77306, -0.00673, -0.31766, 0.54902
355, 16, 61.270, -30.005, -20.266, 650.82, -178.65, 731.99, 35.59, 22.67, -58.64, 0.78175, 0.02049, -0.30560, 0.54318
355, 15, 58.525, -30.697, -13.076, 632.39, 10.56, 804.93, 82.71, 2.14, -67.28, 0.79127, 0.06653, -0.27710, 0.54100
355, 16, 56.148, -31.369, -4.559, 647.71, 237.61, 844.67, 103.45, -19.09, -50.27, 0.79444, 0.12346, -0.24330, 0.54261
356, 7, 86.272, -33.896, -13.303, 648.56, -229.92, 920.53, -0.94, 11.67, -7.81, 0.63616, 0.15075, -0.27090, 0.70654
356, 27, 85.023, -31.393, -12.851, 592.47, -248.60, 993.35, 2.89, 15.21, -20.90, 0.64541, 0.13406, -0.25673, 0.70679
356, 17, 83.446, -31.349, -10.948, 624.33, -151.55, 1013.61, 6.83, 9.45, -21.60, 0.65287, 0.14110, -0.24670, 0.70214
356, 16, 82.694, -30.822, -10.197, 610.29, -181.03, 1021.12, 7.41, 14.10, -12.57, 0.65705, 0.14041, -0.24018, 0.70063
356, 15, 82.643, -28.565, -10.623, 460.39, -263.00, 1041.87, 16.59, 18.45, -9.89, 0.65992, 0.12341, -0.23056, 0.70436
356, 15, 83.131, -27.771, -11.527, 548.95, -376.95, 1115.17, 38.69, 11.79, -4.23, 0.65848, 0.11410, -0.23130, 0.70703
356, 16, 83.786, -27.464, -11.127, 597.17, -467.65, 1168.52, 98.42, 11.06, -3.57, 0.65425, 0.11570, -0.22650, 0.71223
356, 15, 83.574, -28.567, -9.330, 716.67, -687.38, 1070.43, 178.29, 13.15, -52.18, 0.65272, 0.13267, -0.22154, 0.71224
356, 15, 81.724, -31.873, -4.604, 887.70, -589.66, 742.00, 249.99, 39.67, -84.97, 0.65402, 0.17716, -0.21302, 0.70392
356, 17, 77.614, -32.860, 3.274, 717.53, -178.10, 738.40, 249.99, 70.41, -120.19, 0.66376, 0.22150, -0.17783, 0.69191
356, 15, 71.727, -33.183, 15.541, 704.77, 266.11, 612.37, 249.99, 80.34, -108.75, 0.67092, 0.28723, -0.11973, 0.67307
356, 16, 66.001, -28.136, 28.713, 361.63, 572.57, 693.85, 247.74, 83.43, -109.00, 0.68225, 0.33557, -0.02637, 0.64903
356, 16, 60.654, -23.948, 38.714, 420.29, 619.93, 634.28, 197.34, 64.48, -142.46, 0.69329, 0.37660, 0.04030, 0.61311
356, 15, 57.450, -19.595, 43.337, 393.25, 641.91, 804.26, 138.92, 51.23, -127.06, 0.70779, 0.38787, 0.08339, 0.58450
356, 16, 55.458, -17.366, 43.790, 374.15, 587.59, 839.97, 71.83, 18.75, -97.73, 0.72275, 0.38293, 0.09422, 0.56755
356, 15, 53.461, -16.740, 42.440, 499.21, 484.50, 940.67, 40.58, 2.44, -117.23, 0.73872, 0.37331, 0.08534, 0.55466
356, 15, 49.038, -15.247, 39.760, 469.06, 324.16, 919.49, 18.04, -13.25, -182.53, 0.77191, 0.35266, 0.06923, 0.52439
356, 17, 45.231, -13.150, 38.185, 297.49, 552.55, 954.28, -9.77, -33.39, -160.10, 0.79850, 0.33608, 0.06592, 0.49509
356, 15, 42.908, -12.340, 37.561, 217.65, 778.20, 943.79, -60.11, -55.33, -87.55, 0.81192, 0.33000, 0.06246, 0.47748
356, 15, 41.515, -12.121, 36.051, 36.13, 932.31, 902.47, -135.03, -91.04, -24.42, 0.82239, 0.31915, 0.05391, 0.46787
356, 16, 43.126, -16.654, 28.593, 312.19, 513.00, 982.73, -202.87, -115.49, 55.18, 0.82588, 0.28168, -0.00693, 0.48840
356, 15, 48.656, -23.401, 17.169, 541.26, 181.21, 986.27, -244.36, -109.91, 147.08, 0.81227, 0.22895, -0.09569, 0.52787
356, 16, 56.606, -28.143, 4.278, 706.91, -36.50, 1096.86, -242.32, -76.99, 178.53, 0.78681, 0.16964, -0.17766, 0.56620
356, 16, 62.558, -28.112, -6.880, 578.49, -201.05, 1081.36, -216.61, -15.44, 114.78, 0.77018, 0.10410, -0.22655, 0.58707
356, 15, 67.153, -25.507, -15.766, 412.60, -313.78, 1062.01, -172.19, -11.86, 82.34, 0.75455, 0.04019, -0.25317, 0.60411
356, 17, 68.019, -22.921, -19.358, 406.19, -271.24, 1153.02, -135.33, 9.27, 34.20, 0.75201, 0.00374, -0.25593, 0.60743
356, 15, 66.352, -24.365, -19.171, 577.58, -133.73, 998.29, -88.87, 6.54, -23.86, 0.76014, 0.00941, -0.26401, 0.59363
356, 16, 65.005, -23.604, -18.606, 488.89, -219.42, 1036.19, -58.35, 22.99, -23.25, 0.76741, 0.00585, -0.25641, 0.58763
356, 16, 62.305, -25.630, -14.908, 604.37, 73.61, 884.28, -31.09, 6.44, -44.02, 0.77908, 0.03594, -0.25115, 0.57329
356, 15, 60.509, -27.083, -12.109, 701.66, -12.02, 943.85, -11.03, 13.04, -44.51, 0.78545, 0.05891, -0.24751, 0.56422
356, 15, 58.913, -28.336, -8.171, 697.81, 78.12, 874.94, 16.30, 13.80, -39.18, 0.78920, 0.08910, -0.23757, 0.55927
356, 16, 58.074, -29.545, -3.907, 731.57, 101.93, 881.77, 48.67, 6.89, -30.38, 0.78755, 0.12287, -0.22567, 0.56013
356, 15, 58.081, -31.116, -0.505, 731.14, 7.08, 842.71, 73.97, -2.91, -33.23, 0.78065, 0.15399, -0.21964, 0.56448
356, 16, 58.110, -32.601, 3.946, 741.27, 95.89, 839.84, 103.39, -11.70, -25.89, 0.77080, 0.19145, -0.20766, 0.57104
356, 16, 56.745, -33.488, 11.104, 711.49, 401.86, 812.99, 104.31, -14.60, -18.91, 0.76204, 0.24122, -0.18060, 0.57315
356, 15, 55.807, -33.177, 17.240, 605.10, 546.63, 845.76, 70.01, -16.90, 3.11, 0.75363, 0.27906, -0.14979, 0.57597
357, 7, 80.798, -32.464, -11.383, 619.87, -190.25, 1006.10, 2.53, 5.14, -29.33, 0.66830, 0.13984, -0.25861, 0.68333
357, 27, 77.541, -30.852, -8.956, 623.96, -150.82, 1062.38, -6.88, 18.41, -32.93, 0.68641, 0.13710, -0.23914, 0.67295
357, 16, 76.445, -29.520, -9.331, 625.67, -228.76, 1145.51, -10.28, 25.76, -36.26, 0.69473, 0.12444, -0.23490, 0.66834
357, 15, 76.098, -27.157, -10.271, 531.56, -279.36, 1149.48, -2.53, 39.73, -16.93, 0.70004, 0.10362, -0.22696, 0.66910
357, 16, 75.907, -25.970, -10.954, 608.28, -361.21, 1180.66, 25.97, 46.85, -13.47, 0.70276, 0.09182, -0.22416, 0.66892
357, 15, 76.369, -25.073, -11.840, 646.61, -583.37, 1132.63, 74.04, 59.17, -9.96, 0.70141, 0.08180, -0.22374, 0.67177
357, 15, 77.303, -24.787, -12.109, 648.50, -727.91, 958.01, 141.31, 70.73, -0.60, 0.69629, 0.08022, -0.22300, 0.67750
357, 17, 77.372, -25.691, -8.137, 585.27, -463.44, 736.76, 245.88, 69.59, -10.90, 0.69187, 0.10999, -0.20461, 0.68363
357, 15, 75.404, -29.441, -1.030, 623.29, -136.54, 465.15, 249.99, 61.41, -41.34, 0.69021, 0.17223, -0.18702, 0.67748
357, 16, 70.447, -33.460, 12.330, 717.04, 338.81, 282.29, 249.99, 62.87, -46.88, 0.68546, 0.26824, -0.14329, 0.66156
357, 16, 64.348, -33.351, 27.037, 716.61, 641.24, 454.65, 249.99, 67.96, -81.90, 0.68080, 0.34970, -0.07545, 0.63916
357, 15, 59.306, -29.025, 40.125, 530.64, 979.55, 687.01, 244.61, 64.72, -94.83, 0.67929, 0.40697, 0.00871, 0.61063
357, 15, 56.321, -23.844, 47.835, 393.19, 965.82, 773.62, 176.19, 55.86, -86.79, 0.68400, 0.43318, 0.07329, 0.58234
357, 16, 54.624, -19.297, 49.501, 351.62, 740.36, 878.72, 113.25, 38.35, -97.71, 0.70092, 0.42690, 0.10620, 0.56141
357, 15, 52.368, -16.248, 47.213, 395.57, 510.99, 1033.75, 67.77, 12.96, -104.70, 0.72916, 0.40285, 0.10790, 0.54258
357, 17, 49.620, -13.909, 43.338, 372.25, 379.39, 1101.01, 19.10, -9.16, -134.89, 0.76129, 0.37095, 0.09692, 0.52292
357, 15, 46.427, -10.933, 39.179, 173.58, 372.44, 1113.34, -11.48, -33.38, -145.93, 0.79524, 0.33374, 0.08981, 0.49815
357, 15, 44.534, -9.743, 34.904, 90.76, 514.47, 1147.58, -59.17, -63.15, -79.15, 0.81759, 0.30042, 0.07489, 0.48548
357, 16, 43.894, -10.229, 30.769, 87.65, 668.64, 1153.69, -121.88, -88.58, -24.39, 0.82975, 0.27292, 0.05221, 0.48405
357, 15, 44.097, -12.465, 24.553, 155.03, 534.97, 1099.73, -190.38, -114.14, 1.46, 0.83882, 0.23631, 0.00948, 0.49036
357, 15, 47.495, -17.465, 15.561, 358.22, 322.33, 1037.29, -245.80, -112.19, 89.78, 0.83204, 0.19180, -0.06120, 0.51689
357, 17, 53.816, -20.437, 3.384, 330.99, -39.67, 1054.69, -250.00, -90.39, 144.10, 0.81445, 0.12281, -0.13118, 0.55170
357, 15, 57.911, -24.516, -5.161, 608.52, 92.35, 931.82, -250.00, -66.83, 90.29, 0.79681, 0.08858, -0.19767, 0.56406
357, 16, 60.339, -26.314, -12.584, 607.54, -151.92, 989.50, -210.14, -44.47, 27.34, 0.78732, 0.05123, -0.24485, 0.56352
357, 16, 61.390, -26.616, -16.566, 630.00, -91.13, 1010.07, -178.41, -3.37, 25.02, 0.78325, 0.02789, -0.26601, 0.56123
357, 15, 59.700, -28.141, -16.589, 693.12, 86.49, 920.84, -140.70, 0.19, -25.56, 0.79007, 0.03181, -0.27648, 0.54620
357, 16, 58.319, -27.295, -16.894, 557.50, -155.46, 991.21, -98.11, 5.04, -56.05, 0.79746, 0.02197, -0.27270, 0.53778
357, 15, 56.940, -28.792, -15.197, 714.36, -39.12, 870.79, -45.52, 4.01, -46.37, 0.80192, 0.03821, -0.27509, 0.52895
357, 15, 55.156, -29.983, -11.141, 705.63, 52.06, 867.00, 5.72, -2.06, -56.57, 0.80674, 0.06845, -0.26531, 0.52354
357, 16, 53.631, -30.610, -5.540, 730.47, 288.02, 895.51, 21.13, -0.84, -29.75, 0.80845, 0.10757, -0.24518, 0.52415
357, 15, 52.590, -30.647, -0.692, 725.52, 289.12, 968.08, 16.91, -3.62, -22.22, 0.80792, 0.13981, -0.22432, 0.52668
357, 16, 54.574, -30.676, 0.835, 665.10, 130.07, 927.80, 17.35, -8.69, 25.57, 0.79664, 0.15444, -0.21485, 0.54346
357, 16, 57.235, -30.713, 2.249, 600.89, 146.67, 939.94, 26.54, -24.44, 53.81, 0.78171, 0.16923, -0.20451, 0.56433
358, 8, 90.754, -32.115, -17.621, 582.58, -306.58, 975.77, 2.97, 20.81, -5.00, 0.61455, 0.12615, -0.28366, 0.72523
358, 27, 86.655, -31.126, -13.917, 595.52, -263.61, 1066.47, 14.02, 6.71, -36.96, 0.63673, 0.13003, -0.26008, 0.71416
358, 16, 84.291, -31.325, -12.253, 659.30, -254.15, 1089.97, 18.46, 11.87, -52.75, 0.64928, 0.13537, -0.25355, 0.70415
358, 15, 81.224, -30.239, -10.940, 672.49, -332.82, 1208.01, 24.60, 31.85, -91.84, 0.66742, 0.12931, -0.24324, 0.69186
358, 17, 78.952, -28.269, -10.957, 601.20, -528.93, 1196.17, 43.95, 53.20, -97.50, 0.68285, 0.11209, -0.23473, 0.68268
358, 15, 77.286, -25.529, -9.887, 464.84, -446.04, 1135.25, 83.89, 60.23, -70.84, 0.69411, 0.09825, -0.21415, 0.68021
358, 15, 76.479, -24.312, -8.527, 510.38, -482.30, 1002.50, 135.03, 63.17, -50.62, 0.69875, 0.09758, -0.19964, 0.67997
358, 16, 75.938, -25.417, -5.801, 671.08, -462.22, 815.73, 192.22, 65.58, -43.45, 0.69833, 0.12002, -0.19053, 0.67944
358, 15, 75.610, -26.162, -0.641, 538.76, -244.02, 677.49, 247.85, 73.55, -27.98, 0.69317, 0.15534, -0.16469, 0.68429
358, 16, 71.556, -29.628, 10.575, 696.90, 169.62, 523.86, 249.99, 62.33, -47.58, 0.69174, 0.23808, -0.12678, 0.66988
358, 16, 66.351, -30.585, 24.067, 651.49, 505.74, 442.26, 249.99, 70.01, -61.57, 0.68648, 0.31995, -0.06791, 0.64943
358, 16, 61.701, -28.748, 36.111, 648.80, 792.36, 589.66, 226.26, 71.84, -73.00, 0.68111, 0.38189, -0.00281, 0.62469
358, 16, 58.497, -24.983, 43.496, 489.93, 895.69, 786.99, 157.68, 55.79, -68.86, 0.68498, 0.41062, 0.05117, 0.59964
358, 15, 57.158, -21.244, 44.022, 408.08, 702.15, 1030.82, 88.02, 37.41, -67.21, 0.70194, 0.39915, 0.07463, 0.58514
358, 15, 56.976, -18.437, 39.951, 283.33, 375.12, 1171.26, 22.47, 20.94, -53.12, 0.72461, 0.36210, 0.07253, 0.58186
358, 16, 56.701, -18.649, 33.034, 428.89, -102.91, 1046.02, -10.51, -4.06, -71.27, 0.74600, 0.31876, 0.03507, 0.58364
358, 15, 52.740, -15.637, 29.339, 245.00, 199.95, 1090.58, -4.78, -12.58, -138.11, 0.78242, 0.28196, 0.02760, 0.55457
358, 16, 47.819, -11.796, 28.390, 53.53, 529.60, 1039.98, -52.80, -45.72, -151.50, 0.81534, 0.26052, 0.03937, 0.51556
358, 16, 44.441, -11.109, 26.845, 7.32, 831.18, 1020.32, -156.42, -101.75, -79.87, 0.83481, 0.24765, 0.03019, 0.49076
358, 15, 43.200, -14.231, 22.788, 229.98, 656.92, 917.36, -222.21, -126.43, -19.72, 0.84319, 0.23022, -0.01317, 0.48566
358, 17, 46.121, -19.317, 12.039, 578.67, 93.87, 1155.70, -248.37, -93.03, 42.56, 0.84059, 0.17289, -0.09292, 0.50485
358, 15, 49.799, -23.310, 3.272, 716.13, 69.52, 1064.51, -224.92, -49.48, 57.75, 0.82900, 0.13018, -0.15689, 0.52078
358, 15, 52.696, -23.063, -6.178, 409.48, -271.30, 937.07, -186.65, -14.58, 4.14, 0.82414, 0.06529, -0.19589, 0.52741
358, 16, 54.055, -25.426, -11.431, 674.19, -283.02, 916.14, -113.00, -20.86, -22.37, 0.81761, 0.04161, -0.23592, 0.52357
358, 15, 54.590, -25.334, -13.340, 593.57, -234.80, 1031.01, -51.70, 0.83, -31.38, 0.81585, 0.02867, -0.24384, 0.52355
358, 16, 52.056, -26.055, -9.002, 632.51, 178.10, 1040.77, -14.35, -3.17, -59.00, 0.82484, 0.05798, -0.23019, 0.51311
358, 16, 49.023, -27.368, -3.592, 771.91, 417.91, 963.56, -12.68, 4.63, -67.10, 0.83268, 0.09725, -0.21767, 0.49981
358, 15, 46.161, -27.349, 1.729, 636.96, 492.49, 912.23, -23.67, 2.72, -71.32, 0.83976, 0.13082, -0.19743, 0.48858
358, 15, 46.553, -27.569, 3.812, 686.77, 256.29, 926.88, -10.92, 6.05, -27.62, 0.83514, 0.14763, -0.18963, 0.49477
358, 16, 50.288, -25.872, 3.480, 406.01, 80.69, 919.98, 18.01, -15.16, 42.80, 0.82214, 0.14381, -0.17397, 0.52263
359, 8, 86.996, -31.945, -13.199, 600.34, -282.90, 977.11, -3.80, 2.18, 6.44, 0.63315, 0.14018, -0.25938, 0.71568
359, 27, 85.111, -32.663, -13.182, 667.18, -265.44, 1041.69, 2.05, 8.70, -19.81, 0.64421, 0.14067, -0.26528, 0.70344
359, 16, 82.589, -31.789, -12.711, 687.50, -330.51, 1159.00, 1.64, 26.45, -72.25, 0.65978, 0.13192, -0.26079, 0.69230
359, 15, 79.842, -29.646, -11.886, 602.66, -325.32, 1172.18, 9.68, 44.77, -77.29, 0.67727, 0.11707, -0.24711, 0.68304
359, 16, 78.355, -26.450, -11.513, 459.72, -378.05, 1175.54, 36.00, 56.13, -47.37, 0.68841, 0.09622, -0.22823, 0.68172
359, 16, 77.718, -25.427, -11.494, 580.51, -548.10, 1129.58, 85.10, 53.59, -39.47, 0.69294, 0.08872, -0.22275, 0.67996
359, 16, 76.893, -25.622, -10.288, 659.97, -672.36, 999.45, 153.31, 55.21, -58.82, 0.69671, 0.09566, -0.21741, 0.67689
359, 15, 75.679, -26.265, -5.881, 646.79, -463.75, 823.91, 234.02, 71.24, -60.84, 0.69903, 0.12423, -0.19634, 0.67629
359, 15, 73.873, -29.722, 1.836, 781.62, -117.43, 599.98, 249.99, 70.43, -27.03, 0.69426, 0.18878, -0.17425, 0.67231
359, 17, 70.183, -33.849, 13.202, 741.21, 224.24, 259.09, 249.99, 79.44, -33.59, 0.68395, 0.27521, -0.14136, 0.66068
359, 15, 63.561, -31.709, 28.607, 531.56, 728.52, 509.95, 249.99, 67.90, -82.21, 0.68549, 0.35097, -0.05812, 0.63525
359, 15, 57.667, -26.772, 40.178, 390.14, 983.64, 662.72, 182.25, 46.65, -110.47, 0.69520, 0.39823, 0.01865, 0.59813
359, 16, 54.532, -22.241, 44.788, 332.28, 917.79, 880.31, 95.39, 18.50, -76.88, 0.70939, 0.40945, 0.06238, 0.57029
359, 16, 53.341, -20.755, 42.489, 454.35, 606.69, 1093.87, 19.48, -7.53, -61.29, 0.72779, 0.38981, 0.05720, 0.56134
359, 15, 52.399, -19.773, 37.832, 308.11, 313.35, 949.95, -25.09, -30.66, -62.80, 0.75032, 0.35624, 0.03834, 0.55556
359, 16, 50.890, -19.364, 33.485, 322.33, 439.09, 1038.51, -67.35, -59.08, -61.34, 0.77158, 0.32608, 0.01587, 0.54597
359, 15, 48.709, -20.496, 28.184, 421.33, 504.70, 1075.68, -132.42, -77.05, -59.46, 0.79344, 0.29436, -0.02320, 0.53223
359, 17, 48.594, -22.542, 20.578, 415.10, 315.61, 1004.70, -196.20, -84.60, -25.36, 0.80732, 0.24945, -0.07377, 0.52968
359, 15, 50.995, -23.846, 11.389, 373.72, 204.47, 1046.08, -231.92, -78.34, 32.62, 0.81107, 0.19212, -0.12156, 0.53895
359, 15, 56.505, -26.081, 1.546, 551.64, 125.73, 1092.22, -242.90, -59.18, 125.14, 0.79471, 0.14065, -0.17691, 0.56335
359, 17, 64.127, -27.990, -9.305, 740.91, -156.86, 1016.36, -212.87, -22.25, 180.56, 0.76432, 0.09038, -0.23691, 0.59289
359, 15, 70.418, -25.765, -18.850, 591.06, -516.42, 1185.18, -153.72, 14.40, 152.69, 0.73791, 0.02906, -0.27021, 0.61776
359, 15, 72.230, -26.353, -22.150, 713.93, -469.30, 1043.82, -53.83, 17.06, 55.02, 0.72854, 0.01586, -0.29116, 0.61984
359, 16, 72.373, -26.040, -19.812, 574.16, -209.53, 1035.16, 14.76, 22.22, 55.51, 0.72742, 0.02919, -0.27658, 0.62731
359, 15, 71.448, -25.781, -14.389, 565.31, 48.58, 1021.48, 39.51, 24.47, 35.44, 0.73054, 0.06005, -0.24553, 0.63436
359, 16, 69.471, -26.589, -10.715, 662.96, -185.00, 1065.61, 66.95, 26.77, -45.29, 0.73844, 0.08420, -0.23149, 0.62771
359, 17, 67.709, -25.764, -7.896, 520.14, -245.73, 997.44, 93.78, 35.16, -70.08, 0.74672, 0.09436, -0.21230, 0.62325
359, 15, 63.951, -26.379, -2.566, 585.63, -85.51, 938.84, 108.98, 29.62, -115.51, 0.76099, 0.12620, -0.19127, 0.60694
359, 16, 58.725, -25.830, 5.218, 551.09, 157.65, 915.65, 112.75, 34.07, -146.80, 0.77908, 0.16784, -0.15378, 0.58413
359, 15, 53.117, -22.951, 13.619, 420.23, 455.32, 946.78, 85.88, 34.87, -161.58, 0.79883, 0.20586, -0.10075, 0.55618
359, 15, 48.947, -19.172, 19.424, 281.13, 573.36, 990.11, 37.73, 13.88, -148.67, 0.81518, 0.22747, -0.05355, 0.52998
360, 9, 79.937, -34.158, -11.517, 675.60, -141.97, 917.54, -0.21, 17.72, 7.55, 0.67173, 0.14768, -0.26977, 0.67394
360, 27, 79.092, -32.561, -9.235, 669.56, -85.33, 971.98, -9.83, 27.99, 10.52, 0.67562, 0.14926, -0.24854, 0.67786
360, 16, 78.768, -28.760, -10.439, 430.73, -287.54, 1167.36, -19.36, 38.60, -18.91, 0.68299, 0.11785, -0.23461, 0.68161
360, 15, 76.805, -28.690, -10.864, 642.27, -345.58, 1156.86, 0.27, 14.00, -74.87, 0.69505, 0.11082, -0.23867, 0.66908
360, 15, 75.066, -27.266, -9.941, 534.00, -234.50, 1108.64, 14.18, 21.69, -54.11, 0.70564, 0.10426, -0.22662, 0.66321
360, 16, 73.218, -26.143, -6.597, 534.67, -27.40, 1134.89, 26.54, 25.89, -22.48, 0.71426, 0.11480, -0.20235, 0.66008
360, 15, 72.651, -25.285, -6.234, 701.29, -381.23, 1290.41, 68.79, 50.80, -40.68, 0.71810, 0.11101, -0.19558, 0.65861
360, 15, 72.140, -24.520, -6.461, 694.82, -791.75, 1137.63, 138.31, 73.81, -59.11, 0.72205, 0.10422, -0.19267, 0.65625
360, 17, 71.746, -24.885, -3.700, 745.91, -694.82, 959.05, 235.02, 77.02, -53.31, 0.72116, 0.12311, -0.17949, 0.65769
360, 15, 70.318, -26.631, 0.804, 701.23, -368.90, 563.42, 249.99, 102.78, -73.67, 0.72139, 0.15935, -0.16642, 0.65307
360, 17, 65.429, -22.781, 16.702, 205.63, 549.01, 467.65, 249.99, 108.83, -43.72, 0.72888, 0.23427, -0.05974, 0.64053
360, 15, 60.784, -20.985, 31.635, 520.39, 921.57, 455.02, 249.99, 96.82, -75.07, 0.72256, 0.31938, 0.02300, 0.61268
360, 15, 57.055, -18.188, 43.059, 425.96, 1081.91, 592.16, 206.54, 56.38, -83.19, 0.71485, 0.38050, 0.09025, 0.57971
360, 16, 54.447, -16.781, 48.894, 537.72, 1133.54, 803.16, 116.99, 25.82, -68.89, 0.71167, 0.41345, 0.11971, 0.55521
360, 15, 52.864, -16.287, 48.935, 398.68, 847.23, 821.84, 24.19, 0.50, -39.81, 0.72056, 0.41340, 0.11756, 0.54412
360, 15, 51.392, -17.379, 44.847, 400.27, 504.88, 841.61, -15.99, -27.37, -23.17, 0.73880, 0.39291, 0.08548, 0.54082
360, 17, 50.411, -18.134, 39.046, 385.25, 321.04, 1079.90, -39.56, -46.46, -32.99, 0.76041, 0.35848, 0.04958, 0.53927
360, 15, 49.226, -19.307, 32.720, 427.06, 202.51, 1095.40, -67.15, -58.78, -57.46, 0.78174, 0.32083, 0.00797, 0.53469
360, 16, 49.089, -20.577, 26.815, 411.44, 362.18, 1170.96, -105.32, -65.03, -17.98, 0.79495, 0.28528, -0.02920, 0.53462
360, 16, 49.647, -19.784, 20.399, 201.35, 311.71, 1118.84, -145.06, -60.84, -3.11, 0.80871, 0.23728, -0.05209, 0.53569
360, 15, 49.247, -19.872, 15.491, 236.76, 384.64, 1001.40, -189.48, -79.83, -14.95, 0.81982, 0.20255, -0.07633, 0.53013
360, 16, 51.682, -22.093, 8.095, 368.16, 269.04, 991.46, -236.02, -81.09, 56.26, 0.81617, 0.16164, -0.12330, 0.54087
360, 15, 56.131, -24.020, -0.468, 475.65, 144.65, 1019.71, -250.00, -52.64, 110.46, 0.80204, 0.11597, -0.17281, 0.55984
360, 15, 59.340, -27.398, -8.319, 850.89, 30.58, 994.20, -228.73, -25.92, 65.35, 0.78846, 0.08413, -0.23168, 0.56353
360, 17, 62.006, -26.277, -16.325, 584.29, -479.31, 1087.10, -158.02, 0.41, 13.18, 0.78044, 0.02912, -0.26248, 0.56672
360, 16, 62.500, -26.422, -19.094, 617.19, -329.53, 949.71, -76.63, 13.88, -13.10, 0.77840, 0.01224, -0.27697, 0.56324
360, 15, 61.095, -26.436, -17.023, 548.71, -217.10, 959.96, -3.24, 6.44, -47.47, 0.78494, 0.02311, -0.26714, 0.55854
360, 16, 58.209, -27.729, -11.217, 655.76, 74.34, 975.65, 39.59, -2.05, -64.14, 0.79541, 0.06343, -0.24870, 0.54904
360, 15, 55.250, -28.840, -4.497, 720.70, 274.11, 963.07, 47.36, -0.16, -62.52, 0.80285, 0.10972, -0.22654, 0.54044
360, 16, 53.872, -28.609, 0.657, 642.94, 257.14, 982.67, 40.76, 3.23, -39.31, 0.80408, 0.14219, -0.20213, 0.54072
360, 15, 53.774, -28.348, 4.512, 599.61, 266.91, 962.46, 32.82, -3.54, -13.56, 0.79982, 0.16779, -0.18212, 0.54677
360, 15, 54.471, -27.303, 6.989, 457.40, 236.02, 992.49, 18.15, -28.69, 0.56, 0.79476, 0.18122, -0.16175, 0.55619
360, 17, 55.215, -29.603, 8.804, 621.15, 277.22, 876.83, 3.59, -51.44, 16.75, 0.78325, 0.20545, -0.16786, 0.56226
360, 15, 57.274, -32.411, 8.402, 657.84, 150.45, 847.17, -1.78, -59.03, 30.62, 0.76743, 0.21901, -0.18560, 0.57327
360, 15, 60.857, -35.752, 6.501, 789.12, 95.83, 812.74, -8.22, -49.17, 66.95, 0.74501, 0.22874, -0.21097, 0.59002
360, 16, 65.724, -36.839, 3.085, 680.97, 19.78, 846.74, -11.44, -28.04, 84.93, 0.72362, 0.22165, -0.22647, 0.61315
361, 8, 84.251, -29.634, -13.494, 560.67, -214.90, 1133.91, 9.13, 27.79, -20.97, 0.65221, 0.11727, -0.25228, 0.70514
361, 27, 83.933, -25.486, -16.212, 466.86, -565.73, 1164.31, 27.49, 42.22, -22.22, 0.65863, 0.07400, -0.24724, 0.70683
361, 15, 83.099, -24.285, -15.631, 480.41, -457.82, 1149.78, 63.55, 36.57, -16.75, 0.66382, 0.06777, -0.23771, 0.70586
361, 15, 81.630, -24.846, -13.442, 577.33, -425.96, 1137.88, 101.04, 35.12, -25.86, 0.67118, 0.08116, -0.22831, 0.70058
361, 18, 80.127, -26.198, -10.672, 689.27, -519.41, 996.34, 160.65, 44.49, -52.65, 0.67723, 0.10312, -0.22020, 0.69443
361, 15, 79.463, -27.397, -7.385, 686.83, -570.86, 836.06, 224.92, 55.37, -50.33, 0.67686, 0.12883, -0.20777, 0.69434
361, 15, 78.196, -31.058, 0.452, 722.53, -52.43, 528.02, 249.99, 55.18, -9.20, 0.66856, 0.19522, -0.18325, 0.69379
361, 16, 74.563, -35.703, 11.718, 743.53, 211.98, 294.19, 249.99, 47.76, -33.48, 0.65723, 0.28221, -0.15097, 0.68236
361, 15, 67.767, -35.550, 27.049, 715.03, 712.22, 517.58, 249.99, 40.10, -76.46, 0.65441, 0.36250, -0.07928, 0.65883
361, 16, 61.238, -32.772, 39.885, 723.02, 892.03, 651.43, 219.70, 38.20, -119.67, 0.65671, 0.42105, -0.01105, 0.62557
361, 15, 56.876, -29.612, 47.533, 649.66, 806.27, 679.75, 155.46, 31.71, -116.56, 0.66222, 0.45312, 0.03457, 0.59578
361, 16, 53.926, -25.831, 48.278, 549.44, 631.59, 893.86, 101.21, 19.14, -102.47, 0.68766, 0.44464, 0.05274, 0.57152
361, 17, 52.960, -22.768, 44.535, 369.87, 379.76, 1079.04, 39.91, 2.76, -78.39, 0.71641, 0.41069, 0.05185, 0.56160
361, 15, 53.125, -21.443, 39.115, 442.26, 256.35, 1278.63, 5.82, 1.50, -45.30, 0.73805, 0.37105, 0.03511, 0.56246
361, 15, 51.859, -18.174, 35.061, 190.00, 284.55, 1021.12, -7.39, -5.88, -82.59, 0.76542, 0.33157, 0.03470, 0.55045
361, 16, 48.788, -14.947, 32.798, 112.92, 540.53, 1005.92, -59.33, -46.48, -101.84, 0.79371, 0.30401, 0.03878, 0.52545
361, 15, 46.517, -14.178, 30.375, 118.10, 671.08, 970.58, -124.97, -84.35, -54.53, 0.81182, 0.28462, 0.02763, 0.50910
361, 15, 46.392, -17.367, 26.178, 317.26, 668.52, 961.67, -190.89, -106.18, 19.64, 0.81590, 0.26743, -0.01497, 0.51240
361, 16, 49.391, -23.244, 17.803, 663.82, 399.66, 1078.13, -233.70, -96.38, 82.73, 0.80793, 0.23337, -0.09012, 0.53355
361, 16, 57.068, -26.767, 5.380, 615.30, 75.20, 1042.54, -241.50, -53.12, 151.94, 0.78549, 0.17125, -0.16191, 0.57225
361, 17, 62.014, -28.307, -4.013, 608.89, -44.31, 903.08, -215.95, -20.94, 92.75, 0.76985, 0.12335, -0.21367, 0.58861
361, 15, 65.736, -28.152, -12.657, 588.13, -335.02, 950.32, -167.67, -7.35, 43.35, 0.75817, 0.07245, -0.25419, 0.59609
361, 15, 67.194, -26.263, -16.936, 570.98, -354.13, 1188.60, -107.22, 8.58, 12.66, 0.75421, 0.03688, -0.26401, 0.60009
361, 16, 66.042, -24.850, -17.828, 603.39, -406.13, 1259.52, -46.07, 26.97, -49.52, 0.76132, 0.02035, -0.26013, 0.59356
361, 15, 64.433, -24.948, -15.373, 604.74, -183.35, 1026.31, 5.99, 33.36, -36.47, 0.76897, 0.03373, -0.24847, 0.58806
361, 15, 64.133, -24.529, -11.813, 531.25, -68.36, 897.16, 44.41, 40.77, 9.84, 0.76948, 0.05469, -0.22752, 0.59426
361, 16, 63.252, -25.337, -7.306, 558.90, -15.99, 882.32, 75.60, 19.53, -16.27, 0.77043, 0.08769, -0.20994, 0.59554
361, 15, 61.132, -26.651, -1.904, 599.55, 20.69, 899.11, 92.37, 9.40, -57.69, 0.77457, 0.12735, -0.19274, 0.58879
361, 17, 57.850, -27.060, 4.910, 593.51, 213.07, 942.57, 97.16, 3.51, -88.18, 0.78172, 0.17057, -0.16514, 0.57667
361, 15, 54.191, -26.901, 11.671, 586.12, 376.28, 926.76, 74.84, -0.48, -102.26, 0.78894, 0.21137, -0.13656, 0.56058
361, 15, 50.898, -25.910, 17.067, 544.98, 501.77, 937.13, 30.68, -3.32, -102.17, 0.79639, 0.24080, -0.10992, 0.54378
361, 16, 48.927, -24.735, 20.058, 482.48, 543.64, 881.47, -25.93, -3.17, -75.45, 0.80191, 0.25502, -0.09156, 0.53247
361, 15, 48.785, -24.012, 19.282, 436.10, 389.40, 901.12, -71.27, -18.36, -50.58, 0.80593, 0.24650, -0.09016, 0.53064
361, 15, 48.966, -24.551, 16.538, 487.85, 292.72, 926.94, -99.59, -36.90, -52.28, 0.80959, 0.22954, -0.10644, 0.52966
361, 17, 49.930, -25.962, 12.492, 512.33, 191.89, 888.00, -117.68, -47.52, -34.81, 0.80978, 0.20792, -0.13368, 0.53213
361, 15, 52.405, -27.943, 6.848, 568.79, 99.24, 917.66, -126.23, -51.85, 5.15, 0.80359, 0.18018, -0.17024, 0.54111
361, 16, 55.684, -29.703, 1.319, 542.36, 27.95, 820.92, -126.63, -51.66, 35.41, 0.79254, 0.15520, -0.20427, 0.55323
361, 16, 60.459, -31.434, -4.562, 605.41, -43.64, 861.21, -114.12, -57.07, 80.53, 0.77336, 0.13284, -0.23892, 0.57199
361, 15, 66.236, -32.851, -9.476, 672.85, -59.39, 885.80, -87.42, -52.06, 129.59, 0.74710, 0.12053, -0.26676, 0.59679
