1, 7, 24.270, 4.544, 7.422, -103.70, 152.34, 1143.92, -0.77, 8.82, -4.02, 0.94343, 0.04824, 0.05849, 0.32278
1, 26, 24.157, 4.307, 6.316, -76.48, 121.46, 1151.79, -0.96, 7.13, -2.32, 0.94421, 0.03986, 0.05338, 0.32254
1, 15, 24.064, 3.562, 6.402, -40.53, 131.59, 1153.08, 0.50, 8.18, -4.62, 0.94454, 0.04272, 0.04746, 0.32214
1, 16, 23.951, 3.438, 6.243, -53.34, 122.80, 1148.25, 1.14, 11.01, -7.45, 0.94492, 0.04181, 0.04595, 0.32134
1, 14, 23.864, 4.341, 6.178, -89.29, 122.38, 1143.68, 1.29, 13.50, -6.72, 0.94508, 0.03876, 0.05317, 0.32016
1, 15, 23.879, 5.885, 6.601, -153.56, 147.46, 1139.59, 0.40, 13.95, -2.68, 0.94457, 0.03787, 0.06707, 0.31916
1, 16, 23.542, 7.235, 6.956, -173.22, 144.10, 1141.05, -0.37, 10.50, -0.61, 0.94497, 0.03720, 0.07905, 0.31528
1, 16, 23.183, 7.487, 7.015, -151.61, 137.70, 1140.81, -0.63, 6.64, 0.54, 0.94584, 0.03723, 0.08117, 0.31211
1, 14, 22.890, 6.736, 6.694, -116.70, 124.94, 1146.36, -0.56, 4.23, -0.26, 0.94700, 0.03686, 0.07401, 0.31040
1, 16, 22.714, 5.904, 6.531, -95.76, 125.67, 1147.71, -0.13, 4.36, -0.49, 0.94778, 0.03792, 0.06665, 0.30957
1, 15, 22.628, 5.521, 6.505, -99.06, 129.58, 1143.74, -0.68, 5.76, -0.40, 0.94812, 0.03880, 0.06338, 0.30911
1, 14, 22.561, 6.314, 6.609, -138.06, 134.83, 1141.24, -0.86, 6.16, -1.27, 0.94805, 0.03753, 0.07019, 0.30800
1, 16, 22.505, 7.069, 6.774, -157.17, 138.67, 1135.80, -0.74, 2.92, -0.18, 0.94790, 0.03686, 0.07685, 0.30695
1, 15, 22.448, 6.571, 6.723, -122.50, 133.91, 1142.52, -1.08, 1.51, 0.74, 0.94824, 0.03784, 0.07259, 0.30684
1, 15, 22.242, 5.549, 6.406, -88.44, 120.18, 1145.26, -0.96, 2.49, 0.45, 0.94918, 0.03812, 0.06322, 0.30595
1, 16, 22.155, 4.920, 6.671, -82.52, 139.77, 1153.32, -0.53, 4.62, -1.08, 0.94946, 0.04207, 0.05870, 0.30547
1, 15, 22.077, 5.615, 6.494, -119.87, 128.05, 1144.47, -1.51, 6.09, -1.32, 0.94957, 0.03876, 0.06395, 0.30449
1, 16, 21.929, 6.539, 6.122, -148.19, 114.20, 1142.15, -1.61, 5.14, -0.85, 0.94981, 0.03327, 0.07056, 0.30293
1, 14, 21.778, 6.993, 6.086, -146.48, 120.42, 1142.70, -1.17, 3.47, 0.27, 0.95006, 0.03185, 0.07418, 0.30143
1, 15, 21.682, 6.993, 6.293, -140.38, 128.30, 1142.33, -0.76, 1.82, 0.51, 0.95026, 0.03362, 0.07470, 0.30050
1, 16, 21.630, 6.348, 6.336, -116.03, 127.75, 1143.98, -0.78, 0.85, 0.28, 0.95060, 0.03574, 0.06945, 0.30044
1, 15, 21.573, 5.715, 5.981, -101.93, 113.95, 1143.19, -0.84, 1.36, -0.33, 0.95104, 0.03452, 0.06326, 0.30054
1, 14, 21.364, 5.589, 5.978, -109.99, 118.71, 1146.73, -0.36, 2.52, -1.20, 0.95163, 0.03494, 0.06214, 0.29887
1, 17, 21.273, 6.295, 6.122, -139.16, 125.24, 1144.65, -0.63, 2.80, -0.59, 0.95161, 0.03432, 0.06835, 0.29764
1, 15, 21.167, 6.825, 6.011, -146.85, 117.80, 1144.29, -0.63, 1.37, 0.43, 0.95174, 0.03207, 0.07242, 0.29651
1, 14, 21.013, 6.253, 5.512, -116.70, 100.40, 1145.51, -0.21, 0.02, 0.72, 0.95247, 0.02952, 0.06635, 0.29586
1, 16, 20.919, 5.088, 5.200, -68.54, 92.29, 1148.38, 1.59, 0.37, 0.05, 0.95313, 0.03003, 0.05585, 0.29585
1, 15, 20.935, 4.286, 5.439, -63.84, 112.00, 1154.36, 2.98, 3.85, -0.47, 0.95320, 0.03410, 0.04981, 0.29626
1, 14, 21.019, 5.240, 6.105, -121.83, 137.82, 1142.40, 2.82, 7.18, -1.29, 0.95257, 0.03710, 0.05947, 0.29614
1, 16, 21.088, 6.675, 6.584, -180.97, 148.56, 1137.39, 1.31, 6.17, -0.66, 0.95182, 0.03727, 0.07264, 0.29558
1, 15, 21.377, 7.721, 6.401, -178.34, 126.10, 1135.80, -0.08, 2.27, 0.69, 0.95074, 0.03279, 0.08091, 0.29744
1, 16, 21.511, 7.216, 5.951, -134.58, 111.82, 1146.30, 0.27, -0.52, 0.76, 0.95072, 0.03030, 0.07560, 0.29917
1, 15, 21.580, 6.138, 5.574, -91.98, 101.68, 1149.84, 0.98, -0.21, 0.19, 0.95101, 0.03001, 0.06570, 0.30060
1, 15, 21.694, 5.336, 5.497, -85.02, 107.91, 1147.77, 2.12, 2.14, -0.27, 0.95097, 0.03145, 0.05888, 0.30200
1, 15, 21.882, 5.812, 5.994, -121.70, 130.55, 1143.68, 1.95, 4.18, 0.08, 0.95020, 0.03419, 0.06419, 0.30304
1, 15, 22.020, 6.520, 6.207, -141.97, 128.42, 1140.01, 1.25, 4.04, 0.56, 0.94955, 0.03397, 0.07066, 0.30365
1, 15, 22.128, 6.921, 6.469, -143.98, 133.91, 1139.71, 0.87, 2.92, 0.94, 0.94905, 0.03499, 0.07470, 0.30413
1, 16, 22.185, 6.524, 6.563, -121.64, 133.06, 1141.54, 0.35, 1.97, 0.17, 0.94901, 0.03681, 0.07168, 0.30479
1, 14, 22.221, 6.306, 6.433, -120.79, 127.75, 1145.26, -0.37, 2.24, -0.19, 0.94902, 0.03630, 0.06954, 0.30530
1, 15, 21.725, 6.765, 6.307, -143.62, 120.48, 1143.68, -1.01, 2.75, 0.63, 0.95022, 0.03433, 0.07286, 0.30099
1, 17, 21.377, 6.824, 6.309, -139.22, 123.11, 1138.67, -1.16, 1.48, 0.76, 0.95111, 0.03441, 0.07325, 0.29806
1, 14, 21.150, 6.514, 6.380, -127.26, 127.44, 1144.23, -1.19, 1.62, 0.27, 0.95178, 0.03596, 0.07079, 0.29632
1, 15, 20.981, 6.130, 6.152, -116.94, 119.45, 1141.17, -1.40, 1.92, -0.03, 0.95241, 0.03518, 0.06697, 0.29529
1, 16, 20.850, 6.091, 5.989, -120.12, 118.04, 1142.82, -1.56, 2.91, -0.55, 0.95281, 0.03400, 0.06619, 0.29431
1, 15, 20.727, 6.762, 5.709, -146.73, 110.11, 1145.75, -1.97, 3.04, -0.11, 0.95298, 0.02999, 0.07100, 0.29308
1, 14, 20.557, 7.239, 5.382, -152.89, 101.87, 1140.20, -1.78, 1.85, 0.35, 0.95331, 0.02614, 0.07408, 0.29160
1, 16, 20.342, 6.913, 4.967, -135.50, 92.47, 1145.51, -0.87, 0.26, 0.08, 0.95407, 0.02366, 0.07028, 0.29025
1, 15, 20.199, 6.380, 5.010, -121.89, 99.30, 1146.24, 0.50, 0.24, -0.33, 0.95462, 0.02548, 0.06593, 0.28930
1, 16, 20.149, 5.820, 5.081, -107.42, 101.93, 1150.21, 1.16, 1.01, -0.60, 0.95492, 0.02753, 0.06143, 0.28913
1, 15, 20.214, 6.080, 5.624, -124.57, 121.77, 1144.41, 1.32, 2.49, -0.47, 0.95453, 0.03135, 0.06498, 0.28924
1, 15, 20.262, 6.342, 5.880, -129.03, 122.07, 1143.92, 0.59, 2.75, -1.04, 0.95426, 0.03279, 0.06782, 0.28934
1, 16, 20.221, 6.589, 5.760, -133.24, 113.28, 1141.78, 0.60, 2.72, -2.37, 0.95431, 0.03117, 0.06956, 0.28893
1, 14, 20.145, 7.022, 5.538, -146.12, 107.12, 1143.19, 0.21, 2.44, -2.18, 0.95440, 0.02826, 0.07258, 0.28819
1, 15, 20.084, 7.353, 5.380, -152.10, 104.74, 1145.08, 0.34, 1.84, -0.76, 0.95446, 0.02614, 0.07492, 0.28760
1, 16, 20.003, 7.320, 5.018, -146.67, 93.57, 1144.59, 0.71, 0.72, 0.50, 0.95475, 0.02326, 0.07372, 0.28718
1, 14, 20.010, 6.625, 4.912, -122.62, 95.21, 1147.83, 1.80, 0.15, 0.45, 0.95503, 0.02415, 0.06767, 0.28766
1, 16, 20.093, 5.978, 5.216, -107.12, 108.70, 1150.76, 2.59, 0.97, 0.04, 0.95498, 0.02829, 0.06307, 0.28851
1, 16, 20.232, 5.993, 5.747, -117.55, 123.29, 1143.25, 2.52, 2.37, -0.76, 0.95448, 0.03259, 0.06458, 0.28937
1, 15, 20.369, 6.691, 6.276, -146.48, 137.82, 1139.40, 1.45, 3.25, -1.08, 0.95375, 0.03512, 0.07175, 0.28979
1, 14, 20.450, 7.286, 6.400, -155.88, 131.84, 1141.05, -0.25, 2.17, -0.88, 0.95329, 0.03456, 0.07703, 0.29002
1, 16, 20.410, 7.164, 5.958, -140.93, 113.53, 1142.40, -0.92, 0.96, -1.10, 0.95357, 0.03122, 0.07489, 0.29005
1, 15, 20.262, 6.733, 5.144, -125.55, 86.98, 1146.48, -0.57, 0.77, -1.71, 0.95431, 0.02565, 0.06921, 0.28957
1, 15, 20.157, 6.439, 4.920, -124.08, 94.67, 1147.64, 0.76, 1.43, -1.98, 0.95473, 0.02460, 0.06618, 0.28898
1, 15, 20.045, 6.663, 5.550, -136.78, 119.93, 1146.48, 0.97, 1.94, -2.52, 0.95478, 0.02935, 0.06960, 0.28755
1, 16, 19.956, 7.273, 5.675, -156.98, 116.21, 1143.25, -0.13, 1.38, -2.73, 0.95474, 0.02889, 0.07496, 0.28639
1, 16, 19.843, 7.697, 5.515, -162.41, 107.79, 1140.38, -0.47, -0.17, -2.11, 0.95488, 0.02655, 0.07806, 0.28531
1, 14, 19.634, 6.593, 4.982, -103.03, 89.23, 1152.53, -2.11, -0.36, -4.61, 0.95597, 0.02503, 0.06750, 0.28450
1, 15, 19.505, 6.762, 4.057, -138.49, 64.03, 1147.34, -2.12, 1.20, -0.79, 0.95639, 0.01696, 0.06659, 0.28389
1, 16, 19.461, 6.911, 4.238, -141.48, 86.67, 1143.07, -0.06, 0.21, 0.13, 0.95641, 0.01812, 0.06828, 0.28335
1, 14, 19.506, 7.126, 4.746, -147.71, 102.97, 1140.20, 0.50, -0.39, 0.46, 0.95612, 0.02180, 0.07133, 0.28331
1, 15, 19.551, 7.509, 5.073, -159.85, 106.75, 1141.05, 0.59, -1.45, 0.24, 0.95578, 0.02353, 0.07534, 0.28328
1, 16, 19.510, 6.884, 5.335, -133.79, 109.86, 1148.74, -0.37, -2.22, 1.72, 0.95609, 0.02732, 0.07077, 0.28310
1, 15, 19.508, 6.044, 5.270, -109.92, 105.04, 1151.00, -0.43, -2.11, 1.34, 0.95640, 0.02889, 0.06362, 0.28357
1, 15, 19.506, 5.412, 5.021, -100.10, 97.35, 1148.93, -0.31, -0.87, 0.59, 0.95667, 0.02840, 0.05772, 0.28400
1, 16, 19.538, 6.042, 5.128, -132.39, 104.98, 1145.02, -0.32, 1.12, 0.66, 0.95636, 0.02769, 0.06325, 0.28390
1, 14, 19.562, 6.645, 5.436, -145.02, 114.69, 1138.49, -0.56, 0.63, 0.53, 0.95602, 0.02873, 0.06905, 0.28361
1, 16, 19.564, 6.759, 5.600, -138.31, 115.36, 1143.49, -1.22, -0.18, 0.37, 0.95593, 0.02981, 0.07040, 0.28346
1, 15, 19.465, 6.409, 5.080, -124.45, 95.34, 1147.83, -1.46, -0.27, -0.50, 0.95643, 0.02641, 0.06618, 0.28313
1, 15, 19.375, 6.433, 4.641, -129.39, 87.40, 1142.88, -1.52, 0.60, 0.24, 0.95674, 0.02274, 0.06527, 0.28262
1, 15, 19.335, 6.463, 4.097, -130.68, 75.81, 1150.70, -0.95, 0.64, 1.24, 0.95692, 0.01814, 0.06417, 0.28258
1, 16, 19.277, 5.991, 3.977, -114.07, 76.97, 1149.72, 0.63, 0.64, 0.51, 0.95726, 0.01835, 0.05993, 0.28236
1, 15, 19.323, 5.844, 4.479, -113.71, 96.07, 1147.40, 1.63, 1.83, 0.02, 0.95711, 0.02289, 0.05995, 0.28255
1, 15, 19.424, 6.275, 5.051, -131.23, 111.69, 1144.10, 1.11, 2.92, -0.32, 0.95659, 0.02653, 0.06497, 0.28287
1, 15, 19.481, 7.067, 5.157, -155.82, 105.47, 1142.33, 0.23, 2.76, 0.10, 0.95612, 0.02539, 0.07185, 0.28288
1, 15, 19.479, 7.607, 5.201, -161.56, 104.31, 1141.11, 0.18, 1.24, 0.06, 0.95589, 0.02440, 0.07646, 0.28254
1, 15, 19.495, 7.627, 5.403, -154.24, 110.84, 1140.44, -0.26, -0.30, 0.45, 0.95580, 0.02603, 0.07713, 0.28253
1, 15, 19.436, 6.744, 4.864, -118.10, 87.10, 1147.09, -0.98, -0.98, 0.44, 0.95643, 0.02379, 0.06842, 0.28284
1, 15, 19.143, 5.792, 4.214, -99.24, 68.85, 1154.30, 0.04, 0.34, -0.10, 0.95761, 0.02089, 0.05883, 0.28121
1, 16, 18.949, 5.723, 4.308, -114.07, 84.78, 1152.16, 1.38, 2.45, -0.76, 0.95809, 0.02195, 0.05845, 0.27957
1, 15, 18.914, 6.321, 4.843, -135.80, 105.04, 1144.04, 0.96, 3.17, -0.57, 0.95787, 0.02497, 0.06473, 0.27870
1, 16, 18.901, 7.193, 5.074, -162.29, 105.65, 1140.14, -0.08, 2.12, 0.32, 0.95751, 0.02475, 0.07257, 0.27802
1, 14, 18.793, 7.400, 4.789, -152.16, 91.19, 1144.04, -0.22, 0.42, 0.68, 0.95774, 0.02193, 0.07359, 0.27719
1, 15, 18.650, 6.776, 4.260, -126.65, 74.65, 1148.80, 0.69, 0.24, 0.77, 0.95845, 0.01913, 0.06707, 0.27662
1, 16, 18.526, 6.167, 3.848, -113.95, 67.57, 1151.18, 2.12, 1.39, 0.40, 0.95905, 0.01723, 0.06096, 0.27608
1, 14, 18.529, 6.115, 4.388, -119.75, 92.22, 1143.80, 2.88, 2.85, -0.37, 0.95896, 0.02188, 0.06184, 0.27583
1, 15, 19.296, 6.804, 4.743, -144.10, 111.88, 1142.82, 2.09, 2.91, -0.84, 0.95677, 0.02271, 0.06860, 0.28172
1, 17, 19.846, 7.577, 5.111, -169.37, 120.24, 1140.93, 0.45, 1.44, -0.33, 0.95501, 0.02348, 0.07606, 0.28568
1, 14, 20.241, 7.687, 4.723, -154.11, 91.49, 1142.09, -0.56, -0.39, 0.58, 0.95405, 0.01970, 0.07607, 0.28916
1, 15, 20.410, 7.039, 3.943, -123.96, 61.65, 1149.11, 0.11, -1.08, 0.96, 0.95402, 0.01477, 0.06874, 0.29137
1, 16, 20.522, 6.317, 3.366, -107.91, 52.73, 1149.66, 2.10, -0.05, 0.99, 0.95409, 0.01177, 0.06127, 0.29294
1, 14, 20.732, 6.024, 3.841, -113.28, 83.98, 1150.94, 3.79, 1.46, 0.86, 0.95361, 0.01637, 0.06008, 0.29455
1, 15, 20.970, 6.535, 4.615, -140.63, 109.68, 1141.85, 3.68, 2.42, 0.87, 0.95268, 0.02134, 0.06636, 0.29588
1, 16, 21.188, 7.225, 5.229, -160.95, 119.45, 1137.27, 2.38, 1.72, 0.95, 0.95173, 0.02450, 0.07372, 0.29695
1, 14, 21.237, 7.734, 5.396, -165.22, 109.19, 1139.47, 1.05, 0.02, 1.32, 0.95135, 0.02450, 0.07838, 0.29697
1, 16, 21.198, 7.441, 5.057, -146.91, 94.30, 1146.30, 0.69, -1.37, 1.57, 0.95165, 0.02249, 0.07506, 0.29704
1, 16, 21.146, 6.916, 4.700, -132.08, 86.24, 1147.89, 0.92, -1.62, 1.43, 0.95206, 0.02095, 0.06977, 0.29710
1, 14, 21.092, 6.388, 4.351, -121.03, 78.92, 1150.82, 1.58, -1.21, 1.10, 0.95246, 0.01947, 0.06448, 0.29711
1, 16, 21.081, 5.928, 4.290, -112.12, 82.21, 1147.64, 2.46, -0.18, 0.91, 0.95266, 0.02017, 0.06050, 0.29726
1, 15, 21.142, 6.356, 4.727, -135.99, 100.34, 1145.75, 2.89, 0.89, 0.69, 0.95228, 0.02264, 0.06520, 0.29733
1, 14, 21.195, 6.816, 4.954, -146.42, 101.26, 1145.39, 2.17, 0.37, 1.11, 0.95193, 0.02329, 0.06961, 0.29740
1, 16, 21.215, 6.367, 4.962, -120.97, 97.47, 1146.73, 2.03, -0.15, 0.96, 0.95204, 0.02452, 0.06592, 0.29780
1, 15, 21.023, 6.331, 5.121, -128.05, 100.71, 1146.85, 2.02, 0.72, 0.47, 0.95251, 0.02605, 0.06599, 0.29612
1, 16, 20.890, 6.706, 4.986, -142.03, 94.79, 1147.83, 1.43, 0.88, 0.76, 0.95275, 0.02403, 0.06872, 0.29491
1, 15, 20.759, 6.627, 4.875, -132.63, 93.20, 1144.04, 1.36, 0.52, 0.60, 0.95314, 0.02339, 0.06775, 0.29392
1, 15, 20.656, 6.864, 4.810, -142.52, 92.41, 1143.86, 1.65, 0.29, 0.43, 0.95333, 0.02230, 0.06953, 0.29298
1, 14, 20.538, 6.583, 4.466, -129.39, 81.12, 1147.64, 1.87, -0.40, 0.86, 0.95380, 0.02022, 0.06630, 0.29235
1, 16, 20.491, 5.653, 4.404, -93.02, 83.37, 1150.94, 2.68, 0.52, 0.60, 0.95425, 0.02214, 0.05840, 0.29242
1, 15, 20.510, 5.776, 4.614, -115.91, 92.71, 1148.62, 3.26, 2.63, 0.13, 0.95412, 0.02357, 0.05996, 0.29241
1, 14, 20.584, 6.709, 5.132, -157.59, 114.01, 1142.76, 2.42, 3.21, 0.58, 0.95350, 0.02542, 0.06905, 0.29227
1, 16, 20.361, 7.191, 5.518, -152.40, 111.51, 1139.53, 1.25, 1.60, 0.80, 0.95379, 0.02753, 0.07398, 0.28991
1, 16, 20.093, 6.924, 5.107, -137.15, 93.14, 1146.42, 1.21, 0.11, 0.01, 0.95467, 0.02495, 0.07067, 0.28808
1, 15, 19.892, 6.667, 4.787, -131.47, 88.56, 1147.58, 1.36, 0.61, 0.21, 0.95534, 0.02307, 0.06769, 0.28673
1, 15, 19.737, 6.567, 4.363, -131.35, 78.61, 1151.79, 1.50, 1.18, 1.15, 0.95584, 0.01987, 0.06576, 0.28574
1, 15, 19.650, 6.581, 4.465, -132.51, 87.10, 1143.92, 2.27, 1.06, 1.20, 0.95604, 0.02074, 0.06612, 0.28495
1, 15, 19.591, 6.648, 4.520, -134.22, 87.71, 1144.35, 2.66, 1.23, 0.98, 0.95615, 0.02106, 0.06681, 0.28438
1, 15, 19.586, 6.659, 4.784, -133.73, 96.01, 1145.14, 2.99, 1.10, 0.95, 0.95610, 0.02324, 0.06755, 0.28419
1, 15, 19.643, 6.592, 5.145, -130.98, 105.83, 1144.53, 2.43, 1.02, 1.08, 0.95591, 0.02639, 0.06790, 0.28449
1, 15, 19.697, 6.193, 5.117, -117.61, 100.59, 1144.47, 2.01, 1.68, 0.42, 0.95592, 0.02713, 0.06452, 0.28515
1, 16, 19.723, 6.477, 4.963, -131.90, 95.76, 1148.32, 1.91, 3.11, 0.46, 0.95579, 0.02512, 0.06651, 0.28532
1, 15, 19.718, 7.357, 4.923, -165.77, 94.60, 1140.81, 1.75, 2.57, 0.98, 0.95547, 0.02255, 0.07374, 0.28485
1, 15, 19.655, 7.749, 4.956, -162.54, 96.50, 1142.09, 2.08, 0.63, 0.67, 0.95544, 0.02188, 0.07707, 0.28410
1, 15, 19.589, 7.408, 4.978, -145.02, 96.80, 1141.24, 2.33, -0.61, 0.35, 0.95575, 0.02297, 0.07427, 0.28371
1, 15, 19.586, 7.065, 4.962, -138.24, 97.05, 1143.92, 1.79, -0.73, 1.00, 0.95591, 0.02370, 0.07137, 0.28387
1, 15, 19.617, 6.656, 4.882, -128.91, 95.15, 1146.79, 1.48, -0.54, 1.68, 0.95601, 0.02405, 0.06778, 0.28439
1, 15, 19.629, 6.165, 4.721, -117.37, 90.39, 1147.95, 1.98, -0.43, 1.09, 0.95619, 0.02394, 0.06328, 0.28482
1, 15, 19.975, 6.126, 4.795, -119.93, 98.45, 1146.91, 2.35, 0.59, 0.21, 0.95532, 0.02446, 0.06322, 0.28769
1, 16, 20.228, 6.528, 5.146, -136.96, 110.96, 1145.32, 1.77, 1.17, 0.14, 0.95447, 0.02622, 0.06751, 0.28939
1, 15, 20.404, 7.089, 5.166, -152.34, 104.68, 1142.94, 0.51, 1.01, 1.06, 0.95380, 0.02483, 0.07226, 0.29055
1, 16, 20.469, 7.159, 4.860, -145.20, 92.04, 1143.25, 0.43, -0.26, 1.35, 0.95367, 0.02206, 0.07208, 0.29125
1, 14, 20.449, 6.460, 4.441, -116.58, 79.59, 1147.46, 1.06, -0.60, 0.67, 0.95407, 0.02039, 0.06520, 0.29168
1, 15, 20.454, 5.726, 4.249, -99.73, 79.41, 1148.19, 2.11, 0.78, 0.29, 0.95435, 0.02068, 0.05861, 0.29215
1, 16, 20.521, 5.740, 4.501, -112.79, 91.80, 1146.24, 2.94, 2.67, -0.04, 0.95413, 0.02271, 0.05938, 0.29257
1, 14, 20.624, 6.425, 5.081, -141.48, 113.53, 1143.55, 2.42, 3.56, -0.18, 0.95351, 0.02571, 0.06658, 0.29278
1, 15, 20.714, 7.305, 5.468, -166.38, 118.16, 1136.54, 1.06, 2.87, 0.29, 0.95286, 0.02658, 0.07488, 0.29281
1, 16, 20.693, 7.673, 4.953, -160.16, 89.84, 1143.62, 0.08, 0.91, 1.13, 0.95286, 0.02135, 0.07662, 0.29278
1, 15, 20.597, 7.102, 4.467, -132.57, 78.37, 1147.83, 1.07, -0.05, 0.68, 0.95344, 0.01886, 0.07063, 0.29258
1, 15, 20.568, 6.724, 4.455, -129.33, 86.49, 1144.78, 2.01, 0.21, 0.64, 0.95367, 0.01975, 0.06744, 0.29253
1, 16, 20.636, 6.694, 4.819, -133.42, 100.34, 1142.88, 2.01, 0.78, 1.07, 0.95344, 0.02283, 0.06814, 0.29290
1, 14, 20.718, 6.533, 5.084, -127.75, 104.98, 1145.87, 1.56, 1.15, 0.83, 0.95323, 0.02540, 0.06750, 0.29350
1, 15, 20.750, 6.685, 5.021, -135.74, 98.57, 1145.69, 1.33, 1.31, 0.30, 0.95311, 0.02446, 0.06861, 0.29373
1, 16, 20.777, 7.233, 5.136, -155.21, 103.52, 1140.44, 1.08, 1.25, 0.49, 0.95280, 0.02397, 0.07346, 0.29359
1, 14, 20.744, 7.568, 4.892, -158.87, 92.10, 1141.72, 0.50, -0.08, 1.34, 0.95279, 0.02108, 0.07560, 0.29330
1, 16, 20.528, 7.186, 4.672, -142.82, 87.71, 1148.74, 0.96, -1.07, 1.53, 0.95355, 0.02039, 0.07183, 0.29184
1, 16, 20.406, 6.879, 4.623, -136.35, 88.56, 1143.55, 1.62, -1.43, 1.38, 0.95399, 0.02085, 0.06914, 0.29101
1, 14, 20.385, 6.434, 4.828, -124.21, 97.35, 1145.02, 1.66, -1.08, 1.42, 0.95417, 0.02372, 0.06595, 0.29093
1, 16, 20.389, 6.150, 4.849, -120.54, 95.95, 1148.99, 1.52, -0.35, 1.06, 0.95426, 0.02462, 0.06364, 0.29110
1, 15, 20.406, 6.050, 4.875, -120.24, 96.50, 1147.03, 1.63, 0.40, 0.81, 0.95424, 0.02508, 0.06288, 0.29127
1, 14, 20.450, 6.134, 5.106, -124.27, 105.10, 1148.62, 1.16, 1.04, 0.56, 0.95405, 0.02677, 0.06417, 0.29146
1, 16, 20.470, 6.577, 5.105, -139.59, 101.62, 1146.18, 0.59, 1.01, 0.76, 0.95385, 0.02561, 0.06786, 0.29141
1, 15, 20.435, 7.007, 4.925, -148.74, 94.18, 1143.80, 0.47, 0.47, 1.10, 0.95381, 0.02301, 0.07097, 0.29101
1, 14, 20.431, 6.975, 4.617, -140.63, 87.40, 1147.16, 0.90, -0.11, 1.44, 0.95389, 0.02054, 0.06992, 0.29117
1, 17, 20.446, 6.528, 4.617, -125.49, 90.88, 1146.48, 1.28, -0.34, 1.59, 0.95403, 0.02169, 0.06621, 0.29151
1, 15, 20.485, 6.153, 4.686, -118.47, 93.69, 1148.99, 1.51, 0.24, 1.05, 0.95405, 0.02320, 0.06327, 0.29198
1, 15, 20.529, 6.434, 4.789, -132.75, 96.13, 1143.37, 1.39, 1.02, 0.63, 0.95382, 0.02331, 0.06588, 0.29215
1, 15, 20.564, 6.903, 4.928, -146.67, 99.85, 1144.47, 1.01, 0.96, 0.95, 0.95352, 0.02323, 0.07014, 0.29213
1, 15, 20.571, 7.050, 4.929, -144.65, 97.60, 1145.63, 0.71, 0.14, 1.40, 0.95344, 0.02286, 0.07136, 0.29211
1, 16, 20.525, 6.706, 4.559, -130.68, 84.29, 1146.00, 0.60, -0.43, 1.64, 0.95377, 0.02069, 0.06756, 0.29212
1, 14, 20.468, 6.175, 4.180, -116.33, 75.38, 1148.25, 1.37, -0.17, 1.53, 0.95417, 0.01894, 0.06216, 0.29211
1, 15, 20.022, 5.730, 4.693, -112.49, 93.69, 1150.33, 2.34, 0.77, 0.50, 0.95536, 0.02460, 0.05967, 0.28832
1, 17, 19.834, 6.244, 5.129, -135.19, 105.59, 1146.91, 1.97, 1.83, 0.65, 0.95556, 0.02703, 0.06500, 0.28626
1, 14, 19.681, 6.822, 5.124, -147.34, 99.24, 1144.84, 0.95, 1.47, 1.44, 0.95573, 0.02561, 0.06977, 0.28469
1, 15, 19.518, 6.874, 5.068, -140.08, 98.02, 1145.69, 0.92, 0.60, 1.29, 0.95613, 0.02511, 0.07003, 0.28334
1, 15, 19.361, 6.733, 4.811, -134.64, 90.58, 1146.00, 1.00, 0.28, 0.93, 0.95663, 0.02341, 0.06819, 0.28225
1, 15, 19.244, 6.319, 4.517, -121.89, 83.98, 1146.48, 1.17, 0.45, 1.31, 0.95713, 0.02207, 0.06399, 0.28165
1, 15, 19.163, 6.003, 4.373, -116.09, 83.07, 1145.63, 1.76, 1.31, 1.00, 0.95747, 0.02169, 0.06098, 0.28119
1, 15, 19.118, 6.242, 4.462, -127.81, 88.01, 1146.97, 2.05, 1.89, 0.52, 0.95748, 0.02186, 0.06319, 0.28066
1, 15, 19.708, 6.864, 4.510, -144.90, 95.95, 1146.48, 2.24, 2.14, 0.34, 0.95577, 0.02037, 0.06860, 0.28527
1, 16, 20.117, 7.311, 4.622, -153.14, 97.41, 1145.63, 1.98, 1.14, 0.65, 0.95454, 0.01991, 0.07267, 0.28839
1, 15, 20.444, 7.105, 4.818, -136.90, 101.75, 1146.79, 1.76, 0.37, 0.54, 0.95377, 0.02187, 0.07152, 0.29109
1, 15, 20.634, 6.711, 4.468, -125.49, 84.05, 1149.11, 1.28, 0.57, 0.55, 0.95350, 0.01986, 0.06738, 0.29308
1, 15, 20.741, 6.282, 4.066, -115.72, 72.88, 1149.17, 2.24, 1.24, 0.56, 0.95346, 0.01757, 0.06281, 0.29439
1, 15, 20.895, 6.639, 4.505, -137.82, 96.80, 1144.47, 3.04, 2.13, 0.43, 0.95286, 0.02020, 0.06693, 0.29526
1, 15, 21.046, 7.194, 5.072, -156.19, 113.04, 1141.48, 2.63, 1.43, 0.35, 0.95214, 0.02337, 0.07303, 0.29589
1, 16, 21.148, 7.104, 5.175, -140.75, 104.80, 1145.02, 1.44, 0.38, 0.43, 0.95189, 0.02439, 0.07257, 0.29673
1, 14, 20.895, 6.613, 4.873, -127.38, 90.09, 1146.12, 1.14, 0.26, 0.20, 0.95279, 0.02333, 0.06765, 0.29506
1, 16, 20.717, 6.393, 4.472, -125.55, 80.14, 1150.27, 1.68, 1.15, 0.56, 0.95341, 0.02067, 0.06477, 0.29392
1, 16, 20.575, 6.366, 4.231, -127.50, 77.27, 1148.38, 2.62, 1.53, 0.71, 0.95382, 0.01882, 0.06390, 0.29288
1, 14, 20.544, 6.735, 4.648, -141.54, 96.25, 1143.13, 2.95, 1.48, 0.85, 0.95369, 0.02135, 0.06803, 0.29222
1, 15, 20.578, 6.893, 5.187, -141.24, 110.90, 1142.15, 2.17, 0.86, 0.79, 0.95343, 0.02540, 0.07072, 0.29209
1, 16, 20.595, 6.424, 5.248, -121.03, 105.10, 1149.84, 1.46, 1.00, 0.45, 0.95355, 0.02712, 0.06699, 0.29244
1, 14, 20.629, 6.345, 5.215, -124.51, 103.09, 1143.74, 0.94, 1.88, 0.50, 0.95350, 0.02703, 0.06625, 0.29278
1, 15, 20.591, 6.347, 4.706, -125.49, 84.72, 1146.24, 0.70, 2.46, 0.80, 0.95370, 0.02281, 0.06496, 0.29276
1, 16, 20.138, 6.338, 4.365, -127.62, 78.00, 1148.56, 1.74, 3.12, 0.34, 0.95492, 0.02024, 0.06393, 0.28918
1, 15, 19.945, 7.238, 4.694, -166.38, 95.83, 1142.76, 2.09, 2.71, 0.40, 0.95499, 0.02081, 0.07222, 0.28695
1, 15, 19.743, 7.507, 4.807, -155.70, 93.38, 1142.64, 1.87, 1.07, 0.98, 0.95536, 0.02120, 0.07470, 0.28505
1, 16, 19.600, 6.911, 4.773, -130.86, 91.25, 1146.42, 2.20, 0.43, 0.95, 0.95597, 0.02250, 0.06963, 0.28419
1, 14, 19.543, 6.739, 4.918, -133.30, 97.35, 1145.14, 2.40, 0.77, 0.59, 0.95615, 0.02418, 0.06854, 0.28371
1, 15, 19.539, 6.576, 5.061, -129.39, 100.89, 1144.29, 2.15, 1.11, 0.56, 0.95619, 0.02579, 0.06754, 0.28367
1, 16, 19.553, 6.803, 5.216, -138.67, 104.68, 1143.13, 1.91, 1.76, 0.20, 0.95604, 0.02650, 0.06982, 0.28358
1, 14, 19.548, 7.508, 5.295, -164.67, 105.71, 1141.48, 1.24, 1.13, 0.19, 0.95574, 0.02539, 0.07587, 0.28311
1, 16, 19.849, 7.662, 4.896, -155.70, 94.12, 1147.09, 0.53, -0.39, 0.73, 0.95501, 0.02148, 0.07623, 0.28580
1, 16, 19.988, 7.291, 4.401, -139.65, 79.53, 1143.19, 0.76, -1.30, 1.20, 0.95491, 0.01820, 0.07193, 0.28746
1, 14, 20.075, 6.733, 4.091, -125.79, 75.26, 1144.59, 1.89, -1.37, 1.02, 0.95498, 0.01699, 0.06652, 0.28863
1, 16, 20.201, 6.088, 4.301, -110.35, 88.44, 1149.54, 2.84, -0.33, 0.60, 0.95486, 0.02032, 0.06170, 0.28985
1, 15, 20.395, 6.166, 4.886, -123.90, 108.22, 1147.52, 2.62, 1.07, 0.54, 0.95423, 0.02489, 0.06387, 0.29112
1, 14, 20.572, 6.702, 5.247, -144.17, 112.00, 1141.78, 1.63, 1.27, 0.94, 0.95351, 0.02640, 0.06929, 0.29211
1, 16, 20.651, 6.909, 5.125, -141.60, 100.46, 1143.68, 0.66, 0.59, 0.76, 0.95326, 0.02480, 0.07071, 0.29272
1, 15, 20.620, 6.837, 4.659, -136.47, 84.84, 1149.11, 0.76, 0.37, 0.52, 0.95346, 0.02113, 0.06892, 0.29279
1, 15, 19.990, 6.470, 4.414, -129.76, 78.74, 1148.25, 1.50, 0.32, 0.39, 0.95524, 0.02040, 0.06513, 0.28786
1, 16, 19.627, 6.123, 4.503, -120.85, 85.82, 1148.93, 2.37, 0.79, 0.00, 0.95625, 0.02222, 0.06240, 0.28494
1, 15, 19.465, 6.558, 4.826, -139.04, 97.05, 1145.02, 2.55, 1.50, 0.29, 0.95643, 0.02392, 0.06678, 0.28321
1, 14, 19.376, 7.131, 5.096, -154.05, 103.03, 1144.47, 2.18, 1.20, 0.66, 0.95637, 0.02479, 0.07221, 0.28201
1, 16, 19.299, 7.265, 5.266, -148.93, 104.92, 1142.94, 1.69, 0.10, 0.72, 0.95647, 0.02592, 0.07373, 0.28118
1, 15, 19.220, 7.028, 5.128, -139.65, 98.94, 1144.71, 1.24, -0.66, 0.74, 0.95679, 0.02541, 0.07140, 0.28073
1, 15, 19.172, 6.709, 5.017, -131.65, 97.29, 1144.04, 1.16, -0.55, 0.77, 0.95705, 0.02530, 0.06845, 0.28057
1, 15, 19.134, 6.243, 4.777, -119.45, 91.00, 1145.69, 0.95, -0.24, 0.76, 0.95737, 0.02448, 0.06397, 0.28062
1, 15, 19.422, 6.149, 4.248, -119.32, 78.98, 1149.66, 1.21, 0.92, 0.92, 0.95680, 0.02014, 0.06194, 0.28336
1, 16, 19.608, 6.544, 4.298, -136.60, 86.85, 1150.27, 2.22, 1.42, 0.69, 0.95618, 0.01946, 0.06539, 0.28471
1, 15, 19.787, 6.857, 4.783, -142.46, 104.06, 1144.71, 2.01, 0.99, 0.76, 0.95553, 0.02261, 0.06924, 0.28576
1, 15, 19.932, 7.140, 5.028, -148.32, 104.61, 1145.14, 1.26, 0.16, 1.01, 0.95500, 0.02384, 0.07223, 0.28668
1, 15, 20.014, 7.171, 4.969, -145.26, 98.27, 1144.71, 0.85, -0.55, 1.18, 0.95480, 0.02323, 0.07236, 0.28738
1, 15, 19.996, 6.544, 4.492, -119.93, 79.47, 1145.75, 1.44, -0.40, 0.79, 0.95518, 0.02086, 0.06594, 0.28783
1, 15, 19.977, 6.108, 4.182, -114.81, 76.17, 1145.75, 2.56, 0.85, 0.47, 0.95544, 0.01940, 0.06153, 0.28804
1, 15, 20.045, 6.617, 4.683, -141.48, 100.10, 1142.58, 3.25, 1.69, 0.37, 0.95499, 0.02223, 0.06704, 0.28809
1, 15, 20.298, 7.093, 5.239, -150.27, 115.11, 1142.46, 2.33, 0.94, 0.77, 0.95405, 0.02549, 0.07245, 0.28962
1, 16, 20.489, 6.866, 5.448, -133.73, 112.92, 1146.67, 1.50, 0.03, 0.82, 0.95361, 0.02770, 0.07114, 0.29120
1, 16, 20.574, 6.479, 5.124, -122.80, 97.41, 1146.42, 0.79, 0.09, 0.34, 0.95361, 0.02596, 0.06712, 0.29231
1, 14, 20.590, 6.192, 4.623, -117.74, 83.25, 1146.48, 0.88, 1.17, 0.30, 0.95378, 0.02252, 0.06346, 0.29287
1, 16, 20.586, 6.438, 4.423, -131.47, 83.62, 1144.78, 1.60, 2.12, 0.25, 0.95374, 0.02022, 0.06499, 0.29283
1, 14, 20.568, 7.040, 4.442, -151.49, 86.30, 1140.87, 2.02, 2.04, 0.43, 0.95355, 0.01883, 0.07004, 0.29239
1, 15, 20.548, 7.199, 4.611, -146.97, 91.86, 1143.25, 2.55, 0.94, 0.49, 0.95350, 0.01984, 0.07179, 0.29204
1, 16, 20.559, 7.199, 4.865, -144.71, 98.51, 1142.64, 2.66, 0.32, 0.40, 0.95343, 0.02195, 0.07244, 0.29197
1, 14, 20.578, 6.941, 4.966, -136.72, 98.27, 1144.23, 2.44, -0.37, 0.67, 0.95346, 0.02344, 0.07055, 0.29220
1, 16, 20.631, 6.412, 5.053, -120.73, 101.14, 1150.39, 2.24, -0.12, 0.76, 0.95351, 0.02550, 0.06640, 0.29286
1, 16, 20.706, 6.265, 5.141, -122.68, 103.03, 1144.59, 1.87, 0.86, 0.52, 0.95334, 0.02658, 0.06542, 0.29351
1, 15, 20.764, 6.421, 5.149, -130.19, 102.23, 1144.78, 1.42, 1.36, 0.54, 0.95314, 0.02620, 0.06674, 0.29391
1, 14, 20.773, 6.451, 5.010, -128.85, 97.35, 1146.73, 1.12, 1.72, 0.39, 0.95314, 0.02496, 0.06664, 0.29404
1, 16, 20.735, 6.716, 4.747, -138.18, 89.29, 1145.87, 1.12, 1.79, 0.51, 0.95319, 0.02211, 0.06816, 0.29376
1, 15, 20.684, 6.763, 4.665, -135.86, 89.97, 1146.18, 1.69, 1.67, 0.53, 0.95332, 0.02134, 0.06833, 0.29335
1, 14, 20.690, 7.101, 4.949, -148.07, 101.87, 1146.30, 1.70, 1.69, 0.69, 0.95312, 0.02281, 0.07186, 0.29306
1, 16, 20.627, 7.343, 5.067, -151.37, 100.59, 1143.74, 1.34, 0.85, 0.91, 0.95315, 0.02321, 0.07416, 0.29233
1, 16, 20.568, 7.030, 5.025, -137.45, 97.96, 1145.32, 1.28, 0.08, 0.77, 0.95344, 0.02370, 0.07144, 0.29203
1, 14, 20.525, 6.741, 4.880, -131.96, 94.24, 1149.23, 1.16, 0.16, 0.66, 0.95369, 0.02328, 0.06866, 0.29191
1, 16, 20.510, 6.553, 4.814, -129.15, 94.06, 1146.97, 1.18, 0.48, 0.79, 0.95382, 0.02322, 0.06693, 0.29192
1, 15, 20.492, 6.558, 4.752, -131.47, 92.65, 1144.84, 1.30, 0.87, 0.49, 0.95387, 0.02270, 0.06681, 0.29181
1, 15, 20.469, 6.749, 4.703, -138.00, 91.61, 1144.04, 1.34, 1.13, 0.50, 0.95387, 0.02181, 0.06827, 0.29155
1, 15, 20.474, 7.002, 4.881, -144.84, 98.88, 1143.25, 1.20, 0.72, 0.76, 0.95372, 0.02263, 0.07083, 0.29136
1, 15, 20.469, 7.102, 4.885, -144.47, 96.19, 1140.87, 0.90, 0.11, 1.08, 0.95369, 0.02242, 0.07167, 0.29126
1, 15, 20.437, 7.013, 4.752, -140.81, 91.61, 1145.39, 1.05, -0.47, 1.00, 0.95384, 0.02156, 0.07058, 0.29112
1, 15, 20.254, 6.711, 4.651, -133.85, 88.93, 1147.77, 1.27, -0.47, 1.05, 0.95444, 0.02161, 0.06778, 0.28981
1, 16, 20.153, 6.364, 4.589, -124.39, 88.01, 1143.68, 1.71, -0.21, 0.92, 0.95483, 0.02203, 0.06472, 0.28917
1, 15, 20.099, 6.285, 4.572, -125.79, 88.87, 1146.06, 1.85, 0.38, 0.79, 0.95500, 0.02213, 0.06401, 0.28877
1, 15, 20.108, 6.555, 4.832, -136.11, 98.33, 1146.36, 1.96, 0.73, 1.01, 0.95483, 0.02360, 0.06691, 0.28856
1, 15, 20.109, 6.557, 4.984, -132.02, 99.98, 1146.18, 1.81, 0.54, 0.58, 0.95479, 0.02486, 0.06731, 0.28848
1, 15, 20.125, 6.620, 5.095, -133.67, 101.99, 1144.90, 1.57, 0.76, 0.52, 0.95470, 0.02561, 0.06811, 0.28852
1, 15, 20.101, 6.786, 4.856, -138.67, 92.53, 1144.84, 0.98, 0.70, 0.85, 0.95475, 0.02322, 0.06889, 0.28838
1, 15, 20.050, 6.723, 4.693, -134.16, 89.72, 1143.55, 1.35, 0.69, 0.75, 0.95494, 0.02204, 0.06795, 0.28808
1, 15, 20.230, 6.821, 4.494, -137.33, 87.28, 1146.79, 1.53, 0.50, 0.60, 0.95448, 0.02003, 0.06830, 0.28964
1, 16, 20.352, 6.660, 4.538, -130.74, 90.88, 1146.67, 1.91, 0.14, 0.53, 0.95423, 0.02074, 0.06709, 0.29072
1, 16, 20.455, 6.568, 4.614, -129.82, 92.59, 1145.87, 1.97, 0.44, 0.43, 0.95399, 0.02154, 0.06654, 0.29158
1, 14, 20.567, 6.811, 4.857, -140.87, 100.34, 1145.02, 1.91, 0.41, 0.76, 0.95356, 0.02288, 0.06920, 0.29224
1, 15, 20.645, 6.858, 4.843, -138.55, 95.76, 1144.04, 1.21, 0.08, 1.33, 0.95335, 0.02259, 0.06956, 0.29287
1, 16, 20.669, 6.569, 4.617, -127.75, 87.52, 1147.71, 1.42, 0.01, 1.35, 0.95344, 0.02145, 0.06660, 0.29335
1, 14, 20.717, 6.346, 4.780, -123.78, 96.25, 1144.23, 2.07, 0.24, 0.83, 0.95337, 0.02335, 0.06516, 0.29377
1, 15, 20.766, 6.309, 4.900, -125.49, 98.39, 1144.96, 1.95, 0.81, 0.43, 0.95323, 0.02442, 0.06518, 0.29413
1, 16, 20.057, 6.327, 5.071, -131.16, 95.58, 1148.25, 1.62, 1.31, 0.24, 0.95499, 0.02621, 0.06561, 0.28811
1, 15, 19.655, 6.751, 5.129, -143.92, 97.84, 1143.68, 1.33, 1.00, 0.53, 0.95582, 0.02584, 0.06919, 0.28451
1, 15, 19.301, 6.799, 4.801, -138.85, 87.34, 1141.36, 1.21, 0.42, 0.63, 0.95675, 0.02320, 0.06870, 0.28172
1, 16, 19.009, 6.754, 4.478, -137.02, 81.48, 1146.30, 1.76, 0.21, 0.48, 0.95754, 0.02079, 0.06748, 0.27950
1, 14, 18.825, 6.568, 4.502, -130.86, 86.18, 1142.82, 2.45, 0.11, 0.60, 0.95806, 0.02156, 0.06595, 0.27804
1, 15, 18.767, 6.211, 4.802, -120.42, 96.68, 1145.63, 2.78, 0.53, 0.41, 0.95827, 0.02498, 0.06368, 0.27755
1, 16, 18.791, 6.482, 5.107, -133.61, 104.25, 1144.47, 2.27, 1.20, 0.60, 0.95805, 0.02685, 0.06669, 0.27745
1, 14, 18.799, 6.739, 5.169, -138.61, 102.66, 1144.84, 1.63, 0.97, 0.63, 0.95792, 0.02673, 0.06899, 0.27735
1, 15, 18.962, 6.480, 4.691, -125.12, 88.13, 1149.54, 1.27, 0.82, 0.66, 0.95772, 0.02328, 0.06570, 0.27911
1, 17, 19.032, 6.195, 4.432, -118.23, 83.92, 1147.28, 2.26, 1.70, 0.03, 0.95771, 0.02178, 0.06270, 0.27998
1, 14, 19.132, 6.492, 4.714, -132.81, 97.35, 1145.45, 2.25, 2.26, 0.14, 0.95730, 0.02334, 0.06589, 0.28052
1, 16, 19.229, 6.922, 5.063, -145.20, 106.63, 1145.69, 1.62, 1.83, 0.23, 0.95682, 0.02513, 0.07036, 0.28091
1, 15, 19.290, 7.237, 5.192, -149.78, 105.22, 1143.74, 1.08, 0.92, 0.30, 0.95652, 0.02537, 0.07331, 0.28117
1, 14, 19.278, 7.299, 4.906, -147.95, 93.14, 1145.26, 0.94, 0.18, 0.72, 0.95658, 0.02284, 0.07312, 0.28122
1, 16, 19.231, 6.894, 4.572, -133.36, 85.14, 1146.55, 1.15, -0.28, 0.86, 0.95693, 0.02109, 0.06892, 0.28124
1, 15, 19.198, 6.348, 4.336, -119.08, 81.05, 1144.23, 1.76, 0.19, 0.76, 0.95726, 0.02051, 0.06378, 0.28135
1, 14, 19.558, 6.058, 4.448, -114.07, 92.53, 1148.86, 2.18, 1.29, 0.34, 0.95646, 0.02197, 0.06170, 0.28443
1, 17, 19.854, 6.394, 4.884, -131.35, 107.85, 1147.09, 1.51, 2.33, 0.56, 0.95551, 0.02459, 0.06565, 0.28650
1, 15, 20.052, 7.080, 5.010, -154.42, 104.31, 1147.09, 0.75, 2.21, 0.79, 0.95473, 0.02377, 0.07171, 0.28772
1, 14, 20.112, 7.454, 4.656, -155.70, 86.73, 1142.94, 0.32, 0.84, 1.14, 0.95449, 0.01983, 0.07395, 0.28826
1, 16, 20.086, 6.946, 4.282, -130.92, 77.82, 1144.04, 1.23, -0.14, 0.77, 0.95483, 0.01803, 0.06877, 0.28852
1, 15, 20.122, 6.527, 4.469, -124.21, 90.70, 1146.06, 2.02, 0.43, 0.20, 0.95487, 0.02064, 0.06577, 0.28890
1, 14, 20.213, 6.752, 4.791, -138.67, 100.28, 1145.26, 1.69, 1.01, 0.40, 0.95450, 0.02269, 0.06847, 0.28936
1, 16, 20.272, 7.034, 4.822, -145.14, 96.01, 1142.94, 1.16, 0.89, 0.79, 0.95423, 0.02219, 0.07090, 0.28970
1, 15, 20.282, 7.269, 4.661, -149.78, 89.84, 1145.20, 1.13, 0.20, 0.80, 0.95414, 0.02024, 0.07245, 0.28976
1, 16, 20.262, 7.228, 4.541, -145.94, 87.34, 1144.04, 1.35, -0.79, 0.92, 0.95423, 0.01936, 0.07181, 0.28969
1, 15, 20.252, 6.808, 4.502, -132.45, 87.65, 1148.44, 1.89, -1.30, 0.85, 0.95443, 0.02012, 0.06821, 0.28984
1, 15, 20.312, 6.489, 4.747, -126.65, 96.86, 1144.10, 2.13, -1.17, 0.89, 0.95435, 0.02294, 0.06619, 0.29035
1, 16, 20.423, 6.255, 5.096, -122.56, 106.93, 1146.00, 1.59, -0.68, 0.84, 0.95408, 0.02639, 0.06515, 0.29119
1, 14, 20.490, 6.230, 4.908, -124.63, 95.21, 1144.78, 0.76, 0.03, 0.96, 0.95396, 0.02485, 0.06448, 0.29186
1, 15, 20.485, 6.630, 4.602, -140.81, 85.75, 1146.24, 0.72, 0.23, 1.08, 0.95389, 0.02127, 0.06703, 0.29180
1, 15, 20.423, 6.791, 4.346, -140.32, 80.87, 1144.53, 1.19, -0.50, 1.18, 0.95403, 0.01876, 0.06770, 0.29135
1, 15, 19.982, 6.413, 4.520, -129.21, 86.24, 1148.07, 1.86, -0.93, 0.89, 0.95526, 0.02143, 0.06492, 0.28776
