62, 9, -76.599, -13.766, 115.197, 220.64, 827.58, -416.87, -17.24, 23.01, 12.83, 0.50680, 0.68202, -0.49153, -0.19080
62, 26, -76.350, -14.229, 114.658, 203.43, 799.01, -391.85, -15.16, 25.74, 8.10, 0.51194, 0.67921, -0.49079, -0.18898
62, 16, -76.103, -14.169, 114.090, 205.38, 811.34, -368.29, -12.55, 23.39, -0.38, 0.51552, 0.67791, -0.48817, -0.19069
62, 15, -75.941, -14.521, 113.461, 243.04, 811.10, -354.13, -12.82, 17.94, -6.16, 0.52064, 0.67462, -0.48743, -0.19034
62, 15, -75.837, -14.168, 113.087, 210.82, 819.89, -364.87, -13.01, 16.88, -8.40, 0.52188, 0.67451, -0.48491, -0.19375
62, 16, -75.654, -13.757, 112.861, 210.39, 841.55, -381.35, -13.31, 19.82, -11.80, 0.52220, 0.67557, -0.48195, -0.19654
62, 15, -75.339, -13.577, 112.647, 218.02, 849.12, -383.06, -12.74, 25.73, -12.47, 0.52343, 0.67649, -0.47906, -0.19716
62, 15, -75.105, -13.351, 112.619, 205.20, 853.94, -397.77, -11.05, 33.87, -11.83, 0.52327, 0.67806, -0.47680, -0.19768
62, 17, -74.644, -14.052, 112.509, 248.17, 827.76, -368.10, -4.15, 43.64, -10.34, 0.52693, 0.67724, -0.47648, -0.19146
62, 15, -73.975, -16.219, 111.493, 338.93, 813.35, -296.02, -2.13, 47.08, -6.26, 0.54060, 0.66823, -0.47893, -0.17846
62, 15, -73.139, -19.211, 109.149, 431.27, 822.63, -194.52, -9.94, 42.71, 4.10, 0.56390, 0.65023, -0.48175, -0.16475
62, 16, -72.743, -22.587, 106.832, 508.54, 865.54, -191.71, -22.29, 32.59, 22.86, 0.58620, 0.62811, -0.48903, -0.15064
62, 16, -73.099, -25.373, 105.381, 481.08, 872.80, -229.68, -28.81, 19.68, 42.66, 0.60031, 0.60851, -0.49954, -0.14072
62, 16, -73.796, -26.946, 104.734, 440.49, 876.53, -252.93, -29.63, 11.60, 49.59, 0.60651, 0.59585, -0.50826, -0.13709
62, 15, -74.660, -27.272, 104.723, 382.32, 880.92, -274.23, -25.58, 4.26, 47.09, 0.60627, 0.59063, -0.51391, -0.13961
62, 15, -75.517, -27.116, 104.328, 358.40, 858.95, -228.94, -21.46, -3.01, 41.18, 0.60686, 0.58532, -0.51724, -0.14692
62, 17, -76.201, -26.443, 103.375, 313.23, 818.91, -183.47, -29.52, -13.69, 38.01, 0.60919, 0.57990, -0.51698, -0.15914
62, 15, -76.681, -25.405, 101.860, 247.13, 741.46, -148.01, -46.66, -15.50, 38.67, 0.61362, 0.57389, -0.51330, -0.17506
62, 15, -76.994, -22.636, 100.285, 92.41, 726.81, -164.37, -70.22, -7.61, 33.88, 0.61419, 0.57523, -0.50151, -0.20093
62, 16, -78.993, -17.638, 102.678, -160.34, 1313.48, -765.93, -59.70, -37.07, -3.59, 0.58458, 0.59849, -0.49638, -0.23170
62, 15, -78.542, -17.317, 102.873, 319.82, 995.18, -307.98, -27.77, 9.74, -7.13, 0.58353, 0.60263, -0.49313, -0.23053
62, 15, -78.330, -16.649, 103.310, 216.43, 979.80, -297.12, -16.36, 9.79, 18.78, 0.57969, 0.60825, -0.49022, -0.23169
62, 16, -77.955, -13.080, 104.218, -55.24, 998.96, -367.07, -11.96, 17.91, 0.35, 0.56475, 0.62720, -0.47565, -0.24788
62, 15, -77.888, -6.266, 105.954, -296.14, 1051.45, -474.91, -3.30, -1.32, -60.46, 0.53279, 0.65828, -0.45087, -0.28201
62, 17, -76.654, 1.561, 108.834, -349.61, 1003.72, -565.12, 23.64, 17.54, -149.21, 0.49070, 0.69804, -0.41725, -0.31282
62, 15, -73.750, 11.714, 112.679, -634.28, 910.71, -569.09, 51.87, 50.39, -221.39, 0.43519, 0.74550, -0.36469, -0.34906
62, 15, -70.149, 13.358, 115.454, 55.85, 795.72, -316.59, 68.96, 101.10, -246.23, 0.42106, 0.76960, -0.34176, -0.33709
62, 16, -66.793, 9.985, 117.554, 491.21, 819.76, -234.44, 80.89, 121.82, -213.11, 0.42896, 0.78256, -0.33970, -0.29699
62, 15, -65.100, 5.393, 117.550, 589.36, 922.49, -101.68, 80.47, 105.92, -151.02, 0.44938, 0.78057, -0.34777, -0.26042
62, 15, -64.661, -0.775, 115.251, 859.44, 1053.71, 107.18, 54.93, 87.94, -84.28, 0.48601, 0.76116, -0.36593, -0.22477
62, 16, -65.441, -6.664, 111.609, 727.17, 1007.26, 114.81, 23.64, 48.61, -32.05, 0.52599, 0.72906, -0.38905, -0.20110
62, 15, -67.869, -11.248, 106.509, 605.29, 1041.63, 173.34, -4.77, -9.28, -11.25, 0.56602, 0.68366, -0.41468, -0.20067
62, 16, -71.393, -11.719, 104.784, 264.95, 975.52, -185.85, -13.62, -49.93, -19.19, 0.57096, 0.66060, -0.43421, -0.22155
62, 16, -75.032, -8.947, 105.356, 88.32, 916.69, -260.62, 7.46, -75.40, -40.19, 0.55178, 0.65821, -0.44446, -0.25446
62, 15, -77.858, -6.004, 106.271, 27.47, 914.86, -271.18, 21.44, -65.55, -38.42, 0.53013, 0.66068, -0.45036, -0.28222
62, 16, -79.722, -3.595, 107.226, -6.29, 907.59, -283.81, 25.85, -40.73, -29.20, 0.51125, 0.66499, -0.45339, -0.30142
62, 15, -81.222, -2.632, 107.278, 30.15, 916.38, -247.07, 25.04, -29.63, -14.51, 0.50331, 0.66215, -0.45815, -0.31358
62, 15, -82.125, -1.281, 105.023, -53.22, 980.29, -114.75, 4.95, -17.98, -2.12, 0.50854, 0.65270, -0.45117, -0.33439
62, 16, -83.383, 0.924, 102.692, -118.53, 1033.57, -122.80, -14.75, -34.97, -10.12, 0.50934, 0.64418, -0.44144, -0.36156
62, 15, -84.519, 3.708, 99.138, -153.50, 1074.77, -48.95, -39.15, -42.01, -26.88, 0.51437, 0.63259, -0.42316, -0.39520
62, 16, -86.024, 6.618, 95.131, -209.23, 1073.24, 48.34, -53.07, -54.12, -38.74, 0.51909, 0.61820, -0.40279, -0.43143
62, 16, -86.534, 6.693, 94.255, 111.02, 1053.47, -356.32, -119.42, -41.40, -77.21, 0.52155, 0.61268, -0.40184, -0.43719
62, 15, -88.928, 9.958, 90.026, -180.91, 973.69, 61.52, -71.13, -83.84, -71.08, 0.52084, 0.59592, -0.38092, -0.47802
62, 14, -89.718, 9.032, 91.833, 216.00, 1010.68, -536.87, -92.67, -64.12, -77.85, 0.51204, 0.59830, -0.39728, -0.47119
62, 16, -92.620, 10.612, 88.488, -99.24, 900.21, 124.57, -24.97, -104.55, -62.03, 0.51015, 0.57882, -0.38988, -0.50270
62, 15, -93.528, 10.259, 93.325, 135.86, 951.84, -670.72, -26.85, -86.83, -64.29, 0.48299, 0.59536, -0.41723, -0.48805
62, 16, -94.243, 10.975, 94.788, -100.04, 870.54, -80.44, 37.73, -71.15, -34.45, 0.46907, 0.60122, -0.42368, -0.48888
62, 15, -93.085, 12.612, 99.992, -133.24, 822.27, -398.44, 35.84, -45.46, -34.00, 0.43835, 0.63133, -0.43137, -0.47244
62, 16, -91.830, 12.675, 103.574, -108.34, 887.63, -316.59, 51.80, -28.61, -15.31, 0.42310, 0.64974, -0.43855, -0.45442
62, 16, -90.563, 10.567, 106.646, 13.67, 1054.87, -425.78, 44.55, -18.42, 5.33, 0.42038, 0.66017, -0.45274, -0.42718
62, 15, -89.276, 6.745, 109.618, 59.27, 1207.95, -500.55, 58.44, 1.89, 58.81, 0.42554, 0.66592, -0.47251, -0.39014
62, 15, -87.539, 4.851, 111.915, -170.10, 1179.02, -397.95, 87.34, 24.98, 95.31, 0.42641, 0.67652, -0.47777, -0.36364
62, 16, -86.295, 5.375, 113.046, -354.49, 1000.98, -228.64, 95.55, 35.67, 84.40, 0.42124, 0.68723, -0.47179, -0.35733
62, 15, -85.032, 8.038, 113.806, -408.87, 779.66, -176.51, 81.28, 32.55, 44.86, 0.40863, 0.70165, -0.45555, -0.36495
62, 15, -83.615, 12.961, 114.868, -506.29, 673.65, -244.87, 49.24, 23.05, -8.90, 0.38417, 0.72149, -0.42938, -0.38407
62, 16, -81.157, 17.306, 117.344, -304.63, 529.48, -329.65, 19.44, 17.76, -59.96, 0.35648, 0.74612, -0.40320, -0.39199
62, 16, -78.872, 18.696, 119.185, -215.27, 594.73, -381.10, 1.72, 25.23, -71.62, 0.34570, 0.76165, -0.38838, -0.38671
62, 16, -77.277, 18.597, 119.460, -160.71, 564.39, -307.25, -3.71, 31.94, -67.43, 0.34965, 0.76770, -0.37909, -0.38037
62, 15, -75.829, 17.669, 118.812, -95.03, 510.07, -260.31, -22.66, 36.90, -75.30, 0.36289, 0.76926, -0.37128, -0.37243
62, 15, -74.309, 14.616, 117.296, 36.19, 515.50, -230.71, -41.98, 50.16, -74.29, 0.39104, 0.76502, -0.36961, -0.35385
62, 16, -73.773, 10.194, 112.474, 191.96, 691.04, -106.75, -71.29, 45.24, -54.74, 0.44255, 0.74189, -0.37110, -0.34064
62, 15, -73.357, 7.453, 113.006, 148.01, 1999.94, -2000.00, -122.70, 21.40, 3.39, 0.45109, 0.74008, -0.38215, -0.32056
62, 15, -75.268, 4.843, 111.067, 41.63, 1154.91, -311.16, -0.52, -24.18, 23.33, 0.46821, 0.72025, -0.40041, -0.31890
62, 16, -77.733, 1.227, 107.166, 174.32, 937.50, -103.88, -28.37, -48.31, 29.95, 0.49904, 0.68602, -0.42062, -0.32159
62, 16, -78.818, -0.246, 103.873, 26.79, 996.28, -136.72, -38.14, -27.66, 38.22, 0.52083, 0.66325, -0.42425, -0.32992
62, 15, -80.045, -2.803, 100.189, 163.64, 1062.93, -35.16, -48.29, -48.77, 45.01, 0.54737, 0.63369, -0.43218, -0.33473
62, 16, -81.874, -7.276, 96.826, 346.50, 1066.47, 67.14, -43.35, -86.78, 81.31, 0.57550, 0.59499, -0.45270, -0.33145
62, 15, -83.403, -11.914, 94.849, 305.85, 1101.01, 48.71, -30.15, -102.95, 135.08, 0.59617, 0.56133, -0.47567, -0.32130
62, 16, -84.605, -14.249, 95.430, 204.65, 1057.50, -50.48, -5.33, -117.46, 138.08, 0.59734, 0.55002, -0.49329, -0.31197
62, 15, -85.189, -18.388, 94.452, 298.65, 873.96, 160.83, 22.11, -109.78, 151.99, 0.61287, 0.52517, -0.51091, -0.29589
62, 15, -86.141, -18.155, 96.910, -118.77, 945.25, -102.23, 19.17, -93.94, 189.51, 0.59837, 0.53487, -0.52065, -0.29119
62, 16, -87.507, -14.812, 100.754, -466.80, 962.16, -232.73, 24.69, -111.93, 169.72, 0.56559, 0.56189, -0.52390, -0.29986
62, 16, -88.567, -10.319, 104.980, -468.63, 970.70, -372.68, 40.13, -103.45, 110.31, 0.52518, 0.59451, -0.52318, -0.31151
62, 15, -89.079, -5.414, 108.320, -346.68, 871.89, -328.86, 50.12, -97.09, 64.29, 0.48652, 0.62433, -0.51641, -0.32686
62, 16, -88.653, 0.689, 111.037, -547.97, 856.26, -404.79, 38.02, -67.93, 34.83, 0.44657, 0.65667, -0.49825, -0.34800
62, 15, -86.703, 6.075, 113.585, -479.74, 850.77, -502.14, 22.39, -19.87, -8.31, 0.41357, 0.68930, -0.47307, -0.36060
62, 15, -83.949, 8.519, 115.333, -285.58, 851.38, -446.11, 20.71, 26.52, -3.70, 0.40045, 0.71243, -0.45169, -0.35786
62, 16, -81.087, 9.223, 112.848, -284.85, 928.65, -188.66, -9.41, 80.83, 12.25, 0.42181, 0.71599, -0.42307, -0.36117
62, 15, -78.341, 10.688, 109.521, -318.85, 1001.95, -210.14, -47.16, 76.40, -9.94, 0.44514, 0.71628, -0.38874, -0.37105
62, 17, -76.089, 13.329, 106.738, -247.62, 978.03, -269.96, -67.37, 54.33, -76.81, 0.45904, 0.71800, -0.35298, -0.38622
62, 15, -74.977, 20.322, 104.655, -625.24, 954.71, -200.01, -55.89, 22.87, -132.58, 0.44679, 0.72555, -0.30365, -0.42632
62, 15, -73.904, 28.201, 102.939, -716.74, 1009.64, -200.32, -59.11, 31.91, -201.62, 0.42750, 0.73271, -0.24859, -0.46752
62, 16, -74.843, 35.991, 97.787, -710.02, 890.69, 104.43, -85.94, 35.24, -250.00, 0.42043, 0.72049, -0.18898, -0.51809
62, 15, -75.574, 37.136, 95.649, -199.46, 927.25, -235.84, -118.82, -12.75, -250.00, 0.42505, 0.71264, -0.17716, -0.52924
62, 15, -72.838, 34.893, 97.091, 247.68, 1120.00, -304.75, -78.25, 76.68, -250.00, 0.43887, 0.71999, -0.17957, -0.50672
62, 17, -72.922, 31.353, 95.649, 92.22, 1125.06, 54.32, -24.53, 74.41, -166.42, 0.46349, 0.71015, -0.19422, -0.49309
62, 15, -73.217, 25.070, 94.712, 412.29, 1238.28, -54.57, -27.05, 42.34, -114.44, 0.49525, 0.69653, -0.22815, -0.46639
62, 16, -72.867, 19.262, 95.801, 233.28, 1103.33, -214.84, -6.77, 34.40, -48.78, 0.51390, 0.69176, -0.26301, -0.43382
62, 16, -72.943, 13.997, 96.835, 134.70, 1115.42, -202.27, 8.83, 20.27, -4.23, 0.52797, 0.68563, -0.29606, -0.40437
62, 15, -74.158, 12.876, 98.074, -181.09, 952.58, -183.59, 20.68, -23.42, 0.03, 0.52058, 0.68562, -0.31367, -0.40068
62, 15, -76.228, 14.103, 99.026, -242.07, 930.79, -198.18, 15.98, -63.76, -29.61, 0.50270, 0.68684, -0.32300, -0.41378
62, 15, -77.544, 8.795, 102.979, 355.16, 1147.16, -604.80, 38.22, -55.47, 20.31, 0.49555, 0.68777, -0.37142, -0.37876
62, 15, -78.988, 0.783, 107.996, 201.42, 1243.90, -453.49, 131.03, -19.98, 180.63, 0.49225, 0.68373, -0.43240, -0.32129
62, 17, -80.034, -1.347, 112.336, -526.98, 1209.90, -262.45, 181.37, 11.52, 238.38, 0.47162, 0.69212, -0.45929, -0.29598
62, 15, -79.635, -1.332, 116.452, -638.98, 1028.20, -236.33, 178.28, 47.71, 193.23, 0.44737, 0.71027, -0.46709, -0.27784
62, 16, -78.377, -1.002, 119.438, -335.69, 788.51, -260.50, 151.02, 65.77, 124.02, 0.43028, 0.72765, -0.46501, -0.26296
62, 16, -77.700, -2.580, 121.041, -97.84, 711.49, -267.09, 123.05, 49.48, 112.57, 0.42783, 0.73260, -0.46995, -0.24372
62, 15, -77.735, -2.354, 122.113, -214.84, 704.10, -278.99, 96.99, 32.74, 116.97, 0.41999, 0.73696, -0.47165, -0.24092
62, 15, -77.403, -0.440, 122.775, -371.64, 677.92, -288.51, 72.45, 43.90, 103.32, 0.40877, 0.74512, -0.46418, -0.24949
62, 16, -76.250, 3.513, 122.822, -520.57, 580.02, -231.20, 50.30, 59.69, 64.11, 0.39506, 0.75812, -0.44244, -0.27097
62, 15, -73.679, 6.810, 122.468, -348.69, 418.70, -201.72, 16.35, 108.30, 27.61, 0.39029, 0.77254, -0.41196, -0.28487
62, 16, -71.722, 8.051, 117.517, -214.48, 447.88, -24.41, -25.21, 114.85, 14.95, 0.42361, 0.76386, -0.38112, -0.30303
62, 15, -70.807, 6.149, 106.955, -70.43, 564.33, 213.99, -97.25, 111.16, 7.48, 0.50168, 0.72043, -0.35490, -0.32148
62, 15, -69.711, 1.776, 108.132, 422.73, 1999.94, -1850.52, -113.01, 73.59, 35.16, 0.51243, 0.71939, -0.37149, -0.28616
62, 17, -71.646, -1.241, 107.025, 117.92, 1155.52, -282.29, 3.36, -13.46, 38.59, 0.52466, 0.70055, -0.39445, -0.27995
62, 15, -74.424, 1.956, 100.455, -225.10, 1207.09, 408.20, -27.76, -81.61, -32.16, 0.54558, 0.66893, -0.37843, -0.33416
62, 15, -76.988, 1.627, 98.339, 377.75, 1149.23, -395.57, -126.21, -103.68, -102.52, 0.55123, 0.64930, -0.38846, -0.35165
62, 16, -80.669, 3.820, 98.421, 95.83, 1061.34, -414.92, -82.92, -153.47, -93.74, 0.53097, 0.64347, -0.39875, -0.38081
62, 15, -82.580, 5.122, 98.878, 142.03, 1002.69, -729.98, -146.87, -112.82, -81.76, 0.51689, 0.64271, -0.40470, -0.39493
62, 15, -85.589, 8.377, 95.737, -96.31, 951.48, -93.26, -60.31, -152.31, -65.08, 0.51023, 0.62790, -0.39395, -0.43613
62, 16, -86.397, 12.134, 98.585, -285.64, 931.46, -545.96, -51.31, -98.82, -46.05, 0.47526, 0.64833, -0.39069, -0.44851
62, 16, -86.635, 14.288, 102.253, -221.19, 1005.00, -494.02, 19.40, -79.51, -46.62, 0.44364, 0.66797, -0.39579, -0.44760
62, 16, -85.836, 16.490, 107.553, -406.74, 1259.28, -561.71, 101.77, -40.39, -35.58, 0.40500, 0.69559, -0.40094, -0.43748
62, 15, -84.657, 16.145, 112.136, -270.81, 1268.55, -407.65, 152.30, -12.36, -23.69, 0.38280, 0.71482, -0.41233, -0.41532
62, 15, -84.206, 13.127, 115.695, -11.47, 997.99, -324.40, 154.95, -8.13, 5.52, 0.37621, 0.72233, -0.43516, -0.38385
62, 16, -84.758, 12.855, 116.949, -178.16, 889.28, -183.11, 149.19, -28.31, 23.96, 0.36773, 0.72375, -0.44397, -0.37928
62, 15, -85.554, 14.863, 116.906, -290.22, 775.57, -112.85, 120.58, -39.97, 14.23, 0.35578, 0.72438, -0.44041, -0.39335
62, 15, -86.115, 20.017, 116.520, -462.59, 585.88, -97.35, 79.77, -43.05, -3.75, 0.33108, 0.73014, -0.42031, -0.42500
62, 16, -85.206, 26.131, 116.320, -379.09, 413.70, -133.85, 36.03, -45.21, -28.40, 0.30523, 0.74160, -0.38609, -0.45585
62, 16, -84.862, 31.244, 113.451, -208.92, 218.99, -38.88, -21.39, -23.80, -39.89, 0.29916, 0.74111, -0.34768, -0.49029
62, 15, -85.840, 31.631, 107.389, -142.64, 313.48, -39.86, -92.57, -26.44, -32.92, 0.33160, 0.72202, -0.32545, -0.51265
62, 16, -85.814, 27.772, 103.788, -72.88, 594.60, -237.00, -140.88, -51.06, 2.16, 0.37361, 0.70500, -0.32926, -0.50495
62, 15, -84.409, 24.138, 102.997, -198.12, 844.36, -450.68, -123.44, -25.12, 53.18, 0.40225, 0.69978, -0.33605, -0.48537
62, 16, -82.597, 22.973, 103.754, -388.79, 1000.79, -538.09, -82.26, -13.84, 32.69, 0.41069, 0.70557, -0.33410, -0.47105
62, 15, -81.009, 21.344, 106.115, -280.76, 1189.33, -652.10, -24.28, -18.17, 4.72, 0.41000, 0.71575, -0.34199, -0.45016
62, 16, -80.074, 17.642, 107.457, -61.10, 1242.00, -459.72, 13.48, -9.09, 16.59, 0.42195, 0.71671, -0.35953, -0.42310
62, 16, -78.890, 12.667, 108.819, -2.87, 1109.19, -451.23, 5.64, 5.72, 57.17, 0.43935, 0.71585, -0.38068, -0.38680
62, 15, -77.829, 7.927, 109.597, 5.92, 999.76, -413.64, -6.03, 11.63, 85.80, 0.45767, 0.71232, -0.39837, -0.35275
62, 15, -77.098, 2.887, 108.357, 72.39, 867.98, -258.85, -25.60, 6.07, 98.70, 0.48734, 0.69777, -0.41277, -0.32439
62, 16, -76.308, -2.280, 107.028, 109.07, 789.18, -248.47, -47.83, 1.69, 116.07, 0.51653, 0.68105, -0.42717, -0.29477
62, 15, -76.183, -0.741, 107.617, -351.26, 920.35, -421.51, -38.17, -17.11, 107.91, 0.50782, 0.68839, -0.42123, -0.30134
62, 15, -76.081, -1.921, 108.865, -39.61, 880.00, -385.68, -14.69, -24.72, 92.06, 0.50483, 0.69108, -0.42894, -0.28909
62, 16, -75.645, -1.593, 110.452, -169.49, 847.23, -348.51, 21.89, -5.11, 98.88, 0.49509, 0.70051, -0.42887, -0.28326
62, 15, -75.126, 1.284, 110.656, -362.49, 910.64, -233.95, 37.38, -7.73, 60.22, 0.48460, 0.71064, -0.41392, -0.29803
62, 15, -74.893, -0.597, 113.462, 19.47, 849.73, -414.18, 42.77, -10.68, 59.83, 0.47465, 0.71861, -0.42739, -0.27505
62, 17, -74.293, 0.799, 114.997, -307.98, 826.90, -374.21, 43.33, 23.74, 87.75, 0.46120, 0.73043, -0.42158, -0.27573
62, 14, -73.032, 1.652, 114.165, -307.01, 937.07, -284.67, 20.71, 52.75, 74.68, 0.46641, 0.73358, -0.40799, -0.27905
62, 16, -70.951, 0.190, 116.235, -139.47, 853.03, -547.12, 7.04, 88.64, 70.92, 0.46317, 0.74612, -0.40538, -0.25387
62, 15, -68.518, 1.141, 119.151, -321.72, 616.33, -434.08, 47.64, 120.32, 66.98, 0.44579, 0.76813, -0.39178, -0.24034
62, 15, -64.310, -1.469, 116.954, -173.10, 1065.43, -248.96, 34.20, 203.73, 52.21, 0.47749, 0.76803, -0.36972, -0.21316
62, 16, -60.912, -0.396, 120.865, -371.64, 650.63, -591.80, 54.73, 183.01, 25.46, 0.45353, 0.79661, -0.34916, -0.19445
62, 15, -56.769, 2.905, 120.269, -472.72, 1017.64, -216.55, 89.81, 184.48, -78.81, 0.45517, 0.81130, -0.30577, -0.20278
62, 15, -54.800, 2.438, 116.763, 61.28, 1238.83, 77.45, 77.25, 143.20, -118.90, 0.48460, 0.80136, -0.28771, -0.20053
62, 17, -54.133, 7.286, 113.360, -122.01, 1163.15, 22.46, 51.16, 67.67, -220.60, 0.49629, 0.79484, -0.25474, -0.23883
62, 15, -55.117, 12.455, 109.125, -112.37, 1133.73, 80.32, 22.61, 26.86, -250.00, 0.50815, 0.78005, -0.22689, -0.28605
62, 15, -57.659, 13.993, 104.740, 251.83, 1112.98, 75.07, -3.94, -13.82, -250.00, 0.52613, 0.75697, -0.22459, -0.31581
62, 16, -59.575, 13.453, 100.321, 449.16, 1144.65, 33.33, -48.45, 4.30, -235.42, 0.55116, 0.73171, -0.22745, -0.33030
62, 15, -62.853, 12.350, 95.845, 228.39, 1164.43, 54.57, -47.40, -28.80, -154.52, 0.57299, 0.70127, -0.24074, -0.34921
62, 16, -66.896, 11.369, 90.262, 94.48, 1105.22, 224.12, -53.28, -56.29, -107.03, 0.59663, 0.66210, -0.25270, -0.37656
62, 15, -70.402, 9.440, 89.349, 205.63, 1096.07, -253.17, -83.02, -93.28, -93.27, 0.59656, 0.64468, -0.28068, -0.38694
62, 15, -74.488, 8.849, 91.333, 14.77, 1053.96, -314.88, -20.19, -123.51, -56.63, 0.57343, 0.64269, -0.31375, -0.39962
62, 17, -78.037, 8.551, 90.258, -80.26, 863.22, -52.12, -40.79, -115.17, -25.34, 0.56778, 0.62653, -0.33120, -0.41881
62, 15, -81.692, 9.936, 94.624, -200.07, 1006.10, -539.00, 8.42, -156.57, -22.52, 0.52479, 0.64028, -0.36021, -0.42999
62, 15, -83.971, 11.197, 94.213, -238.28, 828.13, -60.24, 1.11, -94.23, 37.23, 0.51322, 0.63481, -0.36477, -0.44785
62, 16, -85.262, 11.555, 97.899, -317.50, 842.65, -447.33, -1.53, -88.59, 62.82, 0.48607, 0.64767, -0.38450, -0.44319
62, 15, -85.741, 13.338, 100.772, -517.76, 928.89, -385.44, 18.49, -53.22, 67.63, 0.45999, 0.66274, -0.38950, -0.44438
62, 15, -85.007, 13.271, 104.736, -438.78, 1084.96, -556.76, 33.65, -11.72, 65.99, 0.43985, 0.68067, -0.40060, -0.42749
62, 16, -84.700, 12.766, 108.694, -278.44, 1175.48, -367.43, 113.69, -17.96, 32.94, 0.41949, 0.69541, -0.41557, -0.40956
62, 15, -83.542, 11.166, 111.457, -112.43, 1058.35, -170.65, 156.17, -7.30, 33.35, 0.41384, 0.70610, -0.42528, -0.38638
62, 17, -83.245, 7.459, 111.728, 72.81, 861.21, 19.53, 145.00, -6.83, 63.81, 0.42958, 0.69966, -0.44047, -0.36321
62, 15, -82.766, 2.238, 111.819, 126.34, 806.09, -74.65, 103.07, -4.62, 111.67, 0.45277, 0.68871, -0.45976, -0.33061
62, 15, -81.667, -2.040, 112.860, 14.77, 800.72, -245.18, 70.77, 2.24, 152.92, 0.46699, 0.68570, -0.47322, -0.29632
62, 16, -80.772, -4.674, 115.508, -92.65, 786.93, -402.28, 50.90, 21.66, 175.94, 0.46366, 0.69279, -0.48439, -0.26537
62, 15, -80.156, -6.016, 118.454, -213.44, 685.85, -463.68, 38.35, 38.81, 182.76, 0.45231, 0.70344, -0.49201, -0.24187
62, 15, -79.403, -6.796, 120.790, -254.88, 599.12, -477.66, 11.86, 60.30, 177.81, 0.44244, 0.71367, -0.49479, -0.22384
62, 16, -78.319, -6.287, 121.953, -385.74, 589.11, -496.70, -18.01, 82.92, 161.80, 0.43525, 0.72413, -0.48852, -0.21802
62, 16, -77.341, -5.623, 122.723, -355.65, 777.89, -658.26, -26.59, 66.63, 121.47, 0.42964, 0.73288, -0.48153, -0.21545
62, 15, -76.128, -4.154, 123.252, -223.27, 839.54, -629.21, -10.77, 40.16, 58.88, 0.42288, 0.74348, -0.46976, -0.21848
62, 16, -74.599, -3.713, 121.879, -7.39, 787.29, -436.83, -6.20, 23.57, 22.54, 0.43306, 0.74557, -0.45567, -0.22124
62, 15, -73.349, -4.745, 118.260, 66.96, 740.48, -243.77, -28.13, 23.29, 19.78, 0.46262, 0.73384, -0.44431, -0.22373
62, 15, -72.216, -4.115, 113.794, -33.87, 755.68, -202.45, -62.20, 24.73, 22.86, 0.49107, 0.72115, -0.42562, -0.24009
62, 15, -71.200, -2.006, 110.195, -105.90, 1051.70, -359.92, -87.97, 17.27, 1.06, 0.50870, 0.71445, -0.40257, -0.26215
62, 15, -71.043, -2.833, 107.781, 60.00, 1154.72, -367.37, -50.15, -10.46, 25.95, 0.52672, 0.70198, -0.39967, -0.26469
62, 16, -71.469, 4.312, 108.568, -703.19, 912.66, -470.70, -22.56, -14.77, -17.52, 0.49630, 0.72134, -0.37205, -0.30810
62, 16, -70.079, 14.055, 109.445, -764.77, 882.75, -500.18, -30.42, 4.07, -163.30, 0.45834, 0.74779, -0.31981, -0.35840
62, 15, -68.086, 21.526, 110.130, -465.21, 872.50, -376.16, -25.73, 36.29, -217.22, 0.43078, 0.76547, -0.27226, -0.39289
62, 16, -67.152, 25.248, 108.687, -229.74, 890.69, -225.59, -31.95, 37.34, -250.00, 0.42856, 0.76568, -0.24213, -0.41405
62, 15, -66.309, 28.022, 108.393, -241.15, 987.55, -328.86, -37.35, 29.30, -250.00, 0.42219, 0.76837, -0.22107, -0.42718
62, 16, -66.891, 31.406, 105.541, -261.84, 766.24, -68.54, -34.71, 37.09, -250.00, 0.42472, 0.75887, -0.19607, -0.45307
62, 16, -67.906, 32.858, 102.650, -169.31, 874.76, -13.00, -30.17, 41.25, -250.00, 0.43339, 0.74728, -0.18317, -0.46925
62, 15, -69.778, 30.831, 99.566, 285.52, 1198.97, 79.77, -21.91, 23.21, -238.68, 0.45439, 0.73058, -0.19391, -0.47136
62, 16, -72.513, 25.977, 95.470, 316.35, 1322.75, 96.07, -37.70, -5.35, -128.35, 0.48966, 0.70261, -0.22176, -0.46625
62, 16, -75.446, 19.793, 92.384, 227.05, 1367.07, 13.55, -39.44, -48.71, -16.79, 0.52207, 0.67147, -0.26210, -0.45593
62, 15, -76.995, 12.188, 92.824, 375.67, 1394.71, -182.01, -0.32, -51.28, 55.61, 0.54364, 0.65180, -0.31502, -0.42470
62, 16, -78.080, 4.923, 94.923, 200.26, 1278.38, -124.15, 56.81, -51.22, 128.91, 0.55512, 0.63877, -0.36704, -0.38614
62, 15, -79.213, -2.087, 94.881, 145.69, 1081.48, 171.57, 81.11, -62.87, 190.80, 0.57627, 0.61303, -0.40830, -0.35411
62, 15, -80.189, -5.663, 93.637, -146.55, 1001.65, 292.18, 62.16, -85.79, 224.32, 0.59167, 0.59094, -0.42702, -0.34405
62, 16, -81.196, -6.229, 92.635, -388.92, 931.21, 216.25, 24.22, -104.22, 221.95, 0.59556, 0.57995, -0.43186, -0.34994
62, 15, -82.550, -2.823, 92.416, -709.05, 784.24, 66.47, -14.27, -119.68, 173.93, 0.58105, 0.58599, -0.42151, -0.37594
62, 15, -83.448, 2.844, 94.204, -633.30, 639.89, -214.23, -47.74, -110.98, 106.34, 0.54824, 0.61083, -0.40434, -0.40352
62, 17, -83.839, 7.206, 96.966, -458.56, 564.33, -351.14, -58.49, -93.03, 77.60, 0.51477, 0.63590, -0.39472, -0.41815
62, 15, -83.232, 10.361, 102.683, -1313.35, 1506.96, -1945.56, -29.07, -65.71, 59.70, 0.47123, 0.67138, -0.39654, -0.41226
62, 16, -81.562, 12.784, 105.964, -380.00, 871.15, -381.10, 29.52, -8.81, 23.17, 0.44718, 0.69611, -0.38669, -0.40734
62, 15, -79.706, 14.776, 109.623, -365.36, 767.88, -464.11, 20.82, 2.02, 11.84, 0.42238, 0.72039, -0.37868, -0.39905
62, 15, -77.806, 13.527, 109.602, -202.58, 876.65, -309.69, -11.83, 22.38, 22.63, 0.43441, 0.72412, -0.37248, -0.38497
62, 16, -76.370, 11.543, 108.089, -168.15, 904.91, -299.13, -45.70, 22.04, 31.53, 0.45696, 0.71893, -0.36777, -0.37293
62, 15, -74.898, 13.383, 109.092, -438.66, 840.88, -510.50, -56.93, 20.42, 24.71, 0.44788, 0.73109, -0.35300, -0.37456
62, 15, -71.796, 16.889, 113.036, -614.87, 734.50, -705.26, -23.97, 52.26, -17.99, 0.41790, 0.76086, -0.32910, -0.37167
62, 17, -67.164, 20.421, 120.376, -590.94, 441.04, -809.14, 26.25, 87.53, -68.00, 0.36812, 0.80256, -0.30470, -0.35713
62, 15, -65.303, 18.261, 118.573, -75.13, 1210.63, -117.07, 51.05, 111.76, -104.74, 0.39492, 0.79975, -0.29580, -0.34197
62, 15, -63.239, 15.934, 118.912, -26.67, 881.23, -240.66, 70.52, 103.14, -107.23, 0.40726, 0.80422, -0.29269, -0.31890
62, 16, -62.171, 12.464, 114.544, 129.58, 1262.02, 197.63, 36.19, 116.07, -73.63, 0.45287, 0.78691, -0.28908, -0.30350
62, 15, -62.626, 12.374, 109.048, -184.57, 1102.36, 278.38, 21.10, 66.80, -55.58, 0.48912, 0.76308, -0.27767, -0.31839
62, 16, -63.621, 9.985, 103.086, 43.03, 1210.75, 224.06, -27.89, 35.45, -31.20, 0.53322, 0.73033, -0.27949, -0.32277
62, 15, -64.779, 8.241, 97.754, 29.30, 1147.83, 235.90, -27.77, 8.55, -24.56, 0.56883, 0.69856, -0.28069, -0.33116
62, 15, -66.162, 7.044, 95.129, -102.48, 1024.05, -49.07, -27.01, -2.49, -2.07, 0.58438, 0.67936, -0.28782, -0.33783
62, 17, -67.263, 8.628, 95.473, -242.25, 952.39, -111.63, 9.09, -13.45, -0.60, 0.57392, 0.68185, -0.28676, -0.35138
62, 15, -68.641, 12.863, 91.707, -595.52, 984.13, 298.40, -3.33, -7.18, -26.47, 0.57734, 0.66886, -0.25912, -0.39008
62, 15, -70.362, 15.635, 90.281, -290.22, 1040.95, -59.51, -48.55, -33.44, -85.30, 0.56972, 0.66388, -0.24823, -0.41600
62, 16, -72.530, 19.001, 87.327, -362.85, 984.38, 65.98, -38.08, -30.36, -89.25, 0.56593, 0.65201, -0.22986, -0.44919
62, 15, -74.921, 20.892, 84.112, -285.58, 894.47, 59.20, -68.73, -36.99, -111.69, 0.56700, 0.63570, -0.21902, -0.47584
62, 15, -76.840, 22.630, 84.982, -261.84, 1020.39, -278.14, -66.25, -80.81, -119.99, 0.54708, 0.64026, -0.22294, -0.49098
62, 16, -81.300, 25.914, 79.487, -474.98, 869.20, 312.19, -43.67, -72.78, -103.29, 0.54341, 0.61385, -0.20281, -0.53550
62, 15, -82.343, 27.165, 82.370, -229.19, 1025.94, -485.90, -72.33, -94.28, -121.31, 0.51744, 0.62847, -0.21439, -0.53973
62, 17, -86.642, 31.613, 76.915, -570.62, 739.87, 270.81, -52.09, -68.45, -105.80, 0.50571, 0.60817, -0.18365, -0.58366
62, 15, -86.073, 32.751, 80.743, -290.16, 1046.45, -746.15, -91.45, -80.67, -124.72, 0.48264, 0.62857, -0.19301, -0.57854
62, 16, -90.869, 35.954, 76.145, -661.68, 757.57, 297.06, -9.86, -64.61, -90.38, 0.46717, 0.61019, -0.17536, -0.61537
62, 16, -90.207, 35.996, 79.684, -300.23, 845.46, -484.13, -78.80, -81.28, -101.58, 0.45141, 0.62554, -0.19041, -0.60718
62, 15, -89.600, 34.487, 83.258, -397.89, 1011.84, -261.90, -8.65, -45.28, -49.93, 0.44233, 0.63674, -0.21489, -0.59391
62, 15, -88.815, 33.503, 86.011, -440.98, 881.23, -162.72, -7.04, -24.98, -25.07, 0.43580, 0.64644, -0.23046, -0.58231
62, 16, -87.654, 32.358, 89.208, -415.65, 874.82, -228.82, -4.52, -20.65, -15.50, 0.42906, 0.65830, -0.24659, -0.56723
62, 15, -86.412, 32.728, 91.168, -523.13, 836.49, -114.44, -4.84, -6.52, -4.07, 0.42199, 0.66904, -0.24690, -0.55977
62, 16, -85.877, 33.450, 90.950, -568.54, 838.56, -27.65, -22.47, 1.55, 3.31, 0.42233, 0.67084, -0.23852, -0.56100
62, 16, -85.847, 33.519, 89.174, -565.06, 847.41, 6.47, -38.31, 7.31, 10.39, 0.43248, 0.66442, -0.22922, -0.56477
62, 15, -84.863, 32.456, 88.791, -529.36, 866.70, -13.06, -45.10, 13.51, 15.85, 0.44469, 0.66270, -0.22788, -0.55781
62, 16, -81.786, 29.733, 93.701, -466.74, 1107.06, -356.75, 20.23, 30.27, 36.36, 0.44340, 0.68275, -0.24876, -0.52476
62, 15, -78.515, 25.112, 99.391, -459.11, 1277.04, -307.56, 89.53, 73.22, 85.88, 0.44461, 0.70406, -0.27961, -0.47796
62, 15, -76.003, 20.365, 105.021, -462.34, 1295.29, -280.58, 142.23, 80.39, 107.03, 0.44046, 0.72428, -0.31128, -0.42954
62, 16, -74.665, 16.025, 108.727, -380.80, 1158.02, -151.18, 175.72, 82.25, 125.07, 0.44008, 0.73505, -0.33762, -0.38992
62, 15, -74.218, 11.889, 111.466, -306.27, 1004.82, -66.89, 181.88, 70.14, 138.89, 0.44091, 0.73969, -0.36319, -0.35574
62, 17, -74.770, 9.650, 112.425, -292.54, 822.14, -25.39, 151.61, 32.20, 140.58, 0.44208, 0.73741, -0.37982, -0.34137
62, 16, -75.361, 8.669, 113.428, -278.32, 737.73, -124.94, 117.53, 9.00, 128.59, 0.43783, 0.73736, -0.39094, -0.33433
62, 14, -75.776, 8.989, 115.026, -297.61, 655.64, -217.71, 89.15, -1.91, 117.14, 0.42500, 0.74257, -0.39688, -0.33235
62, 15, -76.081, 10.379, 116.897, -410.34, 647.34, -295.41, 68.42, -1.88, 114.41, 0.40617, 0.75086, -0.39837, -0.33546
62, 16, -75.998, 12.127, 118.544, -515.93, 667.66, -345.76, 53.86, 13.96, 110.04, 0.38817, 0.75982, -0.39530, -0.34020
62, 15, -75.429, 13.228, 119.905, -463.99, 694.46, -384.95, 41.94, 30.05, 94.14, 0.37609, 0.76801, -0.39094, -0.34042
62, 16, -74.549, 13.416, 121.236, -360.41, 753.97, -447.20, 36.58, 33.42, 72.83, 0.36892, 0.77560, -0.38815, -0.33420
62, 15, -73.653, 13.594, 121.943, -317.50, 752.38, -417.18, 39.49, 37.06, 53.05, 0.36597, 0.78112, -0.38338, -0.33007
62, 16, -72.583, 11.327, 121.685, -173.46, 739.26, -395.51, 33.46, 46.39, 43.05, 0.38014, 0.78076, -0.38460, -0.31304
62, 16, -71.728, 8.267, 121.768, -116.94, 775.76, -432.50, 29.49, 44.46, 50.38, 0.39412, 0.77936, -0.39128, -0.29011
62, 15, -71.082, 6.528, 120.424, -155.64, 801.33, -346.86, 22.61, 54.89, 60.71, 0.41161, 0.77400, -0.39049, -0.28110
62, 15, -70.110, 5.658, 120.222, -187.50, 840.70, -440.43, 19.45, 61.80, 60.90, 0.41863, 0.77508, -0.38692, -0.27258
62, 16, -68.964, 5.090, 121.030, -187.87, 809.69, -465.45, 28.43, 68.70, 50.38, 0.41793, 0.78091, -0.38328, -0.26193
62, 15, -67.696, 3.913, 121.741, -116.46, 780.82, -446.59, 37.67, 76.64, 35.42, 0.42016, 0.78575, -0.38082, -0.24706
62, 15, -66.696, 1.650, 121.414, -33.51, 815.43, -416.38, 40.91, 71.20, 24.41, 0.43243, 0.78391, -0.38209, -0.22914
62, 16, -65.971, -1.421, 120.483, 22.16, 841.37, -374.45, 37.06, 96.18, 26.43, 0.45048, 0.77693, -0.38722, -0.20856
62, 16, -65.384, -4.387, 118.839, 84.29, 888.37, -309.45, 33.58, 88.59, 33.10, 0.47207, 0.76611, -0.39185, -0.19153
62, 16, -65.123, -6.879, 116.747, 100.59, 898.38, -266.91, 25.42, 73.45, 41.40, 0.49393, 0.75249, -0.39643, -0.18063
62, 14, -65.123, -8.442, 114.812, 86.36, 891.36, -279.91, 17.62, 61.10, 42.40, 0.51109, 0.74018, -0.39960, -0.17675
62, 15, -65.431, -8.272, 114.679, 15.99, 928.41, -390.63, 19.62, 51.56, 37.99, 0.51098, 0.73894, -0.40070, -0.17974
62, 16, -65.641, -8.832, 114.494, 90.09, 940.80, -367.19, 34.83, 50.91, 29.98, 0.51345, 0.73595, -0.40400, -0.17755
62, 15, -65.652, -10.500, 113.974, 145.63, 940.61, -319.89, 47.39, 56.11, 41.44, 0.52149, 0.72919, -0.40992, -0.16820
62, 15, -66.257, -12.300, 112.710, 152.65, 942.63, -232.91, 48.14, 53.02, 51.79, 0.53356, 0.71624, -0.41905, -0.16346
63, 7, -79.948, -19.422, 113.689, 313.72, 816.59, -340.58, -3.31, 9.78, 4.44, 0.52879, 0.64114, -0.52763, -0.17585
63, 27, -80.041, -19.662, 113.478, 315.55, 815.61, -361.69, -5.34, 5.49, 2.98, 0.53061, 0.63887, -0.52861, -0.17570
63, 15, -80.133, -19.483, 113.537, 299.68, 815.61, -369.93, -4.64, 4.40, 1.99, 0.52955, 0.63937, -0.52863, -0.17701
63, 16, -80.164, -19.374, 113.563, 308.11, 822.02, -370.67, -3.93, 4.53, -0.29, 0.52900, 0.63974, -0.52849, -0.17774
63, 15, -80.148, -19.420, 113.689, 309.69, 815.55, -374.21, -2.48, 7.88, 1.52, 0.52848, 0.64023, -0.52874, -0.17678
63, 15, -80.072, -19.402, 113.772, 299.99, 807.62, -368.41, -1.02, 11.16, 1.53, 0.52807, 0.64103, -0.52839, -0.17617
63, 17, -79.908, -19.762, 113.540, 331.18, 818.79, -353.88, -1.15, 11.03, -0.15, 0.53079, 0.63941, -0.52829, -0.17415
63, 15, -79.779, -20.650, 113.162, 368.71, 818.30, -341.98, -2.73, 10.07, 2.28, 0.53593, 0.63501, -0.52990, -0.16955
63, 15, -79.912, -20.986, 113.251, 352.36, 836.43, -370.79, -1.72, 7.23, 6.21, 0.53631, 0.63357, -0.53186, -0.16758
63, 16, -80.060, -21.252, 113.398, 343.26, 820.37, -362.18, 1.21, 6.39, 8.11, 0.53613, 0.63259, -0.53375, -0.16586
63, 15, -80.136, -21.546, 113.483, 334.59, 802.55, -360.66, -1.93, 10.31, 11.09, 0.53648, 0.63154, -0.53523, -0.16391
63, 16, -80.193, -21.918, 113.719, 331.60, 776.67, -376.04, -7.13, 15.79, 12.12, 0.53628, 0.63100, -0.53706, -0.16066
63, 16, -80.159, -22.079, 114.230, 334.29, 791.75, -415.10, -6.20, 22.13, 8.36, 0.53402, 0.63295, -0.53808, -0.15706
63, 15, -79.782, -23.449, 113.795, 416.93, 796.14, -349.24, -2.45, 22.51, 6.16, 0.54121, 0.62753, -0.53970, -0.14840
63, 17, -79.316, -24.923, 112.433, 428.71, 779.05, -282.04, -6.87, 16.83, 9.13, 0.55365, 0.61757, -0.54004, -0.14296
63, 15, -78.644, -25.642, 110.213, 383.18, 763.49, -231.75, -18.23, 16.29, 12.48, 0.56843, 0.60704, -0.53595, -0.14543
63, 15, -77.698, -26.167, 106.886, 364.69, 733.70, -154.66, -33.42, 11.09, 10.91, 0.58850, 0.59255, -0.52843, -0.15271
63, 16, -77.078, -25.903, 103.739, 348.51, 760.99, -151.55, -51.34, 4.28, 9.28, 0.60479, 0.58006, -0.51995, -0.16556
63, 15, -77.589, -25.100, 102.785, 347.35, 834.11, -241.33, -58.42, -7.38, 7.13, 0.60683, 0.57597, -0.51813, -0.17764
63, 15, -78.325, -23.927, 102.933, 310.85, 909.55, -337.95, -56.02, -4.88, 12.04, 0.60190, 0.57818, -0.51769, -0.18820
63, 16, -79.691, -20.509, 105.132, 136.35, 1206.67, -587.77, -22.86, -22.09, -0.73, 0.57882, 0.59687, -0.51575, -0.20667
63, 15, -80.173, -19.827, 105.360, 326.11, 935.91, -286.56, -13.64, -13.13, -0.93, 0.57475, 0.59848, -0.51615, -0.21232
63, 17, -80.210, -18.740, 105.036, 245.73, 852.29, -245.73, -19.55, -3.71, 1.15, 0.57311, 0.60086, -0.51167, -0.22070
63, 15, -80.048, -18.998, 104.707, 317.32, 857.97, -251.04, -22.19, 4.01, 1.64, 0.57592, 0.59895, -0.51116, -0.21976
63, 15, -79.820, -19.048, 104.369, 290.53, 842.16, -239.07, -20.77, 7.35, 6.62, 0.57827, 0.59807, -0.50951, -0.21981
63, 16, -79.869, -17.330, 104.969, 161.50, 906.37, -332.58, -20.34, 9.45, 6.38, 0.56985, 0.60736, -0.50438, -0.22801
63, 15, -79.840, -12.949, 106.948, -70.50, 1134.16, -566.59, -2.84, 11.40, -29.46, 0.54525, 0.63292, -0.49138, -0.24629
63, 15, -79.442, -5.044, 109.670, -441.35, 1076.84, -616.39, 24.55, 0.91, -92.95, 0.50303, 0.67260, -0.46396, -0.28163
63, 16, -78.010, 2.737, 113.888, -199.89, 970.52, -668.03, 48.61, 3.14, -185.23, 0.45127, 0.71669, -0.43428, -0.30677
63, 16, -74.770, 8.750, 118.395, -89.42, 874.45, -631.35, 66.33, 41.25, -250.00, 0.40676, 0.75786, -0.40082, -0.31549
63, 15, -71.717, 9.846, 120.483, 193.24, 761.84, -341.55, 74.83, 56.68, -248.28, 0.39661, 0.77740, -0.38151, -0.30462
63, 16, -69.354, 6.448, 120.446, 554.26, 905.82, -181.40, 67.40, 86.26, -179.20, 0.41595, 0.77975, -0.37915, -0.27427
63, 15, -67.527, 1.395, 119.169, 754.94, 1036.87, -82.89, 58.07, 102.80, -126.93, 0.44686, 0.77204, -0.38415, -0.23811
63, 16, -66.769, -4.838, 115.655, 823.00, 976.44, 124.02, 28.65, 89.49, -66.23, 0.49210, 0.74692, -0.39726, -0.20527
63, 15, -67.749, -10.267, 110.433, 754.58, 1144.41, 160.10, -17.36, 36.06, -5.82, 0.53971, 0.70587, -0.41654, -0.19223
63, 15, -70.244, -12.968, 105.765, 446.23, 1051.57, 3.42, -41.12, -28.98, 4.98, 0.57090, 0.66588, -0.43471, -0.20420
63, 16, -74.144, -11.439, 104.463, 162.23, 942.38, -237.00, -34.03, -66.62, -18.50, 0.56646, 0.64931, -0.44809, -0.23819
63, 16, -77.254, -9.013, 104.261, 86.79, 925.96, -245.36, -16.22, -70.76, -26.14, 0.55314, 0.64400, -0.45487, -0.26906
63, 15, -79.647, -6.100, 104.590, 0.61, 924.87, -251.22, 0.22, -61.68, -22.99, 0.53553, 0.64548, -0.45672, -0.29661
63, 16, -80.905, -4.334, 105.475, 10.74, 911.62, -268.86, 16.22, -28.02, -15.30, 0.52086, 0.65013, -0.45865, -0.30932
63, 14, -81.833, -3.252, 106.438, 10.44, 924.13, -272.28, 26.57, -17.44, -4.67, 0.50881, 0.65410, -0.46196, -0.31599
63, 15, -82.649, -2.890, 104.815, 24.29, 976.56, -139.22, 17.85, -19.10, 5.86, 0.51434, 0.64470, -0.46049, -0.32828
63, 16, -83.377, -1.099, 102.320, -65.12, 1064.58, -99.49, -12.41, -24.31, -8.38, 0.51929, 0.63622, -0.44932, -0.35167
63, 15, -84.856, 3.342, 98.231, -273.86, 1031.62, 83.13, -36.98, -54.40, -44.45, 0.51965, 0.62611, -0.42361, -0.39813
63, 16, -86.407, 4.643, 98.257, 88.07, 959.96, -352.91, -78.90, -75.48, -86.20, 0.50878, 0.62459, -0.42598, -0.41179
63, 16, -88.573, 5.685, 98.186, 39.31, 995.36, -283.45, -54.05, -103.39, -66.02, 0.49691, 0.61948, -0.43253, -0.42690
63, 15, -90.830, 8.438, 92.027, -181.15, 952.64, 294.01, -57.17, -81.48, -46.12, 0.50896, 0.59327, -0.40686, -0.47272
63, 16, -92.674, 8.513, 93.520, 64.03, 1031.56, -474.98, -77.87, -107.25, -52.61, 0.49328, 0.59337, -0.42221, -0.47573
63, 15, -95.092, 11.332, 89.505, -270.20, 955.75, 193.18, -30.58, -95.88, -24.51, 0.49092, 0.57725, -0.40317, -0.51306
63, 15, -96.249, 12.091, 92.483, -48.52, 959.05, -515.44, -54.44, -100.72, -51.25, 0.46717, 0.58822, -0.41854, -0.51046
63, 16, -98.292, 14.782, 90.914, -199.77, 856.45, 24.41, 7.48, -105.36, -47.47, 0.45330, 0.58389, -0.40840, -0.53554
63, 15, -98.446, 15.923, 96.749, -83.01, 904.42, -774.90, -3.87, -93.27, -61.88, 0.41668, 0.60930, -0.43042, -0.51949
63, 15, -96.949, 17.309, 100.887, -172.85, 911.80, -363.16, 34.84, -48.31, -40.45, 0.39400, 0.63380, -0.43412, -0.50458
63, 17, -95.310, 17.261, 104.005, -93.26, 844.48, -342.71, 27.32, -36.16, -39.40, 0.38386, 0.65049, -0.43865, -0.48693
63, 15, -93.187, 16.018, 108.336, -71.47, 1092.29, -604.13, 45.55, -17.24, -18.20, 0.37392, 0.66985, -0.44999, -0.45716
63, 16, -90.954, 12.351, 112.364, 14.22, 1256.47, -575.56, 88.36, 17.21, 27.10, 0.37684, 0.68307, -0.46825, -0.41491
63, 15, -89.090, 7.616, 115.435, 26.06, 1292.42, -463.56, 124.31, 37.07, 69.68, 0.38767, 0.68960, -0.48713, -0.36995
63, 15, -87.595, 3.319, 117.559, -28.75, 1151.55, -335.94, 144.85, 48.71, 103.40, 0.39947, 0.69262, -0.50122, -0.33088
63, 16, -86.289, 0.966, 118.109, -146.18, 940.80, -132.02, 142.05, 57.58, 112.09, 0.41043, 0.69424, -0.50356, -0.30985
63, 15, -85.574, 1.540, 117.686, -329.53, 971.50, -81.54, 116.71, 29.04, 91.49, 0.41240, 0.69732, -0.49595, -0.31257
63, 15, -84.615, 3.084, 117.023, -224.79, 829.41, -155.03, 83.48, 0.05, 47.14, 0.41227, 0.70292, -0.48244, -0.32122
63, 17, -84.034, 4.365, 116.072, -120.67, 743.10, -204.41, 50.12, -23.03, 16.72, 0.41413, 0.70505, -0.47118, -0.33074
63, 15, -83.345, 6.164, 115.779, -134.95, 632.63, -241.70, 32.36, -21.49, 14.28, 0.41002, 0.71106, -0.45890, -0.34012
63, 14, -82.416, 9.991, 116.951, -228.58, 406.49, -237.43, 10.31, -10.12, 9.31, 0.38842, 0.72710, -0.44103, -0.35490
63, 16, -80.632, 16.154, 118.503, -439.15, 310.36, -291.14, -25.51, 9.77, -9.72, 0.35602, 0.74980, -0.40864, -0.37956
63, 15, -77.570, 20.082, 121.400, -331.79, 306.70, -438.05, -62.37, 23.25, -48.50, 0.32886, 0.77421, -0.38113, -0.38365
63, 15, -74.544, 21.721, 122.954, -289.49, 484.50, -549.56, -84.37, 30.32, -70.82, 0.32089, 0.78996, -0.35866, -0.37994
63, 16, -72.025, 21.536, 124.159, -241.33, 721.31, -720.28, -70.34, 29.91, -82.50, 0.32157, 0.80094, -0.34589, -0.36803
63, 15, -70.400, 19.946, 125.165, -127.38, 863.34, -701.29, -28.83, 28.22, -89.73, 0.32643, 0.80757, -0.34426, -0.35036
63, 18, -69.374, 17.520, 126.103, -27.16, 856.69, -607.60, 7.85, 34.25, -83.21, 0.33296, 0.81160, -0.34966, -0.32891
63, 15, -69.010, 13.668, 125.518, 85.33, 756.29, -412.29, 11.86, 44.21, -57.66, 0.35372, 0.80752, -0.36079, -0.30434
63, 14, -69.900, 8.912, 120.593, 208.13, 912.90, -188.96, -39.75, 35.94, -15.55, 0.40425, 0.78236, -0.37325, -0.29186
63, 16, -71.353, 4.583, 114.108, 207.95, 1054.14, -153.81, -91.24, 13.37, 16.44, 0.46015, 0.74543, -0.38460, -0.29101
63, 15, -73.032, 2.049, 107.999, 93.69, 1156.80, -195.01, -109.92, -14.56, 24.27, 0.50377, 0.70840, -0.39060, -0.30300
63, 15, -74.526, 2.121, 105.449, -19.04, 1282.59, -346.13, -51.37, -33.16, -14.00, 0.51505, 0.69214, -0.39248, -0.31880
63, 16, -76.173, -0.722, 101.645, 276.67, 1068.73, 1.65, -33.92, -52.30, 2.14, 0.54295, 0.66109, -0.40481, -0.32294
63, 15, -76.817, -4.908, 98.639, 200.50, 1026.49, -36.50, -32.26, -18.11, 68.44, 0.57219, 0.63137, -0.41977, -0.31267
63, 16, -77.314, -7.982, 95.868, 177.98, 1080.02, 7.75, -33.78, -35.57, 85.60, 0.59549, 0.60516, -0.42943, -0.30784
63, 16, -77.926, -12.156, 93.775, 330.44, 1101.56, 44.07, -30.46, -57.86, 98.25, 0.61696, 0.57677, -0.44667, -0.29526
63, 15, -78.394, -15.420, 92.569, 251.59, 1075.26, 13.18, -26.89, -79.99, 132.52, 0.63069, 0.55590, -0.46107, -0.28394
63, 16, -79.336, -17.459, 92.980, 191.83, 1017.09, -7.63, -9.61, -93.32, 145.58, 0.63179, 0.54623, -0.47585, -0.27576
63, 15, -80.249, -18.880, 92.811, 144.29, 937.38, 98.69, 11.53, -105.08, 142.30, 0.63410, 0.53567, -0.48606, -0.27334
63, 15, -82.164, -18.021, 95.486, -102.72, 981.14, -159.97, -4.75, -105.09, 154.99, 0.61455, 0.54556, -0.49782, -0.27725
63, 16, -83.737, -13.788, 99.008, -510.44, 1002.87, -301.76, 12.52, -89.85, 121.67, 0.58062, 0.57398, -0.49656, -0.29470
63, 15, -83.920, -9.821, 101.624, -292.30, 821.78, -248.96, 4.05, -65.50, 96.06, 0.55343, 0.60104, -0.48787, -0.30732
63, 16, -84.065, -4.652, 104.578, -550.66, 866.09, -464.97, -9.76, -57.28, 67.99, 0.51831, 0.63217, -0.47519, -0.32545
63, 16, -83.222, 0.274, 107.342, -437.19, 860.60, -497.68, -5.48, -29.86, 21.56, 0.48589, 0.66306, -0.45759, -0.33893
63, 15, -81.479, 4.064, 109.456, -294.56, 815.12, -426.21, -0.30, 2.10, -5.81, 0.46321, 0.68910, -0.43735, -0.34541
63, 15, -79.346, 6.500, 111.003, -239.56, 865.78, -398.25, 7.51, 28.25, -11.33, 0.45017, 0.70922, -0.41840, -0.34539
63, 15, -77.205, 9.288, 109.319, -391.30, 966.31, -186.83, -4.97, 60.59, -10.10, 0.45580, 0.71634, -0.38742, -0.35916
63, 15, -75.071, 13.759, 107.857, -527.65, 1025.45, -250.79, -30.27, 59.17, -59.38, 0.45363, 0.72640, -0.34823, -0.38118
63, 16, -72.897, 21.113, 106.565, -618.59, 951.66, -267.88, -54.69, 47.64, -160.63, 0.43888, 0.73955, -0.29334, -0.41761
63, 16, -71.436, 28.505, 105.327, -472.35, 888.49, -264.95, -70.54, 39.81, -238.85, 0.42068, 0.74715, -0.24063, -0.45485
63, 16, -69.440, 30.681, 104.794, -231.87, 919.49, -252.14, -69.78, 65.04, -250.00, 0.42261, 0.75106, -0.21380, -0.45999
63, 16, -67.432, 32.694, 104.106, -311.22, 963.93, -228.94, -74.44, 85.46, -247.94, 0.42649, 0.75340, -0.18691, -0.46428
63, 15, -66.684, 32.866, 101.672, -141.54, 949.28, -62.32, -71.45, 87.80, -243.11, 0.44470, 0.74543, -0.17118, -0.46613
63, 15, -65.410, 29.583, 100.815, 269.04, 1217.59, -163.21, -59.92, 91.01, -218.04, 0.46912, 0.74159, -0.17785, -0.44536
63, 16, -65.487, 25.467, 99.040, 227.23, 991.58, -43.21, -37.39, 73.26, -168.21, 0.49681, 0.73010, -0.19464, -0.42691
63, 15, -66.676, 20.915, 97.318, 193.79, 1285.89, -56.21, -17.74, 39.09, -99.69, 0.52096, 0.71448, -0.22137, -0.41123
63, 15, -68.012, 14.960, 96.398, 222.29, 1121.52, -144.90, -20.28, 13.02, -26.89, 0.54407, 0.69748, -0.25953, -0.38750
63, 16, -69.640, 9.946, 95.940, 47.97, 1067.20, -168.46, -16.59, -7.87, 17.03, 0.55921, 0.68104, -0.29521, -0.36921
63, 16, -71.412, 8.184, 96.614, -82.03, 985.90, -219.24, -11.86, -36.41, 9.17, 0.55567, 0.67552, -0.31729, -0.36637
63, 16, -72.426, 0.524, 102.789, 480.71, 1184.39, -745.30, 80.19, -10.65, 108.69, 0.54231, 0.68279, -0.38010, -0.30859
63, 15, -73.434, -5.355, 109.188, 13.55, 1237.00, -455.93, 167.75, 26.38, 199.42, 0.52105, 0.69294, -0.42832, -0.25473
63, 15, -74.483, -7.718, 113.337, -285.46, 1060.24, -182.50, 200.29, 33.35, 218.98, 0.50155, 0.70075, -0.45301, -0.22841
63, 16, -74.549, -8.207, 115.624, -409.12, 794.68, -37.72, 183.30, 64.40, 202.51, 0.48903, 0.70899, -0.45972, -0.21642
63, 15, -73.869, -8.223, 116.139, -310.49, 636.84, -37.54, 136.35, 84.77, 169.62, 0.48715, 0.71386, -0.45652, -0.21136
63, 15, -73.863, -5.372, 116.257, -435.79, 619.69, -87.59, 89.30, 47.52, 122.57, 0.47654, 0.72204, -0.44598, -0.22951
63, 16, -74.444, -1.357, 114.316, -347.84, 631.35, -68.24, 41.71, 17.56, 58.85, 0.47312, 0.72194, -0.42968, -0.26519
63, 16, -74.742, 1.303, 110.438, -231.45, 681.70, -32.35, -8.62, 15.28, 22.93, 0.48688, 0.71114, -0.41089, -0.29730
63, 15, -74.901, 2.213, 104.980, -146.67, 794.19, 16.97, -56.08, 19.37, 17.74, 0.51649, 0.68898, -0.39300, -0.32264
63, 16, -74.151, 2.537, 105.383, -169.56, 1459.41, -496.52, -17.35, 41.06, 8.57, 0.51499, 0.69418, -0.38810, -0.31981
63, 15, -73.998, 2.355, 105.128, -57.50, 973.27, -237.37, 14.57, 30.26, 1.17, 0.51762, 0.69308, -0.38732, -0.31890
63, 16, -73.651, 2.518, 100.976, -125.98, 990.42, 102.11, -11.39, 37.13, 12.13, 0.54282, 0.67544, -0.37266, -0.33202
63, 15, -74.361, 2.816, 97.480, -70.43, 1154.54, 17.88, -30.02, -7.35, -7.36, 0.56002, 0.65714, -0.36493, -0.34838
63, 14, -76.281, 2.539, 96.775, 87.65, 1173.34, -215.03, -46.06, -66.51, -43.78, 0.55906, 0.64672, -0.37508, -0.35850
63, 16, -80.509, 7.445, 87.519, -300.78, 878.91, 613.40, -74.74, -112.75, -76.81, 0.57732, 0.60227, -0.34031, -0.43377
63, 16, -83.885, 8.814, 90.617, 73.91, 962.46, -622.50, -75.64, -143.71, -104.84, 0.54273, 0.61135, -0.36273, -0.44735
63, 15, -85.411, 9.832, 94.207, -36.80, 811.40, -524.90, -53.33, -96.53, -55.76, 0.51327, 0.62607, -0.37971, -0.44767
63, 16, -86.226, 12.105, 99.157, -270.45, 868.16, -657.90, -4.66, -82.47, -29.34, 0.47281, 0.65120, -0.39209, -0.44570
63, 15, -86.073, 13.778, 102.432, -248.47, 813.35, -329.71, 30.24, -35.24, -16.78, 0.44709, 0.66931, -0.39569, -0.44223
63, 15, -85.494, 13.836, 106.859, -185.30, 936.58, -504.88, 50.71, -23.25, -14.47, 0.42279, 0.68829, -0.40874, -0.42479
63, 16, -85.209, 12.339, 111.292, -127.26, 1144.78, -559.39, 92.24, -18.88, 7.07, 0.40380, 0.70190, -0.42976, -0.39947
63, 15, -85.703, 9.319, 114.939, -77.39, 1220.52, -460.45, 140.46, -22.35, 48.81, 0.39367, 0.70590, -0.45799, -0.37011
63, 16, -85.710, 8.649, 116.481, -224.00, 1108.34, -213.68, 150.40, -19.97, 66.67, 0.38721, 0.70962, -0.46568, -0.36007
63, 16, -85.584, 8.764, 116.658, -212.04, 929.26, -105.04, 132.74, -16.10, 51.13, 0.38599, 0.71098, -0.46499, -0.35959
63, 15, -85.602, 7.254, 115.350, -38.76, 835.88, -21.06, 109.44, -19.39, 45.04, 0.40093, 0.70296, -0.46712, -0.35623
63, 16, -86.112, 6.797, 112.003, -108.89, 749.27, 111.33, 75.17, -30.04, 59.28, 0.42170, 0.68777, -0.46150, -0.36901
63, 15, -86.609, 7.228, 108.721, -148.25, 723.75, 10.93, 24.86, -44.98, 55.59, 0.43764, 0.67460, -0.45180, -0.38635
63, 15, -87.415, 8.071, 105.724, -133.54, 705.02, -65.92, -11.89, -72.27, 42.44, 0.44857, 0.66214, -0.44242, -0.40574
63, 16, -87.452, 8.979, 106.366, -142.76, 718.26, -299.13, -31.24, -74.52, 34.76, 0.44065, 0.66696, -0.44082, -0.40825
63, 15, -87.374, 9.892, 108.438, -156.80, 692.32, -440.43, -32.53, -74.02, 27.82, 0.42463, 0.67748, -0.44363, -0.40485
63, 15, -86.067, 10.742, 111.697, -172.79, 741.64, -596.68, -25.34, -59.21, 22.05, 0.40573, 0.69642, -0.44341, -0.39214
63, 17, -84.272, 11.190, 114.872, -191.22, 844.73, -735.41, -18.22, -36.08, 13.57, 0.39012, 0.71537, -0.44107, -0.37617
63, 15, -82.480, 10.217, 118.073, -91.25, 907.04, -823.24, -5.87, -24.49, 16.03, 0.38006, 0.73106, -0.44397, -0.35212
63, 14, -80.966, 7.967, 120.900, 2.87, 834.23, -767.70, 0.37, -14.06, 30.52, 0.37644, 0.74192, -0.45149, -0.32249
63, 16, -79.502, 5.186, 122.865, 30.40, 729.61, -635.99, -3.36, 2.95, 39.77, 0.37976, 0.74879, -0.45775, -0.29252
63, 15, -77.988, 3.250, 123.599, -23.19, 662.48, -513.73, -15.75, 14.86, 40.69, 0.38690, 0.75344, -0.45670, -0.27215
63, 16, -76.634, 2.480, 123.323, -61.16, 635.74, -449.77, -26.82, 15.18, 40.06, 0.39507, 0.75630, -0.44992, -0.26362
63, 15, -75.916, 1.757, 120.311, -49.68, 656.43, -328.37, -37.07, 7.03, 44.71, 0.41940, 0.74688, -0.44090, -0.26810
63, 16, -75.890, 0.723, 115.923, -24.35, 659.06, -197.02, -57.70, -5.75, 52.39, 0.45174, 0.72798, -0.43429, -0.27816
63, 15, -76.017, -0.987, 110.991, 18.19, 703.92, -170.96, -86.61, -16.85, 63.35, 0.48866, 0.70302, -0.42994, -0.28659
63, 15, -75.678, -2.130, 107.044, -5.37, 843.93, -259.22, -102.30, -18.85, 78.80, 0.51752, 0.68388, -0.42281, -0.29279
63, 15, -74.504, -0.947, 104.961, -58.47, 1411.07, -339.17, -46.71, -5.53, 17.67, 0.52885, 0.68187, -0.40512, -0.30209
63, 16, -74.959, -7.022, 108.090, 707.58, 791.81, -553.04, 3.04, -37.09, 25.07, 0.52976, 0.67730, -0.44199, -0.25547
63, 15, -74.489, -8.068, 110.001, -115.36, 800.17, -283.94, 48.77, 23.86, 152.31, 0.52288, 0.68480, -0.44763, -0.23932
63, 15, -73.455, -4.526, 110.087, -651.43, 947.33, -261.54, 20.71, 34.87, 106.70, 0.51276, 0.69921, -0.42696, -0.25669
63, 16, -71.801, -5.170, 111.651, -3.11, 898.62, -462.28, -3.14, 52.72, 45.72, 0.50888, 0.71058, -0.42285, -0.23941
63, 16, -69.699, -6.003, 114.926, -107.60, 769.84, -562.01, 26.57, 106.17, 71.21, 0.49515, 0.73049, -0.41947, -0.21274
63, 16, -66.697, -6.792, 117.080, -173.28, 752.20, -513.12, 26.84, 163.00, 76.65, 0.48897, 0.74861, -0.40694, -0.18680
63, 15, -63.393, -5.721, 118.624, -359.86, 861.76, -554.32, 37.85, 182.80, 46.80, 0.48073, 0.76902, -0.38334, -0.17482
63, 15, -59.245, -7.922, 116.184, 23.62, 1108.64, -265.44, 46.18, 204.56, 10.44, 0.50902, 0.76704, -0.36079, -0.14959
63, 16, -55.885, -4.366, 116.468, -436.71, 969.42, -433.72, 50.42, 183.95, -28.78, 0.50262, 0.78573, -0.32377, -0.15866
63, 15, -52.303, -4.577, 113.632, 111.45, 1123.17, -129.03, 53.94, 173.29, -98.65, 0.52733, 0.78228, -0.29636, -0.14877
63, 15, -50.815, -3.467, 110.033, 119.26, 1125.73, 23.13, 49.74, 102.79, -116.18, 0.55131, 0.77108, -0.27640, -0.15841
63, 16, -51.786, 3.043, 107.114, -270.02, 1083.01, -50.96, 42.66, 64.04, -168.30, 0.55453, 0.76552, -0.24681, -0.21345
63, 16, -53.658, 9.131, 103.594, -148.13, 1036.62, 25.33, 22.81, 27.44, -243.80, 0.55825, 0.75320, -0.22072, -0.26893
63, 15, -55.840, 9.723, 101.063, 381.90, 1140.56, -25.63, 6.76, 15.14, -250.00, 0.56775, 0.73733, -0.22562, -0.28826
63, 16, -58.931, 9.254, 97.290, 434.20, 1167.91, 83.25, -17.36, -11.31, -215.87, 0.58491, 0.71136, -0.23789, -0.30863
63, 15, -63.660, 8.117, 92.357, 395.32, 1143.86, 126.16, -55.54, -71.74, -174.13, 0.60480, 0.67329, -0.25892, -0.33743
63, 16, -69.091, 5.186, 90.388, 532.96, 1218.57, -167.24, -65.12, -128.47, -119.89, 0.60872, 0.64265, -0.30063, -0.35508
63, 15, -74.367, 3.718, 84.816, 181.64, 1029.30, 355.83, -53.00, -134.61, -63.93, 0.62624, 0.59415, -0.31922, -0.39104
63, 15, -78.869, 2.718, 86.938, 178.16, 1116.15, -382.93, -62.88, -154.27, -50.59, 0.60290, 0.58910, -0.35538, -0.40396
63, 16, -82.302, 4.609, 85.188, -77.45, 897.46, 118.10, -22.35, -151.04, -16.33, 0.59269, 0.57563, -0.35614, -0.43649
63, 16, -85.424, 6.673, 90.758, -211.55, 895.51, -656.37, -28.65, -166.80, -9.67, 0.54441, 0.60015, -0.38261, -0.44390
63, 15, -87.768, 10.347, 93.910, -375.06, 842.10, -257.08, 16.85, -140.43, 13.14, 0.50338, 0.61843, -0.38869, -0.46160
63, 16, -88.274, 13.559, 99.225, -443.48, 717.65, -603.45, 0.37, -97.16, 22.12, 0.45785, 0.64845, -0.39678, -0.46093
63, 15, -87.602, 17.255, 103.418, -607.60, 863.22, -534.97, 23.75, -48.23, 12.73, 0.41923, 0.67635, -0.39160, -0.46200
63, 15, -85.333, 19.188, 107.713, -564.94, 1008.67, -686.04, 12.73, 6.20, -0.92, 0.39322, 0.70354, -0.38563, -0.44912
63, 16, -83.130, 18.459, 111.639, -310.85, 1214.90, -548.40, 69.69, 28.27, -24.21, 0.38063, 0.72287, -0.39033, -0.42453
63, 15, -81.413, 15.187, 114.972, -118.10, 1224.67, -453.98, 112.51, 46.07, -1.53, 0.38070, 0.73406, -0.40605, -0.38903
63, 16, -79.765, 10.732, 116.919, 14.40, 1131.16, -255.37, 137.52, 50.45, 34.36, 0.39348, 0.73841, -0.42090, -0.35037
63, 16, -78.711, 5.854, 117.330, 64.15, 993.84, -117.55, 135.71, 55.25, 74.70, 0.41484, 0.73404, -0.43536, -0.31552
63, 15, -77.533, -0.122, 116.912, 131.84, 871.58, -85.88, 114.94, 64.86, 110.77, 0.44478, 0.72350, -0.45041, -0.27543
63, 16, -76.368, -6.041, 115.300, 135.93, 782.53, -51.45, 82.43, 60.08, 138.18, 0.47977, 0.70632, -0.46217, -0.23943
63, 15, -75.130, -11.579, 112.810, 129.09, 725.77, -89.90, 28.79, 55.47, 162.16, 0.51637, 0.68437, -0.47067, -0.20849
63, 15, -74.272, -16.965, 109.305, 161.99, 659.55, -56.70, -14.08, 27.05, 177.44, 0.55495, 0.65402, -0.47997, -0.18419
63, 16, -74.351, -18.509, 106.927, 13.85, 598.57, -128.30, -52.78, -4.93, 179.73, 0.57259, 0.63659, -0.48249, -0.18465
63, 15, -75.639, -17.920, 106.289, -79.90, 617.55, -226.68, -78.54, -37.12, 165.31, 0.57231, 0.63007, -0.48627, -0.19753
63, 15, -77.719, -16.425, 106.464, -136.72, 723.27, -353.70, -93.33, -50.22, 145.55, 0.56321, 0.62741, -0.49221, -0.21651
63, 17, -79.456, -13.470, 108.032, -322.75, 843.20, -581.60, -84.75, -51.06, 116.33, 0.54177, 0.63791, -0.49355, -0.23659
63, 16, -79.700, -10.265, 110.084, -338.44, 883.06, -654.66, -55.58, -17.76, 81.74, 0.51876, 0.65710, -0.48700, -0.24887
63, 16, -78.692, -7.131, 112.245, -276.67, 843.26, -607.30, -27.20, 12.98, 46.88, 0.49719, 0.68068, -0.47382, -0.25490
63, 14, -77.020, -3.511, 113.475, -239.93, 766.36, -453.13, -13.10, 25.49, 11.68, 0.48030, 0.70297, -0.45237, -0.26553
63, 15, -75.182, 0.660, 112.315, -201.17, 724.06, -270.39, -22.77, 23.86, -27.83, 0.47646, 0.71586, -0.42116, -0.28836
63, 16, -73.648, 4.303, 108.610, -120.18, 862.49, -215.82, -67.54, 12.54, -77.16, 0.49012, 0.71430, -0.38587, -0.31728
63, 15, -73.502, -1.331, 107.036, 789.73, 1904.54, -458.50, -25.63, 5.71, 31.17, 0.52030, 0.69388, -0.40617, -0.28782
63, 15, -73.114, 7.276, 108.805, -959.66, 1034.79, -490.11, 16.98, -8.76, -52.36, 0.47929, 0.72346, -0.36943, -0.33228
63, 17, -71.096, 19.102, 109.600, -763.00, 858.34, -425.60, -24.80, -2.12, -248.71, 0.43385, 0.75302, -0.30240, -0.39151
63, 15, -67.522, 23.372, 111.688, -245.18, 809.75, -414.31, -29.09, 71.83, -250.00, 0.41476, 0.77431, -0.26469, -0.39794
63, 15, -64.358, 27.848, 113.718, -456.12, 937.68, -415.28, -9.45, 94.16, -250.00, 0.39378, 0.79108, -0.22809, -0.40879
63, 16, -63.805, 31.132, 112.552, -323.73, 813.78, -149.29, -0.78, 63.64, -250.00, 0.39037, 0.78910, -0.20362, -0.42833
63, 16, -63.656, 29.038, 111.027, 251.95, 1100.46, -120.18, -9.06, 54.43, -250.00, 0.40997, 0.78343, -0.20759, -0.41842
63, 16, -63.761, 26.660, 108.705, 348.69, 1352.84, -48.34, -13.06, 60.74, -233.68, 0.43492, 0.77350, -0.21213, -0.40932
63, 15, -66.010, 21.630, 104.099, 351.87, 1295.65, 75.99, -35.99, 30.97, -113.89, 0.47733, 0.74630, -0.23718, -0.39866
63, 15, -68.620, 15.319, 99.487, 313.78, 1243.59, 40.28, -42.12, -1.32, -35.93, 0.52172, 0.71109, -0.27173, -0.38513
63, 17, -70.813, 9.129, 98.185, 334.96, 1319.95, -197.63, -22.35, -35.94, 20.55, 0.54492, 0.68691, -0.31375, -0.36439
63, 15, -73.404, 3.565, 99.473, 181.40, 1325.01, -244.14, 39.99, -65.43, 83.30, 0.54876, 0.67183, -0.36163, -0.34166
63, 15, -75.746, -0.394, 99.780, -2.81, 1209.84, 10.19, 87.29, -68.08, 133.41, 0.55374, 0.65461, -0.39549, -0.32930
63, 16, -77.314, -2.651, 98.835, -161.99, 1080.81, 195.31, 81.41, -60.21, 161.58, 0.56225, 0.63767, -0.41241, -0.32736
63, 15, -78.853, -5.062, 97.823, -95.52, 1016.60, 135.99, 54.60, -78.19, 169.26, 0.57149, 0.61925, -0.42933, -0.32497
63, 15, -80.757, -5.361, 97.552, -257.75, 981.93, 48.83, 30.80, -104.01, 177.00, 0.56847, 0.60967, -0.44015, -0.33378
63, 16, -82.695, -3.363, 97.327, -413.33, 857.36, 5.43, 6.35, -114.70, 157.94, 0.55689, 0.60795, -0.44051, -0.35527
63, 14, -84.405, 0.038, 97.630, -377.56, 750.49, -108.09, -26.47, -126.31, 121.17, 0.53726, 0.61432, -0.43474, -0.38074
63, 17, -85.448, 2.022, 97.535, -269.10, 714.48, -150.70, -53.78, -108.12, 118.12, 0.52657, 0.61648, -0.43067, -0.39648
63, 16, -85.838, 4.571, 97.399, -390.81, 721.68, -207.09, -73.70, -85.84, 122.29, 0.51578, 0.62263, -0.42014, -0.41204
63, 14, -85.733, 7.677, 97.795, -472.29, 748.47, -318.54, -87.95, -71.95, 98.05, 0.50126, 0.63436, -0.40595, -0.42606
63, 16, -84.980, 10.887, 99.033, -445.43, 722.53, -409.00, -88.63, -53.86, 60.42, 0.48359, 0.65157, -0.39057, -0.43481
63, 15, -83.671, 14.152, 100.738, -410.46, 682.50, -432.43, -81.50, -35.96, 25.99, 0.46458, 0.67157, -0.37327, -0.44026
63, 15, -81.309, 14.890, 105.295, -320.62, 1046.20, -924.74, -35.17, -7.24, -1.91, 0.44296, 0.69902, -0.37260, -0.41991
63, 16, -79.145, 11.766, 105.111, -80.38, 1337.40, -277.47, 6.46, 44.43, 21.93, 0.46516, 0.69844, -0.37388, -0.39499
63, 15, -77.040, 13.784, 108.324, -371.22, 885.68, -475.65, 5.78, 14.19, 5.65, 0.44397, 0.72217, -0.36213, -0.38758
63, 16, -75.117, 15.289, 109.131, -252.08, 823.43, -271.55, 12.87, 28.64, -20.19, 0.43903, 0.73399, -0.34543, -0.38625
63, 16, -71.967, 15.008, 112.111, -316.83, 942.20, -549.74, 1.38, 77.59, -7.64, 0.43114, 0.75422, -0.33606, -0.36378
63, 15, -68.277, 17.144, 117.793, -531.86, 833.62, -770.32, 48.07, 85.01, -51.45, 0.39575, 0.78803, -0.31906, -0.34727
63, 16, -64.187, 20.391, 122.224, -471.31, 716.55, -455.02, 77.18, 119.89, -109.88, 0.36427, 0.81617, -0.28944, -0.34264
63, 16, -60.353, 18.308, 127.094, -184.02, 662.41, -524.66, 76.64, 137.57, -101.65, 0.34771, 0.83996, -0.28419, -0.30463
63, 15, -58.726, 13.685, 124.610, 89.60, 1122.62, -101.14, 61.80, 146.12, -83.65, 0.38614, 0.83358, -0.28473, -0.27380
63, 16, -58.633, 10.894, 119.814, 99.67, 1285.52, 235.23, 57.29, 97.40, -75.13, 0.43010, 0.81437, -0.28445, -0.26627
63, 15, -59.834, 7.533, 114.346, 154.54, 1218.51, 55.24, 4.89, 60.49, -49.78, 0.47628, 0.78567, -0.29508, -0.26232
63, 16, -61.949, 6.904, 107.654, -13.06, 1174.01, 361.02, 2.29, 15.22, -45.44, 0.51808, 0.75018, -0.29625, -0.28471
63, 16, -63.487, 5.380, 101.802, 12.63, 1140.93, 155.52, -39.09, 15.17, -19.71, 0.55636, 0.71590, -0.29884, -0.29773
63, 15, -64.990, 4.855, 97.761, -90.82, 1073.30, 20.57, -36.80, -1.90, -3.72, 0.57878, 0.69084, -0.30003, -0.31262
63, 14, -65.703, 6.752, 96.272, -291.02, 947.39, -59.81, -10.99, 12.37, 12.05, 0.57984, 0.68567, -0.29000, -0.33097
63, 16, -66.963, 11.268, 93.057, -416.44, 1002.44, 50.72, -40.98, -9.76, -65.71, 0.58042, 0.67610, -0.26276, -0.37009
63, 15, -69.386, 17.121, 88.663, -460.94, 946.47, 122.86, -63.54, -36.12, -124.63, 0.57724, 0.66096, -0.22801, -0.42184
63, 15, -71.879, 21.109, 86.958, -343.02, 971.37, -82.40, -75.32, -54.47, -149.83, 0.56249, 0.65593, -0.21215, -0.45646
63, 16, -74.008, 22.397, 86.278, -254.82, 1041.20, -77.21, -45.41, -47.13, -126.04, 0.55265, 0.65136, -0.21383, -0.47390
63, 16, -78.177, 25.125, 79.831, -346.25, 861.08, 332.46, -65.80, -50.35, -133.35, 0.55922, 0.61890, -0.19245, -0.51691
63, 16, -79.083, 26.271, 82.143, -179.08, 1135.68, -537.60, -87.07, -71.95, -148.46, 0.53768, 0.63117, -0.20084, -0.52172
63, 16, -83.744, 29.046, 76.303, -386.35, 751.34, 259.09, -60.55, -63.01, -133.69, 0.53500, 0.60305, -0.18117, -0.56327
63, 15, -85.743, 30.421, 78.059, -288.76, 1065.92, -424.87, -78.90, -105.96, -156.46, 0.50962, 0.61150, -0.19198, -0.57402
63, 16, -91.524, 32.654, 72.442, -491.33, 795.72, 253.05, -51.22, -93.82, -128.97, 0.49862, 0.58386, -0.17921, -0.61512
63, 15, -91.413, 32.743, 77.281, -288.09, 1064.15, -582.89, -41.86, -84.77, -110.44, 0.47369, 0.60484, -0.20389, -0.60680
63, 15, -91.762, 33.810, 79.251, -435.06, 877.81, -65.73, -16.61, -52.64, -76.16, 0.45620, 0.61524, -0.20975, -0.60775
63, 17, -91.730, 34.308, 80.828, -388.73, 827.82, -129.76, -42.28, -53.62, -71.24, 0.44541, 0.62287, -0.21495, -0.60617
63, 15, -90.221, 33.651, 84.834, -388.73, 970.95, -307.37, -15.86, -36.68, -44.26, 0.43447, 0.63949, -0.23146, -0.59051
63, 17, -88.683, 33.033, 88.143, -442.38, 910.71, -217.65, -5.66, -18.48, -20.60, 0.42669, 0.65364, -0.24324, -0.57578
63, 15, -87.963, 32.998, 89.585, -528.69, 861.02, -76.11, -3.98, -12.33, -3.06, 0.42220, 0.66045, -0.24652, -0.56990
63, 15, -88.031, 33.802, 88.739, -578.67, 842.96, 12.63, -21.39, -7.19, 4.20, 0.42274, 0.65894, -0.23802, -0.57483
63, 15, -88.097, 33.809, 86.937, -572.63, 843.93, 39.18, -38.42, 4.75, 13.73, 0.43268, 0.65210, -0.22928, -0.57878
63, 15, -83.934, 32.821, 92.533, -558.72, 906.68, -450.74, -12.70, 33.65, 23.15, 0.42548, 0.67952, -0.23837, -0.54808
63, 16, -80.676, 29.373, 97.070, -495.24, 1037.29, -182.74, 51.83, 65.30, 53.15, 0.42982, 0.69740, -0.25934, -0.51149
63, 17, -78.364, 25.520, 99.420, -555.97, 1185.00, -92.83, 73.54, 84.60, 80.40, 0.44322, 0.70523, -0.27658, -0.47927
63, 15, -76.036, 20.804, 102.090, -412.90, 1260.62, -121.03, 96.06, 89.81, 92.55, 0.45683, 0.71346, -0.29810, -0.43978
63, 15, -73.671, 15.607, 105.015, -339.23, 1215.33, -155.21, 121.66, 97.96, 123.92, 0.46881, 0.72245, -0.32066, -0.39428
63, 16, -71.845, 11.297, 107.849, -350.52, 1144.17, -142.94, 145.58, 95.60, 154.81, 0.47381, 0.73144, -0.33954, -0.35386
63, 15, -70.807, 7.964, 110.289, -370.97, 1046.57, -109.62, 154.32, 81.78, 169.05, 0.47383, 0.73833, -0.35578, -0.32215
63, 16, -70.087, 5.446, 112.467, -344.91, 949.95, -147.28, 143.98, 71.54, 165.39, 0.47091, 0.74465, -0.36839, -0.29669
63, 15, -69.542, 3.520, 114.871, -299.50, 893.37, -245.30, 128.67, 62.68, 155.05, 0.46349, 0.75240, -0.37919, -0.27439
63, 15, -70.453, 1.556, 118.371, -208.68, 844.67, -369.45, 128.09, 40.68, 143.10, 0.44535, 0.75922, -0.40135, -0.25330
63, 17, -71.781, 0.906, 122.444, -202.03, 673.71, -378.91, 136.02, 18.47, 133.64, 0.41772, 0.76849, -0.42146, -0.23938
63, 15, -73.316, 1.842, 126.116, -222.17, 533.94, -338.13, 129.59, -0.04, 118.29, 0.38618, 0.77742, -0.43609, -0.23729
63, 15, -74.530, 4.301, 128.703, -270.20, 448.55, -296.14, 107.70, -4.83, 97.70, 0.35611, 0.78547, -0.44136, -0.24784
63, 16, -75.189, 6.878, 130.715, -283.20, 440.37, -345.03, 77.32, -0.96, 77.82, 0.33006, 0.79295, -0.44163, -0.25934
63, 15, -75.323, 8.380, 131.242, -238.95, 489.32, -374.08, 44.91, 11.12, 63.57, 0.31971, 0.79602, -0.43870, -0.26774
63, 15, -75.105, 8.503, 130.680, -177.19, 565.37, -427.12, 21.85, 16.82, 55.39, 0.32360, 0.79544, -0.43545, -0.27009
63, 16, -74.863, 8.411, 129.401, -179.26, 620.91, -431.88, 10.35, 19.57, 51.03, 0.33342, 0.79256, -0.43106, -0.27362
63, 15, -74.027, 7.463, 127.932, -148.07, 683.29, -466.67, 6.00, 29.15, 42.63, 0.34952, 0.78995, -0.42514, -0.27032
63, 17, -72.904, 7.218, 126.879, -167.60, 766.54, -490.11, 15.30, 37.85, 22.51, 0.36043, 0.79044, -0.41580, -0.26908
63, 15, -71.409, 5.991, 126.400, -118.41, 817.63, -525.51, 28.93, 53.22, 11.80, 0.37207, 0.79243, -0.40884, -0.25782
63, 15, -70.049, 2.909, 125.676, 25.57, 845.21, -454.16, 38.13, 64.70, 11.55, 0.39183, 0.78988, -0.40905, -0.23504
64, 8, -82.020, -23.178, 112.739, 368.10, 780.88, -350.28, -8.77, -3.15, 0.21, 0.54301, 0.61294, -0.54952, -0.16577
64, 26, -82.375, -23.116, 112.574, 383.42, 853.45, -365.66, -10.70, -5.15, 7.58, 0.54317, 0.61069, -0.55099, -0.16863
64, 17, -82.599, -23.150, 112.473, 372.07, 834.66, -348.45, -9.30, -8.03, 11.55, 0.54349, 0.60901, -0.55213, -0.16996
64, 15, -82.810, -23.274, 112.380, 356.63, 793.33, -329.71, -9.67, -8.53, 13.76, 0.54407, 0.60706, -0.55350, -0.17062
64, 15, -83.070, -23.514, 111.998, 361.76, 769.53, -299.26, -11.85, -17.37, 12.07, 0.54646, 0.60305, -0.55504, -0.17216
64, 17, -83.352, -23.493, 112.031, 367.37, 793.52, -339.66, -15.74, -13.79, 8.60, 0.54580, 0.60192, -0.55651, -0.17349
64, 15, -83.563, -23.459, 111.892, 387.51, 848.27, -352.11, -16.89, -14.97, 10.14, 0.54609, 0.60037, -0.55730, -0.17538
64, 15, -83.604, -23.595, 112.076, 388.24, 871.40, -382.02, -12.62, -3.44, 17.39, 0.54551, 0.60050, -0.55821, -0.17382
64, 16, -82.713, -24.788, 110.913, 407.78, 837.89, -296.81, -14.40, 6.61, 28.27, 0.55668, 0.59450, -0.55552, -0.16756
64, 16, -81.543, -26.992, 109.568, 442.44, 779.72, -269.29, -23.35, 26.78, 37.48, 0.57184, 0.58459, -0.55450, -0.15421
64, 15, -81.318, -27.434, 109.603, 356.26, 770.94, -325.99, -22.80, 21.35, 41.33, 0.57323, 0.58404, -0.55478, -0.15007
64, 16, -80.780, -28.156, 109.012, 392.52, 761.90, -282.71, -22.90, 21.13, 34.52, 0.57896, 0.58068, -0.55355, -0.14560
64, 15, -80.477, -28.773, 108.864, 408.87, 775.02, -314.64, -24.45, 22.99, 32.59, 0.58179, 0.57883, -0.55376, -0.14081
64, 17, -79.861, -29.404, 108.226, 406.80, 769.84, -283.33, -24.86, 28.83, 34.78, 0.58744, 0.57590, -0.55188, -0.13667
64, 15, -79.007, -29.965, 107.247, 409.06, 770.14, -268.98, -29.50, 36.28, 33.59, 0.59480, 0.57259, -0.54824, -0.13336
64, 15, -78.071, -30.072, 106.225, 394.53, 779.05, -263.24, -30.57, 40.57, 28.72, 0.60125, 0.57126, -0.54274, -0.13265
64, 16, -76.886, -30.790, 104.036, 442.26, 779.66, -201.42, -34.44, 44.46, 24.35, 0.61513, 0.56217, -0.53678, -0.13207
64, 16, -76.001, -30.843, 102.434, 421.45, 791.93, -209.23, -39.41, 44.92, 21.16, 0.62410, 0.55741, -0.53078, -0.13440
64, 15, -75.400, -30.636, 101.250, 424.99, 800.90, -216.37, -41.54, 40.55, 13.28, 0.63013, 0.55458, -0.52571, -0.13789
64, 16, -74.957, -30.261, 100.214, 417.91, 784.79, -202.88, -42.66, 35.55, 5.62, 0.63490, 0.55249, -0.52090, -0.14254
64, 15, -74.959, -28.990, 99.935, 434.02, 961.61, -292.05, -43.50, 30.17, -2.13, 0.63363, 0.55631, -0.51573, -0.15182
64, 15, -74.605, -29.009, 99.223, 542.72, 968.08, -231.51, -35.81, 31.17, -3.07, 0.63759, 0.55387, -0.51315, -0.15293
64, 16, -73.994, -28.465, 98.599, 407.84, 867.31, -197.51, -29.29, 41.01, 7.35, 0.64034, 0.55539, -0.50721, -0.15571
64, 15, -74.337, -24.097, 100.796, 120.00, 1028.02, -430.18, -1.12, 33.01, -26.28, 0.61949, 0.58372, -0.49473, -0.17533
64, 16, -75.717, -17.625, 104.668, 47.55, 1224.73, -544.74, 45.61, -10.55, -82.17, 0.58021, 0.62265, -0.48267, -0.20663
64, 17, -76.638, -10.520, 109.077, 112.00, 996.70, -486.69, 86.87, -33.12, -177.07, 0.53193, 0.66443, -0.46819, -0.23744
64, 15, -76.349, -1.739, 112.808, -5.80, 896.55, -398.38, 107.65, -31.06, -246.60, 0.47944, 0.70748, -0.43954, -0.27642
64, 16, -76.007, 1.991, 114.982, 263.43, 913.33, -271.30, 124.76, -29.92, -250.00, 0.45253, 0.72679, -0.42758, -0.29013
64, 15, -76.339, 5.884, 117.358, 212.46, 896.12, -300.42, 128.85, -57.11, -250.00, 0.42097, 0.74306, -0.42003, -0.30695
64, 15, -76.895, 7.435, 119.488, 457.95, 838.68, -260.13, 125.63, -77.06, -250.00, 0.39919, 0.75166, -0.42314, -0.31080
64, 16, -77.264, 7.433, 119.861, 761.78, 847.78, -133.18, 92.46, -78.60, -250.00, 0.39575, 0.75159, -0.42658, -0.31068
64, 15, -78.826, 4.765, 118.343, 721.80, 943.91, -67.32, 61.19, -62.88, -134.90, 0.41259, 0.73495, -0.44318, -0.30531
64, 15, -80.913, 0.859, 114.773, 533.02, 1052.25, -34.12, 22.26, -56.16, -36.04, 0.44564, 0.70416, -0.46222, -0.30317
64, 17, -83.410, -0.577, 111.453, 255.55, 1056.34, -66.96, 13.73, -83.50, -11.73, 0.46477, 0.67689, -0.47400, -0.31802
64, 15, -85.663, -0.437, 110.186, 88.01, 945.86, -264.59, 9.96, -93.51, -15.11, 0.46519, 0.66275, -0.48300, -0.33327
64, 15, -87.415, 1.238, 110.340, 10.68, 906.25, -300.54, 25.24, -96.95, -25.17, 0.45195, 0.66087, -0.48683, -0.34927
64, 15, -89.120, 4.868, 111.332, -152.77, 880.19, -322.51, 39.06, -99.55, -20.48, 0.42467, 0.66776, -0.48510, -0.37205
64, 15, -89.691, 6.284, 112.828, -93.38, 863.22, -369.14, 39.19, -64.54, -12.21, 0.40751, 0.67460, -0.48758, -0.37565
64, 16, -90.262, 7.922, 111.488, -166.69, 926.94, -233.89, 28.96, -49.29, -0.27, 0.40578, 0.67177, -0.47972, -0.39236
64, 15, -90.158, 8.454, 108.435, -177.73, 1009.77, -158.87, -14.27, -12.94, 10.49, 0.42142, 0.66261, -0.46620, -0.40745
64, 15, -89.402, 9.164, 104.410, -170.78, 1053.59, -181.76, -61.99, -17.33, 2.11, 0.44399, 0.65239, -0.44410, -0.42430
64, 17, -88.757, 10.158, 101.264, -169.43, 1059.94, -234.68, -86.85, -35.71, -12.02, 0.45975, 0.64527, -0.42398, -0.43875
64, 15, -89.992, 13.121, 91.412, -277.65, 963.87, 362.12, -155.26, -36.78, -51.25, 0.49553, 0.60883, -0.37593, -0.49240
64, 15, -91.377, 15.136, 90.442, -227.17, 1056.09, -297.79, -115.71, -93.36, -61.01, 0.48569, 0.60658, -0.36848, -0.51028
64, 16, -92.353, 16.894, 90.547, -105.77, 1028.56, -625.55, -160.24, -101.43, -95.25, 0.47277, 0.60945, -0.36488, -0.52145
64, 15, -94.459, 18.647, 89.040, -81.36, 968.81, -425.11, -165.07, -130.32, -116.10, 0.46286, 0.60221, -0.35972, -0.54194
64, 17, -100.053, 20.026, 80.977, -126.04, 746.22, 268.80, -99.69, -155.21, -98.23, 0.46944, 0.55707, -0.34059, -0.59439
64, 15, -99.898, 21.167, 85.616, -101.50, 1062.38, -869.26, -85.98, -104.96, -70.82, 0.44180, 0.58012, -0.35752, -0.58348
64, 16, -102.384, 23.029, 79.958, -239.14, 700.26, 300.84, -48.56, -65.73, -51.25, 0.44789, 0.55746, -0.33015, -0.61614
64, 16, -100.877, 23.798, 84.883, -210.39, 1000.49, -514.47, -35.04, -54.10, -51.49, 0.42762, 0.58350, -0.34457, -0.59829
64, 15, -98.119, 23.760, 88.102, -293.21, 880.86, -141.36, -3.74, 14.11, 0.62, 0.42529, 0.60368, -0.34700, -0.57817
64, 15, -94.638, 20.968, 94.583, -133.61, 1052.00, -482.36, 42.01, 21.87, 28.97, 0.42107, 0.63012, -0.37452, -0.53422
64, 16, -91.480, 18.202, 101.392, -261.47, 1248.60, -473.21, 109.70, 37.76, 53.18, 0.41041, 0.65796, -0.40114, -0.48759
64, 15, -88.870, 14.580, 107.893, -174.38, 1109.07, -360.05, 161.09, 45.21, 63.87, 0.40042, 0.68142, -0.42935, -0.43702
64, 15, -87.305, 11.682, 112.383, -174.74, 954.71, -253.48, 184.88, 23.72, 68.04, 0.39291, 0.69617, -0.44922, -0.39896
64, 16, -86.088, 11.237, 116.013, -260.62, 842.71, -204.90, 181.34, 19.02, 70.24, 0.37683, 0.71218, -0.45594, -0.37805
64, 16, -84.604, 10.552, 117.254, -250.12, 756.47, -95.52, 152.44, 54.18, 67.73, 0.37707, 0.72072, -0.45350, -0.36431
64, 16, -82.451, 10.369, 118.381, -299.01, 769.90, -180.36, 118.98, 76.98, 57.46, 0.37749, 0.73250, -0.44411, -0.35173
64, 15, -80.741, 11.159, 117.706, -312.56, 746.77, -62.81, 100.43, 70.65, 30.18, 0.38352, 0.73827, -0.42782, -0.35332
64, 15, -79.676, 14.415, 115.113, -391.42, 690.67, 18.74, 49.64, 44.36, -14.12, 0.38911, 0.73927, -0.39875, -0.37825
64, 16, -78.552, 18.184, 112.038, -392.46, 626.16, -18.31, 1.67, 49.34, -38.67, 0.39594, 0.73882, -0.36386, -0.40619
64, 15, -76.204, 21.887, 111.702, -375.55, 558.65, -230.22, -41.76, 64.13, -57.65, 0.39002, 0.75020, -0.32979, -0.41990
64, 15, -73.589, 23.228, 112.858, -282.84, 587.16, -383.18, -69.74, 52.26, -80.99, 0.38598, 0.76303, -0.31026, -0.41538
64, 17, -71.918, 24.548, 114.139, -331.30, 801.82, -605.04, -74.08, 15.11, -104.13, 0.37767, 0.77304, -0.29734, -0.41398
64, 16, -71.095, 24.316, 115.345, -202.27, 1007.81, -711.55, -49.68, -3.28, -117.24, 0.37345, 0.77893, -0.29719, -0.40680
64, 15, -71.083, 22.947, 115.971, -101.62, 1024.96, -577.51, -17.80, -5.03, -106.55, 0.37512, 0.77984, -0.30576, -0.39705
64, 16, -71.320, 19.429, 115.032, 28.99, 995.00, -392.94, -15.28, 22.53, -67.02, 0.39558, 0.77248, -0.32060, -0.37948
64, 15, -71.793, 15.875, 112.673, -22.40, 964.42, -274.96, -27.25, 36.54, -28.45, 0.42447, 0.75811, -0.33265, -0.36666
64, 16, -73.484, 12.160, 106.634, 47.73, 906.62, -4.27, -68.59, 10.19, -0.60, 0.47299, 0.72319, -0.34193, -0.36927
64, 15, -75.187, 7.938, 100.168, 108.76, 913.70, 26.00, -106.90, -14.65, 25.54, 0.52335, 0.68063, -0.35238, -0.37240
64, 15, -77.051, 4.413, 99.320, 177.25, 1123.72, -200.68, -23.13, -59.52, 13.54, 0.53540, 0.66161, -0.37816, -0.36417
64, 16, -78.435, -1.388, 96.739, 324.77, 1171.94, -62.56, -45.20, -47.12, 69.07, 0.56622, 0.62732, -0.40636, -0.34748
64, 15, -80.218, -7.303, 95.824, 333.98, 1084.23, -76.17, -28.22, -85.68, 118.14, 0.58555, 0.59627, -0.44134, -0.32681
64, 15, -81.684, -11.037, 94.733, 149.35, 1127.32, 18.86, -9.96, -106.36, 165.39, 0.59879, 0.57114, -0.46291, -0.31773
64, 16, -82.805, -15.196, 93.860, 143.07, 1097.35, 108.40, 3.43, -110.31, 209.56, 0.61254, 0.54559, -0.48457, -0.30383
64, 16, -83.277, -20.646, 92.860, 211.73, 1008.30, 136.47, -5.35, -108.98, 249.99, 0.63121, 0.51537, -0.50767, -0.27970
64, 15, -84.833, -20.689, 94.734, -304.44, 975.22, -54.08, -9.37, -121.05, 249.99, 0.61907, 0.51844, -0.51945, -0.27954
64, 16, -86.144, -19.204, 97.640, -484.38, 941.65, -193.18, -2.19, -98.11, 231.80, 0.59816, 0.53424, -0.52666, -0.28182
64, 15, -86.314, -15.827, 100.236, -519.84, 906.31, -257.51, 0.35, -59.36, 166.43, 0.57461, 0.56068, -0.52069, -0.29041
64, 16, -85.226, -11.115, 103.944, -597.05, 886.84, -472.72, -0.79, -21.01, 114.94, 0.54238, 0.60175, -0.50609, -0.29597
64, 16, -83.379, -6.733, 108.054, -521.85, 913.64, -648.80, 12.70, 13.78, 60.08, 0.50869, 0.64381, -0.48928, -0.29554
64, 15, -81.004, -3.638, 110.913, -221.74, 866.46, -475.77, 25.18, 29.09, 18.60, 0.48652, 0.67575, -0.47061, -0.29187
64, 16, -78.234, -2.163, 111.663, -77.64, 886.41, -339.60, 22.96, 48.49, 10.34, 0.48340, 0.69422, -0.44999, -0.28616
64, 15, -75.349, -0.767, 108.644, -212.95, 1001.83, -94.91, -2.91, 80.72, 21.55, 0.50387, 0.69591, -0.41897, -0.29374
64, 15, -72.645, 2.802, 106.806, -329.47, 1040.41, -310.36, -53.47, 77.27, -23.69, 0.50949, 0.70625, -0.38158, -0.30988
64, 16, -69.892, 10.869, 103.039, -742.19, 1045.10, -120.97, -86.56, 80.02, -118.76, 0.51185, 0.71550, -0.31440, -0.35669
64, 15, -67.555, 19.926, 99.223, -559.57, 951.72, -134.52, -119.36, 79.82, -223.98, 0.50968, 0.71983, -0.23915, -0.40606
64, 15, -65.964, 24.373, 96.067, -308.96, 1015.44, -172.85, -127.53, 96.44, -250.00, 0.51806, 0.71483, -0.19275, -0.42834
64, 17, -66.492, 27.493, 91.723, -286.50, 1010.50, -30.27, -120.40, 64.90, -250.00, 0.53050, 0.69813, -0.16107, -0.45302
64, 15, -67.971, 26.956, 87.285, 78.19, 954.47, 11.05, -126.79, 35.35, -250.00, 0.55331, 0.67434, -0.15541, -0.46364
64, 16, -68.744, 24.630, 84.944, 564.39, 1317.32, -133.42, -116.65, 33.81, -250.00, 0.57294, 0.65788, -0.16475, -0.46021
64, 16, -69.946, 22.708, 83.489, 267.76, 1239.81, -24.54, -68.13, 24.85, -206.97, 0.58377, 0.64510, -0.17759, -0.45991
64, 15, -71.646, 18.689, 81.319, 271.79, 1288.82, 132.51, -56.05, 3.49, -115.46, 0.60400, 0.62230, -0.20312, -0.45461
64, 16, -72.509, 13.385, 81.618, 310.49, 1246.77, -57.92, -42.24, -13.18, -41.33, 0.61788, 0.60899, -0.24131, -0.43489
64, 15, -73.919, 12.626, 82.562, -209.23, 996.46, -12.45, -18.18, -43.22, -4.84, 0.61013, 0.60895, -0.25694, -0.43693
64, 15, -75.792, 13.009, 85.775, -193.91, 1030.58, -260.74, -12.70, -84.92, -29.14, 0.58432, 0.62237, -0.27707, -0.44098
64, 17, -75.344, 9.352, 94.432, -20.26, 1223.88, -593.99, 126.74, -17.43, 63.34, 0.55105, 0.65682, -0.32667, -0.39776
64, 15, -75.384, -0.150, 103.423, 269.71, 1247.25, -322.51, 249.99, 19.97, 201.74, 0.53280, 0.67384, -0.40250, -0.31632
64, 15, -74.183, -4.096, 107.483, -414.67, 1185.00, 124.33, 249.99, 82.98, 249.99, 0.52537, 0.68590, -0.42352, -0.27233
64, 16, -72.480, -6.112, 111.085, -667.42, 1018.55, 103.58, 236.85, 116.28, 249.99, 0.51406, 0.70298, -0.42974, -0.23852
64, 15, -70.220, -6.798, 112.811, -541.87, 845.70, 32.35, 179.58, 137.75, 193.95, 0.51008, 0.71724, -0.42196, -0.21757
64, 16, -68.647, -5.480, 113.789, -475.40, 737.24, -44.37, 137.22, 110.16, 133.87, 0.50269, 0.73066, -0.40853, -0.21572
64, 15, -67.699, -3.049, 112.639, -401.18, 647.89, 34.06, 97.35, 81.24, 87.39, 0.50420, 0.73483, -0.39015, -0.23150
64, 15, -67.981, 0.409, 108.490, -353.15, 603.82, 119.38, 35.80, 58.14, 38.64, 0.51889, 0.72344, -0.36771, -0.26868
64, 17, -68.524, 2.190, 102.418, -159.79, 691.47, 118.29, -40.77, 34.52, -12.52, 0.54944, 0.69761, -0.34754, -0.30112
64, 15, -68.763, -0.528, 103.184, 138.37, 1338.87, -341.19, 20.47, 43.14, 6.98, 0.55282, 0.69386, -0.36414, -0.28348
64, 15, -70.017, -0.347, 104.664, -33.51, 965.88, -249.57, 49.11, 7.05, 0.83, 0.54014, 0.69733, -0.37457, -0.28580
64, 16, -70.499, 0.475, 100.493, -123.66, 1098.39, 137.57, -4.02, 18.73, -2.37, 0.56128, 0.67785, -0.36273, -0.30646
64, 15, -72.602, 1.476, 95.280, 6.59, 1116.03, 49.07, -81.76, -48.87, -46.34, 0.58229, 0.64796, -0.35516, -0.33904
64, 14, -76.111, 1.482, 91.791, 121.22, 1144.04, -61.28, -99.44, -112.56, -65.85, 0.59073, 0.61911, -0.36377, -0.36798
64, 16, -79.581, 3.885, 85.607, -43.52, 928.65, 28.99, -167.28, -126.11, -61.75, 0.60322, 0.58375, -0.34789, -0.41753
64, 15, -83.432, 6.738, 84.227, -134.09, 902.40, -189.64, -150.29, -147.77, -59.16, 0.58547, 0.57450, -0.34642, -0.45516
64, 17, -84.551, 8.380, 87.309, -204.96, 1034.24, -956.73, -144.40, -91.43, -23.99, 0.55916, 0.59196, -0.35547, -0.45887
64, 15, -84.906, 11.501, 89.937, -363.10, 895.32, -442.57, -71.46, -60.51, -17.94, 0.53153, 0.61330, -0.35118, -0.46692
64, 15, -84.856, 13.906, 95.027, -334.17, 1068.24, -663.76, -0.77, -50.46, -44.99, 0.49376, 0.64325, -0.35883, -0.46225
64, 16, -84.362, 14.756, 100.759, -226.75, 1130.13, -447.08, 93.09, -20.42, -43.79, 0.45913, 0.67090, -0.37438, -0.44602
64, 15, -84.158, 13.929, 106.178, -122.50, 1117.37, -308.96, 152.76, -14.00, -34.27, 0.43140, 0.69067, -0.39774, -0.42270
64, 16, -84.269, 11.521, 110.127, -31.01, 1092.29, -223.63, 175.72, -6.71, -4.10, 0.41792, 0.69938, -0.42362, -0.39592
64, 15, -83.324, 9.225, 112.320, -60.06, 961.85, -60.85, 177.67, 18.97, 35.41, 0.41792, 0.70568, -0.43526, -0.37136
64, 16, -82.444, 7.950, 113.298, -169.25, 948.49, -26.25, 159.77, 30.17, 59.15, 0.42030, 0.70970, -0.43838, -0.35706
64, 15, -82.268, 9.465, 112.990, -370.48, 902.22, 58.78, 135.09, 6.97, 50.39, 0.41611, 0.71264, -0.42985, -0.36636
64, 16, -82.397, 13.200, 111.232, -442.02, 772.46, 89.66, 86.46, -10.45, 9.39, 0.40999, 0.71383, -0.40834, -0.39448
64, 15, -82.906, 16.625, 107.972, -309.02, 696.84, 33.26, 22.49, -25.00, -30.60, 0.41285, 0.70741, -0.38393, -0.42629
64, 16, -83.778, 18.292, 104.195, -203.31, 681.46, -52.92, -30.84, -38.93, -35.31, 0.42497, 0.69422, -0.36671, -0.45054
64, 15, -84.493, 19.812, 100.542, -261.47, 747.13, -119.08, -65.23, -42.70, -19.94, 0.43703, 0.68157, -0.34860, -0.47217
64, 15, -84.581, 22.138, 99.360, -418.76, 865.05, -261.60, -81.75, -43.89, -19.92, 0.43291, 0.68194, -0.33208, -0.48710
64, 16, -84.155, 22.218, 100.021, -217.53, 883.91, -392.52, -70.80, -52.80, -41.19, 0.43039, 0.68584, -0.33191, -0.48396
64, 16, -83.812, 20.629, 102.129, -23.99, 866.33, -488.71, -41.84, -62.23, -45.27, 0.42654, 0.69139, -0.34685, -0.46877
64, 15, -83.976, 18.474, 103.341, -32.41, 816.10, -358.58, -26.18, -62.94, -17.27, 0.42851, 0.69080, -0.36363, -0.45492
64, 16, -84.056, 15.886, 103.857, -34.73, 880.92, -347.66, -33.28, -55.34, 9.35, 0.43690, 0.68672, -0.37894, -0.44039
64, 15, -83.815, 13.728, 104.630, -68.91, 902.53, -394.47, -40.12, -49.10, 26.36, 0.44287, 0.68547, -0.39090, -0.42566
64, 15, -83.303, 12.775, 105.640, -158.20, 888.37, -407.59, -38.55, -41.05, 34.67, 0.44292, 0.68889, -0.39610, -0.41516
64, 16, -82.870, 11.952, 106.370, -126.40, 812.74, -376.04, -43.66, -43.86, 28.08, 0.44370, 0.69128, -0.39999, -0.40653
64, 15, -82.716, 10.384, 105.601, -76.60, 788.02, -281.74, -56.69, -49.99, 33.20, 0.45568, 0.68504, -0.40372, -0.40011
64, 16, -82.764, 7.589, 102.577, -22.64, 813.84, -183.29, -79.05, -54.76, 60.46, 0.48516, 0.66523, -0.40668, -0.39586
64, 16, -82.629, 11.315, 105.464, -574.22, 1277.47, -682.50, 0.12, -70.77, 4.04, 0.45278, 0.68706, -0.39834, -0.40529
64, 15, -81.535, 6.042, 106.203, 96.25, 945.13, -333.80, -11.32, -1.92, 93.61, 0.47435, 0.68072, -0.41876, -0.36912
64, 16, -80.764, 4.878, 107.043, -220.76, 947.69, -315.06, 1.93, -7.66, 129.22, 0.47654, 0.68400, -0.42209, -0.35622
64, 15, -80.238, 3.909, 108.146, -222.23, 907.47, -341.55, 2.08, -10.48, 130.62, 0.47545, 0.68800, -0.42662, -0.34437
64, 15, -79.500, 1.416, 111.376, -106.20, 824.65, -463.93, 25.53, 4.51, 131.03, 0.46799, 0.69763, -0.44216, -0.31432
64, 16, -78.810, 2.073, 112.415, -365.66, 878.36, -289.00, 48.04, 15.43, 129.21, 0.46091, 0.70616, -0.43803, -0.31151
64, 15, -77.170, 2.888, 113.328, -311.16, 890.44, -335.27, 36.26, 41.37, 88.58, 0.45643, 0.71799, -0.42690, -0.30647
64, 14, -75.022, 0.547, 118.606, -60.30, 714.42, -651.18, 46.11, 65.42, 68.12, 0.43726, 0.74128, -0.43576, -0.26348
64, 17, -72.562, 1.330, 118.797, -471.25, 894.17, -216.74, 86.94, 119.16, 89.85, 0.43865, 0.75287, -0.41711, -0.25844
64, 15, -69.021, -1.608, 116.834, -150.27, 1069.15, -192.20, 53.16, 167.55, 77.46, 0.46959, 0.75139, -0.40128, -0.23212
64, 16, -65.289, -1.367, 117.610, -254.09, 870.91, -359.99, 64.06, 169.08, 34.81, 0.47094, 0.76777, -0.37709, -0.21577
64, 15, -61.216, -1.915, 114.855, -222.47, 1219.24, -62.99, 62.64, 185.44, 1.11, 0.49852, 0.76787, -0.34702, -0.20354
64, 15, -57.142, 3.066, 117.579, -546.57, 842.59, -487.12, 77.10, 171.66, -79.07, 0.47293, 0.79966, -0.30283, -0.21255
64, 16, -53.039, 4.881, 113.670, -147.28, 1163.27, 173.83, 64.78, 183.40, -154.37, 0.50285, 0.79561, -0.25888, -0.21709
64, 15, -52.023, 9.636, 111.050, -319.03, 1045.04, -49.01, 43.73, 91.49, -165.25, 0.51029, 0.79175, -0.22403, -0.25009
64, 15, -54.620, 17.030, 107.150, -394.71, 1114.87, 119.51, 44.65, 18.89, -250.00, 0.50881, 0.77647, -0.19511, -0.31645
64, 18, -59.882, 19.369, 100.156, 67.38, 1076.35, 336.55, -9.70, -39.46, -250.00, 0.53164, 0.73794, -0.19654, -0.36631
64, 15, -65.941, 18.186, 94.982, 504.09, 1254.39, 92.04, -42.80, -100.05, -236.82, 0.54813, 0.70078, -0.22398, -0.39787
64, 15, -73.733, 17.725, 86.327, 101.75, 1143.80, 386.96, -85.31, -141.17, -167.79, 0.57171, 0.64169, -0.24026, -0.45129
64, 16, -78.960, 15.167, 84.107, 415.41, 1180.18, -458.56, -156.30, -162.21, -151.34, 0.57260, 0.61225, -0.27496, -0.47082
64, 15, -82.838, 13.014, 82.228, -35.16, 952.58, -34.18, -88.33, -124.44, -40.46, 0.57453, 0.58668, -0.29988, -0.48559
64, 16, -85.949, 12.529, 84.386, -138.79, 1030.33, -447.45, -79.99, -146.27, -19.60, 0.55209, 0.58721, -0.32778, -0.49289
64, 15, -89.044, 12.861, 84.166, -266.17, 969.48, -55.79, -51.86, -135.88, 16.12, 0.53832, 0.57824, -0.34072, -0.50966
64, 15, -89.744, 12.109, 85.290, -192.44, 928.71, -154.91, -69.54, -104.59, 61.76, 0.53266, 0.57880, -0.35333, -0.50638
64, 17, -89.932, 11.399, 87.677, -308.29, 1143.07, -296.26, -45.03, -95.78, 91.86, 0.52266, 0.58678, -0.36855, -0.49669
64, 15, -88.746, 10.452, 92.707, -415.95, 1339.48, -536.68, 16.72, -50.44, 115.46, 0.50540, 0.61015, -0.38851, -0.47048
64, 15, -86.871, 9.002, 99.218, -371.70, 1372.80, -449.77, 111.03, -7.97, 121.28, 0.48347, 0.64036, -0.41116, -0.43260
64, 16, -84.962, 7.224, 105.120, -270.81, 1221.19, -242.74, 175.06, 13.22, 128.68, 0.46434, 0.66675, -0.42992, -0.39371
64, 15, -83.929, 4.360, 108.162, -163.21, 1015.14, -27.71, 189.91, 20.97, 140.89, 0.46212, 0.67520, -0.44665, -0.36200
64, 15, -82.975, 1.027, 108.973, -107.85, 827.45, 56.95, 155.81, 28.48, 158.42, 0.47407, 0.67305, -0.45776, -0.33574
64, 16, -81.750, -2.730, 107.811, -62.01, 735.53, 29.05, 82.63, 33.17, 174.85, 0.49917, 0.66207, -0.46307, -0.31316
64, 15, -79.869, -5.785, 106.021, -70.13, 717.10, -26.43, 33.20, 32.01, 174.29, 0.52574, 0.65222, -0.46033, -0.29379
64, 17, -77.390, -6.952, 103.577, -146.55, 692.32, -51.15, -18.65, 53.47, 165.47, 0.54987, 0.64684, -0.44510, -0.28482
64, 15, -75.074, -7.398, 103.447, -169.86, 773.44, -269.10, -49.95, 59.34, 147.36, 0.55769, 0.65367, -0.43360, -0.27144
64, 15, -72.738, -8.409, 102.324, -67.81, 775.94, -207.64, -55.85, 60.53, 131.71, 0.57261, 0.65370, -0.42219, -0.25796
64, 16, -70.845, -9.415, 101.569, -34.12, 790.83, -235.84, -62.77, 53.80, 119.48, 0.58399, 0.65366, -0.41430, -0.24501
64, 15, -69.735, -8.628, 101.003, -96.98, 742.74, -232.67, -65.83, 31.15, 90.84, 0.58741, 0.65715, -0.40311, -0.24618
64, 15, -69.028, -6.464, 100.361, -103.03, 693.36, -212.52, -70.43, 13.78, 44.38, 0.58659, 0.66276, -0.38744, -0.25798
64, 16, -67.877, -5.365, 98.884, 20.51, 701.05, -159.97, -78.32, 22.15, 8.67, 0.59468, 0.66214, -0.37210, -0.26359
64, 15, -67.327, -5.687, 96.458, 88.44, 760.56, -129.64, -87.85, 19.93, -6.52, 0.61072, 0.65022, -0.36494, -0.26657
64, 16, -66.934, -6.266, 94.625, 142.70, 880.13, -158.75, -97.79, 14.21, -10.57, 0.62347, 0.63989, -0.36140, -0.26685
64, 16, -66.736, -5.986, 93.034, 115.42, 943.97, -141.11, -92.82, 5.42, -14.08, 0.63205, 0.63263, -0.35511, -0.27237
64, 15, -66.668, -4.510, 91.757, 55.11, 980.65, -126.65, -85.61, 0.17, -25.46, 0.63549, 0.63011, -0.34386, -0.28438
64, 14, -66.677, -1.776, 90.471, -29.85, 982.06, -88.99, -76.93, -1.68, -42.05, 0.63537, 0.63082, -0.32586, -0.30364
64, 16, -66.188, -3.760, 90.203, 394.29, 1544.43, -158.02, -48.32, 16.46, -22.03, 0.64328, 0.62505, -0.33329, -0.29055
64, 15, -65.030, -6.658, 90.028, 284.55, 1265.08, -11.60, -7.82, 33.29, 25.94, 0.65413, 0.61895, -0.34227, -0.26807
64, 16, -65.383, -0.932, 93.526, -619.63, 1116.70, -399.54, 15.05, -9.87, -4.41, 0.61933, 0.65351, -0.32198, -0.29271
64, 15, -64.849, 8.710, 96.078, -729.06, 962.65, -175.17, 58.76, 25.09, -118.39, 0.57730, 0.69097, -0.27367, -0.33823
64, 16, -64.163, 15.761, 97.341, -466.55, 1031.56, -169.19, 32.36, 55.40, -183.02, 0.54818, 0.71167, -0.23455, -0.37151
64, 16, -64.090, 23.520, 99.033, -570.56, 1095.03, -190.55, 48.83, 49.46, -250.00, 0.50950, 0.73029, -0.19662, -0.41040
64, 15, -65.291, 24.661, 99.051, -67.57, 1152.16, -108.76, 35.44, 24.90, -250.00, 0.50062, 0.72959, -0.19795, -0.42177
64, 15, -65.950, 22.261, 98.196, 445.07, 1009.40, 25.45, 22.35, 45.75, -250.00, 0.51293, 0.72169, -0.21244, -0.41344
64, 17, -67.638, 20.460, 95.534, 376.71, 1190.19, 188.60, 15.27, 26.63, -221.89, 0.53026, 0.70374, -0.22344, -0.41671
64, 15, -70.350, 19.142, 91.617, 102.84, 1112.00, 232.60, -3.58, -2.56, -160.56, 0.54887, 0.67757, -0.23285, -0.43060
64, 15, -72.449, 16.588, 89.256, 68.18, 1114.14, 86.00, -18.81, -14.34, -97.89, 0.56436, 0.65636, -0.25095, -0.43326
64, 16, -73.833, 15.822, 88.352, -133.30, 1048.58, 26.67, -9.96, -27.08, -64.17, 0.56712, 0.64704, -0.25981, -0.43841
64, 16, -75.452, 14.492, 88.015, -54.93, 1046.69, 23.32, -0.23, -47.70, -56.44, 0.56780, 0.63833, -0.27527, -0.44088
64, 16, -76.656, 12.825, 87.939, -87.71, 1121.15, 77.82, 21.03, -41.69, -21.55, 0.56985, 0.63063, -0.29116, -0.43910
64, 15, -77.918, 8.278, 87.679, 168.03, 1164.00, 148.44, 27.89, -53.83, 32.01, 0.58316, 0.61312, -0.32257, -0.42422
64, 15, -78.510, 3.191, 88.545, 121.70, 1219.24, 115.97, 42.48, -60.25, 98.81, 0.59422, 0.60014, -0.35660, -0.39946
64, 16, -78.698, 0.946, 88.147, -183.17, 1138.24, 258.61, 45.01, -60.92, 157.69, 0.60318, 0.59014, -0.36819, -0.39031
64, 15, -78.967, 1.452, 87.777, -391.17, 1032.41, 219.97, 23.83, -69.79, 144.99, 0.60248, 0.58901, -0.36561, -0.39548
64, 15, -79.600, 4.987, 86.905, -609.19, 882.20, 191.22, -3.72, -77.71, 102.74, 0.59269, 0.59406, -0.34670, -0.41906
64, 16, -79.834, 8.195, 87.571, -417.11, 829.47, -15.87, -25.70, -72.08, 72.56, 0.57686, 0.60684, -0.33282, -0.43383
64, 15, -79.815, 8.397, 87.666, -195.25, 823.61, -1.28, -35.64, -61.49, 76.57, 0.57569, 0.60799, -0.33197, -0.43443
64, 15, -79.513, 6.678, 88.007, -115.60, 864.99, -37.05, -48.87, -57.27, 96.48, 0.58126, 0.60531, -0.34107, -0.42357
64, 16, -79.093, 6.963, 89.312, -342.96, 966.98, -192.02, -57.48, -52.64, 111.27, 0.57483, 0.61402, -0.34208, -0.41897
64, 15, -78.374, 9.777, 90.525, -592.47, 963.38, -224.67, -52.57, -35.99, 84.35, 0.56053, 0.63036, -0.32735, -0.42578
64, 16, -77.008, 12.663, 93.748, -516.36, 899.23, -450.87, -43.79, -15.29, 33.25, 0.53649, 0.65732, -0.31594, -0.42461
64, 15, -75.436, 14.443, 97.556, -359.56, 846.56, -423.52, -13.28, 1.91, 6.45, 0.51300, 0.68327, -0.31114, -0.41613
64, 15, -74.353, 12.636, 96.330, -196.23, 1094.60, -89.66, -19.59, 27.37, 18.36, 0.53118, 0.67654, -0.30997, -0.40504
64, 16, -71.875, 15.048, 100.355, -509.28, 948.06, -594.54, -28.61, 32.43, 1.79, 0.50628, 0.70641, -0.29627, -0.39610
64, 16, -69.557, 17.413, 104.616, -413.33, 846.07, -427.37, 31.30, 49.49, -41.80, 0.47822, 0.73469, -0.28394, -0.38849
64, 15, -66.193, 19.177, 110.535, -515.63, 778.44, -729.98, 23.27, 78.68, -42.18, 0.44365, 0.76900, -0.27257, -0.37083
64, 16, -64.985, 20.647, 111.010, -430.36, 1124.27, -8.30, 117.39, 98.20, -101.99, 0.43870, 0.77512, -0.25872, -0.37388
64, 15, -61.886, 19.613, 114.480, -231.93, 739.38, -332.34, 61.43, 130.17, -94.70, 0.42860, 0.79431, -0.25344, -0.34805
64, 16, -62.763, 17.506, 109.689, 217.65, 1426.15, 786.50, 86.70, 80.17, -116.69, 0.46637, 0.77173, -0.25512, -0.34906
64, 16, -63.233, 15.122, 104.693, -21.00, 1178.65, 227.78, 4.79, 69.15, -62.47, 0.50653, 0.74655, -0.25514, -0.34784
64, 15, -65.701, 12.153, 98.254, 95.34, 1123.23, 471.92, 12.70, 18.14, -44.25, 0.55007, 0.70641, -0.26674, -0.35672
64, 17, -67.705, 9.982, 92.225, -30.52, 1158.02, 382.26, -36.14, -6.99, -6.16, 0.58718, 0.66732, -0.27166, -0.36891
64, 15, -69.378, 10.924, 90.289, -249.63, 1019.47, 84.72, 5.30, -29.37, -9.61, 0.58969, 0.65559, -0.26960, -0.38703
64, 14, -70.376, 12.716, 87.112, -420.17, 980.53, 389.04, 22.52, 0.95, 2.88, 0.59807, 0.64107, -0.25387, -0.40852
64, 16, -71.723, 16.486, 83.328, -559.88, 970.15, 329.96, -30.63, -12.12, -34.10, 0.60073, 0.62749, -0.22485, -0.44139
64, 15, -75.037, 21.392, 76.280, -560.97, 801.64, 513.37, -75.25, -37.19, -94.39, 0.60671, 0.59659, -0.18346, -0.49227
64, 15, -76.240, 24.000, 76.145, -349.49, 1017.64, -110.72, -100.14, -44.27, -127.85, 0.59206, 0.60067, -0.17267, -0.50877
64, 17, -81.421, 28.833, 69.457, -686.95, 775.33, 560.61, -46.32, -57.14, -126.37, 0.58244, 0.57230, -0.13701, -0.56077
64, 15, -83.975, 32.058, 68.165, -394.59, 911.32, -64.82, -123.85, -75.64, -175.83, 0.56243, 0.57218, -0.12247, -0.58419
64, 16, -88.989, 33.916, 64.918, -519.96, 881.29, 297.73, -44.47, -89.70, -162.46, 0.54400, 0.55690, -0.11818, -0.61641
64, 16, -91.315, 33.799, 63.627, -315.00, 821.29, 126.28, -86.88, -63.71, -135.25, 0.53810, 0.54797, -0.12313, -0.62850
64, 15, -91.735, 32.991, 67.587, -320.13, 1202.58, -256.65, -31.28, -79.60, -106.81, 0.52023, 0.56304, -0.15192, -0.62391
64, 16, -93.227, 32.701, 67.783, -373.60, 913.09, -58.41, -92.16, -91.49, -88.97, 0.51243, 0.56091, -0.16212, -0.62969
64, 15, -93.701, 33.119, 71.010, -483.83, 1059.14, -255.43, -39.47, -86.66, -79.38, 0.49189, 0.57574, -0.17960, -0.62794
64, 16, -93.958, 34.196, 73.014, -528.20, 847.29, -88.20, -38.87, -60.52, -58.80, 0.47522, 0.58724, -0.18529, -0.62847
64, 16, -92.953, 34.240, 76.889, -484.38, 954.22, -245.97, -25.39, -46.38, -51.67, 0.46032, 0.60489, -0.20087, -0.61795
64, 15, -91.438, 34.341, 79.786, -495.91, 948.43, -9.77, -2.92, -12.48, -26.36, 0.45245, 0.61941, -0.20765, -0.60704
64, 16, -91.186, 34.333, 79.797, -530.64, 869.08, 148.01, -8.61, -11.84, -13.15, 0.45377, 0.61989, -0.20639, -0.60600
64, 16, -92.262, 35.463, 77.370, -584.72, 820.80, 201.97, -26.37, -22.45, -8.39, 0.45554, 0.61151, -0.19238, -0.61769
64, 15, -92.857, 36.415, 75.122, -645.69, 828.98, 234.80, -37.10, -10.93, 5.43, 0.45957, 0.60430, -0.17752, -0.62618
64, 16, -88.971, 36.618, 79.731, -695.92, 931.15, -229.37, -32.26, 13.24, 21.87, 0.45463, 0.62930, -0.18010, -0.60403
64, 15, -85.707, 35.058, 84.717, -715.33, 1158.02, 24.23, 61.17, 52.03, 29.79, 0.45125, 0.65076, -0.19706, -0.57798
64, 15, -82.906, 31.921, 88.262, -610.90, 1235.47, 158.57, 86.17, 82.50, 43.71, 0.45976, 0.66331, -0.21714, -0.54908
64, 16, -79.523, 26.898, 93.006, -363.77, 1282.59, 38.33, 109.82, 91.78, 68.64, 0.47077, 0.67949, -0.24834, -0.50497
64, 15, -75.926, 19.677, 98.359, -263.12, 1240.91, -24.78, 143.93, 111.56, 127.35, 0.48500, 0.69634, -0.28905, -0.44310
64, 16, -72.731, 12.225, 103.540, -252.38, 1187.01, -106.63, 177.96, 119.13, 185.35, 0.49457, 0.71245, -0.32684, -0.37549
64, 16, -70.898, 5.963, 108.205, -289.37, 1104.68, -108.22, 210.73, 104.05, 236.66, 0.49421, 0.72518, -0.35983, -0.31685
64, 16, -70.208, 1.249, 112.903, -330.63, 1044.49, -162.78, 218.55, 81.69, 245.46, 0.48270, 0.73727, -0.38855, -0.26918
64, 15, -70.911, -1.088, 117.108, -322.39, 832.09, -152.71, 214.50, 35.61, 222.36, 0.46208, 0.74695, -0.41214, -0.24225
64, 16, -71.954, -0.908, 122.216, -386.23, 822.02, -324.22, 203.18, 8.98, 175.40, 0.42562, 0.76330, -0.42883, -0.22874
64, 15, -72.947, -0.479, 127.680, -206.85, 634.52, -370.97, 199.93, -3.52, 134.15, 0.38530, 0.77972, -0.44458, -0.21433
64, 16, -74.106, 2.264, 131.937, -296.94, 502.32, -272.03, 196.51, -17.39, 115.04, 0.34300, 0.79363, -0.45173, -0.22012
64, 15, -75.595, 3.547, 134.571, -269.47, 611.94, -327.33, 174.57, 2.25, 108.41, 0.31652, 0.79729, -0.46320, -0.22268
