19, 7, -69.210, 13.199, 119.277, -217.90, 786.93, -460.51, -5.45, -15.63, 13.14, -0.39843, -0.78588, 0.34707, 0.32123
19, 27, -69.387, 14.406, 119.180, -238.40, 794.62, -440.00, -1.39, -14.16, 7.28, -0.39383, -0.78650, 0.34281, 0.32982
19, 15, -69.520, 14.545, 119.024, -233.03, 805.54, -439.51, -0.85, -12.01, 7.81, -0.39397, -0.78574, 0.34268, 0.33163
19, 16, -69.669, 14.508, 118.843, -226.44, 803.89, -435.18, -1.35, -11.18, 8.21, -0.39492, -0.78463, 0.34333, 0.33245
19, 16, -69.778, 14.449, 118.714, -222.47, 800.17, -433.84, -2.82, -11.60, 8.45, -0.39573, -0.78378, 0.34396, 0.33284
19, 15, -69.889, 14.495, 118.419, -228.21, 808.41, -426.70, -3.17, -11.21, 9.09, -0.39723, -0.78248, 0.34366, 0.33441
19, 16, -69.935, 14.435, 118.221, -225.10, 804.38, -421.33, -1.85, -8.93, 10.84, -0.39869, -0.78158, 0.34366, 0.33478
19, 15, -69.932, 14.422, 118.199, -231.99, 805.48, -426.51, -1.18, -7.15, 13.66, -0.39890, -0.78150, 0.34363, 0.33475
19, 16, -69.944, 14.223, 118.174, -226.99, 801.09, -424.38, -1.63, -5.82, 18.02, -0.39983, -0.78112, 0.34451, 0.33361
19, 15, -69.998, 13.915, 118.193, -222.17, 803.16, -429.14, -2.44, -6.92, 21.92, -0.40077, -0.78063, 0.34628, 0.33180
19, 15, -70.270, 13.456, 118.114, -218.08, 805.42, -433.04, -5.04, -9.11, 26.71, -0.40235, -0.77892, 0.34989, 0.33010
19, 17, -70.371, 13.183, 118.878, -224.91, 785.95, -490.36, -7.23, -10.15, 29.45, -0.39795, -0.78092, 0.35395, 0.32638
19, 15, -70.095, 13.162, 119.895, -229.68, 750.85, -446.35, 13.67, 5.62, 25.09, -0.39186, -0.78525, 0.35502, 0.32216
19, 15, -69.927, 13.017, 119.525, -239.14, 811.65, -409.61, 18.43, 17.04, 30.31, -0.39544, -0.78431, 0.35346, 0.32180
19, 15, -69.152, 13.247, 121.306, -298.22, 753.11, -518.13, 16.84, 26.65, 29.89, -0.38443, -0.79304, 0.35210, 0.31516
19, 15, -68.144, 13.961, 121.979, -308.23, 753.11, -430.91, 28.86, 47.63, 14.52, -0.37971, -0.79917, 0.34397, 0.31438
19, 15, -67.147, 14.179, 122.741, -303.10, 768.49, -460.51, 30.12, 53.70, 11.10, -0.37625, -0.80488, 0.33816, 0.31025
19, 17, -65.989, 14.770, 123.606, -334.90, 773.93, -476.68, 33.78, 60.24, -2.07, -0.37099, -0.81164, 0.32990, 0.30784
19, 15, -64.919, 16.248, 123.457, -408.81, 777.10, -398.44, 37.47, 68.31, -23.41, -0.36931, -0.81543, 0.31578, 0.31459
19, 17, -63.419, 17.334, 122.614, -390.14, 800.42, -364.69, 26.66, 84.47, -52.65, -0.37536, -0.81751, 0.29820, 0.31914
19, 15, -61.815, 15.185, 121.551, -163.57, 908.26, -387.45, 24.03, 85.78, -65.86, -0.39517, -0.81647, 0.29303, 0.30223
19, 15, -60.197, 13.361, 120.604, -149.96, 837.46, -375.85, 21.16, 84.60, -62.15, -0.41247, -0.81569, 0.28688, 0.28672
19, 16, -59.246, 14.115, 118.426, -250.79, 868.16, -301.39, 10.95, 59.01, -76.17, -0.42777, -0.81069, 0.27132, 0.29358
19, 15, -58.401, 15.183, 116.603, -283.39, 921.20, -380.80, -2.96, 51.49, -85.98, -0.43924, -0.80663, 0.25580, 0.30163
19, 15, -57.444, 16.955, 113.931, -289.00, 851.93, -250.67, -12.18, 54.16, -105.48, -0.45461, -0.79964, 0.23362, 0.31516
19, 16, -56.780, 16.584, 111.385, -99.98, 933.65, -293.15, -32.53, 28.79, -124.81, -0.47533, -0.79034, 0.22381, 0.31517
19, 15, -55.951, 14.106, 110.611, 26.49, 912.90, -388.61, -28.92, 37.25, -96.06, -0.49080, -0.78653, 0.22821, 0.29734
19, 16, -56.604, 16.585, 106.202, -251.65, 958.07, -204.59, -66.40, 3.32, -125.78, -0.51107, -0.76837, 0.20814, 0.32418
19, 16, -56.742, 15.789, 105.605, 56.88, 916.32, -467.90, -73.59, -22.51, -127.02, -0.51723, -0.76465, 0.21153, 0.32101
19, 15, -57.548, 14.544, 105.266, 97.35, 901.12, -482.97, -69.79, -44.03, -108.01, -0.52121, -0.76024, 0.22243, 0.31765
19, 16, -58.904, 13.961, 105.435, 45.65, 911.68, -550.84, -70.94, -67.27, -91.91, -0.51819, -0.75760, 0.23491, 0.31990
19, 15, -61.242, 13.744, 104.438, -21.18, 927.73, -442.02, -75.22, -92.97, -73.45, -0.51881, -0.74788, 0.24855, 0.33126
19, 15, -64.417, 12.579, 102.013, 18.01, 864.69, -329.10, -101.92, -118.61, -43.82, -0.52901, -0.72786, 0.26794, 0.34435
19, 16, -66.889, 11.965, 102.204, -70.50, 888.55, -533.08, -97.69, -114.11, -1.98, -0.52243, -0.72168, 0.28737, 0.35165
19, 15, -68.479, 11.290, 103.266, -78.61, 902.04, -420.78, -60.21, -98.18, 24.11, -0.51327, -0.72114, 0.30410, 0.35219
19, 17, -70.360, 10.120, 104.942, -120.18, 853.33, -535.71, -69.97, -109.41, 76.32, -0.50122, -0.72112, 0.32695, 0.34908
19, 16, -72.323, 10.715, 105.511, -187.44, 878.85, -324.52, -34.77, -110.95, 59.84, -0.48936, -0.71907, 0.33811, 0.35938
19, 15, -74.158, 14.936, 108.360, -731.75, 769.41, -652.34, -31.56, -117.80, 81.33, -0.44865, -0.73324, 0.33841, 0.38281
19, 15, -75.272, 17.392, 110.331, -326.72, 684.94, -360.66, 4.78, -85.57, 34.42, -0.42190, -0.74153, 0.34045, 0.39525
19, 16, -76.705, 23.661, 111.097, -1030.94, 669.56, -305.91, 16.76, -73.36, 50.66, -0.38413, -0.74902, 0.32220, 0.43313
19, 15, -78.653, 28.934, 109.597, -796.94, 736.02, -127.20, 18.81, -56.66, 1.59, -0.36168, -0.74507, 0.30271, 0.47161
19, 16, -80.603, 33.173, 107.002, -816.41, 745.06, -36.19, 7.56, -28.21, -8.92, -0.34958, -0.73664, 0.28237, 0.50539
19, 15, -81.578, 32.629, 105.075, -525.21, 827.15, -155.70, -0.40, 5.20, 1.91, -0.36025, -0.72765, 0.28293, 0.51058
19, 16, -81.154, 30.232, 105.161, -431.88, 858.34, -204.10, 6.09, 24.25, 28.72, -0.37333, -0.72592, 0.29329, 0.49764
19, 16, -79.856, 28.080, 106.564, -409.61, 855.96, -280.76, 6.90, 30.48, 36.90, -0.38029, -0.73103, 0.30225, 0.47918
19, 15, -76.178, 27.651, 112.508, -419.37, 752.08, -520.81, 53.77, 55.43, -11.14, -0.35855, -0.75946, 0.30457, 0.44933
19, 15, -75.326, 22.043, 113.630, -10.68, 1088.56, -294.13, 69.00, 49.40, 12.84, -0.37981, -0.75940, 0.33026, 0.41228
19, 16, -75.156, 18.548, 114.180, -87.34, 1140.93, -336.61, 58.55, 9.19, 16.18, -0.39214, -0.75727, 0.34743, 0.38994
19, 15, -75.045, 16.853, 115.684, -133.00, 1039.37, -411.99, 59.55, -23.67, 4.61, -0.38989, -0.76039, 0.35946, 0.37495
19, 15, -75.358, 14.506, 117.081, -30.03, 925.29, -374.51, 65.25, -35.60, 17.81, -0.38969, -0.76072, 0.37640, 0.35745
19, 16, -76.063, 11.903, 118.315, -41.20, 842.77, -342.83, 71.95, -40.27, 47.42, -0.39045, -0.75845, 0.39599, 0.33984
19, 16, -76.699, 10.430, 119.172, -97.84, 755.00, -303.16, 79.25, -41.31, 76.95, -0.38919, -0.75667, 0.40883, 0.32991
19, 16, -77.604, 10.565, 119.393, -172.06, 627.62, -205.38, 74.01, -30.23, 99.39, -0.38454, -0.75439, 0.41489, 0.33300
19, 15, -78.667, 12.125, 119.467, -270.63, 563.66, -189.39, 56.36, -29.68, 113.05, -0.37410, -0.75344, 0.41570, 0.34580
19, 15, -79.757, 14.625, 119.203, -374.33, 539.31, -185.85, 36.82, -25.19, 118.29, -0.36127, -0.75273, 0.41165, 0.36528
19, 16, -80.392, 16.979, 119.357, -513.98, 686.71, -307.19, 24.18, -13.58, 110.39, -0.34739, -0.75452, 0.40638, 0.38063
19, 15, -80.744, 19.324, 119.332, -637.51, 841.67, -343.87, 30.18, -1.59, 90.28, -0.33541, -0.75649, 0.39857, 0.39542
19, 15, -81.416, 22.254, 118.131, -738.65, 886.72, -262.27, 25.86, 8.88, 56.85, -0.32700, -0.75452, 0.38586, 0.41820
19, 17, -82.385, 21.841, 115.004, -526.49, 1374.02, -284.18, 2.79, 5.55, 25.96, -0.34581, -0.74153, 0.38250, 0.42923
19, 15, -80.058, 26.083, 118.742, -891.72, 602.54, -578.67, 19.26, 30.90, 12.77, -0.30953, -0.76485, 0.36187, 0.43387
19, 15, -79.147, 26.535, 117.036, -423.46, 881.16, -93.81, 47.56, 70.85, -52.28, -0.32221, -0.76340, 0.34721, 0.43915
19, 17, -76.047, 23.606, 117.626, -337.65, 893.07, -314.15, 33.77, 127.29, -19.18, -0.34347, -0.77160, 0.34216, 0.41180
19, 15, -73.024, 20.326, 117.603, -234.92, 977.72, -262.88, 45.87, 129.84, -26.30, -0.36870, -0.77715, 0.33657, 0.38316
19, 16, -70.196, 21.994, 116.960, -479.92, 849.37, -175.78, 37.79, 111.60, -56.92, -0.37545, -0.78462, 0.30751, 0.38581
19, 15, -67.798, 19.835, 115.541, -84.35, 1036.62, -252.44, 9.62, 80.67, -100.62, -0.40195, -0.78416, 0.29644, 0.36831
19, 15, -65.892, 16.865, 113.949, -23.99, 978.94, -249.27, 5.84, 72.36, -82.65, -0.43038, -0.78023, 0.29237, 0.34719
19, 17, -65.319, 19.525, 109.294, -301.88, 1043.33, -94.12, -46.62, 26.15, -133.81, -0.45347, -0.76655, 0.26096, 0.37237
19, 15, -64.723, 18.273, 106.791, 112.61, 1040.16, -351.93, -82.16, -8.93, -145.55, -0.47674, -0.75631, 0.25525, 0.36818
19, 15, -64.792, 17.092, 104.072, 64.21, 1007.81, -280.82, -79.36, -20.73, -118.82, -0.49866, -0.74307, 0.25308, 0.36761
19, 17, -66.023, 16.346, 100.946, 94.42, 1047.30, -305.18, -107.55, -66.47, -116.38, -0.51742, -0.72539, 0.25478, 0.37572
19, 15, -67.405, 15.116, 98.972, 131.47, 983.46, -370.67, -118.19, -82.44, -90.85, -0.52971, -0.71121, 0.26356, 0.37964
19, 16, -69.017, 14.245, 98.602, 37.23, 1030.88, -563.96, -125.91, -101.80, -43.55, -0.52981, -0.70411, 0.27699, 0.38316
19, 15, -71.886, 10.690, 94.455, 140.75, 958.07, -207.64, -163.30, -123.16, 11.63, -0.55792, -0.66967, 0.29951, 0.38802
19, 15, -72.843, 10.778, 96.737, -73.18, 841.80, -524.17, -127.96, -110.74, 25.61, -0.54094, -0.67826, 0.31238, 0.38699
19, 17, -73.228, 11.412, 100.254, -203.92, 751.22, -543.46, -81.49, -89.81, 56.90, -0.51621, -0.69484, 0.32317, 0.38246
19, 15, -74.258, 13.860, 101.688, -334.90, 932.37, -356.69, -44.58, -94.99, 29.71, -0.49448, -0.70345, 0.32172, 0.39642
19, 15, -75.189, 12.269, 104.086, -86.36, 811.22, -384.46, -25.59, -83.20, 68.50, -0.48286, -0.70768, 0.34366, 0.38462
19, 16, -76.078, 15.486, 108.281, -586.79, 795.78, -610.29, 5.46, -90.91, 71.95, -0.44036, -0.72817, 0.34773, 0.39362
19, 15, -76.866, 14.403, 113.225, -177.00, 780.03, -561.34, 55.19, -69.67, 74.42, -0.41060, -0.74214, 0.37444, 0.37474
19, 15, -78.182, 17.803, 117.435, -655.15, 803.04, -490.54, 99.41, -68.34, 86.79, -0.36370, -0.75734, 0.38181, 0.38521
19, 16, -79.019, 18.264, 122.762, -359.56, 789.98, -502.93, 151.46, -43.61, 73.11, -0.32328, -0.77104, 0.40303, 0.37222
19, 15, -81.637, 19.121, 124.310, -401.61, 762.21, -187.99, 176.48, -19.29, 85.90, -0.30027, -0.76684, 0.42218, 0.37888
19, 18, -83.554, 23.332, 123.106, -932.56, 862.43, 246.03, 141.62, 12.18, 59.89, -0.28105, -0.76150, 0.41337, 0.41261
19, 15, -83.691, 26.627, 122.638, -847.17, 780.03, -7.20, 99.66, 57.45, 31.04, -0.26711, -0.76310, 0.39842, 0.43312
19, 15, -83.036, 27.110, 121.848, -652.22, 854.49, -84.90, 81.06, 98.66, 20.62, -0.27243, -0.76392, 0.38894, 0.43697
19, 16, -81.003, 24.977, 121.741, -484.50, 881.29, -197.27, 71.87, 141.52, 24.16, -0.29132, -0.76860, 0.38431, 0.42035
19, 15, -79.409, 19.639, 119.316, -148.99, 1124.15, -29.66, 57.81, 143.43, 32.49, -0.33864, -0.76144, 0.38831, 0.39338
19, 15, -76.081, 20.679, 122.171, -488.59, 661.50, -383.24, 53.47, 111.33, 20.91, -0.32587, -0.78192, 0.37105, 0.38045
19, 16, -74.303, 14.664, 119.596, 163.45, 1079.22, -73.12, 45.61, 109.33, -4.55, -0.37542, -0.77280, 0.37640, 0.34664
19, 15, -72.010, 9.671, 118.799, 84.11, 1007.51, -347.78, 25.12, 81.19, 9.06, -0.40789, -0.77025, 0.37969, 0.31012
19, 16, -70.478, 10.771, 117.416, -161.44, 872.19, -311.83, 13.21, 26.25, -35.10, -0.41706, -0.77194, 0.36094, 0.31605
19, 16, -69.397, 8.475, 115.738, 222.78, 1101.14, -345.76, -5.37, 3.82, -58.95, -0.44001, -0.76539, 0.35909, 0.30271
19, 15, -68.997, 5.792, 116.369, 314.94, 1185.73, -633.24, -4.40, -24.41, -28.61, -0.44671, -0.76444, 0.36956, 0.28197
19, 16, -69.519, 3.962, 117.717, 205.75, 1090.33, -571.90, 26.49, -53.57, -6.19, -0.44311, -0.76459, 0.38392, 0.26768
19, 15, -70.701, 2.743, 118.280, 139.83, 957.52, -441.71, 29.78, -78.85, 8.87, -0.44108, -0.76038, 0.39804, 0.26236
19, 15, -72.335, 2.811, 120.093, 50.72, 811.58, -482.30, 25.88, -98.65, 26.86, -0.42504, -0.76159, 0.41277, 0.26257
19, 16, -73.865, 4.286, 121.333, -60.24, 679.08, -371.83, 39.84, -90.10, 51.51, -0.40751, -0.76338, 0.42016, 0.27324
19, 15, -75.521, 6.569, 122.086, -144.17, 575.81, -290.22, 45.54, -70.76, 73.84, -0.38920, -0.76410, 0.42428, 0.29097
19, 16, -77.138, 8.994, 121.757, -214.78, 469.79, -187.50, 41.87, -46.08, 98.14, -0.37696, -0.76125, 0.42476, 0.31302
19, 16, -78.759, 13.449, 119.046, -369.57, 381.71, -21.79, 14.88, -25.09, 103.42, -0.37073, -0.75392, 0.40952, 0.35562
19, 14, -79.976, 17.971, 115.848, -549.44, 484.62, -51.82, -25.08, -10.64, 89.29, -0.36722, -0.74650, 0.38742, 0.39723
19, 15, -80.230, 20.870, 113.045, -661.01, 761.35, -201.97, -48.71, 14.08, 66.88, -0.37110, -0.74101, 0.36577, 0.42356
19, 17, -78.773, 19.929, 114.580, -740.72, 1999.94, -1213.56, -21.01, 19.82, 23.64, -0.37075, -0.74927, 0.36623, 0.40868
19, 15, -76.665, 20.997, 115.118, -560.49, 877.32, -223.51, 51.42, 92.89, 29.33, -0.36986, -0.75902, 0.34935, 0.40627
19, 16, -77.288, 23.610, 110.349, -647.58, 986.21, -15.69, -26.65, 31.32, -28.56, -0.38703, -0.74480, 0.32340, 0.43692
19, 16, -75.475, 21.877, 109.868, -250.43, 932.37, -358.89, -41.55, 50.90, -51.51, -0.40472, -0.74589, 0.31834, 0.42251
19, 15, -74.772, 22.777, 106.070, -455.38, 1010.56, -15.26, -26.66, 63.63, -49.81, -0.42795, -0.73523, 0.29505, 0.43502
19, 16, -74.946, 27.754, 99.971, -516.85, 888.00, 55.54, -97.48, 19.49, -152.88, -0.44401, -0.71860, 0.24541, 0.47565
19, 15, -71.977, 24.955, 101.022, 198.85, 1096.25, -612.85, -104.35, 25.67, -145.39, -0.46153, -0.72527, 0.24627, 0.44757
19, 15, -73.458, 32.490, 93.741, -703.25, 809.94, 103.76, -133.09, -9.54, -189.93, -0.46784, -0.70297, 0.18262, 0.50359
19, 16, -71.552, 32.518, 92.580, 29.42, 898.68, -507.93, -201.38, -30.69, -231.96, -0.48316, -0.70109, 0.16570, 0.49757
19, 15, -68.257, 30.624, 94.609, 43.21, 885.44, -596.56, -136.59, 4.26, -160.42, -0.49275, -0.71226, 0.16512, 0.47183
19, 15, -65.230, 28.648, 96.885, 50.48, 917.66, -574.40, -104.91, 2.12, -130.55, -0.49877, -0.72444, 0.16672, 0.44568
19, 18, -62.687, 24.717, 100.092, 241.52, 928.71, -721.56, -73.39, -0.75, -85.12, -0.50317, -0.73856, 0.18473, 0.40893
19, 15, -61.539, 20.546, 103.217, 118.59, 949.65, -648.80, -31.53, -13.94, -34.26, -0.50225, -0.75007, 0.21080, 0.37510
19, 16, -62.075, 18.544, 105.176, -94.79, 865.54, -485.90, -18.11, -47.43, -19.55, -0.49485, -0.75540, 0.23123, 0.36198
19, 15, -62.493, 13.643, 110.802, 152.34, 1137.33, -1052.98, 47.10, -36.14, 46.29, -0.47336, -0.77244, 0.27550, 0.32151
19, 15, -63.122, 10.440, 118.699, -64.15, 1131.77, -993.10, 157.20, -16.33, 54.72, -0.42872, -0.79794, 0.31531, 0.28296
19, 16, -64.823, 5.690, 124.285, 70.31, 890.99, -509.64, 196.88, -11.29, 79.35, -0.40230, -0.80691, 0.35938, 0.24061
19, 15, -66.773, 0.049, 127.183, 128.11, 755.98, -255.92, 202.42, 7.86, 127.88, -0.39791, -0.80172, 0.39927, 0.19870
19, 15, -68.343, -4.066, 127.904, -55.05, 683.29, -69.21, 193.63, 45.35, 184.62, -0.40468, -0.79092, 0.42525, 0.17275
19, 17, -68.851, -6.638, 126.749, -224.06, 711.85, 72.08, 159.64, 76.61, 215.44, -0.42068, -0.77944, 0.43545, 0.16086
19, 15, -68.426, -7.735, 124.370, -411.44, 769.96, 128.85, 105.96, 90.67, 215.40, -0.44103, -0.76962, 0.43287, 0.16062
19, 15, -67.394, -6.609, 121.051, -630.92, 830.02, 131.53, 44.34, 81.57, 184.04, -0.46109, -0.76300, 0.41715, 0.17666
19, 16, -66.428, -2.818, 117.344, -812.81, 944.70, 26.79, -15.14, 44.58, 122.07, -0.47523, -0.75979, 0.39001, 0.21159
19, 15, -67.924, 5.160, 116.756, -707.82, 1366.94, -518.37, -4.19, -116.67, -34.64, -0.44899, -0.76827, 0.36600, 0.27243
19, 16, -66.317, 8.520, 115.439, -321.11, 904.91, -289.31, -2.33, 29.15, -19.73, -0.44985, -0.77365, 0.33743, 0.29195
19, 14, -66.472, 11.231, 109.919, -398.93, 1068.66, 50.05, -42.66, 5.29, -9.63, -0.47655, -0.75517, 0.31113, 0.32529
19, 15, -67.919, 12.546, 103.750, -240.48, 1098.27, 14.77, -65.04, -27.25, -26.73, -0.50740, -0.72705, 0.29565, 0.35572
19, 17, -69.893, 13.768, 97.584, -138.61, 1039.79, -21.42, -114.90, -66.21, -57.49, -0.53484, -0.69632, 0.28149, 0.38711
19, 15, -73.431, 15.681, 90.155, -139.16, 1013.37, 22.28, -171.84, -122.96, -85.62, -0.55892, -0.65649, 0.26518, 0.43163
19, 16, -77.143, 19.199, 84.869, -240.36, 984.80, -168.76, -233.40, -153.46, -109.73, -0.56026, -0.63084, 0.24457, 0.47785
19, 16, -79.595, 23.372, 79.981, -328.80, 867.31, -152.34, -250.00, -112.50, -117.15, -0.55926, -0.61271, 0.21152, 0.51679
19, 15, -78.526, 25.699, 79.193, -194.64, 911.99, -485.35, -250.00, -45.21, -115.57, -0.55869, -0.61662, 0.18789, 0.52186
19, 15, -76.812, 26.636, 79.579, -99.18, 982.36, -694.70, -240.62, -44.05, -104.28, -0.56047, -0.62345, 0.17454, 0.51645
19, 16, -74.361, 25.908, 82.757, -115.66, 885.07, -588.26, -142.67, -25.80, -48.59, -0.55678, -0.64113, 0.17957, 0.49669
19, 15, -70.951, 26.366, 89.231, -299.01, 912.48, -604.92, -63.04, -13.93, -27.44, -0.53204, -0.67819, 0.18452, 0.47218
19, 18, -68.740, 27.200, 94.048, -421.45, 872.56, -472.23, -19.58, -11.80, -19.84, -0.50852, -0.70489, 0.18581, 0.45828
19, 15, -66.314, 27.883, 100.848, -574.40, 996.40, -806.64, 35.14, -9.15, -20.68, -0.47238, -0.73879, 0.19329, 0.44009
19, 15, -64.200, 29.562, 108.657, -803.96, 1069.09, -690.49, 140.78, 14.62, -51.33, -0.42193, -0.77408, 0.19983, 0.42760
19, 16, -63.779, 30.702, 113.834, -687.81, 1024.41, -262.94, 213.49, 48.10, -78.54, -0.38339, -0.79340, 0.21036, 0.42342
19, 15, -65.046, 31.688, 115.192, -588.44, 821.04, 226.07, 227.85, 79.16, -65.96, -0.36515, -0.79561, 0.21933, 0.43077
19, 15, -64.762, 33.757, 116.189, -713.44, 582.46, 287.78, 183.24, 136.27, -50.12, -0.35052, -0.79935, 0.21096, 0.44009
19, 16, -64.353, 34.200, 114.974, -489.26, 539.86, 164.06, 103.65, 141.76, -66.68, -0.35867, -0.79631, 0.20123, 0.44357
19, 15, -63.509, 29.029, 113.502, -171.39, 580.44, -2.32, 65.09, 133.72, -38.22, -0.39352, -0.79237, 0.21561, 0.41328
19, 16, -62.608, 22.569, 112.401, -34.30, 634.70, -75.26, 48.66, 104.94, -1.69, -0.42961, -0.78709, 0.23757, 0.37348
19, 16, -62.689, 14.773, 108.254, 179.02, 695.43, 123.78, 25.71, 79.12, 42.73, -0.48592, -0.76274, 0.26395, 0.33532
19, 15, -61.677, 7.222, 105.416, 147.52, 816.83, -33.14, -18.68, 65.13, 107.96, -0.53233, -0.74117, 0.28729, 0.29115
19, 16, -64.006, 10.442, 107.887, -348.69, 758.79, -302.86, 33.91, -105.77, 51.71, -0.49957, -0.75176, 0.29305, 0.31529
19, 15, -63.775, 10.936, 109.369, -177.67, 874.08, -356.69, -0.51, -22.83, 15.40, -0.48874, -0.75951, 0.29319, 0.31356
19, 15, -64.416, 5.096, 106.257, 385.19, 1172.91, -4.03, -12.53, -16.07, 60.73, -0.52669, -0.73389, 0.31753, 0.28839
19, 16, -65.715, 5.043, 107.239, -155.33, 1026.37, -356.69, -21.45, -73.14, 88.59, -0.51729, -0.73460, 0.32859, 0.29122
19, 15, -68.658, 4.534, 104.091, 12.57, 992.80, -44.31, -23.93, -118.93, 47.68, -0.53110, -0.71052, 0.34135, 0.31078
19, 16, -71.585, 9.860, 106.294, -1009.22, 786.87, -724.43, -74.62, -144.07, 111.41, -0.48994, -0.72289, 0.34006, 0.34892
19, 16, -73.252, 14.101, 104.100, -382.14, 844.36, -79.41, -25.10, -81.18, 14.36, -0.48202, -0.71703, 0.32250, 0.38668
19, 15, -72.922, 17.577, 104.662, -498.84, 747.50, -205.87, -11.78, -15.77, 43.15, -0.46565, -0.72650, 0.30471, 0.40314
19, 16, -71.353, 19.062, 106.982, -424.13, 830.75, -360.23, -0.39, 17.07, 20.86, -0.45021, -0.74220, 0.29524, 0.39910
19, 16, -68.650, 19.912, 112.564, -615.84, 1000.49, -780.52, 47.44, 44.84, 14.24, -0.41906, -0.77139, 0.29215, 0.37947
19, 15, -66.149, 20.224, 118.529, -455.57, 956.97, -615.97, 117.61, 57.07, -30.27, -0.38497, -0.79899, 0.29272, 0.35737
19, 16, -64.756, 17.440, 121.862, -254.33, 893.25, -389.77, 141.75, 85.73, -28.14, -0.37655, -0.81160, 0.30514, 0.32621
19, 16, -63.802, 15.794, 122.961, -325.44, 788.64, -228.70, 135.01, 112.40, 9.88, -0.37759, -0.81650, 0.30838, 0.30928
19, 15, -62.694, 14.813, 123.867, -350.77, 675.42, -201.11, 125.73, 125.34, 24.00, -0.37767, -0.82169, 0.30692, 0.29664
19, 16, -61.357, 12.488, 124.602, -221.44, 573.18, -246.03, 102.00, 133.51, 26.27, -0.38402, -0.82582, 0.30862, 0.27443
19, 15, -60.168, 8.059, 124.912, -113.53, 578.00, -296.33, 77.02, 132.97, 44.98, -0.39950, -0.82583, 0.31833, 0.23888
19, 15, -58.854, 2.595, 123.888, -35.16, 569.58, -250.24, 53.95, 142.09, 74.42, -0.42668, -0.81902, 0.32817, 0.19861
19, 16, -57.384, -3.280, 119.709, 35.83, 680.24, -77.51, 25.25, 137.95, 106.16, -0.47530, -0.79729, 0.33424, 0.16337
19, 15, -55.887, -5.061, 116.073, -181.40, 820.19, -174.99, -12.34, 113.91, 123.14, -0.50704, -0.78264, 0.32616, 0.15494
19, 15, -54.769, -6.097, 111.464, -173.28, 973.88, -171.45, -36.96, 84.02, 101.78, -0.54210, -0.76258, 0.31685, 0.15560
19, 17, -57.839, -3.340, 114.365, -239.01, 1718.93, -1129.27, 15.62, -90.84, 24.83, -0.51140, -0.77284, 0.32960, 0.18040
19, 15, -59.860, -2.850, 108.210, -0.85, 1363.71, 225.77, -23.38, -68.16, 27.49, -0.54729, -0.73960, 0.33024, 0.21075
19, 16, -64.140, 0.830, 103.768, -101.75, 1069.89, -158.08, -101.60, -170.01, -3.41, -0.55621, -0.71394, 0.33056, 0.26768
19, 15, -68.204, 4.080, 100.918, -67.20, 1031.13, -274.84, -133.32, -177.02, -22.83, -0.55331, -0.69580, 0.33215, 0.31525
19, 15, -71.165, 7.184, 94.157, -143.13, 1034.67, 11.29, -171.10, -130.12, -21.35, -0.57424, -0.66164, 0.31335, 0.36646
19, 16, -73.006, 9.647, 87.621, -111.39, 874.39, -16.30, -239.99, -108.09, -24.11, -0.59646, -0.62976, 0.28801, 0.40583
19, 15, -72.956, 13.100, 86.311, -240.48, 922.55, -435.24, -250.00, -63.29, -49.27, -0.59178, -0.63204, 0.26305, 0.42559
19, 15, -73.436, 14.167, 81.156, -49.50, 930.48, -7.81, -244.09, -50.33, -68.73, -0.61405, -0.60663, 0.23972, 0.44438
19, 17, -72.409, 15.859, 83.460, -133.30, 774.66, -819.58, -241.84, -60.42, -39.30, -0.59962, -0.62528, 0.23290, 0.44186
19, 15, -71.493, 18.438, 87.515, -347.90, 902.34, -608.40, -102.22, -48.79, -34.77, -0.57102, -0.65379, 0.22801, 0.44102
19, 16, -70.806, 19.729, 88.919, -322.27, 987.49, -214.72, -58.89, -18.34, -28.49, -0.56070, -0.66476, 0.22184, 0.44102
19, 16, -69.848, 20.849, 89.655, -342.16, 897.40, -199.58, -72.61, -6.34, -19.31, -0.55581, -0.67234, 0.21248, 0.44033
19, 15, -68.367, 21.456, 91.836, -343.26, 915.16, -289.49, -44.85, 5.45, -19.08, -0.54619, -0.68663, 0.20844, 0.43216
19, 16, -67.026, 21.109, 94.191, -290.10, 944.46, -297.79, -23.24, 8.64, -21.40, -0.53825, -0.69966, 0.21109, 0.41976
19, 15, -65.508, 20.249, 98.739, -246.40, 1083.37, -596.80, 9.11, 2.69, -32.07, -0.51870, -0.72225, 0.22279, 0.39960
19, 15, -63.715, 20.471, 106.878, -296.81, 1184.57, -809.75, 103.64, -5.75, -47.42, -0.47124, -0.76129, 0.23756, 0.37675
19, 17, -62.737, 19.363, 114.710, -174.01, 1079.35, -639.34, 185.08, 0.31, -57.06, -0.42534, -0.79307, 0.26122, 0.34913
19, 15, -62.866, 16.009, 120.852, -40.04, 898.19, -401.55, 229.04, 13.88, -28.59, -0.39433, -0.81203, 0.29508, 0.31311
19, 15, -63.382, 11.013, 125.458, -13.06, 836.18, -290.65, 249.57, 54.70, 35.77, -0.37829, -0.82165, 0.33107, 0.26867
19, 16, -64.185, 7.057, 127.976, -165.16, 859.01, -139.95, 249.63, 91.04, 104.30, -0.37255, -0.82317, 0.35739, 0.23637
19, 15, -64.012, 5.888, 127.913, -381.65, 761.72, 71.78, 200.05, 122.67, 105.91, -0.37747, -0.82207, 0.36029, 0.22783
19, 15, -63.615, 3.134, 125.734, -172.91, 839.84, 49.01, 140.16, 106.61, 90.23, -0.40323, -0.81213, 0.36336, 0.21407
19, 16, -62.579, -0.190, 122.932, -84.35, 787.29, -22.95, 89.70, 105.42, 100.33, -0.43565, -0.79980, 0.36350, 0.19593
19, 15, -61.633, -4.095, 119.999, -83.56, 756.90, -133.61, 53.44, 116.17, 120.10, -0.46933, -0.78391, 0.36720, 0.17429
19, 17, -60.094, -5.957, 117.276, -191.28, 804.81, -154.72, 28.14, 120.61, 130.57, -0.49534, -0.77347, 0.36007, 0.16351
19, 15, -58.629, -5.778, 115.405, -267.40, 822.51, -227.23, 11.95, 98.87, 110.49, -0.50957, -0.77016, 0.34680, 0.16409
19, 15, -57.728, -3.776, 112.815, -308.17, 858.89, -187.81, -9.77, 57.16, 68.87, -0.52311, -0.76529, 0.32830, 0.18138
19, 16, -57.059, -1.382, 109.605, -320.25, 1278.38, -294.98, -45.40, 32.25, 25.25, -0.53941, -0.75701, 0.30765, 0.20328
19, 15, -56.074, -1.547, 110.491, -165.41, 1145.94, -497.92, 4.12, 57.41, 56.70, -0.53566, -0.76348, 0.30342, 0.19520
19, 15, -55.425, 5.332, 108.178, -719.30, 1220.21, -129.64, 2.62, 10.36, -65.18, -0.53427, -0.76595, 0.26197, 0.24339
19, 16, -56.520, 14.718, 103.319, -767.52, 1091.80, 39.86, -48.28, -47.01, -161.04, -0.53637, -0.75338, 0.20933, 0.31764
19, 15, -58.229, 17.206, 101.574, -27.89, 1173.03, -455.81, -73.18, -78.29, -201.43, -0.53488, -0.74497, 0.20209, 0.34363
19, 16, -62.337, 25.919, 92.996, -575.62, 979.37, 141.11, -119.88, -91.38, -250.00, -0.54471, -0.70786, 0.14980, 0.42402
19, 16, -72.484, 32.947, 79.162, -524.96, 707.64, 290.34, -182.24, -199.85, -250.00, -0.55573, -0.63973, 0.10889, 0.51967
19, 16, -73.745, 32.758, 78.445, 180.79, 971.13, -668.82, -219.61, -123.91, -250.00, -0.55478, -0.63467, 0.11384, 0.52579
19, 16, -71.516, 31.992, 81.539, -2.87, 597.78, -282.17, -120.79, -15.14, -184.44, -0.55076, -0.65051, 0.12019, 0.50898
19, 15, -67.601, 28.263, 85.889, 326.72, 1109.25, -633.85, -92.29, 32.55, -130.07, -0.55779, -0.67004, 0.13954, 0.46951
19, 15, -65.069, 23.032, 90.728, 244.69, 1054.57, -596.37, -27.48, 11.77, -50.61, -0.55924, -0.68931, 0.17519, 0.42592
19, 16, -62.976, 19.341, 96.074, 115.11, 956.24, -559.81, -15.79, -6.61, -23.03, -0.54741, -0.71328, 0.20286, 0.38784
19, 16, -62.527, 17.564, 99.492, -116.46, 921.02, -372.68, 11.83, -24.61, -2.82, -0.53367, -0.72777, 0.22128, 0.36958
19, 15, -63.605, 19.294, 100.348, -338.87, 881.10, -206.05, 9.18, -54.19, -19.55, -0.51850, -0.73193, 0.22146, 0.38260
19, 16, -65.141, 22.292, 100.177, -442.63, 861.63, -167.54, 4.99, -58.81, -29.21, -0.50313, -0.73202, 0.21422, 0.40634
19, 15, -66.395, 24.643, 99.913, -472.96, 854.13, -170.17, 0.45, -44.31, -24.07, -0.49112, -0.73134, 0.20826, 0.42493
19, 15, -67.350, 25.973, 99.473, -472.05, 850.71, -159.06, -4.05, -28.34, -13.16, -0.48500, -0.72927, 0.20530, 0.43680
19, 16, -68.041, 26.324, 99.076, -457.09, 863.71, -152.59, -4.77, -17.28, -3.42, -0.48344, -0.72676, 0.20621, 0.44226
19, 15, -68.623, 26.512, 98.711, -460.02, 859.68, -141.85, -3.71, -12.94, 2.19, -0.48272, -0.72439, 0.20742, 0.44633
19, 16, -68.539, 26.666, 98.921, -449.65, 870.85, -144.04, -1.91, -3.88, 6.13, -0.48109, -0.72560, 0.20685, 0.44639
19, 16, -68.429, 26.522, 99.210, -435.67, 870.06, -146.55, 1.54, -1.85, 7.56, -0.48028, -0.72685, 0.20808, 0.44467
20, 8, -66.092, 12.246, 114.375, -150.70, 821.35, -426.33, -9.88, -10.72, 4.73, -0.44417, -0.77561, 0.31635, 0.31790
20, 26, -66.391, 11.629, 114.524, -181.95, 832.40, -387.57, -4.78, -9.67, 15.08, -0.44459, -0.77450, 0.32160, 0.31474
20, 16, -66.501, 11.506, 114.538, -192.14, 819.58, -377.93, -5.34, -6.41, 20.81, -0.44464, -0.77407, 0.32294, 0.31435
20, 14, -66.594, 11.338, 114.596, -188.90, 801.33, -373.35, -6.29, -5.38, 24.51, -0.44462, -0.77379, 0.32448, 0.31348
20, 15, -66.528, 11.106, 115.363, -188.60, 786.01, -407.78, -4.10, -3.62, 27.96, -0.44046, -0.77661, 0.32716, 0.30957
20, 17, -66.679, 11.657, 115.791, -221.86, 858.95, -408.57, 10.13, -11.29, 16.62, -0.43512, -0.77859, 0.32689, 0.31244
20, 15, -66.845, 11.542, 116.117, -198.79, 836.36, -406.74, 6.40, -7.81, 22.78, -0.43287, -0.77919, 0.32942, 0.31140
20, 15, -67.040, 11.204, 116.061, -187.87, 833.98, -391.78, 3.81, -6.16, 27.49, -0.43398, -0.77794, 0.33209, 0.31014
20, 16, -67.075, 10.587, 116.157, -173.28, 831.67, -397.64, 2.46, -1.66, 31.54, -0.43551, -0.77732, 0.33532, 0.30605
20, 15, -66.766, 9.945, 118.469, -174.50, 768.74, -572.63, 2.05, 1.06, 34.57, -0.42291, -0.78598, 0.34205, 0.29391
20, 15, -66.013, 9.586, 122.349, -191.77, 641.54, -578.49, 40.84, 20.71, 31.39, -0.39923, -0.80169, 0.34799, 0.27715
20, 16, -65.889, 9.907, 122.181, -284.00, 838.13, -386.78, 55.53, 42.80, 31.39, -0.39953, -0.80188, 0.34542, 0.27938
20, 16, -64.572, 10.975, 124.726, -436.83, 734.44, -573.79, 47.13, 73.75, 30.37, -0.38083, -0.81571, 0.33798, 0.27449
20, 16, -62.512, 13.105, 125.944, -538.57, 772.22, -416.87, 71.70, 106.56, -14.28, -0.36935, -0.82759, 0.31772, 0.27879
20, 15, -60.360, 15.092, 125.655, -477.42, 863.34, -299.50, 78.30, 107.35, -71.62, -0.36968, -0.83383, 0.29348, 0.28624
20, 15, -58.412, 14.590, 124.175, -252.20, 913.45, -261.78, 65.31, 108.26, -90.71, -0.38700, -0.83348, 0.27769, 0.28005
20, 16, -56.308, 12.428, 123.043, -147.58, 953.00, -340.76, 56.28, 116.37, -78.91, -0.40730, -0.83310, 0.26866, 0.26051
20, 15, -54.316, 13.849, 121.443, -312.44, 882.93, -294.07, 43.38, 96.04, -109.26, -0.41904, -0.83274, 0.24450, 0.26675
20, 15, -52.578, 12.331, 119.518, -56.21, 1015.38, -350.89, 23.67, 81.92, -119.22, -0.44152, -0.82816, 0.23412, 0.25375
20, 16, -52.742, 16.259, 114.327, -411.56, 988.77, -66.16, -7.00, 46.71, -143.08, -0.46649, -0.80977, 0.20496, 0.29095
20, 16, -53.926, 18.673, 109.022, -167.48, 1107.36, -190.67, -60.38, -13.99, -196.38, -0.49278, -0.78699, 0.18715, 0.32060
20, 15, -55.198, 18.721, 104.690, -16.11, 1036.87, -225.59, -73.62, -20.27, -171.56, -0.51835, -0.76586, 0.18316, 0.33351
20, 16, -56.375, 17.791, 101.961, 101.14, 993.35, -352.11, -94.02, -41.53, -157.55, -0.53596, -0.75056, 0.18796, 0.33776
20, 16, -58.114, 17.164, 100.249, 98.88, 928.34, -427.06, -103.84, -74.70, -142.37, -0.54394, -0.73889, 0.19759, 0.34516
20, 16, -60.853, 15.154, 98.668, 216.61, 936.83, -439.70, -105.10, -109.30, -108.30, -0.55234, -0.72369, 0.22136, 0.34955
20, 15, -64.138, 12.609, 97.641, 264.34, 984.38, -585.08, -131.20, -139.62, -62.34, -0.55716, -0.70782, 0.25272, 0.35313
20, 15, -66.770, 11.055, 99.104, 65.86, 967.47, -792.79, -115.03, -130.52, -5.34, -0.54528, -0.70583, 0.28186, 0.35359
20, 16, -69.169, 4.295, 98.156, 434.45, 865.17, -249.94, -90.12, -118.43, 58.19, -0.56648, -0.68003, 0.32907, 0.32919
20, 16, -71.366, 7.808, 102.704, -538.82, 739.44, -795.96, -72.24, -145.76, 76.84, -0.52050, -0.70339, 0.33790, 0.34662
20, 15, -73.175, 11.197, 106.994, -708.50, 684.94, -755.55, -37.56, -118.97, 115.91, -0.47548, -0.72373, 0.34580, 0.36133
20, 16, -75.163, 18.886, 108.370, -993.35, 575.07, -295.96, 6.87, -113.01, 51.90, -0.42855, -0.73694, 0.32560, 0.40896
20, 15, -76.705, 24.380, 109.152, -782.53, 603.03, -255.74, 17.59, -72.99, 47.42, -0.39353, -0.74334, 0.31120, 0.44241
20, 16, -78.510, 29.521, 107.866, -891.91, 691.77, -151.31, 3.85, -52.03, 21.91, -0.37071, -0.74057, 0.29160, 0.47864
20, 15, -79.949, 30.278, 105.283, -536.38, 839.05, -150.09, -10.42, -13.11, 10.45, -0.37755, -0.72943, 0.28593, 0.49360
20, 15, -79.783, 28.428, 104.813, -413.21, 882.02, -215.70, -8.35, 8.02, 18.07, -0.39008, -0.72581, 0.29260, 0.48520
20, 16, -75.837, 25.226, 112.690, -135.31, 752.56, -714.97, 48.49, 31.39, 2.70, -0.36981, -0.75850, 0.31488, 0.43446
20, 16, -75.485, 21.143, 112.998, -105.10, 1229.13, -105.59, 104.55, 50.45, 21.50, -0.38742, -0.75571, 0.33331, 0.40952
20, 16, -75.031, 19.233, 113.664, -225.46, 1304.87, -387.76, 55.40, -0.40, 5.00, -0.39300, -0.75681, 0.34166, 0.39505
20, 16, -74.748, 17.608, 115.735, -93.38, 1260.99, -546.81, 57.63, -33.41, -10.95, -0.38727, -0.76253, 0.35424, 0.37827
20, 15, -74.934, 15.042, 117.783, 33.94, 1014.83, -418.64, 81.56, -39.76, 5.38, -0.38405, -0.76526, 0.37344, 0.35698
20, 15, -75.593, 10.488, 119.669, 221.68, 787.60, -323.12, 87.34, -46.67, 38.44, -0.38881, -0.76237, 0.40268, 0.32475
20, 16, -76.604, 4.981, 121.715, 219.06, 627.38, -272.64, 89.90, -48.60, 98.77, -0.39549, -0.75581, 0.43659, 0.28589
20, 15, -77.324, 4.466, 123.967, -109.01, 541.93, -252.44, 97.15, -30.82, 158.42, -0.38097, -0.75967, 0.44879, 0.27632
20, 16, -78.685, 6.209, 125.638, -278.44, 450.38, -188.78, 93.77, -6.72, 174.67, -0.35910, -0.76290, 0.45563, 0.28536
20, 15, -79.746, 10.212, 125.517, -574.10, 467.96, -75.62, 70.93, 6.39, 161.19, -0.33943, -0.76509, 0.44778, 0.31452
20, 15, -80.334, 15.087, 124.889, -748.84, 512.94, -122.19, 36.96, 10.89, 121.74, -0.31961, -0.76817, 0.43133, 0.34888
20, 17, -80.078, 20.407, 122.756, -1030.03, 647.03, -20.08, 9.62, 41.25, 69.72, -0.30976, -0.76979, 0.40122, 0.38793
20, 15, -78.778, 21.844, 119.110, -1277.95, 1999.94, -235.05, -17.72, 84.53, 11.28, -0.33193, -0.76559, 0.37370, 0.40503
20, 15, -74.541, 23.871, 124.298, -1067.08, 647.83, -937.99, 11.87, 101.37, 31.07, -0.30190, -0.79519, 0.35400, 0.38885
20, 16, -71.778, 30.261, 123.567, -1143.92, 877.93, 150.27, 66.33, 99.20, -128.60, -0.28777, -0.80386, 0.30430, 0.42238
20, 15, -70.019, 28.504, 119.115, -206.91, 857.06, 28.56, -10.09, 120.38, -133.69, -0.33315, -0.79581, 0.28368, 0.41859
20, 15, -66.713, 21.388, 120.838, -71.66, 808.84, -339.17, 52.45, 148.61, -32.12, -0.36239, -0.80587, 0.29871, 0.36059
20, 17, -65.228, 20.580, 118.361, -301.51, 1091.55, -163.09, 30.36, 91.82, -87.85, -0.38761, -0.80101, 0.28416, 0.35693
20, 15, -65.323, 21.361, 113.805, -301.57, 1030.46, -39.55, -4.55, 38.27, -99.58, -0.41579, -0.78540, 0.26665, 0.37305
20, 16, -66.484, 24.926, 107.226, -354.06, 983.15, -0.79, -73.52, -16.79, -160.22, -0.44202, -0.76124, 0.23406, 0.41273
20, 16, -67.240, 24.228, 103.237, 81.18, 1098.88, -322.02, -115.62, -54.83, -174.94, -0.46828, -0.74318, 0.22823, 0.41989
20, 15, -69.086, 22.499, 98.608, 249.82, 969.06, -238.77, -132.94, -87.08, -165.84, -0.49790, -0.71775, 0.23233, 0.42773
20, 16, -71.878, 20.106, 94.011, 427.25, 1052.98, -322.14, -169.91, -129.01, -144.30, -0.52507, -0.68744, 0.24551, 0.43756
20, 15, -73.592, 18.637, 93.588, 290.53, 1095.64, -645.87, -158.20, -132.91, -91.76, -0.52686, -0.67882, 0.26240, 0.43905
20, 16, -76.328, 13.319, 89.328, 366.82, 952.64, -75.99, -156.87, -132.51, -1.00, -0.56155, -0.63962, 0.29185, 0.43631
20, 16, -77.105, 12.957, 91.175, -79.96, 983.28, -584.66, -157.18, -123.22, 26.69, -0.54962, -0.64562, 0.30524, 0.43350
20, 15, -76.804, 13.707, 95.246, -339.72, 797.67, -816.65, -130.80, -96.66, 74.58, -0.52450, -0.66738, 0.31467, 0.42483
20, 15, -77.581, 12.363, 98.106, -9.40, 811.52, -438.72, -69.15, -106.38, 38.79, -0.51024, -0.67486, 0.33679, 0.41327
20, 16, -77.726, 15.320, 104.179, -762.51, 772.03, -856.14, -2.48, -90.26, 98.10, -0.46095, -0.70674, 0.34445, 0.41158
20, 15, -77.871, 13.926, 111.684, -177.98, 867.74, -750.67, 90.14, -65.82, 79.70, -0.41926, -0.73241, 0.37800, 0.38067
20, 16, -78.334, 15.091, 118.753, -624.94, 765.32, -540.53, 163.30, -26.31, 148.77, -0.36667, -0.75705, 0.39887, 0.36514
20, 15, -80.442, 17.969, 123.432, -590.82, 808.96, -307.50, 195.71, -41.60, 112.07, -0.31554, -0.76746, 0.41598, 0.37202
20, 17, -81.734, 19.707, 127.052, -658.75, 793.95, -161.68, 225.30, 26.84, 117.42, -0.27868, -0.77406, 0.42948, 0.37244
20, 16, -82.806, 22.278, 127.682, -1019.41, 829.04, 338.50, 198.04, 78.54, 112.19, -0.25824, -0.77400, 0.42867, 0.38792
20, 15, -83.379, 24.312, 125.610, -944.70, 935.85, 231.08, 104.89, 90.39, 75.52, -0.26004, -0.76900, 0.41708, 0.40873
20, 15, -82.318, 22.228, 124.094, -472.11, 907.90, -209.66, 52.06, 120.36, 68.65, -0.28431, -0.76725, 0.41325, 0.39965
20, 16, -80.096, 19.035, 123.444, -295.23, 927.12, -210.75, 73.10, 136.15, 46.59, -0.31157, -0.77002, 0.40934, 0.37740
20, 15, -76.222, 19.016, 127.125, -429.20, 674.44, -444.58, 79.89, 130.62, 29.11, -0.29890, -0.79341, 0.39472, 0.35404
20, 15, -73.490, 12.971, 125.383, 269.17, 1067.32, -95.03, 78.43, 120.84, -28.76, -0.34544, -0.79156, 0.39441, 0.31391
20, 17, -71.566, 6.372, 124.058, 243.04, 1071.17, -395.26, 37.28, 90.36, 17.82, -0.38633, -0.78472, 0.40312, 0.26918
20, 16, -69.907, 7.322, 121.207, -44.92, 963.38, -275.15, 10.73, 18.81, -70.67, -0.40613, -0.78205, 0.38125, 0.27947
20, 15, -69.030, 4.693, 117.921, 517.94, 1272.22, -368.90, -35.25, -14.93, -76.68, -0.44025, -0.76835, 0.37811, 0.26990
20, 15, -69.350, 2.474, 118.362, 429.87, 1279.24, -820.86, -24.25, -51.47, -26.89, -0.44456, -0.76482, 0.39032, 0.25509
20, 15, -70.498, 0.343, 118.081, 347.17, 1087.22, -451.66, 18.07, -75.58, -4.13, -0.45152, -0.75542, 0.40583, 0.24653
20, 16, -72.098, -1.525, 117.068, 252.01, 819.34, -280.03, 8.03, -94.17, 19.68, -0.46137, -0.74148, 0.42149, 0.24432
20, 15, -74.053, -3.508, 119.092, 245.06, 680.85, -443.42, 1.05, -105.24, 46.19, -0.45142, -0.73746, 0.44588, 0.23145
20, 15, -75.746, -4.222, 122.307, 105.83, 662.11, -476.50, 28.97, -85.53, 85.11, -0.43000, -0.74136, 0.46571, 0.22046
20, 16, -77.312, -1.372, 123.889, -133.54, 584.72, -305.91, 48.23, -69.99, 108.96, -0.40545, -0.74737, 0.46921, 0.23853
20, 16, -78.899, 3.641, 122.700, -340.45, 497.99, -108.46, 35.12, -60.63, 112.25, -0.38894, -0.74754, 0.45908, 0.28133
20, 15, -80.418, 9.570, 120.784, -489.01, 443.36, -60.24, 10.99, -45.62, 106.05, -0.37163, -0.74670, 0.44134, 0.33099
20, 16, -81.939, 15.536, 116.237, -574.40, 378.97, 112.00, -26.26, -19.12, 92.99, -0.36920, -0.73693, 0.41219, 0.38823
20, 15, -83.672, 21.481, 108.836, -737.61, 376.71, 310.24, -82.10, 0.03, 68.60, -0.38186, -0.71714, 0.36868, 0.45163
20, 16, -83.286, 22.052, 111.518, -897.95, 1999.94, -1127.08, 21.33, -23.44, 7.06, -0.36372, -0.72808, 0.37400, 0.44467
20, 15, -78.724, 23.163, 115.321, -960.08, 995.30, -239.14, 108.67, 175.98, 44.08, -0.35112, -0.75600, 0.35364, 0.42439
20, 15, -78.359, 28.972, 110.061, -1310.61, 1346.07, 369.93, -32.46, 51.87, -103.07, -0.35968, -0.74735, 0.30251, 0.46966
20, 17, -79.529, 35.325, 103.694, -642.46, 860.35, -4.70, -95.14, -8.49, -217.75, -0.36497, -0.73109, 0.24917, 0.51983
20, 16, -78.143, 33.941, 102.108, 28.63, 1125.12, -345.46, -113.22, -4.43, -250.00, -0.38803, -0.72735, 0.24078, 0.51227
20, 15, -80.715, 39.328, 93.624, -575.44, 664.43, 337.83, -104.44, 27.40, -228.29, -0.40242, -0.69979, 0.18639, 0.56001
20, 16, -77.003, 35.479, 97.017, 412.66, 1235.17, -858.40, -115.76, -5.77, -210.30, -0.41784, -0.71342, 0.20192, 0.52504
20, 15, -76.827, 34.172, 93.051, -80.51, 677.67, -92.90, -156.31, -5.02, -216.89, -0.44923, -0.69701, 0.19024, 0.52552
20, 15, -73.757, 29.075, 96.268, 476.07, 1082.82, -819.95, -97.50, 0.19, -133.53, -0.46619, -0.70813, 0.21509, 0.48472
20, 16, -72.958, 24.966, 96.672, 69.82, 984.56, -391.66, -76.85, -12.82, -89.23, -0.48475, -0.70527, 0.23509, 0.46081
20, 15, -72.531, 22.390, 97.352, 8.54, 897.34, -458.37, -89.06, -33.58, -78.60, -0.49303, -0.70490, 0.24953, 0.44471
20, 16, -71.669, 20.745, 101.176, 55.30, 901.61, -716.25, -59.10, -59.23, -51.96, -0.47926, -0.72041, 0.26764, 0.42389
20, 16, -69.811, 15.889, 107.987, 396.06, 1107.18, -1485.60, -2.15, -14.57, 28.95, -0.46156, -0.74552, 0.30446, 0.37211
20, 15, -68.310, 11.057, 118.157, -77.82, 1243.47, -1360.60, 165.70, 39.29, 100.56, -0.41684, -0.78175, 0.34703, 0.30770
20, 16, -68.215, 5.067, 126.259, -33.81, 1028.50, -634.28, 249.99, 63.96, 136.39, -0.38354, -0.80169, 0.38968, 0.24151
20, 15, -69.565, -1.366, 129.563, 25.02, 807.19, -191.77, 249.99, 68.60, 197.22, -0.38162, -0.79723, 0.42755, 0.18971
20, 15, -70.519, -5.894, 129.299, -102.54, 655.52, 91.31, 212.71, 77.71, 230.12, -0.39834, -0.78374, 0.44806, 0.16222
20, 16, -69.899, -9.302, 125.985, -276.86, 518.07, 326.72, 138.73, 114.37, 249.99, -0.43342, -0.76639, 0.45007, 0.14907
20, 15, -68.657, -9.486, 122.667, -586.12, 609.50, 205.14, 54.84, 107.07, 238.43, -0.45775, -0.75785, 0.43800, 0.15582
20, 15, -67.490, -8.275, 117.423, -663.15, 783.08, 165.28, -6.96, 91.29, 189.16, -0.49001, -0.74356, 0.41833, 0.17890
20, 17, -65.675, -5.693, 114.778, -1300.17, 1966.80, -683.72, -63.11, 89.39, 125.66, -0.50234, -0.74486, 0.39205, 0.19781
20, 15, -65.633, -2.108, 116.081, -220.15, 1020.08, -508.48, 19.20, -17.55, 13.08, -0.48283, -0.75871, 0.37950, 0.21727
20, 16, -65.242, -0.343, 109.836, -199.40, 1397.52, 341.49, -7.58, 0.01, 4.00, -0.51886, -0.73650, 0.35669, 0.24723
20, 15, -67.025, 5.092, 103.501, -408.94, 1160.77, 122.74, -89.29, -83.62, -33.67, -0.53733, -0.71375, 0.32685, 0.30824
20, 15, -69.895, 9.276, 97.875, -144.84, 1148.80, -113.95, -132.15, -127.85, -78.23, -0.54917, -0.68824, 0.30649, 0.36167
20, 16, -73.533, 12.593, 93.185, -93.93, 1081.79, -207.95, -188.16, -158.84, -105.61, -0.55264, -0.66373, 0.29424, 0.40924
20, 15, -77.075, 15.966, 87.803, -70.80, 960.63, -293.64, -250.00, -143.47, -145.03, -0.55699, -0.63713, 0.27501, 0.45628
20, 16, -80.607, 17.327, 78.881, -7.93, 921.94, 127.14, -250.00, -102.72, -151.99, -0.58468, -0.58833, 0.24863, 0.50020
20, 17, -82.147, 20.551, 79.746, -131.59, 772.34, -941.83, -250.00, -129.34, -123.94, -0.56054, -0.59879, 0.24106, 0.51879
20, 15, -81.457, 21.008, 83.295, -81.73, 854.92, -890.87, -155.68, -72.31, -57.24, -0.54290, -0.61863, 0.25059, 0.50967
20, 15, -80.511, 21.697, 86.521, -322.08, 895.45, -402.83, -64.17, -33.50, -19.04, -0.52650, -0.63756, 0.25559, 0.50099
20, 16, -79.158, 22.350, 91.029, -384.22, 884.70, -533.20, -33.98, -24.73, -11.64, -0.50397, -0.66244, 0.26359, 0.48755
20, 15, -79.818, 22.339, 91.929, -357.79, 909.42, -119.32, -0.50, -32.50, -13.71, -0.49600, -0.66480, 0.27131, 0.48828
20, 16, -80.176, 22.215, 91.503, -383.85, 928.77, -46.26, -15.88, -10.16, -2.35, -0.49748, -0.66183, 0.27226, 0.49029
20, 15, -75.394, 24.296, 99.741, -559.69, 882.32, -716.92, 8.55, 45.29, 0.44, -0.45885, -0.71151, 0.26620, 0.46081
20, 16, -71.287, 24.968, 110.585, -508.00, 1110.41, -638.61, 214.25, 72.46, -52.67, -0.40197, -0.76292, 0.27806, 0.42315
20, 16, -68.593, 23.498, 116.553, -446.04, 1072.57, -181.03, 249.99, 128.34, -32.04, -0.37736, -0.78864, 0.28814, 0.39066
20, 15, -65.813, 23.247, 121.746, -661.80, 1013.98, -128.48, 246.79, 158.04, -17.40, -0.35132, -0.81199, 0.28703, 0.36723
20, 16, -63.440, 23.783, 125.447, -617.68, 861.39, -16.85, 237.27, 158.59, -51.04, -0.33015, -0.82903, 0.27937, 0.35448
20, 16, -63.106, 25.540, 124.591, -438.78, 665.77, 305.85, 194.38, 121.52, -90.42, -0.33046, -0.82762, 0.26677, 0.36698
20, 15, -63.976, 23.671, 119.335, -107.85, 575.44, 309.27, 98.61, 108.54, -75.72, -0.37259, -0.80898, 0.26438, 0.36991
20, 15, -64.430, 19.129, 113.749, 20.57, 573.97, 113.71, 24.49, 77.74, -32.72, -0.42763, -0.78536, 0.27105, 0.35621
20, 16, -64.990, 12.675, 107.967, 93.20, 545.41, 34.67, -28.68, 44.19, 20.87, -0.48850, -0.75306, 0.28875, 0.33300
20, 16, -63.765, 9.732, 109.441, -296.02, 1999.94, -1300.35, -58.36, 34.63, 71.18, -0.49239, -0.75799, 0.29912, 0.30582
20, 16, -66.495, 9.592, 112.497, -137.39, 997.01, -537.90, 53.06, -104.42, 34.71, -0.46528, -0.76309, 0.32609, 0.30801
20, 15, -67.849, 9.164, 112.048, -53.53, 927.43, -339.17, 4.88, -69.49, -7.29, -0.46613, -0.75665, 0.33582, 0.31212
20, 15, -69.665, 5.376, 108.509, 116.82, 1071.35, -161.87, -41.32, -53.90, 75.72, -0.49773, -0.72911, 0.35556, 0.30698
20, 16, -71.917, 6.806, 107.614, -166.81, 1010.68, -296.45, -33.48, -109.63, 62.11, -0.49200, -0.72123, 0.36065, 0.32818
20, 15, -74.741, 3.884, 105.066, 160.10, 907.78, -141.48, -49.29, -125.89, 64.29, -0.51035, -0.69415, 0.38448, 0.33147
20, 15, -77.195, 9.368, 106.951, -653.20, 803.34, -573.12, -69.87, -140.64, 72.36, -0.47022, -0.70698, 0.37948, 0.36751
20, 16, -79.413, 11.104, 104.348, -158.39, 783.57, -140.32, -44.40, -101.01, 47.96, -0.47163, -0.69293, 0.37608, 0.39494
20, 16, -79.162, 18.057, 105.170, -914.73, 725.59, -264.59, -22.06, -33.78, 29.46, -0.43776, -0.71172, 0.34330, 0.42891
20, 16, -77.490, 21.767, 107.438, -586.00, 756.77, -370.18, -4.62, 14.88, -1.73, -0.41332, -0.73142, 0.32277, 0.43590
20, 15, -74.830, 21.662, 111.366, -408.20, 770.39, -535.71, 7.03, 48.12, 8.29, -0.39823, -0.75265, 0.32064, 0.41487
20, 15, -71.093, 20.585, 118.814, -608.28, 970.95, -1039.43, 82.06, 88.26, 13.07, -0.36572, -0.78688, 0.32623, 0.37504
20, 16, -67.723, 17.030, 126.453, -318.48, 990.66, -744.38, 181.71, 129.94, -8.16, -0.33714, -0.81723, 0.34087, 0.31982
20, 15, -65.469, 10.487, 129.717, -63.90, 872.80, -325.99, 202.27, 176.11, 22.32, -0.34474, -0.82830, 0.35789, 0.25883
20, 15, -63.895, 4.940, 128.783, -67.99, 768.43, -61.58, 160.71, 175.47, 58.39, -0.37476, -0.82409, 0.36455, 0.21803
20, 16, -62.592, 0.606, 128.567, -78.06, 648.19, -255.92, 115.11, 145.70, 66.22, -0.39320, -0.82145, 0.37003, 0.18356
20, 16, -61.439, -6.080, 128.940, 109.07, 645.39, -376.10, 86.45, 142.82, 86.81, -0.41305, -0.81511, 0.38482, 0.13003
20, 15, -60.277, -12.049, 128.226, 110.90, 648.38, -358.15, 68.52, 147.38, 117.21, -0.43622, -0.80402, 0.39511, 0.08455
20, 16, -58.887, -14.944, 125.995, -6.04, 669.37, -277.89, 42.40, 134.38, 123.30, -0.46020, -0.79328, 0.39322, 0.06558
20, 15, -57.858, -16.083, 122.701, -9.64, 750.18, -242.55, 12.15, 86.20, 104.36, -0.48612, -0.78035, 0.38809, 0.06426
20, 15, -57.318, -15.808, 118.690, -10.74, 788.94, -193.12, -17.46, 38.90, 85.44, -0.51290, -0.76538, 0.38098, 0.07735
20, 16, -56.597, -14.925, 113.613, -28.32, 803.04, -100.52, -45.28, 22.58, 75.89, -0.54507, -0.74660, 0.36893, 0.09686
20, 15, -55.352, -14.940, 106.886, 76.05, 835.08, 32.71, -82.45, 12.19, 61.61, -0.58921, -0.71719, 0.35491, 0.11185
20, 16, -61.943, -9.038, 112.099, -189.64, 1532.53, -1118.65, 1.29, -202.61, 2.88, -0.53498, -0.73708, 0.37747, 0.16741
20, 16, -63.567, -7.563, 107.838, 38.57, 1340.52, 217.16, 15.66, -83.06, 25.28, -0.55552, -0.71522, 0.37456, 0.19892
20, 15, -64.691, -5.057, 103.524, -153.14, 1140.08, -133.42, -100.56, -53.23, 51.54, -0.57323, -0.69683, 0.36180, 0.23438
20, 16, -66.849, -3.725, 101.489, 123.47, 1026.37, -324.52, -138.01, -102.02, -9.93, -0.57712, -0.68327, 0.36402, 0.25992
20, 15, -68.418, -3.384, 97.762, 214.54, 992.31, -143.68, -144.19, -102.24, -36.37, -0.59428, -0.66018, 0.36273, 0.28181
20, 16, -70.609, 0.655, 97.451, -90.88, 878.85, -536.19, -197.19, -109.78, -39.72, -0.57819, -0.66286, 0.35419, 0.31758
20, 16, -71.625, 6.097, 97.935, -198.79, 937.26, -649.41, -171.30, -82.60, -91.82, -0.55445, -0.67626, 0.33363, 0.35206
20, 15, -73.468, 6.797, 90.296, 134.83, 881.84, 16.36, -204.80, -85.06, -93.52, -0.58982, -0.63470, 0.31580, 0.38670
20, 15, -74.349, 10.812, 91.540, -235.23, 662.29, -814.15, -236.67, -91.59, -55.21, -0.56570, -0.64920, 0.30288, 0.40839
20, 16, -74.661, 14.741, 95.674, -322.51, 824.65, -756.10, -81.11, -73.60, -66.84, -0.52583, -0.67746, 0.29808, 0.41916
20, 16, -76.771, 15.740, 91.840, -170.47, 995.36, 87.46, -38.44, -58.38, -58.26, -0.53628, -0.65658, 0.29043, 0.44380
20, 16, -76.446, 16.663, 91.763, -204.16, 835.63, -300.54, -121.19, -30.42, -28.78, -0.53433, -0.65923, 0.28310, 0.44695
20, 15, -75.590, 17.245, 94.138, -209.17, 810.91, -485.29, -92.00, -27.19, -22.54, -0.52151, -0.67362, 0.28407, 0.43997
20, 15, -74.834, 17.393, 96.661, -230.71, 896.79, -367.19, -28.08, -11.48, -21.92, -0.50880, -0.68716, 0.28836, 0.43102
20, 16, -74.204, 16.926, 99.657, -181.76, 910.40, -447.81, -16.26, -15.38, -25.72, -0.49487, -0.70096, 0.29815, 0.41817
20, 15, -72.069, 15.057, 106.480, 9.46, 1025.88, -1044.07, 1.05, 0.61, -10.45, -0.46714, -0.73193, 0.31819, 0.38055
20, 16, -71.062, 12.394, 115.249, -55.18, 1198.49, -1040.77, 153.13, 8.42, 24.54, -0.42356, -0.76465, 0.35158, 0.33510
20, 16, -71.188, 9.356, 122.644, -59.51, 1079.47, -591.74, 234.72, 13.53, 38.04, -0.38520, -0.78582, 0.38550, 0.29241
20, 15, -71.961, 5.501, 127.659, 32.78, 952.94, -403.44, 249.99, 19.03, 58.88, -0.36407, -0.79373, 0.41721, 0.25175
20, 16, -72.239, 1.126, 130.837, 35.10, 823.06, -218.69, 249.99, 63.67, 96.83, -0.35867, -0.79562, 0.44033, 0.21086
20, 15, -71.408, -4.213, 131.426, -9.40, 691.59, 8.48, 235.34, 131.20, 145.04, -0.37632, -0.79089, 0.45212, 0.16869
20, 15, -69.207, -9.395, 129.145, -83.86, 607.91, 123.78, 173.97, 174.81, 177.38, -0.41325, -0.78057, 0.44958, 0.13346
20, 16, -66.704, -11.731, 127.601, -209.53, 647.03, -62.32, 119.36, 163.83, 178.30, -0.43406, -0.77902, 0.43799, 0.11354
20, 15, -63.619, -14.507, 123.552, -210.82, 653.75, -61.52, 65.38, 195.00, 160.11, -0.47235, -0.76760, 0.42229, 0.09670
20, 16, -60.041, -17.136, 118.650, -108.58, 816.41, -98.69, 20.13, 178.18, 138.91, -0.51427, -0.75232, 0.40385, 0.08024
20, 16, -57.427, -16.739, 114.945, -125.49, 866.94, -207.64, -7.77, 117.00, 95.09, -0.53949, -0.74535, 0.38262, 0.08374
20, 15, -55.011, -15.350, 111.163, -46.69, 1082.34, -255.00, -28.98, 86.88, 44.65, -0.56311, -0.73867, 0.35838, 0.09402
20, 15, -53.405, -18.289, 111.404, 463.01, 1464.48, -768.92, -17.00, 99.53, 65.28, -0.56791, -0.73705, 0.36057, 0.06495
20, 16, -50.231, -21.128, 111.288, 246.52, 940.49, -467.77, 5.17, 159.23, 80.83, -0.57428, -0.73855, 0.35196, 0.02964
20, 15, -48.736, -14.831, 109.029, -359.68, 1288.02, -221.31, 18.65, 33.68, -29.58, -0.58064, -0.74773, 0.31384, 0.07255
20, 17, -48.234, -5.033, 105.899, -481.75, 1196.59, -106.45, -3.62, -18.49, -143.22, -0.58534, -0.75378, 0.26128, 0.14469
20, 15, -48.567, 0.751, 101.856, -16.54, 1087.95, -157.59, -23.58, -8.27, -191.46, -0.59998, -0.74211, 0.22800, 0.19316
20, 16, -50.252, 3.475, 100.937, 322.57, 1226.81, -424.50, -37.23, -61.40, -232.47, -0.59697, -0.73828, 0.22279, 0.22119
20, 16, -53.067, 10.494, 97.389, -158.69, 1106.08, -226.99, -75.26, -84.27, -250.00, -0.59601, -0.72485, 0.19450, 0.28556
20, 15, -59.450, 19.815, 88.538, -362.98, 616.94, 187.93, -95.73, -150.04, -250.00, -0.60356, -0.68157, 0.15318, 0.38433
20, 15, -62.349, 19.105, 88.417, 496.95, 890.56, -608.28, -122.98, -119.58, -250.00, -0.59680, -0.67571, 0.17424, 0.39608
20, 16, -64.246, 19.382, 89.758, 416.63, 791.93, -706.54, -120.19, -101.14, -250.00, -0.58127, -0.68006, 0.18849, 0.40511
20, 15, -65.105, 16.376, 92.213, 718.08, 971.80, -836.61, -74.49, -64.62, -172.87, -0.57418, -0.68573, 0.21978, 0.38960
20, 15, -65.156, 11.608, 95.396, 442.99, 860.41, -553.77, -30.04, -24.07, -78.63, -0.57105, -0.69264, 0.25750, 0.35755
20, 16, -64.424, 6.553, 100.637, 454.53, 948.61, -600.83, 5.87, -19.49, 2.00, -0.55747, -0.71018, 0.29551, 0.31231
20, 16, -64.717, 6.758, 103.036, -70.56, 923.58, -310.36, 8.17, -43.38, 8.59, -0.54103, -0.72133, 0.30279, 0.30868
20, 16, -65.564, 10.181, 103.997, -255.74, 898.86, -249.27, 3.10, -62.05, -21.30, -0.52122, -0.73001, 0.29347, 0.33060
20, 15, -65.985, 13.363, 104.592, -315.67, 886.17, -248.05, 1.88, -38.26, -20.25, -0.50504, -0.73702, 0.28171, 0.34983
20, 15, -66.089, 14.804, 105.170, -271.61, 889.53, -268.98, -1.59, -19.97, -12.94, -0.49579, -0.74154, 0.27679, 0.35735
20, 16, -66.538, 15.306, 105.364, -236.82, 893.68, -267.33, -4.82, -26.41, -11.48, -0.49128, -0.74205, 0.27774, 0.36176
20, 15, -67.618, 16.097, 105.166, -252.01, 893.19, -261.11, -8.19, -46.27, -12.70, -0.48616, -0.73976, 0.28005, 0.37145
20, 15, -69.164, 17.704, 104.280, -308.35, 895.39, -223.94, -8.33, -56.18, -11.92, -0.48057, -0.73469, 0.27878, 0.38931
20, 16, -70.150, 19.253, 103.783, -336.79, 895.87, -210.94, -4.53, -40.77, -4.61, -0.47424, -0.73257, 0.27531, 0.40329
20, 16, -70.269, 19.486, 103.733, -317.14, 895.75, -210.21, -1.03, -11.89, 4.61, -0.47321, -0.73243, 0.27468, 0.40519
20, 15, -69.982, 18.966, 104.127, -276.00, 904.36, -231.08, 0.58, -1.82, 3.23, -0.47377, -0.73397, 0.27694, 0.40017
20, 16, -69.664, 18.788, 104.474, -281.07, 901.18, -234.07, -0.17, -1.85, -1.58, -0.47336, -0.73591, 0.27703, 0.39702
20, 15, -69.361, 19.132, 104.802, -312.01, 893.62, -242.43, -2.20, -2.34, -3.09, -0.47093, -0.73849, 0.27444, 0.39691
21, 8, -66.325, 10.683, 115.221, -171.69, 845.83, -377.75, 1.88, -27.70, 1.89, -0.44351, -0.77604, 0.32730, 0.30649
21, 26, -67.273, 12.858, 114.196, -212.16, 860.53, -365.60, -0.50, -30.17, -1.05, -0.43978, -0.77248, 0.32103, 0.32680
21, 16, -67.697, 13.382, 113.435, -205.87, 875.55, -351.07, -2.82, -25.28, -1.02, -0.44171, -0.76910, 0.31928, 0.33383
21, 16, -67.853, 13.797, 113.076, -221.44, 879.52, -354.49, -2.58, -17.21, 2.45, -0.44208, -0.76786, 0.31734, 0.33800
21, 15, -67.872, 13.729, 112.966, -201.54, 850.04, -343.51, 0.63, -11.81, 5.19, -0.44302, -0.76729, 0.31747, 0.33795
21, 16, -67.813, 12.928, 112.953, -160.10, 820.07, -333.86, -0.05, -8.27, 10.83, -0.44631, -0.76627, 0.32076, 0.33281
21, 15, -67.752, 11.586, 112.927, -121.52, 805.48, -329.65, -3.41, -8.02, 19.87, -0.45168, -0.76435, 0.32647, 0.32431
21, 15, -67.814, 10.155, 113.144, -105.59, 803.41, -345.52, -5.96, -13.22, 33.24, -0.45535, -0.76279, 0.33405, 0.31499
21, 16, -67.993, 8.597, 113.417, -106.38, 777.71, -336.12, -5.68, -12.72, 58.13, -0.45874, -0.76079, 0.34304, 0.30509
21, 14, -68.126, 8.300, 113.737, -170.53, 753.17, -335.45, -9.02, -8.24, 72.24, -0.45734, -0.76117, 0.34611, 0.30278
21, 15, -68.423, 9.122, 113.760, -249.51, 775.88, -342.04, -13.22, -9.60, 71.40, -0.45339, -0.76175, 0.34446, 0.30908
21, 17, -69.773, 11.725, 113.846, -415.22, 1230.16, -516.66, 5.84, -63.80, 24.43, -0.43926, -0.76224, 0.34193, 0.33035
21, 15, -70.354, 12.771, 114.475, -225.83, 852.29, -406.86, 1.72, -41.18, 15.96, -0.42932, -0.76449, 0.34290, 0.33714
21, 16, -71.091, 12.838, 114.099, -189.94, 838.13, -375.61, -15.10, -39.87, 26.18, -0.42938, -0.76097, 0.34639, 0.34144
21, 15, -71.192, 12.676, 117.017, -193.79, 714.78, -635.99, -15.05, -34.69, 35.15, -0.41022, -0.77110, 0.35636, 0.33186
21, 15, -71.497, 12.332, 118.234, -193.12, 804.57, -412.72, 34.97, -17.52, 37.36, -0.40251, -0.77396, 0.36340, 0.32697
21, 16, -71.582, 13.008, 119.429, -268.49, 814.15, -404.72, 51.28, -1.85, 41.07, -0.39145, -0.77878, 0.36451, 0.32772
21, 15, -71.375, 13.752, 119.839, -324.83, 842.59, -347.23, 62.52, 24.24, 38.55, -0.38623, -0.78182, 0.36112, 0.33042
21, 15, -70.469, 15.133, 121.992, -399.48, 720.64, -392.40, 73.96, 53.08, 23.68, -0.36840, -0.79340, 0.35529, 0.32949
21, 17, -68.813, 13.822, 122.075, -290.89, 871.70, -346.19, 71.82, 101.76, 2.25, -0.37775, -0.79731, 0.34947, 0.31539
21, 15, -66.361, 12.566, 122.542, -299.68, 885.56, -399.54, 69.16, 127.53, -5.71, -0.38590, -0.80484, 0.33876, 0.29759
21, 15, -63.494, 14.678, 123.184, -489.99, 803.96, -310.00, 74.59, 123.75, -50.42, -0.38096, -0.81716, 0.31142, 0.30022
21, 16, -61.046, 16.437, 120.928, -402.77, 997.62, -120.91, 56.39, 110.07, -116.07, -0.39718, -0.81719, 0.28050, 0.30946
21, 15, -58.248, 14.023, 118.877, -34.30, 1047.49, -238.22, 30.63, 117.40, -119.55, -0.42742, -0.81463, 0.26579, 0.28818
21, 17, -55.980, 16.822, 115.622, -404.30, 945.01, -81.30, 19.83, 102.02, -135.61, -0.44714, -0.80915, 0.22854, 0.30512
21, 15, -54.053, 12.256, 114.881, 367.37, 1016.48, -390.38, 2.43, 70.86, -152.20, -0.47147, -0.80661, 0.23441, 0.26860
21, 16, -53.615, 15.396, 110.249, -294.19, 1061.77, -125.98, -29.45, 46.31, -163.94, -0.49537, -0.79050, 0.20481, 0.29627
21, 16, -54.253, 15.950, 106.831, 0.67, 1029.66, -315.86, -67.86, -13.69, -180.70, -0.51533, -0.77476, 0.19734, 0.30860
21, 15, -54.867, 14.120, 105.668, 167.36, 943.54, -400.94, -52.06, -19.94, -137.30, -0.52710, -0.76665, 0.20785, 0.30202
21, 15, -57.373, 13.547, 101.588, 97.17, 985.78, -215.15, -80.40, -70.80, -133.83, -0.54895, -0.74218, 0.21636, 0.31783
21, 16, -60.289, 11.944, 99.677, 261.23, 945.86, -438.84, -112.03, -114.40, -112.68, -0.55800, -0.72487, 0.23832, 0.32620
21, 15, -63.196, 10.410, 99.411, 276.98, 967.53, -593.63, -112.15, -126.67, -84.72, -0.55622, -0.71461, 0.26407, 0.33197
21, 15, -66.753, 7.316, 96.686, 284.18, 1033.81, -275.39, -115.38, -134.83, -30.94, -0.57249, -0.68632, 0.29446, 0.33839
21, 16, -68.446, 9.616, 100.474, -388.55, 772.03, -1036.32, -150.86, -133.32, 50.70, -0.53668, -0.70514, 0.30397, 0.34979
21, 17, -69.513, 4.606, 103.400, 218.51, 625.12, -455.20, -76.68, -86.92, 86.95, -0.53278, -0.70491, 0.34438, 0.31725
21, 16, -70.394, 10.579, 107.703, -664.49, 670.72, -554.99, -9.46, -97.69, 45.66, -0.48189, -0.73375, 0.33327, 0.34399
21, 15, -71.132, 12.923, 109.114, -366.27, 768.07, -305.79, 4.61, -54.95, 67.74, -0.46161, -0.74160, 0.33107, 0.35685
21, 15, -72.201, 18.363, 109.156, -823.30, 739.56, -204.65, 7.17, -51.61, 58.85, -0.43602, -0.74735, 0.31174, 0.39264
21, 16, -73.263, 23.548, 108.355, -777.16, 755.25, -156.31, 7.53, -38.94, 20.13, -0.41548, -0.74851, 0.28996, 0.42783
21, 15, -74.267, 27.063, 106.577, -652.22, 785.16, -121.40, -2.52, -16.90, 3.52, -0.40769, -0.74382, 0.27161, 0.45470
21, 15, -74.270, 26.152, 105.524, -414.98, 875.18, -196.78, -3.43, 14.82, 10.38, -0.41855, -0.73893, 0.27221, 0.45243
21, 16, -73.047, 23.989, 106.032, -326.90, 891.54, -248.11, -3.08, 32.86, 19.21, -0.42948, -0.74103, 0.27755, 0.43518
21, 16, -70.344, 21.408, 111.449, -176.57, 916.20, -755.13, 20.34, 28.03, 4.74, -0.41466, -0.76464, 0.29247, 0.39728
21, 16, -69.341, 18.049, 115.516, -80.81, 1148.74, -617.61, 84.83, 14.18, 0.81, -0.40439, -0.77811, 0.31516, 0.36288
21, 15, -69.709, 15.745, 118.529, -65.00, 1165.71, -564.15, 102.10, -27.05, -6.94, -0.39200, -0.78490, 0.33730, 0.34131
21, 15, -70.765, 12.820, 121.126, 59.69, 1067.02, -493.71, 118.10, -43.27, 9.15, -0.38291, -0.78687, 0.36450, 0.31837
21, 16, -72.345, 8.233, 122.362, 195.01, 823.30, -260.86, 125.33, -39.67, 53.38, -0.38865, -0.77921, 0.39712, 0.28996
21, 15, -73.815, 4.829, 123.122, 46.69, 706.42, -226.68, 113.08, -31.36, 106.49, -0.39349, -0.77082, 0.42200, 0.27003
21, 15, -75.256, 5.413, 123.898, -181.46, 652.16, -221.74, 99.28, -34.33, 129.68, -0.38249, -0.76913, 0.43135, 0.27584
21, 16, -77.300, 8.476, 124.012, -335.82, 553.53, -159.42, 85.59, -37.75, 127.47, -0.36371, -0.76706, 0.43388, 0.30180
21, 16, -79.207, 12.393, 122.790, -435.18, 546.33, -105.77, 57.72, -36.57, 109.99, -0.34932, -0.76237, 0.42809, 0.33690
21, 15, -81.100, 16.895, 120.518, -510.38, 541.63, -90.09, 22.47, -35.74, 89.76, -0.33780, -0.75533, 0.41524, 0.37809
21, 16, -82.404, 21.812, 117.752, -645.14, 534.12, -58.35, -2.51, -12.54, 67.95, -0.32801, -0.74951, 0.39294, 0.41983
21, 15, -83.085, 25.865, 113.803, -838.99, 714.72, 22.46, -26.68, 26.05, 42.79, -0.33130, -0.74121, 0.36358, 0.45680
21, 15, -80.846, 23.907, 114.852, -893.19, 1999.94, -1046.51, -20.90, 61.45, 24.92, -0.34271, -0.74888, 0.36234, 0.43640
21, 16, -76.234, 26.479, 120.055, -1004.39, 649.90, -678.96, 28.13, 111.11, 15.41, -0.31307, -0.78045, 0.33918, 0.42171
21, 15, -76.355, 32.038, 115.179, -743.29, 1077.70, 221.25, 5.74, 24.93, -172.03, -0.31934, -0.77031, 0.29488, 0.46658
21, 16, -72.279, 28.624, 115.211, -232.60, 815.98, -284.55, -28.15, 122.63, -104.48, -0.35102, -0.77862, 0.28408, 0.43571
21, 16, -67.661, 21.231, 116.909, 186.95, 1086.36, -424.62, 17.64, 155.27, -72.23, -0.38735, -0.79045, 0.29345, 0.37287
21, 16, -65.691, 22.245, 114.477, -421.63, 929.75, -91.55, 17.58, 102.37, -86.07, -0.40649, -0.78765, 0.26714, 0.37818
21, 16, -63.563, 17.787, 113.754, 270.45, 1164.49, -451.35, -23.15, 54.58, -109.76, -0.43528, -0.78617, 0.27150, 0.34461
21, 15, -64.479, 20.570, 107.180, -291.63, 1018.74, 23.01, -65.41, -8.46, -127.85, -0.46634, -0.76103, 0.24312, 0.37982
21, 15, -65.186, 20.635, 101.696, -58.53, 978.70, -158.87, -123.58, -30.40, -133.71, -0.49954, -0.73653, 0.22886, 0.39446
21, 16, -65.323, 18.986, 98.510, 155.64, 1022.16, -290.41, -131.19, -37.33, -123.92, -0.52547, -0.71976, 0.22782, 0.39233
21, 15, -65.599, 16.857, 97.008, 283.14, 1031.13, -513.55, -153.78, -63.72, -100.62, -0.54163, -0.70892, 0.23626, 0.38504
21, 17, -66.678, 13.450, 94.733, 343.08, 937.32, -394.35, -165.37, -84.18, -68.95, -0.56393, -0.68953, 0.25429, 0.37664
21, 16, -67.512, 12.023, 96.609, 172.97, 972.35, -826.54, -144.05, -100.00, -24.70, -0.55484, -0.69396, 0.27332, 0.36861
21, 15, -69.212, 9.705, 97.242, 146.48, 1000.24, -362.55, -75.94, -105.16, -0.53, -0.55364, -0.68794, 0.29811, 0.36243
21, 16, -70.497, 12.690, 99.265, -521.06, 901.31, -557.50, -82.32, -102.01, 50.58, -0.52654, -0.70042, 0.29656, 0.37976
21, 15, -71.811, 7.455, 98.872, 317.50, 878.48, -219.85, -58.57, -82.01, 33.75, -0.54358, -0.68349, 0.33061, 0.35785
21, 15, -72.412, 11.625, 102.403, -550.96, 854.55, -497.56, -19.43, -82.54, 42.01, -0.50495, -0.70718, 0.32418, 0.37395
21, 16, -72.627, 11.095, 107.997, -309.02, 682.07, -569.82, 23.12, -46.30, 118.82, -0.47123, -0.72932, 0.34595, 0.35545
21, 15, -73.796, 11.148, 112.272, -244.26, 883.30, -443.60, 81.22, -64.51, 75.74, -0.43997, -0.74279, 0.36632, 0.34713
21, 15, -74.491, 14.477, 117.596, -691.10, 757.26, -417.18, 115.16, -31.96, 126.81, -0.38907, -0.76525, 0.37236, 0.35265
21, 17, -76.544, 18.627, 120.416, -634.77, 826.11, -330.14, 128.49, -68.99, 71.55, -0.34551, -0.77305, 0.37718, 0.37516
21, 15, -77.347, 17.466, 126.785, -256.29, 622.92, -497.80, 166.46, -21.64, 92.01, -0.30486, -0.78710, 0.40753, 0.34851
21, 16, -79.573, 19.702, 127.984, -754.64, 843.99, 3.85, 198.09, 20.50, 121.48, -0.27931, -0.78432, 0.41780, 0.36370
21, 15, -81.274, 21.965, 127.446, -973.63, 1032.96, 189.88, 164.36, 49.28, 99.80, -0.26654, -0.77885, 0.41874, 0.38342
21, 15, -80.766, 23.843, 127.023, -818.05, 861.94, -2.20, 114.03, 99.17, 56.95, -0.26198, -0.78122, 0.40628, 0.39496
21, 16, -78.218, 24.412, 128.112, -688.72, 734.07, -177.86, 98.82, 153.69, 36.33, -0.26047, -0.79294, 0.39020, 0.38877
21, 16, -75.968, 16.742, 125.512, -194.70, 1156.92, -123.60, 62.32, 209.40, 52.82, -0.32105, -0.78770, 0.39705, 0.34468
21, 16, -71.185, 17.793, 129.461, -711.36, 602.23, -520.94, 65.09, 186.33, 11.22, -0.30281, -0.81542, 0.37103, 0.32516
21, 16, -67.757, 11.597, 127.161, 274.29, 1156.56, -46.33, 83.66, 160.56, -80.80, -0.35345, -0.81441, 0.36414, 0.28145
21, 15, -64.399, 4.062, 126.715, 201.72, 920.35, -408.39, 55.48, 169.34, 8.11, -0.39162, -0.81437, 0.36737, 0.22015
21, 15, -61.869, 1.147, 124.186, 188.05, 1035.03, -255.55, 50.78, 84.62, -50.48, -0.42384, -0.80896, 0.35562, 0.19869
21, 16, -60.523, -0.829, 122.073, 227.60, 938.78, -327.33, 27.04, 26.54, -52.63, -0.44705, -0.80179, 0.35015, 0.18620
21, 15, -59.850, -2.976, 120.630, 344.42, 971.92, -408.39, 12.80, -4.20, -50.32, -0.46445, -0.79425, 0.35152, 0.17287
21, 16, -59.793, -2.113, 117.822, 158.20, 988.95, -297.30, -0.74, -39.09, -60.20, -0.48142, -0.78445, 0.34327, 0.18716
21, 15, -60.429, -2.226, 114.560, 288.45, 1189.64, -383.12, -41.66, -60.61, -51.09, -0.50277, -0.76833, 0.34256, 0.19888
21, 16, -62.054, -2.002, 116.629, 279.17, 1222.11, -783.63, 2.88, -87.52, -27.55, -0.48538, -0.77274, 0.35615, 0.20110
21, 16, -64.072, -2.470, 116.949, 223.63, 1004.03, -407.53, 34.45, -105.17, -7.69, -0.48106, -0.76672, 0.37220, 0.20542
21, 15, -66.210, -1.764, 117.591, 67.14, 754.70, -365.66, 12.34, -111.77, 24.57, -0.47060, -0.76380, 0.38480, 0.21694
21, 14, -68.513, -1.361, 119.632, 33.94, 691.47, -439.58, 11.47, -98.66, 55.15, -0.45123, -0.76494, 0.40250, 0.22190
21, 16, -70.560, -0.826, 122.839, -31.62, 551.21, -416.26, 38.25, -76.29, 83.76, -0.42390, -0.77095, 0.42042, 0.22181
21, 15, -72.134, 1.415, 124.639, -160.34, 465.03, -292.66, 50.27, -46.21, 104.84, -0.40028, -0.77600, 0.42654, 0.23593
21, 15, -73.564, 5.703, 124.508, -268.01, 350.04, -160.46, 32.33, -33.84, 103.94, -0.38122, -0.77795, 0.42030, 0.26983
21, 16, -75.553, 11.492, 121.147, -378.60, 304.63, -20.69, -4.07, -20.76, 94.77, -0.37480, -0.76903, 0.40252, 0.32571
21, 16, -77.090, 16.856, 115.816, -472.05, 306.64, 44.25, -63.40, 1.71, 77.79, -0.38226, -0.75430, 0.37339, 0.38144
21, 16, -77.798, 21.388, 109.811, -666.08, 472.17, 32.71, -105.42, 29.13, 57.52, -0.39865, -0.73836, 0.33557, 0.42812
21, 15, -77.785, 22.031, 112.871, -607.85, 1389.40, -649.60, 72.43, -15.46, -21.61, -0.37591, -0.74966, 0.34374, 0.42255
21, 15, -75.493, 22.705, 110.011, -838.62, 1246.58, 253.42, 30.52, 147.91, -3.05, -0.40006, -0.74745, 0.31490, 0.42675
21, 16, -75.322, 28.538, 106.281, -1009.03, 977.17, -154.54, -78.50, 13.95, -81.86, -0.39869, -0.74195, 0.26955, 0.46679
21, 16, -75.902, 35.648, 100.455, -936.04, 683.65, 199.04, -82.48, 32.22, -145.55, -0.40042, -0.72786, 0.20964, 0.51569
21, 15, -71.015, 30.810, 103.586, 182.56, 1007.63, -540.77, -71.18, 70.37, -154.91, -0.42354, -0.74374, 0.21848, 0.46876
21, 16, -71.708, 34.998, 98.148, -581.85, 898.44, 73.61, -70.36, 35.08, -198.07, -0.43669, -0.72588, 0.17649, 0.50125
21, 16, -70.789, 32.977, 98.009, 16.42, 958.50, -370.97, -90.37, -19.04, -206.24, -0.45063, -0.72488, 0.18163, 0.48836
21, 15, -70.368, 33.434, 95.954, -50.48, 971.80, -456.97, -165.80, -52.15, -250.00, -0.46334, -0.71778, 0.16756, 0.49197
21, 16, -69.199, 30.736, 96.370, 9.77, 804.75, -383.00, -102.42, -20.87, -155.44, -0.47740, -0.71843, 0.17761, 0.47371
21, 15, -67.660, 26.658, 98.131, 329.28, 993.65, -732.18, -100.54, -27.09, -130.18, -0.48954, -0.72380, 0.19826, 0.44402
21, 16, -67.082, 22.250, 100.000, 238.46, 982.85, -664.98, -68.89, -35.19, -78.48, -0.49747, -0.72746, 0.22618, 0.41492
21, 15, -67.192, 18.346, 102.517, 186.83, 940.25, -720.95, -51.93, -50.65, -44.59, -0.49609, -0.73274, 0.25680, 0.38864
21, 15, -67.009, 12.628, 107.155, 453.49, 1059.20, -1166.44, -18.85, -29.56, 17.13, -0.48802, -0.74434, 0.29978, 0.34340
21, 16, -66.475, 8.919, 116.241, 5.55, 1120.12, -1218.26, 105.09, -11.15, 82.40, -0.44259, -0.77693, 0.33880, 0.29277
21, 16, -66.489, 4.517, 124.653, 25.76, 965.88, -773.68, 202.06, 22.51, 109.00, -0.40039, -0.80114, 0.37630, 0.23721
21, 15, -67.338, -2.155, 128.813, 90.94, 832.40, -348.27, 220.05, 57.73, 179.98, -0.39325, -0.80143, 0.41338, 0.17939
21, 16, -67.913, -8.691, 129.053, 29.54, 713.32, -13.49, 195.30, 87.41, 237.71, -0.41303, -0.78685, 0.43849, 0.13416
21, 15, -66.858, -12.886, 126.652, -167.30, 638.37, 163.39, 146.90, 114.23, 249.99, -0.44390, -0.77194, 0.44166, 0.10952
21, 15, -64.796, -14.685, 123.161, -484.31, 736.08, 235.41, 81.21, 125.34, 249.99, -0.47443, -0.76113, 0.43040, 0.10175
21, 17, -62.285, -14.452, 118.203, -754.58, 842.59, 275.94, 3.45, 109.79, 223.52, -0.50883, -0.74968, 0.40842, 0.11076
21, 15, -63.905, -7.034, 119.469, -1730.53, 1999.94, -1161.62, -18.37, -85.42, 79.77, -0.47817, -0.76788, 0.39305, 0.16501
21, 16, -64.806, 0.227, 118.199, -407.59, 1030.27, -233.76, 43.56, -72.60, -30.69, -0.46278, -0.77489, 0.36853, 0.22264
21, 16, -64.849, 3.638, 112.155, -490.66, 1231.57, 70.98, -45.09, 5.61, 10.88, -0.49200, -0.75606, 0.34139, 0.26412
21, 15, -66.466, 7.076, 106.246, -209.59, 1060.67, -128.11, -106.35, -70.60, -37.91, -0.51490, -0.73198, 0.32097, 0.30993
21, 16, -70.284, 11.712, 98.826, -204.96, 1057.43, 9.64, -137.54, -144.36, -87.78, -0.53349, -0.69694, 0.29900, 0.37451
21, 15, -75.072, 15.829, 87.634, -183.84, 1067.14, 259.83, -229.67, -148.38, -121.15, -0.56634, -0.64067, 0.26397, 0.44622
21, 15, -78.008, 20.486, 81.931, -264.71, 948.85, -97.78, -250.00, -120.32, -137.83, -0.56748, -0.61786, 0.22913, 0.49367
21, 16, -79.280, 24.723, 76.037, -305.79, 879.52, 40.71, -250.00, -48.48, -139.09, -0.57598, -0.59727, 0.18352, 0.52710
21, 15, -76.169, 25.849, 80.372, 90.27, 711.85, -896.79, -250.00, -59.65, -117.18, -0.56227, -0.62653, 0.17947, 0.50902
21, 16, -72.608, 26.031, 86.139, -54.14, 964.48, -1331.42, -165.04, -40.20, -51.64, -0.54456, -0.66041, 0.18333, 0.48343
21, 17, -71.116, 26.551, 90.347, -380.49, 950.81, -301.88, -4.40, -18.55, -24.21, -0.52396, -0.68337, 0.18900, 0.47197
21, 15, -69.364, 26.544, 94.217, -373.47, 893.98, -412.54, -23.31, -13.64, -12.60, -0.50768, -0.70371, 0.19413, 0.45757
21, 16, -67.423, 26.674, 98.753, -440.19, 905.52, -542.85, -5.91, -7.56, -12.69, -0.48645, -0.72688, 0.19907, 0.44202
21, 15, -65.110, 28.373, 108.224, -717.65, 1065.43, -856.32, 159.10, 2.37, -60.09, -0.42633, -0.77023, 0.21056, 0.42504
21, 15, -64.734, 29.882, 114.768, -664.49, 1033.69, -376.59, 219.70, 15.89, -86.81, -0.37680, -0.79451, 0.22447, 0.42000
21, 16, -65.676, 31.835, 119.211, -659.06, 854.19, -194.15, 239.94, 27.28, -84.98, -0.33407, -0.80663, 0.23804, 0.42555
21, 15, -66.726, 34.800, 121.505, -667.24, 671.88, 191.65, 238.79, 80.41, -88.55, -0.30111, -0.81046, 0.24022, 0.44134
21, 16, -67.536, 34.452, 121.396, -395.45, 616.03, 207.58, 188.35, 125.73, -87.97, -0.30028, -0.80852, 0.24715, 0.44163
21, 16, -68.682, 31.243, 118.010, -160.22, 492.55, 226.56, 120.16, 144.57, -55.56, -0.33376, -0.79657, 0.25737, 0.43340
21, 16, -69.808, 25.777, 112.085, 3.60, 534.24, 304.63, 56.82, 129.43, -16.30, -0.39388, -0.77239, 0.26964, 0.41902
21, 15, -69.831, 16.795, 106.209, 179.26, 545.72, 150.63, -23.70, 90.76, 63.91, -0.46947, -0.73963, 0.29421, 0.38208
21, 16, -68.564, 8.106, 103.048, 260.68, 748.23, 21.48, -38.59, 59.47, 110.62, -0.52564, -0.71364, 0.32011, 0.33458
21, 15, -69.890, 9.759, 107.473, -226.93, 837.83, -414.31, 41.26, -93.98, 46.24, -0.48791, -0.73270, 0.33332, 0.33763
21, 16, -70.774, 9.221, 106.432, 1.77, 993.65, -176.33, -2.91, -73.56, 0.27, -0.49389, -0.72461, 0.33846, 0.34126
21, 14, -72.698, 3.200, 103.004, 469.06, 1101.14, 62.44, -25.31, -76.27, 72.07, -0.53110, -0.68979, 0.36949, 0.32495
21, 16, -74.948, 5.068, 104.499, -232.48, 1127.56, -431.70, -45.67, -131.29, 75.65, -0.50881, -0.69386, 0.37848, 0.34120
21, 16, -77.515, -1.247, 99.950, 898.50, 1034.79, 277.04, -69.33, -133.45, 66.81, -0.55061, -0.64668, 0.41010, 0.33235
21, 15, -79.978, 5.548, 102.454, -919.07, 844.54, -576.48, -92.31, -162.09, 93.18, -0.50346, -0.66897, 0.39974, 0.37310
21, 15, -80.772, 10.675, 104.091, -641.05, 767.76, -417.72, -70.27, -93.48, 89.04, -0.47026, -0.68634, 0.38544, 0.39903
21, 16, -82.367, 14.643, 101.553, -338.20, 837.95, 34.91, -12.87, -85.77, 19.72, -0.46262, -0.68026, 0.36623, 0.43486
21, 15, -82.073, 19.420, 103.444, -728.70, 725.65, -287.90, -10.08, -39.64, 67.45, -0.43109, -0.69908, 0.34773, 0.45224
21, 15, -81.963, 26.083, 104.256, -883.67, 737.24, -200.07, 6.68, -33.22, -10.94, -0.39552, -0.71457, 0.31620, 0.48268
21, 16, -81.751, 30.828, 104.166, -749.33, 743.04, -146.73, 8.18, 5.65, -32.96, -0.37410, -0.72196, 0.28957, 0.50495
21, 16, -80.738, 28.853, 104.348, -401.55, 891.85, -190.19, 5.00, 43.13, -17.41, -0.38692, -0.72239, 0.29442, 0.49170
21, 16, -78.565, 26.607, 105.302, -378.54, 892.21, -234.38, -0.37, 70.12, -2.15, -0.40061, -0.72808, 0.29644, 0.47067
21, 15, -73.974, 25.404, 112.879, -543.58, 1093.32, -1003.78, 60.94, 80.09, -24.93, -0.37477, -0.76432, 0.30235, 0.42889
21, 16, -70.433, 22.441, 120.573, -276.98, 1157.90, -744.02, 165.31, 91.80, -59.18, -0.34785, -0.79572, 0.31919, 0.37940
21, 16, -67.828, 17.655, 126.802, -74.83, 1032.47, -630.25, 186.53, 101.30, -47.83, -0.33184, -0.81838, 0.34011, 0.32321
21, 15, -66.080, 11.458, 130.296, 5.00, 893.43, -437.13, 181.41, 128.14, -0.54, -0.33550, -0.82900, 0.36011, 0.26555
21, 15, -65.021, 5.846, 131.569, -22.89, 627.56, -223.88, 174.26, 139.69, 49.98, -0.34929, -0.83038, 0.37484, 0.21900
21, 16, -64.787, -2.421, 129.100, 85.82, 470.40, -20.87, 132.48, 135.38, 107.55, -0.39601, -0.81096, 0.39675, 0.16770
21, 16, -63.743, -2.630, 127.677, -291.20, 467.22, -128.05, 72.09, 145.87, 131.57, -0.40828, -0.80916, 0.38799, 0.16741
21, 15, -63.055, -2.210, 123.908, -281.56, 486.94, -17.21, 42.30, 112.60, 117.60, -0.43442, -0.79836, 0.37596, 0.18042
21, 16, -61.160, -3.684, 119.324, -221.98, 551.88, -50.17, -0.04, 149.36, 130.85, -0.47347, -0.78346, 0.36132, 0.17735
21, 15, -58.938, -4.493, 113.699, -258.42, 695.92, -10.68, -36.19, 131.39, 123.05, -0.51717, -0.76430, 0.34088, 0.17941
21, 16, -56.050, -5.675, 107.408, -170.23, 982.48, -55.05, -89.31, 120.47, 101.30, -0.56588, -0.74032, 0.31745, 0.17586
21, 15, -57.934, -5.256, 111.175, 86.43, 1476.62, -931.40, 18.33, -59.49, 32.59, -0.53741, -0.75402, 0.33363, 0.17704
21, 15, -59.464, -6.045, 105.773, 239.50, 1478.15, 516.17, 15.25, -74.45, 34.57, -0.57166, -0.72159, 0.33833, 0.19506
21, 16, -63.997, -2.923, 103.346, -180.36, 1181.82, -411.07, -130.32, -142.08, 48.02, -0.56990, -0.70347, 0.34697, 0.24485
21, 16, -68.620, 0.853, 98.990, -83.80, 1014.22, -200.44, -160.33, -180.33, -8.38, -0.57398, -0.67719, 0.34573, 0.30403
21, 15, -72.319, 3.966, 96.755, -76.72, 958.37, -349.18, -177.88, -160.06, -32.39, -0.56648, -0.66301, 0.34510, 0.34702
21, 16, -75.774, 4.467, 87.166, 102.23, 990.17, 165.16, -250.00, -141.11, -37.09, -0.60669, -0.60510, 0.33046, 0.39569
21, 15, -78.137, 8.732, 86.965, -258.36, 920.23, -623.78, -250.00, -133.42, -49.61, -0.58452, -0.61021, 0.31855, 0.42953
21, 15, -82.171, 9.262, 83.701, 130.62, 899.23, -202.45, -233.60, -172.90, -86.46, -0.58391, -0.58390, 0.32390, 0.46173
21, 16, -84.463, 8.465, 81.510, 43.82, 584.78, -161.19, -250.00, -132.61, -7.40, -0.58844, -0.56347, 0.33090, 0.47619
21, 15, -86.002, 14.533, 85.110, -602.17, 1006.96, -577.45, -101.44, -115.46, -54.87, -0.54000, -0.59695, 0.32000, 0.49966
21, 16, -88.495, 16.562, 77.902, -230.59, 1033.57, 576.05, -92.08, -49.74, -48.10, -0.55686, -0.56250, 0.28835, 0.53884
21, 16, -86.597, 19.070, 79.887, -435.12, 853.70, -542.66, -193.34, -27.79, 11.03, -0.54547, -0.58500, 0.27350, 0.53426
21, 15, -85.233, 21.093, 83.048, -465.88, 1001.10, -367.43, -73.62, -20.61, -8.33, -0.52676, -0.60915, 0.26920, 0.52820
21, 16, -84.015, 21.605, 83.898, -372.44, 1026.67, -100.22, -64.13, 4.59, -8.73, -0.52560, -0.61733, 0.26359, 0.52265
21, 15, -82.712, 21.903, 86.633, -326.72, 975.59, -267.03, -41.05, -6.04, -18.94, -0.51527, -0.63357, 0.26710, 0.51161
21, 15, -82.182, 21.835, 87.526, -298.95, 960.57, -40.77, -14.25, 2.07, -28.96, -0.51296, -0.63864, 0.26851, 0.50686
21, 16, -79.029, 19.811, 92.417, -119.08, 1047.91, -430.54, -4.76, 48.70, -16.43, -0.50729, -0.66313, 0.28300, 0.47204
21, 15, -74.278, 19.471, 102.134, -353.21, 1198.00, -704.35, 103.45, 79.07, -1.37, -0.46884, -0.71587, 0.29430, 0.42556
21, 16, -72.118, 17.711, 110.280, -203.37, 1268.86, -490.97, 200.96, 48.32, -20.52, -0.43165, -0.75089, 0.31819, 0.38548
21, 17, -71.013, 14.732, 117.525, -150.94, 1197.08, -418.46, 249.99, 49.29, 0.70, -0.39904, -0.77629, 0.34763, 0.34248
21, 15, -70.228, 11.554, 122.599, -183.59, 1107.36, -348.21, 249.99, 75.29, 34.32, -0.37929, -0.79185, 0.36998, 0.30369
21, 16, -69.905, 9.435, 125.404, -191.59, 976.32, -106.57, 249.99, 78.09, 41.92, -0.36900, -0.79931, 0.38321, 0.27945
21, 15, -70.025, 5.983, 127.296, -59.08, 868.71, -56.58, 245.86, 74.09, 65.90, -0.36895, -0.80021, 0.40123, 0.25012
21, 15, -70.374, 3.658, 127.328, -114.93, 694.03, 30.40, 209.97, 68.80, 93.46, -0.37690, -0.79549, 0.41202, 0.23531
21, 16, -69.944, 2.135, 123.653, -193.97, 498.84, 328.31, 150.33, 101.11, 112.73, -0.40880, -0.78182, 0.40699, 0.23663
21, 15, -70.168, 3.426, 119.316, -363.46, 476.50, 179.87, 77.13, 80.36, 112.54, -0.43288, -0.76750, 0.39411, 0.26122
21, 16, -70.075, 5.057, 114.824, -320.92, 540.10, 59.51, 13.63, 60.97, 82.43, -0.45695, -0.75347, 0.37601, 0.28653
21, 16, -69.897, 6.774, 109.280, -285.46, 573.73, 74.34, -30.53, 46.90, 57.17, -0.48719, -0.73457, 0.35263, 0.31417
21, 14, -69.301, 9.578, 102.253, -362.67, 612.06, 166.44, -81.40, 51.67, 33.07, -0.52322, -0.71098, 0.31486, 0.34873
21, 15, -66.461, 5.048, 105.874, 435.24, 1999.94, -1927.43, -70.05, 76.55, 47.03, -0.52405, -0.72626, 0.32981, 0.29856
21, 16, -65.523, 2.147, 109.743, -70.98, 1028.14, -546.20, 47.56, 48.29, 88.10, -0.51101, -0.74053, 0.34699, 0.26474
21, 15, -62.908, 7.717, 106.718, -1526.43, 1382.75, 277.22, 6.63, 103.52, 13.49, -0.51917, -0.74486, 0.29615, 0.29655
21, 16, -62.155, 20.202, 99.798, -1300.48, 945.07, 410.77, -95.15, 19.47, -220.13, -0.52358, -0.73327, 0.20537, 0.38211
21, 16, -62.098, 25.097, 95.301, -355.65, 868.16, -22.89, -65.73, 30.43, -206.45, -0.53432, -0.71814, 0.16158, 0.41553
21, 16, -64.366, 33.577, 86.878, -646.91, 627.26, 386.72, -95.07, 30.31, -250.00, -0.54375, -0.68479, 0.09150, 0.47647
21, 16, -62.702, 33.317, 85.163, -112.79, 1192.26, -187.68, -160.84, 29.60, -250.00, -0.56186, -0.67747, 0.07617, 0.46855
21, 15, -59.483, 31.713, 85.194, 276.31, 1325.20, -529.42, -190.99, 34.68, -250.00, -0.58081, -0.67810, 0.06738, 0.44531
21, 15, -56.035, 30.340, 86.335, 73.43, 928.71, -463.38, -171.04, 31.68, -202.72, -0.59217, -0.68472, 0.05985, 0.42062
21, 16, -53.380, 26.257, 88.827, 329.16, 728.76, -508.97, -118.33, 7.80, -153.84, -0.60073, -0.69622, 0.07809, 0.38510
21, 15, -51.204, 21.488, 91.466, 494.02, 1141.72, -762.33, -85.11, 13.18, -107.23, -0.60675, -0.70812, 0.10233, 0.34633
21, 15, -50.183, 12.070, 95.131, 653.75, 1229.37, -614.69, 13.77, 19.22, 42.75, -0.61325, -0.71942, 0.16174, 0.28320
21, 16, -50.660, 7.961, 98.411, 34.18, 986.88, -306.70, 22.03, -30.56, 57.43, -0.60173, -0.73084, 0.19573, 0.25591
21, 16, -52.090, 9.087, 99.367, -202.45, 917.79, -155.09, 19.09, -59.45, 15.75, -0.58950, -0.73485, 0.20086, 0.26859
21, 16, -53.398, 12.110, 99.919, -322.51, 931.76, -166.26, 12.88, -56.64, -13.65, -0.57457, -0.73930, 0.19402, 0.29268
21, 15, -54.517, 15.200, 99.761, -345.40, 902.77, -144.53, 5.26, -44.44, -26.26, -0.56364, -0.74028, 0.18379, 0.31703
21, 15, -55.536, 17.705, 99.437, -356.32, 899.84, -149.35, 0.51, -37.12, -28.37, -0.55512, -0.73979, 0.17555, 0.33726
21, 16, -56.883, 19.712, 98.912, -366.82, 899.48, -150.57, -2.67, -44.69, -28.58, -0.54794, -0.73725, 0.17140, 0.35615
21, 15, -58.474, 21.682, 97.918, -404.79, 887.02, -126.95, -7.35, -47.41, -24.57, -0.54258, -0.73213, 0.16730, 0.37631
21, 15, -59.984, 23.014, 96.899, -418.88, 895.69, -110.72, -7.01, -42.24, -15.91, -0.53932, -0.72647, 0.16590, 0.39225
21, 16, -60.932, 24.013, 96.323, -427.67, 897.89, -101.20, -5.60, -28.88, -6.61, -0.53606, -0.72343, 0.16416, 0.40291
21, 16, -61.261, 24.188, 96.210, -414.31, 897.28, -101.14, -1.94, -12.04, 3.17, -0.53498, -0.72261, 0.16484, 0.40554
