1, 7, 9.625, 11.000, 2.889, -252.44, 117.43, 1131.10, 4.36, -3.96, 1.17, -0.97485, -0.00512, -0.09892, -0.19964
1, 26, 16.014, 13.007, 1.850, -242.19, 115.48, 1125.49, 3.13, -3.33, 0.67, -0.96047, 0.01363, -0.11356, -0.25380
1, 15, 12.162, 12.797, -1.051, -204.83, 134.28, 1116.46, 2.10, -1.24, 1.36, -0.96810, 0.03391, -0.10655, -0.22422
1, 15, 13.879, 12.272, 0.604, -194.34, 132.81, 1126.71, 1.54, 0.55, 0.44, -0.96553, 0.02048, -0.10504, -0.23728
1, 15, 22.302, 6.971, 2.208, -194.34, 104.74, 1136.96, 1.01, 3.30, 1.34, -0.94921, 0.00055, -0.06375, -0.30812
1, 16, 20.081, 7.315, 4.345, -210.69, 104.74, 1134.28, 1.69, 4.73, 0.73, -0.95468, -0.01762, -0.07200, -0.28826
1, 15, 25.690, 5.232, 6.387, -229.98, 103.76, 1119.14, 1.27, 6.01, 1.59, -0.93962, -0.03698, -0.06170, -0.33456
1, 16, 26.777, 10.952, 5.979, -208.98, 105.71, 1121.83, 1.82, 7.49, 0.97, -0.93413, -0.01565, -0.10739, -0.34003
1, 14, 24.673, 12.047, 4.420, -213.62, 105.47, 1126.46, 1.55, 10.65, 1.36, -0.93959, -0.00166, -0.11164, -0.32358
1, 15, 28.355, 10.344, 6.168, -236.57, 109.13, 1129.88, 1.21, 12.14, 1.50, -0.92970, -0.01763, -0.10326, -0.35312
1, 16, 31.329, 3.570, 4.306, -287.84, 95.70, 1122.56, 1.75, 11.44, 1.34, -0.92280, -0.02273, -0.04316, -0.38219
1, 15, 36.192, 0.277, 5.063, -331.54, 88.13, 1112.79, 3.06, 7.41, 1.01, -0.90550, -0.03901, -0.02085, -0.42204
1, 15, 39.206, -3.627, -0.542, -328.86, 95.21, 1114.99, 4.11, 3.43, 1.55, -0.89452, -0.00989, 0.03043, -0.44588
1, 16, 35.708, -1.578, 3.152, -322.27, 104.25, 1118.41, 3.77, 0.53, 2.40, -0.90753, -0.03074, 0.00098, -0.41887
1, 14, 38.516, -6.075, -1.894, -322.51, 94.73, 1118.90, 4.05, -2.49, 3.28, -0.89659, -0.00854, 0.05483, -0.43938
1, 15, 46.073, -0.236, -0.605, -299.80, 101.81, 1117.19, 4.91, -6.29, 2.29, -0.86657, 0.00355, 0.00442, -0.49902
1, 16, 46.201, 2.342, 0.857, -265.14, 114.99, 1125.98, 5.01, -7.32, 2.97, -0.86589, 0.00374, -0.02144, -0.49976
1, 15, 38.742, 5.542, -3.039, -240.72, 127.20, 1126.71, 4.21, -6.87, 1.43, -0.89478, 0.04514, -0.03161, -0.44309
1, 15, 41.334, 1.688, -0.741, -227.54, 127.20, 1118.65, 3.55, -6.03, 1.08, -0.88631, 0.01255, -0.01007, -0.46281
1, 15, 47.697, 7.315, 0.507, -225.10, 122.07, 1129.64, 2.98, -4.44, 0.60, -0.85781, 0.02882, -0.05708, -0.50998
1, 15, 40.645, 6.661, 6.730, -218.75, 123.78, 1127.93, 2.43, -3.17, 0.56, -0.88777, -0.02557, -0.07838, -0.45285
1, 16, 39.095, 6.306, 8.380, -221.92, 101.56, 1127.20, 1.86, -1.69, 0.76, -0.89339, -0.04089, -0.08160, -0.43992
1, 15, 35.053, 9.211, 15.645, -219.73, 100.10, 1125.49, 2.50, 0.05, 0.27, -0.90363, -0.09063, -0.12852, -0.39841
1, 15, 32.252, 4.902, 7.355, -217.04, 116.21, 1121.34, 2.55, 1.66, 1.22, -0.91866, -0.04228, -0.06434, -0.38746
1, 15, 36.720, 2.026, 4.328, -220.21, 114.50, 1126.95, 2.17, 3.17, 1.63, -0.90388, -0.02660, -0.03209, -0.42575
1, 15, 28.614, 4.206, 3.867, -239.50, 118.65, 1129.15, 2.03, 4.51, 1.92, -0.93157, -0.01817, -0.04638, -0.36014
1, 15, 33.249, 6.193, 4.291, -259.03, 127.44, 1124.76, 1.01, 4.25, 2.11, -0.91572, -0.01273, -0.06441, -0.39642
1, 16, 37.843, 13.483, 8.960, -254.88, 130.62, 1118.90, 0.26, 3.17, 2.23, -0.89520, -0.01885, -0.13914, -0.42298
1, 15, 46.594, 10.373, 7.932, -262.45, 129.39, 1121.83, -0.68, 3.15, 1.59, -0.86184, -0.01418, -0.11259, -0.49431
1, 15, 42.564, 8.779, 10.881, -276.37, 119.38, 1120.85, -1.98, 2.30, 2.40, -0.87833, -0.04735, -0.11181, -0.46237
1, 15, 40.158, 8.774, 17.005, -258.79, 110.11, 1123.54, -1.39, 0.31, 2.78, -0.88393, -0.09706, -0.13430, -0.43728
1, 15, 40.763, 3.323, 10.552, -229.74, 113.04, 1119.63, -2.06, 1.70, 1.15, -0.88585, -0.06846, -0.06779, -0.45386
1, 15, 33.332, 4.201, 2.963, -245.85, 95.46, 1126.22, -1.66, 2.14, -0.24, -0.91606, -0.00903, -0.04391, -0.39853
1, 16, 38.130, 0.449, 3.857, -273.93, 87.40, 1127.93, -0.74, 1.65, -0.80, -0.89860, -0.02855, -0.01825, -0.43745
1, 15, 32.029, 2.856, 3.599, -292.72, 78.61, 1125.98, 0.59, 0.01, -0.05, -0.92065, -0.01921, -0.03516, -0.38832
1, 14, 34.685, 10.070, 8.111, -284.18, 78.61, 1123.54, 2.45, -2.77, 0.33, -0.90857, -0.02829, -0.10875, -0.40233
1, 16, 40.945, 8.595, 6.643, -237.30, 103.27, 1125.49, 3.96, -4.33, -0.14, -0.88605, -0.01691, -0.09300, -0.45386
1, 15, 41.331, 8.731, 6.710, -202.15, 118.16, 1137.21, 3.28, -1.50, -0.66, -0.88446, -0.01656, -0.09436, -0.45668
1, 16, 32.743, 10.209, 2.292, -216.06, 108.15, 1117.92, 2.24, 0.94, -0.33, -0.91552, 0.01684, -0.08959, -0.39181
1, 15, 27.292, 9.712, 7.751, -239.26, 104.49, 1119.38, 2.27, 2.59, 0.63, -0.93291, -0.03342, -0.10272, -0.34354
1, 15, 23.746, 9.433, 9.616, -256.59, 109.62, 1123.78, 1.88, 2.82, 0.87, -0.94249, -0.05272, -0.10446, -0.31308
1, 15, 25.098, 3.233, 7.401, -258.06, 107.67, 1132.81, 1.73, 1.71, 1.13, -0.94120, -0.05146, -0.04803, -0.33042
1, 15, 27.711, -3.340, 2.931, -260.01, 107.91, 1125.98, 2.05, 1.03, 0.99, -0.93414, -0.03423, 0.01818, -0.35481
1, 15, 24.345, 0.166, 2.710, -247.31, 112.79, 1129.64, 1.68, 0.72, 1.73, -0.94485, -0.02187, -0.00909, -0.32664
1, 16, 32.755, 4.441, 3.668, -227.54, 101.32, 1123.78, 1.60, 1.19, 2.10, -0.91793, -0.01407, -0.04821, -0.39355
1, 15, 39.027, 2.821, 2.332, -229.49, 103.52, 1131.35, 2.01, 3.46, 1.82, -0.89537, -0.00727, -0.03109, -0.44417
1, 14, 45.348, 3.026, 1.855, -251.22, 118.16, 1117.92, 2.08, 3.47, 1.87, -0.86951, -0.00104, -0.03095, -0.49294
1, 16, 45.707, 5.342, 2.705, -274.17, 107.67, 1116.46, 1.40, 2.28, 1.82, -0.86753, 0.00266, -0.05215, -0.49464
1, 15, 43.751, 7.254, -2.727, -270.51, 96.68, 1122.31, 2.11, 0.18, 1.43, -0.87378, 0.05126, -0.04400, -0.48160
1, 15, 46.779, 4.236, -5.831, -264.40, 101.81, 1126.46, 2.37, -0.50, 1.67, -0.86083, 0.06250, -0.00623, -0.50500
1, 15, 52.740, 1.722, -3.812, -249.76, 99.61, 1131.35, 3.03, -0.44, 1.15, -0.83526, 0.03604, 0.00569, -0.54864
1, 15, 56.698, 9.228, -0.017, -250.49, 104.00, 1128.17, 3.66, -0.43, 0.57, -0.81400, 0.04655, -0.06561, -0.57527
1, 16, 56.647, 9.398, 2.014, -247.07, 110.35, 1123.05, 3.72, 0.03, 0.56, -0.81487, 0.03293, -0.07702, -0.57356
1, 15, 59.149, 11.228, 2.727, -240.48, 123.05, 1133.54, 3.59, -0.03, 0.21, -0.80142, 0.03909, -0.09272, -0.58957
1, 15, 66.142, 16.217, 9.320, -228.52, 128.42, 1121.58, 2.22, 1.24, 0.29, -0.76356, 0.02867, -0.15940, -0.62509
1, 16, 68.233, 15.834, 8.723, -227.29, 126.46, 1121.09, 1.14, 1.85, 0.34, -0.75204, 0.03330, -0.15306, -0.64024
1, 15, 58.665, 17.760, 3.686, -221.92, 127.93, 1131.59, 0.08, 4.29, -0.08, -0.79948, 0.06556, -0.14323, -0.57967
1, 15, 67.794, 20.973, 7.387, -256.35, 104.49, 1127.20, -0.01, 4.88, 0.07, -0.75050, 0.07072, -0.17889, -0.63226
1, 16, 70.220, 19.824, 16.888, -276.12, 111.08, 1118.41, 0.53, 3.75, 0.51, -0.74092, 0.00647, -0.22332, -0.63334
1, 15, 71.906, 16.595, 8.672, -281.98, 108.89, 1127.44, 0.52, 1.58, 1.24, -0.73077, 0.04302, -0.15638, -0.66308
1, 15, 69.879, 16.883, 7.312, -266.11, 97.17, 1131.84, 1.01, 0.47, 1.42, -0.74169, 0.05073, -0.15122, -0.65150
1, 16, 68.171, 16.397, 6.576, -235.60, 111.33, 1125.24, 1.30, 0.33, 1.58, -0.75130, 0.05052, -0.14470, -0.64192
1, 14, 74.752, 14.367, 6.062, -229.98, 109.37, 1125.00, 1.40, 1.57, 1.78, -0.71399, 0.04962, -0.12603, -0.68693
1, 15, 70.505, 11.723, 6.769, -241.70, 109.62, 1124.27, 1.28, 2.32, 0.67, -0.74024, 0.02488, -0.11499, -0.66197
1, 16, 64.651, 8.960, 12.449, -249.51, 104.25, 1119.63, 0.56, 2.74, 0.69, -0.77310, -0.03463, -0.12851, -0.62017
1, 15, 63.754, 8.950, 10.718, -259.52, 86.91, 1129.88, 1.76, 2.01, 0.93, -0.77838, -0.02394, -0.11888, -0.61597
1, 16, 64.923, 11.802, 15.612, -254.39, 101.56, 1125.73, 2.33, 1.72, 0.70, -0.77079, -0.03986, -0.16443, -0.61421
1, 15, 64.091, 12.234, 22.428, -235.84, 110.60, 1123.29, 2.66, 1.95, 0.21, -0.77158, -0.08469, -0.20284, -0.59695
1, 15, 56.591, 15.873, 14.617, -255.13, 117.43, 1118.90, 1.84, 2.64, -0.35, -0.81291, -0.02402, -0.18454, -0.55186
1, 16, 53.535, 15.888, 12.180, -257.32, 110.60, 1130.62, 1.22, 2.49, 0.05, -0.82776, -0.01126, -0.17263, -0.53375
1, 15, 52.045, 15.703, 10.214, -266.11, 104.98, 1119.14, 1.03, 2.55, -0.17, -0.83485, -0.00007, -0.16214, -0.52606
1, 15, 61.029, 18.388, 10.814, -272.46, 107.42, 1116.94, 1.62, 1.14, 0.08, -0.78972, 0.02277, -0.18286, -0.58514
1, 16, 56.882, 17.858, 9.228, -271.00, 103.03, 1124.02, 1.28, 0.51, 0.13, -0.81045, 0.02467, -0.17216, -0.55940
1, 15, 56.640, 16.455, 8.164, -254.64, 109.13, 1124.27, 1.63, -0.07, 0.80, -0.81236, 0.02476, -0.15724, -0.56101
1, 15, 60.185, 18.112, 7.553, -260.50, 110.11, 1121.09, 1.19, -0.32, 0.60, -0.79328, 0.04255, -0.16459, -0.58464
1, 16, 63.559, 21.543, 8.384, -248.29, 102.78, 1128.91, 1.63, -0.65, 0.72, -0.77339, 0.06043, -0.19039, -0.60164
1, 15, 63.024, 18.195, 8.294, -231.93, 104.00, 1125.98, 1.86, -0.10, 0.66, -0.77879, 0.04203, -0.16794, -0.60293
1, 15, 53.795, 19.649, 4.268, -243.90, 105.22, 1117.19, 1.91, 0.93, -0.09, -0.82179, 0.06436, -0.16210, -0.54244
1, 16, 61.865, 24.014, 9.547, -255.62, 104.98, 1121.34, 2.05, 1.21, 0.16, -0.78046, 0.06287, -0.21366, -0.58419
1, 15, 70.433, 21.711, 8.622, -250.98, 118.16, 1127.93, 2.00, 1.21, -0.37, -0.73594, 0.07118, -0.18882, -0.64627
1, 16, 73.788, 22.027, 8.386, -256.59, 112.79, 1123.78, 1.01, 1.33, 0.64, -0.71631, 0.08005, -0.18720, -0.66742
1, 15, 67.544, 18.908, 11.586, -257.81, 97.66, 1128.66, 0.94, 0.89, 0.60, -0.75514, 0.03099, -0.18883, -0.62702
1, 15, 62.334, 14.642, 12.863, -261.23, 100.59, 1124.27, 1.81, 0.33, 0.52, -0.78476, -0.00939, -0.16819, -0.59647
1, 16, 62.030, 13.767, 10.950, -262.21, 104.74, 1118.65, 1.66, 0.18, 1.37, -0.78669, -0.00142, -0.15233, -0.59825
1, 14, 58.371, 10.376, 12.491, -251.71, 113.53, 1129.88, 1.82, 0.34, 0.67, -0.80585, -0.03461, -0.13645, -0.57515
1, 15, 57.192, 10.690, 11.012, -254.39, 120.85, 1122.56, 1.03, 0.37, 0.72, -0.81206, -0.02394, -0.13096, -0.56818
1, 16, 55.207, 8.268, 15.386, -252.20, 103.52, 1120.85, 0.21, 0.21, 0.60, -0.82001, -0.06957, -0.13450, -0.55195
1, 15, 58.677, 8.550, 13.554, -247.80, 98.88, 1124.51, 0.98, -0.02, 0.11, -0.80390, -0.05116, -0.12927, -0.57829
1, 15, 54.468, 9.478, 11.748, -251.95, 101.32, 1126.46, 1.21, 0.64, 0.27, -0.82531, -0.03830, -0.12526, -0.54928
1, 16, 51.291, 12.049, 8.968, -251.95, 100.83, 1126.46, 1.34, 0.69, -0.50, -0.84016, -0.00925, -0.13003, -0.52644
1, 15, 50.224, 10.015, 11.410, -266.60, 89.11, 1130.62, 2.01, 0.06, 0.34, -0.84512, -0.03793, -0.12614, -0.51810
1, 16, 52.651, 15.258, 18.851, -262.70, 98.39, 1128.42, 2.76, -0.60, 0.50, -0.82984, -0.06402, -0.19849, -0.51757
1, 15, 50.112, 13.317, 24.456, -259.03, 106.93, 1123.05, 2.88, -1.63, 0.92, -0.83661, -0.11851, -0.20749, -0.49294
1, 15, 43.090, 11.309, 26.613, -243.16, 115.72, 1120.12, 2.56, -1.25, 0.50, -0.86231, -0.15572, -0.19340, -0.44133
1, 15, 42.324, 11.488, 22.729, -233.15, 120.36, 1124.27, 1.84, 0.14, 0.55, -0.87007, -0.12686, -0.17882, -0.44148
1, 15, 40.978, 12.482, 27.187, -239.01, 117.43, 1122.56, 0.88, 1.98, 0.79, -0.86967, -0.15884, -0.20130, -0.42181
1, 15, 37.313, 8.293, 15.515, -251.46, 108.40, 1123.05, 0.34, 1.85, 1.08, -0.89577, -0.09055, -0.12272, -0.41753
1, 16, 37.250, 3.019, 7.031, -255.62, 105.96, 1122.80, 0.27, 1.61, 1.36, -0.90108, -0.04399, -0.05014, -0.42848
1, 15, 39.916, 11.705, 11.351, -245.36, 102.29, 1132.08, 0.27, 1.22, 0.89, -0.88768, -0.04193, -0.13497, -0.43823
1, 15, 39.788, 14.444, 18.305, -253.17, 91.55, 1121.34, 0.77, 1.78, 0.82, -0.88329, -0.08491, -0.18192, -0.42367
1, 16, 45.830, 9.171, 13.375, -262.45, 91.06, 1120.61, 1.70, 1.20, 1.43, -0.86360, -0.06124, -0.12661, -0.48416
1, 14, 53.087, 4.770, 10.273, -249.02, 105.22, 1119.87, 1.42, 1.18, 1.46, -0.83241, -0.05180, -0.08388, -0.54531
1, 15, 55.907, 10.993, 10.468, -240.48, 105.96, 1126.71, 1.75, 1.54, 0.78, -0.81843, -0.02000, -0.13016, -0.55931
1, 16, 56.430, 11.281, 9.426, -243.16, 111.82, 1127.44, 1.27, 2.17, 0.13, -0.81593, -0.01054, -0.12716, -0.56390
1, 15, 60.025, 13.041, 8.484, -256.35, 99.12, 1122.31, 1.04, 1.78, 0.52, -0.79725, 0.00925, -0.13469, -0.58836
1, 16, 63.244, 17.907, 9.384, -271.00, 94.24, 1124.76, 1.72, 1.40, 0.70, -0.77817, 0.03339, -0.17168, -0.60321
1, 15, 62.899, 16.859, 8.060, -267.33, 99.61, 1128.42, 1.99, -0.27, 0.86, -0.78025, 0.03620, -0.15781, -0.60415
1, 15, 67.885, 21.829, 12.108, -270.51, 94.73, 1126.95, 2.01, -0.87, 0.63, -0.75174, 0.04479, -0.21016, -0.62347
1, 16, 68.451, 20.606, 10.551, -256.59, 102.29, 1112.30, 3.18, -2.19, 0.76, -0.74880, 0.04900, -0.19366, -0.63198
1, 15, 67.784, 16.504, 18.448, -230.96, 110.11, 1130.62, 2.61, -1.82, 0.76, -0.75459, -0.02754, -0.21089, -0.62077
1, 15, 59.266, 18.495, 9.082, -212.40, 122.56, 1125.49, 2.11, 0.51, -0.31, -0.79815, 0.03257, -0.17523, -0.57548
1, 16, 55.162, 15.636, 9.351, -230.47, 106.45, 1127.93, 1.34, 2.52, 0.76, -0.82021, 0.01019, -0.15747, -0.54986
1, 15, 59.398, 19.134, 8.975, -255.37, 107.91, 1123.29, 1.21, 3.23, 0.85, -0.79699, 0.03685, -0.17903, -0.57568
1, 15, 51.440, 19.281, -0.279, -266.85, 103.03, 1124.02, 0.69, 2.78, 1.30, -0.83015, 0.09230, -0.13976, -0.53180
1, 16, 61.177, 18.472, 0.738, -280.27, 90.09, 1118.16, 1.57, 0.98, 1.62, -0.78380, 0.09263, -0.13122, -0.59988
1, 15, 67.996, 17.277, 1.274, -268.31, 89.36, 1126.46, 2.52, -0.80, 1.66, -0.74835, 0.09002, -0.12072, -0.64598
1, 15, 74.694, 14.752, 1.589, -236.33, 101.56, 1124.76, 3.01, -0.62, 1.51, -0.71158, 0.07972, -0.10155, -0.69064
1, 15, 73.618, 14.925, 2.811, -235.60, 114.99, 1120.12, 2.97, 0.36, 1.33, -0.71872, 0.07214, -0.11066, -0.68264
1, 16, 69.454, 10.642, 10.053, -242.43, 106.93, 1127.20, 2.43, 0.67, 0.92, -0.74680, -0.00384, -0.12701, -0.65280
1, 15, 76.851, 8.463, 6.134, -235.11, 118.90, 1121.09, 2.08, 1.53, -0.25, -0.70297, 0.01488, -0.08975, -0.70538
1, 15, 70.358, 9.986, 5.784, -250.98, 109.62, 1125.49, 1.27, 2.53, 0.07, -0.74140, 0.02094, -0.09820, -0.66350
1, 15, 70.255, 10.973, 5.585, -274.41, 94.73, 1122.80, 1.82, 1.94, 0.22, -0.74166, 0.02791, -0.10341, -0.66217
1, 16, 64.463, 8.073, 8.066, -267.09, 102.54, 1125.73, 1.69, 0.59, 0.63, -0.77498, -0.01011, -0.09874, -0.62414
1, 15, 64.682, 9.455, 17.017, -255.13, 101.81, 1124.76, 2.41, -0.04, 0.41, -0.77108, -0.06264, -0.15641, -0.61405
1, 15, 63.453, 7.551, 16.573, -250.73, 108.15, 1127.69, 2.08, 0.11, 0.71, -0.77732, -0.07168, -0.14068, -0.60897
1, 16, 61.083, 9.224, 7.709, -256.10, 103.03, 1125.49, 2.06, 0.24, 1.21, -0.79290, -0.00443, -0.10443, -0.60032
1, 14, 62.756, 7.717, 7.328, -248.05, 111.33, 1122.07, 1.37, 0.03, 1.28, -0.78430, -0.00846, -0.09221, -0.61343
1, 15, 59.398, 9.775, 6.487, -238.28, 112.30, 1126.46, 1.23, 0.50, 1.79, -0.80150, 0.00546, -0.10190, -0.58922
1, 16, 59.138, 11.261, 15.287, -214.36, 117.92, 1126.46, 0.89, 1.86, 0.48, -0.80094, -0.04865, -0.15688, -0.57577
1, 15, 62.168, 10.281, 11.138, -237.79, 107.18, 1121.34, 0.56, 3.40, -0.40, -0.78666, -0.02130, -0.12977, -0.60322
1, 15, 67.076, 11.233, 9.996, -263.92, 87.40, 1124.02, 1.02, 3.59, 0.19, -0.76011, -0.00275, -0.13044, -0.63657
1, 16, 63.373, 8.071, 12.282, -287.84, 90.33, 1120.36, 1.88, 2.42, 0.87, -0.77995, -0.03977, -0.12125, -0.61269
1, 15, 61.879, 7.768, 19.340, -295.17, 84.72, 1119.63, 2.42, 0.15, 2.48, -0.78371, -0.09139, -0.15554, -0.59436
1, 16, 69.860, 7.607, 16.574, -277.10, 96.92, 1115.97, 3.49, -2.46, 1.94, -0.74210, -0.06338, -0.14482, -0.65138
1, 14, 64.561, 12.088, 11.644, -242.68, 104.25, 1128.66, 3.43, -3.10, 1.41, -0.77362, -0.01202, -0.14493, -0.61673
1, 15, 58.303, 10.156, 11.701, -217.29, 109.37, 1130.37, 3.52, -1.37, 0.47, -0.80643, -0.03027, -0.13094, -0.57586
1, 16, 59.096, 11.161, 10.270, -233.40, 112.55, 1119.38, 3.07, 0.06, 0.89, -0.80254, -0.01411, -0.13083, -0.58191
1, 15, 63.209, 15.622, 17.976, -242.68, 115.72, 1125.98, 2.72, 1.27, 0.47, -0.77900, -0.03755, -0.20141, -0.59261
1, 15, 67.577, 20.730, 19.465, -246.34, 123.54, 1123.29, 2.00, 1.03, 0.74, -0.75499, -0.01048, -0.24288, -0.60901
1, 16, 62.695, 16.870, 18.246, -256.35, 110.35, 1121.83, 1.66, 0.37, 0.79, -0.78142, -0.03352, -0.21084, -0.58635
1, 15, 70.024, 13.367, 14.595, -250.49, 107.91, 1126.22, 1.73, -0.28, -0.14, -0.74300, -0.01677, -0.17019, -0.64707
1, 15, 65.896, 11.395, 13.398, -246.09, 111.82, 1123.29, 1.49, 0.30, 0.57, -0.76616, -0.02594, -0.15008, -0.62434
1, 16, 68.079, 7.565, 4.516, -237.79, 121.09, 1120.85, 0.42, 1.46, 1.06, -0.75487, 0.01349, -0.07555, -0.65136
1, 15, 69.086, 9.072, 13.392, -234.13, 100.34, 1124.51, 0.60, 1.83, 0.76, -0.74827, -0.03515, -0.13581, -0.64839
1, 15, 68.149, 9.744, 11.573, -249.51, 98.63, 1126.95, 0.99, 2.11, 0.55, -0.75405, -0.02044, -0.12966, -0.64356
1, 16, 72.591, 11.459, 10.651, -255.13, 104.00, 1128.91, 1.09, 1.53, 0.37, -0.72859, 0.00072, -0.13568, -0.67138
1, 15, 74.058, 13.271, 9.633, -251.22, 97.90, 1121.58, 1.37, 1.65, 0.79, -0.71958, 0.01982, -0.14079, -0.67970
1, 15, 74.865, 13.988, 8.755, -247.31, 107.42, 1126.22, 1.37, 1.72, 0.75, -0.71440, 0.03065, -0.13978, -0.68495
1, 15, 71.104, 11.127, 8.886, -245.12, 102.29, 1125.00, 1.30, 2.30, 0.89, -0.73723, 0.00835, -0.12336, -0.66424
1, 15, 66.065, 9.141, 9.303, -253.66, 104.00, 1130.37, 1.21, 2.63, 0.88, -0.76599, -0.01100, -0.11279, -0.63278
1, 16, 66.617, 10.453, 8.459, -255.37, 110.11, 1123.05, 1.38, 1.94, 0.57, -0.76279, 0.00256, -0.11679, -0.63601
1, 15, 68.688, 11.550, 7.886, -261.23, 107.42, 1124.02, 1.14, 1.86, 0.34, -0.75088, 0.01474, -0.12058, -0.64917
1, 15, 70.044, 12.241, 16.703, -254.64, 103.76, 1128.66, 0.85, 1.77, 0.89, -0.74231, -0.03698, -0.17498, -0.64574
1, 16, 76.382, 14.298, 15.375, -264.65, 100.83, 1122.56, 1.08, 1.01, 0.43, -0.70599, -0.00636, -0.18108, -0.68466
1, 15, 72.582, 11.508, 13.998, -261.23, 96.92, 1124.76, 1.69, 0.14, 0.49, -0.72836, -0.02028, -0.15553, -0.66701
1, 15, 74.598, 13.962, 12.512, -260.74, 89.11, 1123.54, 1.64, -0.25, 0.48, -0.71661, 0.00668, -0.16202, -0.67837
1, 16, 78.982, 15.413, 20.417, -240.23, 99.61, 1127.93, 2.78, -0.46, 0.34, -0.68989, -0.02557, -0.21819, -0.68977
1, 15, 76.618, 10.242, 23.364, -239.50, 104.98, 1126.46, 2.40, 0.32, 0.88, -0.70000, -0.08005, -0.20470, -0.67948
1, 14, 81.945, 8.020, 15.179, -241.21, 102.05, 1127.44, 2.28, 1.07, 1.06, -0.67013, -0.03697, -0.14421, -0.72716
1, 16, 87.061, 12.085, 21.345, -243.41, 113.53, 1127.69, 2.51, 1.32, 0.51, -0.63754, -0.03757, -0.20786, -0.74089
1, 15, 84.078, 10.930, 18.143, -229.49, 112.30, 1132.08, 1.68, 1.95, 0.31, -0.65702, -0.03218, -0.18012, -0.73133
1, 16, 93.109, 12.811, 18.407, -224.85, 101.81, 1124.27, 2.08, 3.11, 0.00, -0.59846, -0.00617, -0.19327, -0.77747
1, 15, 83.531, 11.245, 17.154, -248.05, 103.03, 1126.71, 1.88, 4.60, 0.31, -0.66090, -0.02528, -0.17543, -0.72925
1, 15, 77.861, 8.304, 16.191, -256.10, 117.19, 1121.83, 1.59, 4.29, 0.66, -0.69534, -0.04645, -0.15069, -0.70117
1, 16, 74.023, 11.258, 5.452, -257.08, 118.90, 1117.92, 0.50, 4.36, 1.08, -0.71936, 0.03385, -0.10341, -0.68606
1, 15, 74.792, 11.229, 10.080, -269.29, 109.62, 1126.71, 0.31, 3.78, 0.94, -0.71555, 0.00549, -0.13081, -0.68618
1, 15, 81.057, 15.620, 16.558, -247.31, 110.11, 1125.24, 0.15, 3.65, 0.15, -0.67766, 0.00252, -0.19603, -0.70876
1, 16, 76.298, 19.765, 11.331, -250.24, 103.03, 1127.93, -0.46, 4.77, 1.30, -0.70461, 0.05216, -0.18949, -0.68184
1, 15, 66.079, 19.187, 9.313, -257.81, 83.50, 1125.49, 0.14, 4.59, 0.18, -0.76219, 0.04527, -0.17875, -0.62054
1, 15, 64.592, 18.163, 8.216, -265.63, 105.96, 1130.86, 1.21, 4.20, -0.09, -0.77045, 0.04467, -0.16672, -0.61369
1, 16, 63.757, 16.267, 16.918, -262.45, 100.34, 1117.92, 0.74, 4.02, 0.59, -0.77637, -0.02587, -0.20030, -0.59704
1, 15, 71.578, 19.990, 17.229, -274.66, 91.31, 1122.56, 1.69, 2.96, 0.27, -0.73335, 0.00793, -0.22615, -0.64109
1, 16, 70.784, 19.015, 14.539, -294.68, 100.59, 1117.92, 1.59, 1.82, 0.63, -0.73776, 0.01794, -0.20518, -0.64287
1, 15, 71.469, 13.898, 8.584, -310.79, 90.58, 1113.53, 1.78, -0.14, 1.23, -0.73437, 0.02706, -0.13908, -0.66380
1, 14, 67.100, 14.607, -1.268, -309.08, 93.02, 1120.85, 2.69, -3.54, 1.21, -0.75384, 0.09083, -0.08961, -0.64455
1, 16, 62.980, 14.153, -8.226, -270.02, 104.49, 1118.65, 2.83, -5.60, 1.53, -0.77034, 0.13210, -0.05211, -0.62162
1, 15, 68.861, 10.662, -6.261, -247.07, 103.03, 1126.95, 3.14, -6.27, 1.16, -0.74320, 0.10209, -0.03376, -0.66037
1, 15, 74.012, 6.584, -10.596, -227.54, 107.67, 1130.62, 2.70, -4.84, 1.07, -0.71254, 0.10607, 0.02273, -0.69320
1, 16, 76.050, 3.451, -13.128, -228.03, 113.77, 1125.00, 2.28, -2.24, 1.14, -0.70064, 0.10203, 0.05951, -0.70367
1, 15, 77.776, 2.719, -10.108, -227.05, 102.54, 1128.17, 1.77, -0.17, 1.24, -0.69291, 0.07835, 0.04665, -0.71524
1, 15, 74.281, 8.871, -13.263, -236.82, 100.83, 1128.91, 2.31, 0.73, 1.04, -0.70569, 0.13617, 0.02482, -0.69487
1, 16, 77.552, 4.740, -15.445, -235.35, 111.08, 1124.51, 2.33, 1.47, 1.01, -0.68781, 0.12312, 0.06742, -0.71219
1, 15, 72.016, 1.472, -6.648, -217.77, 119.87, 1124.27, 1.91, 2.38, 0.40, -0.73065, 0.05120, 0.03008, -0.68017
1, 14, 78.238, 6.902, 1.597, -214.36, 121.58, 1127.44, 0.40, 4.93, 0.69, -0.69370, 0.03365, -0.05181, -0.71761
1, 16, 78.866, 9.706, 3.601, -221.44, 110.84, 1121.09, -0.02, 7.65, 0.56, -0.68957, 0.03955, -0.08103, -0.71858
1, 15, 81.695, 13.221, 4.961, -245.61, 97.41, 1127.44, -0.47, 9.22, 0.74, -0.67099, 0.05622, -0.10916, -0.73123
1, 15, 77.099, 16.503, -3.951, -272.71, 94.73, 1118.90, 0.43, 8.27, -0.56, -0.69034, 0.12615, -0.07631, -0.70831
1, 16, 69.291, 19.308, -8.721, -302.00, 86.18, 1118.90, 0.60, 6.76, -0.19, -0.72724, 0.16700, -0.07544, -0.66147
1, 15, 70.938, 18.464, -5.811, -309.33, 95.46, 1115.97, 1.56, 3.97, -0.19, -0.72283, 0.14494, -0.08466, -0.67033
1, 16, 78.232, 14.019, -6.817, -304.69, 97.90, 1116.46, 1.83, 1.40, 1.35, -0.68283, 0.12863, -0.04214, -0.71793
1, 15, 77.164, 9.623, -0.058, -267.33, 104.25, 1122.80, 1.90, 0.27, 0.91, -0.69863, 0.06016, -0.05845, -0.71055
1, 14, 71.460, 9.590, 1.413, -258.54, 115.72, 1119.38, 1.09, 0.58, 0.25, -0.73381, 0.04757, -0.06982, -0.67408
1, 16, 73.317, 10.128, 2.181, -278.08, 101.56, 1121.09, 1.24, -0.05, -0.13, -0.72287, 0.04708, -0.07701, -0.68507
1, 15, 67.970, 12.179, -3.918, -296.88, 114.26, 1124.02, 0.60, -1.59, -0.27, -0.74895, 0.09509, -0.05790, -0.65321
1, 15, 65.886, 15.187, -7.281, -286.62, 101.81, 1115.72, 0.21, -3.46, 1.19, -0.75416, 0.13282, -0.06093, -0.64023
1, 16, 69.040, 9.968, -12.661, -267.09, 81.05, 1116.70, 0.62, -4.46, 1.05, -0.73616, 0.13949, 0.00792, -0.66223
1, 15, 72.971, 5.175, -15.997, -251.95, 61.52, 1116.70, 2.27, -4.35, 1.28, -0.71463, 0.13173, 0.06299, -0.68409
1, 15, 65.011, 9.281, -17.172, -240.48, 66.16, 1122.80, 4.08, -3.49, 1.85, -0.75384, 0.16576, 0.03265, -0.63497
1, 16, 61.286, 9.107, -12.688, -208.74, 99.12, 1125.98, 5.03, -1.34, 1.96, -0.78021, 0.13542, 0.00456, -0.61067
1, 14, 52.367, 10.619, -11.028, -192.63, 123.29, 1131.84, 3.97, 2.66, 1.96, -0.82557, 0.13045, -0.02495, -0.54845
1, 15, 51.342, 7.139, -16.629, -217.53, 110.84, 1125.00, 2.77, 5.68, 1.48, -0.82740, 0.15479, 0.02579, -0.53924
1, 16, 49.308, 9.235, -13.079, -257.81, 84.72, 1126.95, 3.51, 6.29, 1.68, -0.83906, 0.13859, -0.00875, -0.52602
1, 15, 49.866, 10.178, -9.576, -266.36, 61.77, 1128.66, 5.54, 5.85, 2.62, -0.83938, 0.11726, -0.03124, -0.52982
1, 16, 52.677, 4.222, -13.113, -260.01, 73.97, 1117.43, 8.20, 5.35, 3.09, -0.82805, 0.11550, 0.03194, -0.54769
1, 15, 53.824, 5.093, -11.424, -253.17, 99.37, 1121.83, 8.77, 5.35, 3.97, -0.82347, 0.10722, 0.01860, -0.55683
1, 15, 47.527, 7.101, -15.725, -234.13, 120.85, 1125.49, 8.70, 6.45, 3.52, -0.84614, 0.14873, 0.01686, -0.51152
1, 15, 49.238, 8.898, -11.484, -245.61, 146.73, 1114.75, 6.92, 8.06, 2.20, -0.84158, 0.12538, -0.01365, -0.52521
1, 15, 50.886, 12.087, -8.224, -273.19, 139.89, 1117.43, 5.36, 7.69, 0.63, -0.83396, 0.11643, -0.05057, -0.53703
1, 15, 48.667, 10.950, -3.330, -303.71, 144.53, 1108.40, 3.48, 6.29, 0.63, -0.84936, 0.07418, -0.06655, -0.51831
1, 16, 46.166, 10.529, -9.551, -315.19, 116.21, 1113.77, 2.47, 4.13, 1.13, -0.85571, 0.11750, -0.03777, -0.50252
1, 15, 55.735, 10.390, -7.131, -319.58, 105.47, 1114.01, 3.21, 1.05, 1.54, -0.81331, 0.10241, -0.03892, -0.57143
1, 15, 59.882, 14.425, 1.692, -299.56, 113.04, 1118.41, 2.74, -0.70, 2.43, -0.79499, 0.06355, -0.10925, -0.59330
1, 16, 59.028, 11.596, -5.434, -285.16, 122.56, 1116.46, 2.75, -2.14, 3.31, -0.79689, 0.09785, -0.05321, -0.59377
1, 15, 63.650, 16.001, 4.824, -267.33, 114.75, 1118.90, 2.39, -2.47, 2.47, -0.77554, 0.05448, -0.13456, -0.61438
1, 16, 66.159, 10.450, -2.087, -272.71, 116.70, 1116.94, 2.23, -2.35, 3.15, -0.76190, 0.07240, -0.05812, -0.64101
1, 15, 63.397, 13.476, -7.204, -292.48, 115.48, 1118.65, 2.33, -3.35, 2.98, -0.77001, 0.12181, -0.05259, -0.62409
1, 15, 56.143, 11.667, -2.330, -280.76, 129.64, 1114.01, 1.78, -4.92, 2.49, -0.81384, 0.07481, -0.07167, -0.57177
1, 15, 50.201, 11.893, 0.346, -270.75, 122.56, 1123.54, 0.96, -5.48, 2.14, -0.84364, 0.05235, -0.08945, -0.52681
1, 15, 47.103, 9.020, -7.172, -264.65, 113.28, 1118.41, 0.85, -5.91, 1.33, -0.85521, 0.09353, -0.03605, -0.50849
1, 15, 42.623, 7.682, -13.729, -246.09, 119.87, 1119.14, 0.40, -5.77, 1.71, -0.86914, 0.13652, -0.00224, -0.47534
1, 16, 41.479, 3.456, -18.743, -229.74, 112.79, 1127.20, 0.55, -4.04, 1.51, -0.87139, 0.15799, 0.04915, -0.46186
1, 15, 34.595, 5.162, -9.261, -246.58, 114.50, 1127.69, 0.79, -3.13, 0.94, -0.90675, 0.09196, -0.00788, -0.41144
1, 15, 36.314, 11.682, -0.751, -245.61, 118.90, 1128.91, 0.72, -2.82, 0.70, -0.90088, 0.04900, -0.08943, -0.42192
1, 16, 38.885, 17.841, 6.995, -248.78, 125.73, 1124.76, 0.31, -2.46, 0.61, -0.88787, 0.01467, -0.16544, -0.42907
1, 15, 39.565, 17.063, 11.344, -257.08, 108.40, 1123.29, 0.27, -2.10, 0.70, -0.88588, -0.02104, -0.17579, -0.42880
1, 15, 31.514, 15.659, 2.413, -255.13, 103.76, 1130.13, 0.66, -3.15, 1.21, -0.91513, 0.03321, -0.13372, -0.37889
1, 16, 40.692, 12.020, 2.720, -235.35, 106.93, 1126.46, 1.09, -2.78, 1.46, -0.88505, 0.02694, -0.10387, -0.45296
1, 14, 49.107, 7.821, 2.323, -219.73, 112.55, 1123.29, 1.33, -0.83, 1.41, -0.85163, 0.01833, -0.06872, -0.51930
1, 15, 50.186, 8.267, 3.501, -244.87, 108.89, 1120.85, 1.47, 0.23, 1.53, -0.84668, 0.01233, -0.07724, -0.52632
1, 16, 51.880, 7.997, 4.434, -256.35, 103.03, 1130.37, 1.37, 0.19, 1.43, -0.83898, 0.00536, -0.07947, -0.53830
1, 15, 56.887, 4.457, -0.182, -264.89, 102.29, 1126.46, 2.33, -0.82, 1.38, -0.81505, 0.02379, -0.03080, -0.57809
1, 16, 49.625, 4.142, 6.161, -249.51, 114.99, 1121.58, 2.14, -1.67, 2.14, -0.84993, -0.02672, -0.05893, -0.52290
1, 14, 40.169, 5.122, 7.122, -229.49, 114.50, 1125.73, 2.46, -1.10, 2.04, -0.88978, -0.03506, -0.06790, -0.44995
1, 15, 45.315, 1.193, 3.281, -209.47, 124.27, 1128.91, 2.20, 1.01, 1.43, -0.86960, -0.01977, -0.02317, -0.49281
1, 16, 51.180, -3.694, 0.542, -229.49, 122.31, 1125.49, 1.75, 3.01, 1.20, -0.84295, -0.02130, 0.02465, -0.53700
1, 15, 53.596, -4.084, 1.804, -246.34, 118.90, 1123.54, 1.53, 3.68, 1.23, -0.83103, -0.03285, 0.02091, -0.55486
1, 15, 55.033, 3.096, 10.190, -259.03, 120.85, 1120.85, 0.95, 3.29, 0.85, -0.82275, -0.05803, -0.07237, -0.56079
1, 16, 49.811, 2.544, 16.057, -256.35, 120.85, 1119.38, 0.50, 2.66, 0.72, -0.84294, -0.10708, -0.09227, -0.51911
1, 14, 47.613, 4.559, 22.305, -257.32, 112.30, 1124.27, 0.49, 2.11, 0.47, -0.84682, -0.14624, -0.13224, -0.49399
1, 15, 47.673, 9.001, 25.930, -257.08, 110.11, 1122.56, 0.34, 1.87, 0.34, -0.84403, -0.15316, -0.18004, -0.48139
1, 16, 50.021, 6.535, 18.196, -279.05, 100.10, 1114.99, 0.43, 1.11, 1.14, -0.84160, -0.10426, -0.13122, -0.51344
1, 15, 52.453, 3.610, 15.464, -273.19, 105.47, 1123.54, 1.07, -0.24, 1.08, -0.83176, -0.09556, -0.09963, -0.53770
1, 15, 47.184, 7.652, 7.822, -263.92, 105.22, 1125.73, 1.98, -1.38, 1.35, -0.86009, -0.02486, -0.09189, -0.50118
1, 16, 43.713, 6.993, -1.030, -242.43, 115.23, 1124.27, 2.38, -1.75, 1.21, -0.87474, 0.03721, -0.04915, -0.48066
1, 14, 46.024, 13.254, 5.943, -217.53, 119.14, 1126.46, 2.12, -0.35, 0.53, -0.86283, 0.01284, -0.12557, -0.48949
1, 16, 43.218, 11.825, 13.410, -228.03, 112.55, 1119.14, 2.03, 2.00, 0.11, -0.87383, -0.05322, -0.14533, -0.46094
1, 15, 42.948, 12.902, 11.136, -263.92, 104.49, 1132.81, 1.95, 1.88, 0.53, -0.87535, -0.03168, -0.14421, -0.46040
1, 15, 42.619, 13.380, 16.678, -290.04, 101.07, 1118.16, 2.39, -0.01, 0.71, -0.87396, -0.07245, -0.16966, -0.44962
1, 16, 43.083, 16.240, 22.281, -276.86, 111.57, 1117.43, 2.85, -2.30, 0.94, -0.86708, -0.10219, -0.21296, -0.43860
1, 15, 45.254, 21.272, 27.661, -230.22, 119.14, 1121.58, 2.71, -2.61, 0.42, -0.85212, -0.11611, -0.27173, -0.43193
1, 15, 44.502, 20.654, 22.989, -217.04, 125.98, 1129.15, 1.84, -0.14, 0.93, -0.85936, -0.08565, -0.24891, -0.43841
1, 16, 45.147, 19.655, 19.210, -224.61, 118.65, 1129.64, 1.37, 2.11, 0.72, -0.85980, -0.06032, -0.22740, -0.45321
1, 15, 43.555, 18.089, 16.446, -245.61, 117.68, 1123.29, 1.08, 2.60, 0.88, -0.86831, -0.04926, -0.20428, -0.44931
1, 15, 36.671, 16.159, 5.946, -261.47, 114.99, 1122.31, 0.50, 2.48, 1.11, -0.89748, 0.01339, -0.14886, -0.41495
1, 16, 34.759, 14.919, 6.242, -268.07, 104.49, 1118.41, 1.07, 0.96, 0.89, -0.90540, 0.00410, -0.14037, -0.40066
1, 15, 37.169, 12.188, 7.313, -246.34, 113.04, 1120.61, 1.17, 0.40, 1.25, -0.89869, -0.01166, -0.12292, -0.42085
1, 16, 40.646, 7.015, 7.486, -234.86, 109.37, 1122.31, 1.17, 1.83, 1.01, -0.88750, -0.03002, -0.08409, -0.45207
1, 14, 36.633, 7.196, 14.072, -249.27, 111.57, 1125.00, 0.67, 2.55, 0.93, -0.89939, -0.08407, -0.10843, -0.41505
1, 15, 36.004, 10.927, 19.975, -261.47, 106.93, 1119.14, 0.79, 1.85, 0.85, -0.89618, -0.11711, -0.15775, -0.39782
1, 16, 30.044, 10.622, 23.221, -272.46, 104.49, 1129.39, 0.92, 0.86, 0.79, -0.91177, -0.15205, -0.15893, -0.34685
1, 15, 36.184, 17.850, 21.251, -270.51, 98.14, 1122.07, 1.73, -0.76, 0.49, -0.89213, -0.10068, -0.21517, -0.38429
1, 15, 32.343, 15.367, 23.415, -259.52, 105.22, 1120.85, 2.53, -1.44, 0.96, -0.90342, -0.13370, -0.19925, -0.35532
1, 16, 23.087, 14.781, 14.760, -239.26, 114.01, 1127.44, 2.36, -1.00, 1.37, -0.93819, -0.08048, -0.16131, -0.29547
1, 15, 18.993, 9.231, 7.906, -259.77, 109.62, 1115.97, 2.37, -0.27, 1.45, -0.95551, -0.04326, -0.09641, -0.27537
1, 15, 12.157, 9.443, 2.275, -262.21, 118.16, 1119.63, 2.14, -1.65, 1.72, -0.97132, -0.00080, -0.08464, -0.22218
1, 15, 15.745, 4.240, 5.358, -241.70, 127.93, 1128.17, 1.39, -2.01, 1.11, -0.96567, -0.03574, -0.04764, -0.25286
1, 15, 10.567, 5.178, 0.418, -223.39, 129.64, 1132.08, 0.44, -1.13, 1.09, -0.97651, 0.00597, -0.04492, -0.21067
1, 15, 14.534, 14.503, 2.657, -203.13, 121.34, 1128.91, -0.12, 1.29, 0.43, -0.96229, 0.00859, -0.12799, -0.23989
1, 16, 17.093, 15.263, 1.498, -218.02, 107.67, 1135.01, -0.14, 3.97, 0.20, -0.95572, 0.02288, -0.13144, -0.26228
1, 15, 18.782, 20.868, 2.503, -235.35, 116.21, 1132.32, -0.19, 5.22, 0.94, -0.94486, 0.03017, -0.17982, -0.27202
1, 15, 21.441, 27.327, 5.516, -260.01, 89.60, 1125.98, 0.03, 5.08, 0.65, -0.92848, 0.02686, -0.23903, -0.28297
1, 16, 26.536, 18.729, 6.532, -262.45, 94.73, 1124.27, 1.11, 3.91, 1.01, -0.92787, 0.00324, -0.17187, -0.33093
1, 15, 28.529, 15.801, 7.738, -281.01, 107.18, 1122.31, 1.40, 2.39, 1.33, -0.92494, -0.01282, -0.15202, -0.34815
1, 16, 37.954, 15.841, 7.336, -277.10, 99.37, 1122.31, 1.26, 1.26, 1.88, -0.89317, 0.00301, -0.15138, -0.42346
1, 15, 36.263, 14.597, 2.797, -250.49, 106.93, 1127.93, 1.98, 0.08, 1.75, -0.89978, 0.03180, -0.12532, -0.41676
1, 15, 30.188, 15.096, 1.429, -234.38, 109.86, 1125.00, 1.82, 0.76, 1.88, -0.91973, 0.03773, -0.12641, -0.36972
1, 16, 26.267, 15.827, -1.805, -244.63, 109.86, 1122.56, 2.01, 0.85, 1.27, -0.92969, 0.06181, -0.12399, -0.34130
1, 15, 27.193, 17.730, 0.254, -235.11, 122.07, 1123.29, 1.89, 1.75, 0.49, -0.92562, 0.05191, -0.14512, -0.34565
1, 15, 28.067, 16.355, 1.704, -240.23, 113.77, 1128.91, 1.06, 2.83, 0.45, -0.92515, 0.03707, -0.13810, -0.35164
1, 15, 21.405, 16.715, 7.507, -267.82, 100.83, 1120.12, 0.93, 2.43, 0.59, -0.94391, -0.01788, -0.15783, -0.28949
1, 15, 23.264, 16.181, 6.565, -264.65, 110.11, 1121.83, 0.99, 0.87, 0.86, -0.93973, -0.00910, -0.15124, -0.30651
1, 15, 27.098, 11.878, 8.264, -265.38, 103.03, 1122.80, 1.30, 0.22, 1.37, -0.93214, -0.03110, -0.12173, -0.33961
1, 16, 29.989, 15.876, 6.048, -242.19, 104.00, 1125.98, 1.50, -0.17, 0.72, -0.92042, 0.00295, -0.14745, -0.36206
1, 15, 29.753, 14.565, 5.588, -240.72, 104.49, 1126.22, 1.56, 0.63, 1.05, -0.92234, 0.00207, -0.13551, -0.36182
1, 16, 33.771, 7.129, 2.113, -251.22, 102.29, 1126.71, 1.96, 1.25, 1.24, -0.91360, 0.00823, -0.06430, -0.40142
1, 15, 28.433, 9.711, -0.496, -258.54, 106.93, 1118.16, 1.91, 0.96, 1.46, -0.92936, 0.03452, -0.07741, -0.35931
1, 15, 26.337, 11.566, -2.173, -236.33, 116.21, 1125.98, 1.98, 0.64, 1.08, -0.93368, 0.05229, -0.08816, -0.34313
1, 16, 31.178, 12.451, -1.050, -217.53, 131.59, 1130.62, 1.13, 2.21, 0.27, -0.91809, 0.04989, -0.09671, -0.38115
1, 15, 32.816, 17.675, 5.573, -262.45, 111.57, 1122.07, 0.52, 3.35, 0.21, -0.90937, 0.01660, -0.15994, -0.38365
1, 15, 31.552, 19.696, 14.205, -287.35, 99.61, 1122.80, 0.92, 1.84, 0.74, -0.91028, -0.04698, -0.20357, -0.35741
1, 16, 39.734, 15.183, 12.124, -283.45, 100.34, 1125.00, 1.34, -0.57, 1.63, -0.88635, -0.03430, -0.16443, -0.43147
1, 15, 41.657, 12.803, 11.497, -264.65, 107.91, 1122.80, 1.57, -1.79, 1.70, -0.88042, -0.03649, -0.14451, -0.45017
1, 14, 49.814, 9.848, 9.182, -250.24, 104.00, 1132.08, 1.76, -2.52, 1.72, -0.84760, -0.02268, -0.11474, -0.51759
1, 16, 50.294, 8.285, 8.203, -236.33, 106.20, 1123.78, 1.84, -1.92, 1.66, -0.84598, -0.02224, -0.09892, -0.52349
1, 15, 57.634, 3.957, 5.134, -244.14, 99.61, 1123.29, 1.74, -0.61, 3.51, -0.81152, -0.01620, -0.05413, -0.58159
1, 15, 62.885, 0.717, 4.207, -235.84, 118.41, 1128.91, 1.54, -0.34, 3.48, -0.78392, -0.02491, -0.02768, -0.61975
1, 16, 68.604, 6.568, 5.815, -225.83, 108.89, 1125.49, 1.11, 0.98, 2.92, -0.75210, -0.00041, -0.07640, -0.65460
1, 14, 74.797, 2.674, 1.296, -230.71, 97.41, 1128.91, 1.90, 1.27, 1.36, -0.71565, 0.00820, -0.02459, -0.69797
1, 16, 77.243, 6.823, 10.171, -247.80, 94.48, 1126.71, 2.56, 1.54, 0.93, -0.70041, -0.01970, -0.10467, -0.70575
1, 15, 83.863, 5.460, 7.858, -256.59, 90.33, 1123.05, 3.33, 1.21, 1.59, -0.65844, -0.00928, -0.08280, -0.74801
1, 15, 90.836, 7.843, 8.243, -266.36, 103.03, 1125.24, 3.40, 1.11, 2.11, -0.61216, 0.01015, -0.09844, -0.78452
1, 16, 85.379, 4.440, 9.000, -254.39, 109.86, 1122.07, 3.78, 0.12, 2.15, -0.64809, -0.02142, -0.08473, -0.75653
1, 15, 92.881, 6.562, 9.181, -248.78, 110.84, 1128.66, 3.52, -0.84, 2.07, -0.59784, -0.00194, -0.09816, -0.79558
1, 14, 97.362, 4.182, 5.128, -224.61, 121.83, 1127.44, 3.68, -0.56, 1.34, -0.56565, 0.00480, -0.05748, -0.82263
1, 16, 101.693, 7.119, 12.946, -230.71, 124.51, 1120.61, 2.63, 1.27, 0.95, -0.53516, -0.00787, -0.12808, -0.83495
1, 15, 100.220, 11.844, 3.540, -242.68, 118.90, 1120.85, 2.29, 2.27, 1.17, -0.54400, 0.06977, -0.08192, -0.83216
1, 15, 91.775, 8.891, 4.976, -230.96, 131.59, 1122.31, 1.34, 2.69, 0.51, -0.60507, 0.03550, -0.08130, -0.79122
1, 16, 99.548, 12.302, 10.422, -244.14, 120.85, 1128.91, 0.14, 3.42, 0.21, -0.55212, 0.03955, -0.13408, -0.82197
1, 15, 97.815, 15.278, 3.660, -266.36, 116.46, 1126.46, 0.08, 2.14, -0.47, -0.56022, 0.09211, -0.10085, -0.81701
1, 15, 89.508, 11.630, 5.783, -277.34, 102.05, 1123.05, -0.18, 0.64, 0.43, -0.62044, 0.04822, -0.10213, -0.77608
1, 16, 90.645, 9.447, 13.800, -275.63, 92.53, 1125.49, 0.60, 0.02, 0.88, -0.61392, -0.00873, -0.14471, -0.77595
1, 15, 84.585, 14.614, 10.693, -253.66, 103.03, 1118.90, 1.20, -1.12, 1.49, -0.65436, 0.03545, -0.15272, -0.73975
1, 16, 78.622, 18.902, 7.114, -239.26, 100.83, 1127.93, 1.66, -1.44, 1.66, -0.68865, 0.07596, -0.15759, -0.70368
1, 15, 79.389, 14.774, 14.565, -230.22, 101.81, 1128.91, 2.47, 0.02, 0.89, -0.68780, 0.00627, -0.17897, -0.70347
1, 15, 71.379, 16.186, 8.437, -238.77, 93.26, 1129.88, 2.62, 0.89, 1.67, -0.73392, 0.04140, -0.15265, -0.66056
1, 16, 62.189, 14.534, 9.149, -259.28, 94.48, 1118.90, 3.90, 0.82, 2.33, -0.78546, 0.01527, -0.14807, -0.60074
1, 15, 60.637, 12.868, 2.622, -255.13, 108.64, 1128.91, 4.04, 0.13, 3.20, -0.79266, 0.04966, -0.10297, -0.59885
1, 14, 68.632, 11.906, 3.078, -251.46, 118.16, 1123.05, 3.37, -0.48, 1.79, -0.74974, 0.04822, -0.09559, -0.65302
1, 16, 74.050, 14.620, 4.606, -230.96, 126.95, 1125.00, 3.00, -0.82, 0.56, -0.71736, 0.05949, -0.11922, -0.68384
1, 15, 64.587, 16.726, 1.648, -224.61, 126.46, 1125.24, 1.97, 0.20, -0.02, -0.76802, 0.08087, -0.12170, -0.62353
1, 15, 66.751, 16.731, 2.588, -232.18, 123.29, 1128.91, 1.50, 1.86, 0.27, -0.75676, 0.07698, -0.12541, -0.63692
1, 16, 67.881, 15.485, 12.739, -259.03, 125.00, 1118.90, 0.68, 1.91, 0.79, -0.75478, 0.00439, -0.17318, -0.63268
1, 15, 59.990, 16.787, 3.870, -269.04, 102.78, 1125.73, 0.76, 0.85, 1.34, -0.79368, 0.06087, -0.13673, -0.58964
1, 15, 65.813, 19.121, 4.752, -261.23, 110.84, 1124.27, 0.98, -0.78, 0.50, -0.76130, 0.07483, -0.15365, -0.62547
1, 16, 60.186, 18.342, -4.759, -241.46, 104.49, 1127.93, 0.89, -1.30, 1.05, -0.78384, 0.12856, -0.10253, -0.59880
1, 15, 54.490, 17.045, -1.478, -217.53, 109.13, 1122.80, 0.95, 0.47, 0.33, -0.81734, 0.09373, -0.11549, -0.55662
1, 16, 51.525, 14.892, 7.737, -220.46, 105.96, 1130.86, 0.69, 2.33, 0.86, -0.83758, 0.01346, -0.14496, -0.52656
1, 15, 53.159, 15.854, 6.764, -229.00, 107.42, 1125.98, 1.52, 3.84, 0.57, -0.82916, 0.02721, -0.14706, -0.53863
1, 15, 60.992, 18.495, 7.375, -254.88, 115.23, 1123.78, 1.21, 3.11, 0.27, -0.78878, 0.04696, -0.16596, -0.58998
1, 16, 59.926, 16.477, 16.122, -272.22, 103.03, 1121.83, 0.73, 2.10, 0.70, -0.79605, -0.02592, -0.19677, -0.57177
1, 15, 56.419, 14.039, 14.995, -276.86, 102.29, 1122.80, 1.72, 0.23, 0.52, -0.81415, -0.03626, -0.17360, -0.55291
1, 15, 61.182, 8.904, 8.475, -270.26, 104.49, 1124.02, 1.99, -0.68, 1.27, -0.79238, -0.01134, -0.10626, -0.60059
1, 16, 55.096, 10.272, -0.269, -246.83, 101.56, 1131.84, 2.56, -1.47, 1.37, -0.82121, 0.05256, -0.07250, -0.56356
1, 15, 57.241, 5.484, -6.511, -231.45, 118.65, 1125.73, 2.68, -0.66, 1.04, -0.81008, 0.07392, -0.00592, -0.58161
1, 14, 51.418, 3.731, 0.262, -222.17, 121.09, 1132.08, 1.95, 0.37, 0.32, -0.84196, 0.01561, -0.02865, -0.53856
1, 16, 56.199, 11.544, 5.469, -233.64, 112.55, 1127.93, 1.95, 1.45, 0.48, -0.81683, 0.01873, -0.10951, -0.56608
1, 15, 56.558, 12.148, 5.505, -249.76, 113.53, 1122.56, 1.50, 2.01, 0.60, -0.81476, 0.02186, -0.11390, -0.56808
1, 15, 60.414, 17.778, 8.046, -250.00, 102.78, 1128.17, 1.76, 1.15, 0.86, -0.79253, 0.03771, -0.16475, -0.58595
1, 16, 63.510, 20.580, 14.194, -235.11, 114.99, 1123.05, 2.19, 1.59, 0.45, -0.77626, 0.01579, -0.21436, -0.59264
1, 15, 63.431, 19.002, 12.254, -238.04, 112.55, 1120.85, 1.33, 1.95, 0.54, -0.77723, 0.02018, -0.19393, -0.59825
1, 16, 53.413, 19.114, 9.255, -245.36, 106.45, 1125.98, 1.94, 2.61, 0.10, -0.82603, 0.02534, -0.18186, -0.53287
1, 15, 49.383, 16.358, 9.892, -263.18, 109.62, 1124.51, 1.40, 2.66, 0.95, -0.84643, 0.00156, -0.16544, -0.50615
1, 15, 54.499, 10.712, 8.286, -260.99, 103.52, 1122.31, 1.34, 1.68, 1.39, -0.82560, -0.00726, -0.11743, -0.55186
1, 16, 53.290, 9.288, 9.182, -270.02, 97.41, 1119.63, 1.91, 0.12, 0.92, -0.83163, -0.02190, -0.11135, -0.54361
1, 15, 57.459, 4.004, 3.046, -256.10, 113.53, 1124.51, 2.12, -0.85, 1.02, -0.81256, -0.00125, -0.04386, -0.58123
1, 14, 60.784, 9.124, 4.047, -231.69, 121.09, 1126.71, 1.73, -0.16, 0.32, -0.79424, 0.02016, -0.08456, -0.60135
1, 16, 65.857, 13.504, 5.220, -242.92, 112.55, 1127.20, 1.01, 1.07, 0.90, -0.76528, 0.04049, -0.11916, -0.63128
1, 15, 71.369, 17.006, 13.640, -235.84, 122.80, 1122.07, 0.53, 1.38, 0.37, -0.73492, 0.01288, -0.18757, -0.65158
1, 15, 62.587, 15.484, 13.594, -239.01, 110.60, 1124.27, 0.18, 2.22, 0.08, -0.78315, -0.00946, -0.17764, -0.59585
1, 16, 67.141, 10.644, 10.569, -259.28, 104.74, 1125.00, -0.14, 1.88, -0.13, -0.75979, -0.00982, -0.12978, -0.63701
1, 15, 58.700, 9.028, 12.489, -284.42, 101.07, 1119.38, 0.05, 0.35, 0.19, -0.80423, -0.04119, -0.12721, -0.57908
1, 15, 52.811, 9.998, 2.775, -280.76, 88.87, 1125.24, 0.86, -1.39, 1.04, -0.83349, 0.02767, -0.08605, -0.54509
1, 16, 60.007, 5.542, 1.274, -259.28, 102.05, 1126.22, 1.41, -2.85, 1.20, -0.79899, 0.02015, -0.04532, -0.59930
1, 14, 63.244, 0.798, -3.631, -242.68, 97.17, 1123.54, 2.08, -2.50, 1.08, -0.78182, 0.02912, 0.01429, -0.62266
1, 16, 66.437, 7.063, 5.037, -221.44, 104.74, 1132.57, 2.27, -2.48, 0.77, -0.76427, 0.00612, -0.07532, -0.64045
1, 15, 67.247, 9.537, 8.675, -198.73, 104.74, 1133.54, 2.14, -0.21, 0.73, -0.75943, -0.00343, -0.11198, -0.64088
1, 15, 74.880, 14.302, 12.366, -200.44, 107.67, 1130.86, 1.99, 2.98, 0.38, -0.71488, 0.01006, -0.16320, -0.67986
1, 16, 75.581, 12.520, 18.481, -243.90, 95.70, 1127.69, 2.46, 3.85, 0.74, -0.70982, -0.03779, -0.18877, -0.67757
1, 15, 80.590, 16.269, 24.566, -252.20, 110.84, 1128.42, 2.66, 3.16, 0.51, -0.67936, -0.04166, -0.24846, -0.68921
1, 15, 81.760, 14.669, 29.787, -261.72, 113.04, 1121.34, 2.71, 1.80, 0.57, -0.66839, -0.07993, -0.27169, -0.68778
1, 16, 75.867, 9.673, 29.037, -256.10, 115.23, 1124.27, 2.10, 0.47, 0.70, -0.69897, -0.11960, -0.23401, -0.66512
1, 15, 68.024, 8.315, 26.091, -255.62, 105.47, 1125.49, 1.80, 0.40, 0.34, -0.74499, -0.12388, -0.20081, -0.62395
1, 14, 65.981, 11.575, 20.666, -241.21, 122.56, 1128.91, 1.31, 0.60, 1.03, -0.76258, -0.07330, -0.19057, -0.61383
1, 16, 71.629, 11.027, 16.750, -239.99, 110.35, 1129.88, 0.63, 0.99, 1.38, -0.73304, -0.04204, -0.16819, -0.65772
1, 15, 73.642, 13.799, 21.545, -231.45, 105.47, 1131.35, 0.74, 1.42, 0.97, -0.72036, -0.05254, -0.21353, -0.65782
1, 15, 76.575, 14.858, 18.794, -232.67, 107.91, 1122.56, 1.04, 1.41, 0.73, -0.70447, -0.02361, -0.20476, -0.67915
1, 16, 72.084, 15.269, 15.859, -227.54, 112.30, 1123.05, 1.20, 2.32, 0.10, -0.73110, -0.01045, -0.18947, -0.65535
1, 15, 66.552, 12.677, 19.934, -251.95, 107.42, 1121.83, 0.95, 2.69, 0.50, -0.76026, -0.06128, -0.19406, -0.61692
1, 16, 66.089, 11.469, 25.185, -266.60, 103.03, 1121.83, 0.71, 2.00, 0.74, -0.75847, -0.10370, -0.21403, -0.60676
1, 15, 63.585, 11.567, 21.387, -266.85, 95.46, 1120.61, 0.99, 0.40, 0.89, -0.77474, -0.08219, -0.19270, -0.59656
1, 15, 68.264, 15.725, 19.578, -258.54, 100.83, 1127.44, 1.43, -0.82, 0.87, -0.75164, -0.03855, -0.21225, -0.62330
1, 16, 74.156, 19.460, 19.334, -234.38, 110.11, 1132.57, 1.72, -0.71, 0.43, -0.71889, -0.00341, -0.23481, -0.65425
1, 15, 81.506, 21.217, 19.032, -222.66, 114.75, 1125.24, 1.61, 0.99, 0.24, -0.67549, 0.02473, -0.24241, -0.69595
1, 15, 71.518, 21.040, 15.573, -230.71, 103.03, 1130.37, 1.73, 2.49, 0.18, -0.73314, 0.02462, -0.22329, -0.64191
1, 16, 65.402, 18.328, 14.164, -245.85, 104.00, 1124.51, 1.20, 2.62, 0.78, -0.76738, 0.00696, -0.19936, -0.60937
1, 15, 68.344, 19.500, 12.530, -264.40, 101.32, 1124.02, 1.19, 1.51, 0.69, -0.75070, 0.02952, -0.19757, -0.62972
1, 15, 63.892, 15.171, 13.257, -269.29, 101.32, 1124.51, 1.73, 0.34, 0.71, -0.77642, -0.00687, -0.17389, -0.60572
1, 16, 60.600, 17.658, 9.294, -261.72, 104.25, 1127.93, 1.40, -1.05, 1.08, -0.79202, 0.02873, -0.17025, -0.58557
1, 15, 53.918, 14.196, 11.387, -240.97, 112.06, 1134.52, 1.82, -1.07, 0.83, -0.82681, -0.01324, -0.15696, -0.53997
1, 16, 54.547, 12.288, 10.283, -218.99, 113.53, 1121.34, 1.03, 0.39, 1.08, -0.82467, -0.01384, -0.13824, -0.54829
1, 15, 56.911, 15.652, 18.034, -221.92, 108.64, 1130.62, 0.61, 1.61, 0.25, -0.81035, -0.04882, -0.19953, -0.54877
1, 15, 53.381, 14.934, 23.802, -245.61, 102.29, 1124.76, 0.95, 2.17, 0.32, -0.82302, -0.09997, -0.21905, -0.51444
1, 16, 52.678, 14.614, 27.485, -270.51, 95.21, 1124.27, 0.84, 1.89, 0.82, -0.82241, -0.12936, -0.23249, -0.50285
1, 15, 54.890, 17.491, 23.086, -269.04, 94.48, 1124.02, 1.52, -0.34, 0.94, -0.81672, -0.07925, -0.23458, -0.52122
1, 14, 55.682, 20.062, 19.740, -240.72, 109.13, 1122.80, 1.86, -0.42, 0.79, -0.81421, -0.04091, -0.23721, -0.52831
1, 16, 50.260, 16.116, 19.461, -216.31, 104.00, 1126.71, 1.91, 0.29, 0.41, -0.83989, -0.06859, -0.20588, -0.49749
1, 15, 54.093, 14.896, 16.822, -218.75, 101.81, 1131.35, 1.33, 1.95, 0.16, -0.82430, -0.04871, -0.18737, -0.53202
1, 15, 61.842, 18.160, 15.974, -246.58, 103.76, 1129.64, 1.66, 3.43, 0.19, -0.78591, -0.01255, -0.20759, -0.58232
1, 16, 57.293, 14.816, 21.318, -264.65, 104.74, 1128.42, 0.83, 2.56, 0.82, -0.80679, -0.07558, -0.20973, -0.54716
1, 15, 58.344, 18.406, 18.649, -266.60, 98.14, 1121.34, 1.91, 1.59, 0.66, -0.80259, -0.03635, -0.22174, -0.55260
1, 15, 55.439, 15.290, 17.319, -251.95, 108.89, 1125.00, 1.84, 0.14, 0.49, -0.81771, -0.04809, -0.19301, -0.54017
1, 16, 50.130, 14.158, 15.394, -250.73, 103.27, 1127.44, 1.67, 0.39, 0.30, -0.84306, -0.04810, -0.17398, -0.50663
1, 15, 58.548, 17.248, 14.916, -236.08, 110.35, 1121.83, 1.50, 1.08, 0.24, -0.80284, -0.01584, -0.19577, -0.56292
1, 16, 58.366, 16.017, 22.383, -247.31, 105.96, 1123.78, 0.92, 1.94, 0.82, -0.80099, -0.07483, -0.22365, -0.55026
1, 15, 57.515, 14.560, 27.886, -243.41, 112.79, 1129.88, 0.75, 1.98, 0.62, -0.80002, -0.12251, -0.23926, -0.53639
1, 15, 59.268, 18.104, 32.451, -250.24, 103.27, 1127.93, 0.95, 1.42, 0.53, -0.78806, -0.13179, -0.28565, -0.52915
1, 16, 54.825, 18.283, 26.960, -254.15, 97.66, 1124.76, 1.23, 0.63, 0.26, -0.81390, -0.10300, -0.25734, -0.51063
1, 15, 50.545, 16.884, 23.188, -251.71, 104.00, 1124.02, 1.56, 0.44, 0.53, -0.83590, -0.09169, -0.22759, -0.49098
1, 15, 44.531, 16.973, 19.026, -253.66, 102.78, 1124.76, 1.62, 0.60, 0.16, -0.86366, -0.07180, -0.20675, -0.45407
1, 16, 39.821, 15.329, 17.168, -247.80, 104.00, 1125.00, 1.62, 0.73, 0.66, -0.88360, -0.07254, -0.18442, -0.42424
1, 15, 36.025, 14.083, 15.297, -238.28, 100.10, 1122.80, 1.53, 0.79, 0.66, -0.89898, -0.06862, -0.16583, -0.39954
1, 15, 44.944, 14.653, 13.665, -235.11, 107.91, 1126.22, 1.21, 1.26, 0.11, -0.86564, -0.04072, -0.16821, -0.46980
1, 16, 45.280, 15.708, 19.654, -246.58, 104.98, 1132.32, 0.63, 1.79, 0.79, -0.86070, -0.08071, -0.20050, -0.46095
1, 15, 48.457, 17.759, 16.246, -248.78, 95.21, 1130.13, 1.18, 1.72, 0.92, -0.84854, -0.04051, -0.20297, -0.48697
1, 15, 46.369, 15.750, 22.415, -232.67, 107.67, 1124.76, 0.90, 2.19, 0.92, -0.85413, -0.09922, -0.21280, -0.46404
1, 16, 45.509, 15.203, 18.819, -245.61, 92.77, 1130.86, 1.12, 2.49, 0.38, -0.86050, -0.07626, -0.19359, -0.46503
1, 15, 42.282, 16.288, 14.461, -238.53, 107.67, 1125.24, 1.49, 2.64, -0.43, -0.87514, -0.04390, -0.18261, -0.44593
1, 16, 37.768, 16.024, 12.108, -262.45, 95.70, 1122.31, 1.43, 2.82, 0.26, -0.89307, -0.03375, -0.17023, -0.41509
1, 15, 46.743, 16.091, 10.958, -273.68, 99.37, 1123.05, 1.72, 1.73, 0.00, -0.85798, -0.01142, -0.16798, -0.48531
1, 14, 40.806, 14.190, 11.701, -262.45, 100.83, 1120.36, 1.82, 0.63, 0.50, -0.88297, -0.03352, -0.15558, -0.44162
1, 16, 41.539, 15.046, 9.581, -269.04, 105.22, 1128.17, 1.59, 0.08, 0.67, -0.88003, -0.01274, -0.15400, -0.44908
1, 15, 39.088, 14.132, 8.639, -248.29, 113.04, 1123.54, 1.37, -1.36, 0.34, -0.89017, -0.01230, -0.14311, -0.43239
1, 15, 37.469, 10.506, 3.778, -225.83, 115.48, 1129.64, 0.30, -0.18, -0.21, -0.89860, 0.01000, -0.09670, -0.42785
1, 16, 41.556, 11.983, 5.317, -224.85, 103.52, 1125.24, 0.25, 1.55, -0.06, -0.88204, 0.00758, -0.11376, -0.45718
1, 15, 33.519, 11.392, 8.793, -247.56, 89.84, 1124.51, 0.51, 2.79, 0.48, -0.91179, -0.03016, -0.12126, -0.39118
1, 15, 37.693, 13.195, 7.357, -255.62, 95.70, 1119.38, 1.15, 2.08, 0.50, -0.89612, -0.00760, -0.13096, -0.42399
1, 16, 45.258, 15.211, 6.791, -249.76, 99.85, 1131.35, 1.59, 1.79, 0.11, -0.86480, 0.01404, -0.14390, -0.48085
1, 15, 52.763, 19.037, 7.201, -256.35, 102.54, 1120.61, 1.58, 1.53, 0.21, -0.82855, 0.03879, -0.17196, -0.53145
1, 16, 57.821, 20.802, 6.855, -242.43, 104.49, 1120.36, 1.37, 1.62, 0.37, -0.80252, 0.05775, -0.18055, -0.56571
1, 14, 57.796, 18.966, 6.394, -253.17, 96.44, 1124.76, 1.22, 2.05, 0.59, -0.80413, 0.05161, -0.16560, -0.56859
1, 15, 59.346, 15.592, 6.367, -255.37, 100.59, 1128.91, 1.25, 2.17, 1.17, -0.79893, 0.03651, -0.14155, -0.58338
1, 16, 65.333, 20.849, 9.488, -256.84, 100.59, 1129.88, 1.79, 1.14, 0.51, -0.76510, 0.05216, -0.19082, -0.61278
1, 15, 69.268, 23.998, 10.700, -255.62, 104.25, 1127.44, 1.65, 1.10, 0.75, -0.74187, 0.06898, -0.21542, -0.63124
1, 15, 61.983, 19.883, 11.546, -258.54, 99.61, 1123.78, 1.69, 0.66, 0.69, -0.78405, 0.02731, -0.19640, -0.58818
1, 16, 53.688, 19.060, 9.812, -237.55, 108.40, 1131.59, 1.66, 0.79, 0.25, -0.82491, 0.02150, -0.18402, -0.53403
1, 15, 53.711, 17.470, 8.690, -232.91, 101.81, 1125.73, 1.25, 2.16, 0.44, -0.82580, 0.02189, -0.16751, -0.53806
1, 15, 55.685, 18.447, 12.499, -239.99, 102.05, 1125.49, 0.95, 3.37, -0.05, -0.81622, 0.00251, -0.19216, -0.54484
1, 16, 64.056, 17.271, 11.034, -254.64, 92.77, 1129.39, 1.35, 3.28, -0.11, -0.77462, 0.01997, -0.17599, -0.60712
1, 15, 55.833, 20.106, 4.765, -275.88, 88.38, 1122.56, 1.94, 2.54, -0.22, -0.81183, 0.06597, -0.16655, -0.55574
1, 15, 61.347, 24.026, 13.240, -281.49, 92.29, 1120.61, 2.61, 1.01, 0.56, -0.78468, 0.03670, -0.23262, -0.57343
1, 16, 65.309, 25.647, 20.162, -273.19, 97.90, 1126.46, 2.58, -0.73, 0.66, -0.76492, 0.00756, -0.27717, -0.58139
1, 15, 58.454, 20.745, 22.716, -246.34, 104.49, 1126.22, 2.75, -1.03, 0.96, -0.79986, -0.05240, -0.25679, -0.53994
1, 16, 48.902, 18.993, 19.707, -221.68, 110.35, 1125.98, 1.93, 0.66, 0.29, -0.84456, -0.05957, -0.22663, -0.48147
1, 15, 48.195, 17.480, 16.684, -225.34, 106.20, 1129.39, 1.21, 2.38, 0.21, -0.84962, -0.04549, -0.20272, -0.48474
1, 15, 54.008, 20.514, 14.741, -249.76, 96.92, 1128.17, 1.37, 3.39, 0.49, -0.82270, -0.00627, -0.21698, -0.52539
1, 16, 52.105, 18.562, 12.856, -279.30, 101.32, 1126.46, 1.39, 2.22, 0.72, -0.83275, -0.00554, -0.19458, -0.51830
1, 15, 51.498, 17.469, 10.845, -280.52, 94.97, 1123.54, 1.75, 0.31, 1.08, -0.83624, 0.00291, -0.17768, -0.51877
1, 15, 45.628, 14.312, 13.372, -259.03, 105.47, 1121.09, 1.99, -1.43, 0.57, -0.86307, -0.03900, -0.16472, -0.47587
1, 16, 53.201, 18.966, 13.476, -235.35, 102.54, 1122.31, 1.59, -0.77, 0.34, -0.82748, -0.00620, -0.20031, -0.52452
1, 15, 49.854, 16.662, 12.193, -232.67, 101.07, 1125.00, 1.49, 0.40, 0.51, -0.84404, -0.01331, -0.17782, -0.50577
1, 15, 49.180, 15.494, 19.298, -233.64, 101.81, 1134.77, 0.82, 2.00, 0.94, -0.84479, -0.07220, -0.20008, -0.49100
1, 16, 49.510, 15.762, 15.924, -254.64, 88.62, 1120.36, 1.35, 2.07, 0.90, -0.84503, -0.04553, -0.18760, -0.49867
1, 15, 51.743, 20.357, 14.430, -266.36, 90.82, 1127.69, 1.79, 1.42, 0.77, -0.83307, -0.00905, -0.21432, -0.50989
1, 15, 48.895, 17.039, 20.269, -249.02, 93.99, 1130.62, 2.49, 0.26, 0.67, -0.84499, -0.07275, -0.21507, -0.48420
1, 16, 50.561, 21.274, 18.756, -221.44, 118.90, 1133.30, 1.97, 1.66, 0.39, -0.83673, -0.03855, -0.23944, -0.49098
1, 15, 41.731, 19.447, 16.694, -211.43, 123.29, 1126.71, 0.40, 4.13, -0.05, -0.87433, -0.04876, -0.21452, -0.43260
1, 16, 49.624, 15.260, 13.861, -263.43, 101.07, 1122.07, -0.48, 5.43, -0.24, -0.84543, -0.03246, -0.17499, -0.50356
1, 15, 54.221, 22.075, 16.142, -302.49, 86.43, 1118.16, 0.05, 3.29, 0.44, -0.82058, -0.00820, -0.23420, -0.52128
1, 15, 54.812, 17.131, 13.172, -318.85, 78.86, 1119.63, 1.44, 0.08, 1.17, -0.82106, -0.01029, -0.18614, -0.53953
1, 16, 48.056, 16.080, 2.503, -283.69, 84.72, 1127.20, 2.53, -3.45, 1.22, -0.85075, 0.05331, -0.13106, -0.50617
1, 14, 48.467, 14.803, 3.196, -224.12, 98.39, 1127.69, 2.97, -3.55, 0.59, -0.85036, 0.04291, -0.12452, -0.50945
1, 15, 48.479, 14.455, 11.928, -204.59, 99.12, 1139.40, 2.47, -0.03, 0.76, -0.85127, -0.02352, -0.16040, -0.49905
1, 16, 52.842, 20.230, 17.687, -208.50, 107.91, 1130.37, 2.46, 2.99, 0.60, -0.82767, -0.03114, -0.22815, -0.51180
1, 15, 60.648, 23.637, 17.521, -237.06, 99.85, 1124.02, 1.66, 5.00, 0.22, -0.78917, 0.00375, -0.25136, -0.56037
1, 15, 54.704, 22.360, 14.757, -270.02, 101.07, 1120.12, 1.52, 4.41, 0.27, -0.81818, 0.00409, -0.22985, -0.52700
1, 16, 51.424, 20.542, 12.668, -294.92, 86.91, 1118.16, 1.55, 2.24, 0.31, -0.83438, 0.00407, -0.20778, -0.51051
1, 15, 46.540, 17.795, 12.692, -279.79, 103.27, 1118.16, 1.74, 0.40, 0.48, -0.85749, -0.01715, -0.18778, -0.47870
1, 16, 50.475, 10.591, 9.254, -272.22, 97.66, 1123.54, 1.39, -0.43, 1.07, -0.84437, -0.01908, -0.12063, -0.52165
1, 15, 57.437, 5.777, 6.275, -259.28, 100.10, 1134.52, 1.40, -0.98, 1.19, -0.81227, -0.01513, -0.07274, -0.57853
1, 15, 59.741, 9.525, 6.006, -230.96, 104.00, 1125.73, 1.29, -0.27, 0.97, -0.79978, 0.00781, -0.09767, -0.59224
1, 16, 62.958, 7.837, 1.728, -234.38, 93.75, 1129.15, 0.94, 1.17, 1.37, -0.78264, 0.03063, -0.06290, -0.61853
1, 14, 62.501, 8.410, 2.696, -225.59, 100.59, 1133.54, 1.53, 2.05, 0.33, -0.78512, 0.02684, -0.07214, -0.61454
1, 15, 63.461, 10.503, 9.435, -232.67, 95.46, 1123.29, 0.96, 3.65, 0.30, -0.77997, -0.00703, -0.12239, -0.61369
1, 16, 58.334, 9.158, 9.709, -254.39, 92.04, 1129.15, 1.54, 4.40, 0.50, -0.80684, -0.02135, -0.11396, -0.57929
1, 15, 65.571, 13.184, 9.883, -276.61, 94.97, 1123.29, 1.34, 3.15, 0.39, -0.76795, 0.00719, -0.14266, -0.62438
1, 15, 67.462, 14.736, 8.758, -289.79, 83.74, 1117.68, 1.34, 1.79, 0.51, -0.75683, 0.02580, -0.14635, -0.63649
1, 16, 68.490, 16.371, 11.536, -270.02, 90.33, 1120.12, 2.18, -0.32, 0.75, -0.75102, 0.01830, -0.17212, -0.63719
1, 15, 66.056, 12.427, 18.276, -237.06, 91.31, 1128.42, 2.38, 0.24, 0.56, -0.76370, -0.05249, -0.18328, -0.61678
1, 14, 63.774, 11.496, 24.691, -235.84, 93.02, 1130.13, 2.87, 2.15, 0.37, -0.77104, -0.10453, -0.20952, -0.59218
1, 16, 67.578, 16.132, 29.923, -246.09, 99.61, 1125.73, 2.85, 3.17, 0.40, -0.74892, -0.10545, -0.26944, -0.59615
1, 15, 70.009, 14.630, 22.227, -276.61, 94.24, 1121.09, 2.43, 3.40, 1.25, -0.74075, -0.05884, -0.22068, -0.63176
1, 15, 74.558, 9.961, 15.021, -287.11, 91.55, 1115.72, 3.47, 1.10, 0.98, -0.71624, -0.03340, -0.15247, -0.68018
1, 16, 75.203, 8.055, 11.919, -273.44, 102.54, 1124.02, 3.42, -0.11, 1.05, -0.71274, -0.02491, -0.12242, -0.69021
1, 15, 78.351, 6.992, 4.308, -261.72, 114.50, 1126.22, 2.84, -0.59, 1.08, -0.69358, 0.01787, -0.06930, -0.71681
1, 16, 82.082, 12.011, 7.430, -258.79, 111.33, 1122.31, 1.72, -0.83, 0.96, -0.66985, 0.03435, -0.11778, -0.73229
1, 15, 81.560, 11.673, 6.949, -243.90, 108.40, 1125.00, 1.15, -0.21, 0.93, -0.67311, 0.03446, -0.11291, -0.73006
1, 14, 86.886, 13.796, 15.468, -231.69, 106.93, 1126.46, 0.79, 1.30, 0.60, -0.64025, 0.00636, -0.17880, -0.74704
1, 16, 89.874, 12.840, 22.093, -246.34, 104.49, 1122.07, 0.63, 1.87, 0.16, -0.61949, -0.03136, -0.21752, -0.75361
1, 15, 82.407, 8.940, 22.986, -254.15, 102.78, 1119.87, 0.11, 2.21, 0.16, -0.66396, -0.07580, -0.19886, -0.71684
1, 15, 81.550, 8.883, 19.473, -275.63, 83.25, 1125.49, 0.06, 1.92, 0.52, -0.67133, -0.05710, -0.17605, -0.71768
1, 16, 80.678, 10.987, 16.408, -284.42, 81.05, 1120.12, 1.32, 0.23, 1.15, -0.67893, -0.02687, -0.16862, -0.71407
1, 15, 86.824, 7.970, 9.842, -262.45, 87.89, 1123.29, 1.94, -0.42, 1.59, -0.63930, -0.00137, -0.11007, -0.76104
1, 15, 92.538, 5.449, 3.671, -249.27, 109.86, 1120.61, 2.05, -0.66, 1.30, -0.59969, 0.01884, -0.05409, -0.79818
1, 15, 90.430, 3.072, 10.722, -218.75, 113.77, 1127.93, 0.91, 0.60, 0.58, -0.61315, -0.03629, -0.09010, -0.78397
1, 15, 99.199, 6.146, 12.372, -215.82, 106.93, 1132.81, 0.09, 3.33, 0.11, -0.55276, -0.01495, -0.11914, -0.82464
1, 15, 96.301, 1.381, 17.489, -254.64, 86.67, 1118.65, 0.18, 4.11, 0.25, -0.56766, -0.07732, -0.13142, -0.80902
1, 16, 93.603, 2.744, 14.669, -271.97, 81.79, 1126.95, 1.01, 3.85, 0.87, -0.58944, -0.05642, -0.11691, -0.79731
1, 15, 91.054, 9.933, 9.527, -296.88, 73.00, 1119.38, 1.70, 2.46, 1.11, -0.61108, 0.01793, -0.11818, -0.78249
1, 16, 91.872, 11.391, 0.926, -291.50, 86.67, 1117.43, 2.91, 0.02, 1.16, -0.60174, 0.07423, -0.06636, -0.79246
1, 14, 90.528, 10.407, 2.000, -276.37, 109.37, 1123.05, 3.11, -2.13, 0.89, -0.61203, 0.06095, -0.06935, -0.78542
1, 15, 88.873, 13.751, -3.412, -262.94, 103.76, 1123.54, 2.21, -1.59, 1.09, -0.61719, 0.11190, -0.05168, -0.77710
1, 16, 81.894, 11.350, 0.698, -238.53, 114.75, 1127.20, 2.12, -1.46, 0.26, -0.66826, 0.06924, -0.07086, -0.73731
1, 15, 76.801, 9.269, 5.976, -238.53, 107.67, 1124.51, 0.85, 0.90, 0.60, -0.70313, 0.02081, -0.09368, -0.70456
1, 15, 83.562, 12.583, 12.655, -253.17, 87.89, 1117.19, 0.83, 1.03, 0.40, -0.66134, 0.00947, -0.15419, -0.73400
1, 16, 74.473, 12.300, 11.389, -262.94, 87.40, 1129.39, 1.44, 0.90, 0.37, -0.71744, 0.00343, -0.14521, -0.68131
1, 15, 81.541, 16.627, 13.848, -256.59, 93.26, 1130.62, 1.85, 1.04, 0.41, -0.67435, 0.02578, -0.18484, -0.71444
1, 15, 85.540, 19.736, 14.676, -261.23, 95.70, 1120.12, 1.70, 0.98, 0.80, -0.64908, 0.04814, -0.20593, -0.73073
1, 16, 82.427, 16.236, 12.841, -244.38, 97.41, 1119.38, 1.37, 1.94, 0.88, -0.66858, 0.03055, -0.17611, -0.72184
1, 15, 75.839, 13.485, 12.153, -258.79, 101.32, 1122.07, 1.16, 2.59, 0.83, -0.70923, 0.00772, -0.15691, -0.68725
1, 16, 79.138, 11.066, 4.126, -275.39, 100.10, 1126.46, 0.69, 1.34, 1.00, -0.68761, 0.04518, -0.09234, -0.71876
1, 14, 75.793, 12.800, -3.818, -280.52, 93.51, 1127.20, 0.66, 0.28, 1.54, -0.70218, 0.10199, -0.05573, -0.70245
1, 15, 82.207, 11.584, -2.892, -276.86, 87.65, 1121.58, 1.15, -0.72, 1.46, -0.66356, 0.09178, -0.04884, -0.74086
1, 16, 83.921, 9.520, -1.921, -260.74, 89.60, 1122.07, 1.63, -2.07, 1.10, -0.65449, 0.07348, -0.04201, -0.75132
1, 15, 82.314, 6.634, 0.434, -238.53, 89.84, 1130.13, 1.62, -1.83, 0.74, -0.66743, 0.04051, -0.04149, -0.74241
1, 15, 85.892, 8.257, 10.111, -226.56, 80.57, 1137.94, 2.77, -0.36, 0.69, -0.64552, -0.00187, -0.11342, -0.75528
1, 15, 93.944, 10.460, 11.003, -223.14, 99.12, 1136.72, 3.76, 1.30, 0.11, -0.59149, 0.01700, -0.13061, -0.79548
1, 15, 96.639, 12.387, 10.844, -256.84, 106.69, 1127.20, 3.03, 2.93, 0.83, -0.57294, 0.03462, -0.13842, -0.80708
1, 15, 91.711, 11.198, 9.609, -274.66, 104.74, 1118.65, 3.36, 2.00, 0.34, -0.60672, 0.02695, -0.12520, -0.78453
1, 16, 86.297, 7.570, 13.956, -275.63, 114.26, 1117.19, 2.32, 0.59, 0.40, -0.64214, -0.02761, -0.13501, -0.75410
1, 15, 89.722, 10.036, 21.264, -275.63, 104.49, 1123.29, 0.78, -0.43, 0.67, -0.61866, -0.04623, -0.19757, -0.75900
1, 15, 93.610, 10.556, 27.686, -262.45, 94.73, 1122.80, 0.61, -2.15, 0.19, -0.59005, -0.06904, -0.24489, -0.76622
1, 16, 89.068, 9.916, 23.325, -245.12, 80.57, 1126.22, 1.15, -1.88, 0.77, -0.62192, -0.05937, -0.21023, -0.75199
1, 15, 83.580, 4.684, 25.044, -225.83, 81.54, 1134.03, 2.43, -1.03, 0.93, -0.65055, -0.11305, -0.18906, -0.72682
1, 14, 85.433, 8.106, 28.308, -230.96, 90.82, 1134.28, 2.88, 1.50, 0.89, -0.63982, -0.10583, -0.23020, -0.72556
1, 16, 82.507, 10.357, 19.069, -248.54, 111.33, 1122.31, 2.69, 2.37, 1.17, -0.66637, -0.04374, -0.18227, -0.72167
1, 15, 86.049, 14.720, 19.024, -275.39, 103.52, 1112.55, 1.82, 1.10, 0.89, -0.64591, -0.00884, -0.20675, -0.73483
1, 16, 86.723, 11.277, 12.267, -271.48, 92.04, 1105.22, 1.68, -0.24, 1.01, -0.64062, 0.00714, -0.14421, -0.75416
1, 15, 88.613, 9.024, 9.103, -259.77, 68.60, 1115.72, 1.42, -0.27, 1.27, -0.62747, 0.01156, -0.11079, -0.77063
1, 15, 88.979, 10.300, 8.096, -239.50, 68.85, 1128.91, 3.50, -0.29, 0.72, -0.62491, 0.02609, -0.11081, -0.77236
1, 16, 88.740, 10.492, -1.163, -229.98, 96.68, 1129.64, 4.33, 1.97, 1.11, -0.62228, 0.07765, -0.04932, -0.77737
1, 14, 92.821, 9.131, -0.851, -243.41, 96.92, 1135.25, 5.20, 3.36, 1.37, -0.59509, 0.06825, -0.04162, -0.79967
1, 15, 99.481, 7.384, -2.649, -270.26, 114.75, 1131.10, 5.80, 3.43, 1.59, -0.54736, 0.06645, -0.01614, -0.83410
1, 16, 92.844, 13.474, -5.414, -293.21, 124.02, 1123.54, 4.15, 0.94, 1.65, -0.58808, 0.12200, -0.03238, -0.79889
1, 15, 99.902, 11.307, -8.111, -309.57, 104.49, 1062.26, 4.23, -2.82, 1.18, -0.53696, 0.12076, 0.00519, -0.83490
1, 15, 91.629, 9.547, -4.912, -272.95, 50.29, 1070.31, 1.82, -5.26, 2.18, -0.60029, 0.09202, -0.01639, -0.79430
1, 16, 82.598, 11.477, -4.783, -207.28, 84.23, 1161.13, -0.05, -3.01, 0.00, -0.65952, 0.10215, -0.03564, -0.74386
1, 14, 78.391, 14.349, -11.662, -195.80, 115.97, 1107.18, -1.63, -1.68, -0.27, -0.67533, 0.15942, -0.01354, -0.71996
1, 15, 82.723, 14.043, -1.861, -185.55, 70.56, 1124.51, -1.12, 3.61, 0.56, -0.65917, 0.10193, -0.06934, -0.74182
1, 16, 92.396, 15.561, 2.392, -208.25, 79.10, 1127.93, 0.16, 9.14, 0.03, -0.59705, 0.09582, -0.09781, -0.79043
1, 15, 96.093, 14.479, -4.927, -298.58, 61.52, 1117.92, 2.51, 7.54, 1.42, -0.56480, 0.12755, -0.03740, -0.81445
1, 16, 92.357, 12.183, 0.061, -280.27, 79.35, 1126.71, 4.67, 4.87, 0.66, -0.59737, 0.08452, -0.06417, -0.79491
1, 15, 94.991, 12.819, -5.710, -281.01, 102.78, 1127.69, 4.71, 3.81, 1.56, -0.57331, 0.11947, -0.02467, -0.81021
1, 15, 98.408, 12.648, -3.760, -296.39, 121.58, 1122.56, 3.40, 1.58, 1.65, -0.55099, 0.10957, -0.03434, -0.82657
1, 16, 100.989, 10.993, 5.599, -277.10, 123.54, 1117.43, 2.38, -2.12, 0.93, -0.53967, 0.05440, -0.09251, -0.83501
1, 15, 100.388, 12.638, 2.680, -228.03, 127.69, 1126.46, 0.05, -1.70, 1.01, -0.54198, 0.07975, -0.07929, -0.83284
1, 15, 94.402, 17.401, 2.223, -211.43, 110.35, 1130.13, -0.53, 0.59, -0.40, -0.58188, 0.11127, -0.10421, -0.79886
1, 16, 90.517, 20.681, 2.217, -237.55, 97.41, 1122.80, -0.52, 2.44, -0.51, -0.60615, 0.13005, -0.12513, -0.77461
1, 15, 99.301, 21.407, 5.271, -251.95, 79.83, 1124.02, -0.08, 3.31, -0.01, -0.54817, 0.12990, -0.13996, -0.81428
1, 14, 97.722, 19.475, 4.898, -256.35, 73.00, 1114.01, 1.56, 3.78, 0.08, -0.56001, 0.11600, -0.12989, -0.80998
1, 16, 94.071, 12.236, 8.820, -280.52, 88.13, 1124.76, 1.95, 4.24, 0.70, -0.59023, 0.04089, -0.12436, -0.79655
1, 15, 93.794, 13.843, -0.803, -282.23, 98.14, 1121.83, 2.81, 2.10, 1.03, -0.58565, 0.10135, -0.06556, -0.80153
1, 15, 87.129, 9.994, 3.780, -280.27, 116.21, 1120.36, 2.06, 0.95, 0.67, -0.63601, 0.04622, -0.08075, -0.76605
1, 16, 90.739, 8.236, 2.688, -279.79, 105.47, 1117.68, 1.28, -0.55, 1.17, -0.61153, 0.04247, -0.06243, -0.78761
1, 15, 85.339, 6.154, 3.533, -253.17, 94.73, 1130.62, 1.06, -1.56, 0.67, -0.64854, 0.02088, -0.05822, -0.75866
1, 16, 90.779, 10.265, 6.260, -229.98, 87.89, 1128.42, 1.61, -0.87, 0.60, -0.61217, 0.03740, -0.09766, -0.78378
1, 14, 88.903, 7.666, 12.103, -219.97, 93.02, 1131.10, 2.58, 0.35, 0.31, -0.62518, -0.01378, -0.12367, -0.77050
1, 15, 89.732, 6.236, 20.100, -240.23, 85.94, 1131.10, 2.85, 2.04, 0.63, -0.61593, -0.06577, -0.17001, -0.76642
1, 16, 94.436, 7.051, 17.369, -242.68, 99.61, 1123.78, 3.34, 3.34, 0.07, -0.58582, -0.03908, -0.15774, -0.79398
1, 15, 85.169, 6.859, 15.786, -276.61, 96.19, 1119.63, 3.37, 2.88, 0.47, -0.64859, -0.04401, -0.14270, -0.74634
1, 15, 80.833, 6.934, 13.794, -285.89, 99.85, 1126.71, 3.16, 2.19, 0.62, -0.67715, -0.03713, -0.12881, -0.72353
1, 16, 76.934, 6.752, 12.326, -295.65, 102.78, 1114.99, 3.20, 0.27, 0.74, -0.70179, -0.03363, -0.11740, -0.70184
1, 14, 75.977, 9.140, 10.816, -286.13, 101.07, 1118.41, 2.96, -1.74, 1.28, -0.70838, -0.01058, -0.12250, -0.69504
1, 15, 69.827, 12.509, 2.192, -256.35, 111.82, 1127.20, 2.52, -3.16, 1.28, -0.74214, 0.05845, -0.09386, -0.66106
1, 16, 72.907, 16.344, 4.983, -236.57, 118.41, 1129.15, 1.72, -2.53, 0.74, -0.72331, 0.06620, -0.13280, -0.67439
1, 15, 71.163, 17.344, 4.014, -234.62, 102.54, 1125.73, 1.57, -1.49, 1.14, -0.73219, 0.07623, -0.13451, -0.66332
1, 15, 78.302, 16.862, 4.560, -220.21, 104.74, 1130.13, 1.46, -0.47, -0.05, -0.69017, 0.07817, -0.13001, -0.70756
1, 16, 81.218, 15.251, 4.611, -215.82, 103.03, 1127.44, 1.18, 1.73, -0.16, -0.67289, 0.07084, -0.11896, -0.72667
1, 15, 82.500, 14.363, -0.783, -230.47, 100.34, 1121.83, 0.89, 3.78, -0.43, -0.66130, 0.09764, -0.07836, -0.73960
1, 16, 90.009, 16.125, 7.470, -260.25, 92.53, 1120.12, 0.85, 5.01, 0.43, -0.61677, 0.07035, -0.13710, -0.77192
1, 15, 86.415, 14.295, 10.292, -290.04, 85.21, 1116.94, 2.20, 4.09, 2.04, -0.64236, 0.03800, -0.14776, -0.75106
1, 15, 94.402, 15.685, 14.987, -300.78, 99.61, 1117.19, 2.82, 3.15, 3.95, -0.59033, 0.03383, -0.18398, -0.78519
1, 16, 92.146, 17.079, 13.124, -300.54, 107.67, 1122.80, 3.23, 0.13, 5.52, -0.60516, 0.04972, -0.17906, -0.77411
1, 15, 94.744, 14.600, 20.051, -297.61, 112.30, 1111.82, 2.61, -1.94, 8.03, -0.58832, 0.00074, -0.21325, -0.78001
1, 15, 93.200, 15.612, 13.078, -251.95, 121.34, 1129.64, 2.51, -3.67, 7.47, -0.59791, 0.04136, -0.17096, -0.78202
1, 16, 99.266, 14.928, 12.037, -232.67, 124.27, 1128.66, 1.44, -2.72, 5.79, -0.55513, 0.05044, -0.15797, -0.81506
1, 15, 97.994, 8.214, 16.790, -224.85, 127.44, 1128.66, 0.36, -1.66, 4.74, -0.56191, -0.02298, -0.16031, -0.81119
1, 15, 92.870, 2.403, 17.905, -208.25, 120.12, 1127.93, 0.00, 0.56, 0.78, -0.59235, -0.07629, -0.13717, -0.79025
1, 16, 99.047, 3.789, 13.779, -214.84, 111.57, 1126.71, -1.29, 3.53, -0.35, -0.55206, -0.03896, -0.11803, -0.82449
1, 15, 95.784, 6.763, 9.910, -250.98, 84.47, 1130.37, -1.06, 4.76, -0.37, -0.57755, -0.00170, -0.10433, -0.80966
1, 16, 99.381, 7.033, 17.293, -290.77, 72.02, 1116.21, 0.56, 3.83, 0.24, -0.55103, -0.03201, -0.15865, -0.81864
1, 14, 101.240, 11.016, 18.278, -297.12, 65.19, 1116.94, 2.24, 1.40, 0.88, -0.54060, -0.00495, -0.18426, -0.82084
1, 15, 96.855, 17.620, 10.245, -286.87, 83.50, 1124.76, 3.88, -1.09, 1.05, -0.57117, 0.07527, -0.15935, -0.80169
1, 16, 102.289, 15.296, 3.564, -255.13, 99.37, 1129.64, 4.36, -2.46, 1.28, -0.52781, 0.09655, -0.09655, -0.83832
1, 15, 102.234, 13.349, -0.404, -232.67, 114.50, 1122.80, 3.99, -1.95, 1.32, -0.52572, 0.10044, -0.05859, -0.84267
1, 15, 103.825, 14.176, -8.123, -223.14, 118.16, 1118.65, 2.80, 0.02, 1.24, -0.50512, 0.14169, -0.00361, -0.85133
1, 16, 104.454, 10.158, -2.731, -221.68, 125.73, 1123.54, 1.90, 1.97, 0.79, -0.50916, 0.08815, -0.02504, -0.85578
