87, 8, -70.987, 25.992, 109.772, -405.03, 777.47, -289.98, -24.89, 11.54, 0.81, -0.40407, -0.76175, 0.26789, 0.42976
87, 26, -70.124, 23.155, 110.126, -339.72, 830.87, -335.82, -17.75, 10.09, 5.34, -0.41696, -0.76227, 0.27771, 0.40984
87, 17, -69.824, 21.854, 109.948, -328.67, 827.70, -311.34, -15.35, 7.85, 8.40, -0.42462, -0.76095, 0.28158, 0.40171
87, 15, -70.012, 22.445, 108.453, -372.92, 819.70, -261.96, -16.30, 5.58, 7.43, -0.43140, -0.75557, 0.27456, 0.40942
87, 15, -69.911, 22.977, 107.551, -365.48, 796.45, -257.75, -23.69, 5.85, 3.63, -0.43549, -0.75301, 0.26794, 0.41416
87, 16, -69.324, 22.246, 107.948, -328.67, 783.94, -320.62, -31.44, 5.79, 7.84, -0.43800, -0.75506, 0.26923, 0.40688
87, 15, -69.085, 21.575, 108.309, -346.68, 819.15, -333.44, -25.98, -0.48, 16.18, -0.43920, -0.75624, 0.27234, 0.40129
87, 15, -69.148, 19.539, 108.077, -269.17, 787.66, -298.77, -29.90, -1.49, 35.48, -0.44874, -0.75270, 0.28222, 0.39042
87, 16, -69.153, 21.046, 108.455, -505.80, 1036.93, -379.64, -4.76, -9.51, 4.59, -0.44016, -0.75602, 0.27596, 0.39818
87, 15, -69.791, 18.148, 107.987, -166.14, 895.26, -291.26, -5.75, -17.39, 12.79, -0.45271, -0.74887, 0.29310, 0.38515
87, 16, -69.870, 16.011, 109.373, -175.42, 873.90, -386.66, 4.40, -19.45, 26.72, -0.45184, -0.75107, 0.30873, 0.36935
87, 16, -70.067, 15.339, 111.078, -258.36, 844.60, -379.15, 19.46, -23.09, 38.40, -0.44264, -0.75620, 0.31871, 0.36146
87, 15, -70.354, 14.157, 113.471, -249.27, 829.35, -426.70, 35.93, -20.72, 59.52, -0.43056, -0.76277, 0.33357, 0.34861
87, 15, -70.947, 16.942, 114.094, -601.87, 752.14, -293.21, 36.74, -11.27, 68.89, -0.41337, -0.76720, 0.32659, 0.36588
87, 17, -71.017, 18.846, 114.181, -549.01, 765.20, -295.17, 20.68, 10.37, 60.71, -0.40473, -0.76968, 0.31847, 0.37731
87, 15, -70.694, 19.750, 114.735, -500.55, 760.50, -320.62, 24.59, 27.76, 65.19, -0.39831, -0.77355, 0.31389, 0.38005
87, 16, -69.970, 20.037, 114.761, -504.70, 857.73, -344.79, 13.75, 46.80, 56.90, -0.39935, -0.77591, 0.30774, 0.37918
87, 15, -67.904, 20.194, 120.195, -462.16, 582.89, -544.98, 55.27, 56.98, 43.59, -0.36799, -0.79983, 0.31031, 0.35856
87, 16, -67.666, 19.160, 117.656, -484.07, 985.72, -64.03, 44.92, 96.80, 35.59, -0.39054, -0.79119, 0.30535, 0.35813
87, 16, -65.795, 18.933, 117.901, -530.33, 907.65, -351.14, 31.36, 115.33, 27.57, -0.39551, -0.79673, 0.29417, 0.34965
87, 15, -62.591, 23.051, 120.402, -659.48, 527.40, -265.50, 51.83, 122.26, -38.49, -0.37185, -0.81537, 0.26076, 0.35902
87, 15, -62.045, 21.269, 117.709, -194.89, 1092.83, -75.62, 38.71, 90.57, -80.09, -0.39939, -0.80671, 0.25666, 0.35190
87, 16, -61.696, 22.004, 114.618, -359.62, 1120.97, -42.54, 24.14, 72.39, -101.12, -0.41935, -0.79685, 0.24113, 0.36199
87, 15, -61.385, 29.797, 109.912, -820.07, 941.89, 167.97, -28.72, 48.94, -206.79, -0.42282, -0.78351, 0.18410, 0.41647
87, 16, -60.556, 28.884, 106.220, 147.52, 1210.82, -243.16, -100.96, 36.22, -250.00, -0.45444, -0.77034, 0.16990, 0.41376
87, 17, -61.924, 29.178, 98.563, 15.50, 1273.86, 69.95, -147.00, 24.58, -241.97, -0.49862, -0.73675, 0.14903, 0.43172
87, 15, -61.063, 27.212, 96.451, 296.88, 1382.69, -588.56, -164.92, 13.92, -204.28, -0.52289, -0.72688, 0.14698, 0.42028
87, 16, -63.873, 24.105, 87.898, 149.60, 1224.12, 44.31, -204.27, -26.45, -141.33, -0.57660, -0.67857, 0.15103, 0.42926
87, 15, -65.505, 19.862, 86.890, 259.22, 919.43, -316.22, -120.93, -63.59, -95.57, -0.59187, -0.66417, 0.18268, 0.41857
87, 15, -65.645, 19.629, 91.151, -217.22, 900.02, -899.48, -83.08, -66.38, -32.85, -0.56711, -0.68508, 0.20032, 0.41100
87, 16, -69.068, 19.195, 91.389, -270.63, 903.02, -103.45, 6.42, -97.91, -24.02, -0.55481, -0.67913, 0.22410, 0.42514
87, 15, -70.282, 20.925, 95.744, -552.31, 785.95, -652.71, -15.24, -92.55, 13.99, -0.51739, -0.70014, 0.23779, 0.43078
87, 15, -71.867, 23.031, 99.374, -565.43, 830.08, -366.21, 39.89, -89.39, 27.65, -0.48040, -0.71596, 0.24969, 0.44076
87, 17, -72.805, 26.640, 103.188, -713.32, 594.06, -388.12, 46.75, -74.55, 39.27, -0.43722, -0.73415, 0.25096, 0.45484
87, 15, -73.600, 31.618, 105.975, -999.45, 443.66, -296.39, 53.28, -45.65, 50.86, -0.39368, -0.74779, 0.24082, 0.47731
87, 17, -73.876, 35.477, 107.999, -933.96, 538.15, -268.13, 40.02, -12.30, 29.26, -0.36127, -0.75670, 0.23068, 0.49363
87, 15, -71.336, 30.459, 113.627, -339.60, 863.77, -677.06, 45.54, 44.42, 45.99, -0.35716, -0.77703, 0.26259, 0.44688
87, 15, -72.359, 27.809, 113.845, -647.09, 1310.55, -176.76, 108.76, 50.98, 48.75, -0.36362, -0.77361, 0.28340, 0.43473
87, 16, -72.435, 23.878, 115.745, -224.91, 1588.01, -338.01, 136.09, 33.71, -2.97, -0.36788, -0.77629, 0.30977, 0.40752
87, 15, -73.836, 20.637, 116.959, -28.69, 1471.98, -52.31, 190.68, -1.92, -4.56, -0.36897, -0.77302, 0.33848, 0.38952
87, 15, -77.230, 21.434, 113.637, -184.33, 1059.14, 513.43, 173.55, -47.89, -16.14, -0.37563, -0.75305, 0.34572, 0.41509
87, 17, -79.845, 20.148, 110.106, -32.59, 742.19, 147.34, 94.81, -59.52, -3.01, -0.39474, -0.73128, 0.35580, 0.42757
87, 15, -81.748, 22.182, 107.134, -273.74, 532.53, 66.53, 57.77, -55.61, 31.76, -0.39681, -0.71859, 0.34645, 0.45402
87, 15, -81.836, 28.176, 107.544, -632.26, 368.53, -94.36, 24.67, -44.32, 45.76, -0.36527, -0.72899, 0.31848, 0.48345
87, 16, -82.421, 35.502, 106.987, -766.36, 153.81, -77.03, -15.15, -53.24, 43.46, -0.32987, -0.73456, 0.28169, 0.52179
87, 15, -82.390, 41.733, 106.469, -1080.32, 169.56, -300.48, -72.70, -53.76, 39.36, -0.30127, -0.73854, 0.24564, 0.55087
87, 17, -80.722, 45.615, 107.472, -1247.99, 424.56, -561.71, -85.47, -29.37, 14.82, -0.28256, -0.74649, 0.21853, 0.56139
87, 15, -77.766, 48.051, 110.279, -1241.88, 592.83, -672.36, -66.51, -7.30, -21.99, -0.26586, -0.75896, 0.19957, 0.55989
87, 15, -72.731, 48.136, 116.019, -905.82, 591.55, -724.91, -36.72, 16.75, -37.00, -0.25101, -0.78051, 0.19282, 0.53909
87, 17, -68.438, 44.208, 121.808, -416.20, 459.90, -556.21, -7.77, 43.06, -4.38, -0.24938, -0.80326, 0.20898, 0.49890
87, 15, -66.062, 38.941, 125.758, -299.80, 485.60, -542.42, 2.30, 43.79, 17.20, -0.25521, -0.82030, 0.23316, 0.45565
87, 15, -65.810, 33.950, 126.976, -309.81, 598.02, -496.22, 9.85, 38.41, 30.36, -0.26916, -0.82635, 0.25812, 0.42199
87, 16, -66.855, 28.305, 126.421, -243.41, 817.26, -510.93, 24.00, 31.43, 50.54, -0.29354, -0.82367, 0.28799, 0.39047
87, 15, -68.113, 22.995, 125.278, -237.79, 993.04, -513.31, 35.50, 29.43, 71.40, -0.31993, -0.81618, 0.31572, 0.36307
87, 15, -69.088, 18.841, 124.221, -262.76, 1032.53, -452.76, 54.50, 28.76, 79.85, -0.34166, -0.80792, 0.33673, 0.34226
87, 16, -69.816, 17.508, 122.857, -365.23, 924.07, -293.52, 63.65, 23.62, 71.15, -0.35456, -0.80051, 0.34334, 0.33997
87, 15, -70.980, 13.953, 119.864, -117.49, 796.88, -136.66, 50.77, 21.50, 69.72, -0.38638, -0.78340, 0.35764, 0.33029
87, 17, -72.036, 13.924, 116.295, -395.32, 806.70, -84.59, 12.70, 14.26, 95.38, -0.40754, -0.76772, 0.35440, 0.34485
87, 15, -70.575, 15.156, 114.596, -348.88, 934.27, -377.75, -34.17, 23.74, 7.84, -0.41839, -0.76771, 0.33389, 0.35225
87, 15, -70.054, 9.101, 115.611, 237.00, 955.81, -519.29, 7.35, 5.34, 46.71, -0.43674, -0.76388, 0.36041, 0.30959
87, 16, -70.490, 7.816, 113.760, -247.56, 948.91, -161.50, 37.65, 9.63, 98.37, -0.45266, -0.75308, 0.36394, 0.30905
87, 15, -70.976, 5.982, 111.870, -141.24, 1002.08, -185.97, 24.93, -10.64, 89.40, -0.47049, -0.74040, 0.37020, 0.30562
87, 15, -71.803, 4.612, 110.213, -168.95, 1063.66, -166.56, 29.43, -30.56, 101.91, -0.48391, -0.72795, 0.37722, 0.30599
87, 16, -73.306, 5.657, 107.805, -308.11, 999.76, -24.17, 25.73, -65.07, 87.70, -0.49109, -0.71507, 0.37525, 0.32664
87, 15, -75.348, 8.613, 103.271, -479.00, 962.52, 138.00, -13.56, -77.38, 72.13, -0.50164, -0.69562, 0.36000, 0.36725
87, 16, -76.289, 14.182, 102.410, -666.08, 869.69, -223.82, -39.79, -81.90, 19.17, -0.48166, -0.70137, 0.33505, 0.40475
87, 16, -78.421, 17.940, 95.424, -414.67, 768.86, 266.72, -69.11, -65.33, -9.98, -0.50007, -0.67366, 0.30191, 0.45273
87, 15, -77.446, 22.947, 97.715, -665.89, 804.75, -611.08, -85.02, -61.81, -39.81, -0.46888, -0.69610, 0.27796, 0.46728
87, 16, -78.783, 29.894, 92.921, -773.62, 641.97, 14.10, -111.31, -46.55, -55.77, -0.46093, -0.68619, 0.22636, 0.51522
87, 15, -77.139, 34.124, 94.015, -677.92, 705.93, -485.23, -119.93, -34.13, -74.53, -0.44214, -0.70017, 0.19684, 0.52491
87, 15, -76.168, 38.119, 93.699, -723.27, 713.81, -251.83, -97.15, -7.08, -85.32, -0.42967, -0.70557, 0.16599, 0.53852
87, 16, -72.370, 40.789, 96.530, -648.50, 671.94, -478.88, -108.65, 25.92, -106.58, -0.41701, -0.72354, 0.13981, 0.53203
87, 15, -66.178, 43.098, 100.912, -657.29, 658.14, -524.29, -108.65, 62.14, -121.38, -0.40637, -0.74681, 0.10670, 0.51551
87, 17, -59.815, 44.894, 105.567, -731.32, 597.17, -466.19, -90.58, 100.45, -127.91, -0.39569, -0.76773, 0.07510, 0.49837
87, 16, -54.340, 41.549, 110.230, -459.11, 806.40, -561.71, -59.76, 111.81, -109.55, -0.40083, -0.78975, 0.07542, 0.45819
87, 15, -49.881, 39.838, 115.385, -521.79, 536.62, -544.25, -35.13, 101.04, -85.17, -0.38861, -0.81195, 0.07295, 0.42941
87, 15, -51.216, 32.523, 112.789, -146.97, 1224.61, -271.36, -17.25, 89.55, -45.30, -0.42846, -0.80701, 0.10965, 0.39132
87, 16, -48.924, 28.139, 117.898, -305.36, 714.97, -925.78, -11.92, 71.94, -14.40, -0.41417, -0.83011, 0.13120, 0.34953
87, 15, -53.256, 24.502, 113.972, -270.69, 1232.54, 265.75, 110.79, 53.86, -4.53, -0.44112, -0.81037, 0.16778, 0.34722
87, 17, -54.841, 20.310, 111.594, -105.53, 1107.18, -345.28, -19.64, 20.80, -23.75, -0.46709, -0.79718, 0.19256, 0.33053
87, 15, -56.884, 12.775, 119.309, 215.39, 982.18, -829.59, 165.28, 2.55, 56.41, -0.43176, -0.81837, 0.26263, 0.27366
87, 16, -61.171, 14.916, 113.680, -818.54, 1218.69, 1014.16, 99.66, -13.59, 40.72, -0.45302, -0.78867, 0.26843, 0.31738
87, 16, -63.741, 7.539, 118.156, 417.18, 1029.60, -781.98, 94.43, -43.79, 81.98, -0.44102, -0.79026, 0.33074, 0.26759
87, 15, -67.273, 8.743, 115.114, -553.28, 1015.75, 299.32, 113.39, -40.82, 114.73, -0.44877, -0.76990, 0.34205, 0.29809
87, 15, -70.079, 9.844, 112.207, -424.38, 1079.35, 73.61, 67.54, -56.47, 81.23, -0.45637, -0.75180, 0.34783, 0.32485
87, 16, -72.448, 10.380, 111.207, -350.22, 998.66, -116.09, 71.00, -65.32, 90.06, -0.45395, -0.74150, 0.35790, 0.34061
87, 15, -74.510, 10.644, 109.923, -362.24, 975.83, -27.40, 76.86, -57.07, 103.10, -0.45491, -0.73039, 0.36603, 0.35442
87, 15, -76.084, 11.983, 108.569, -430.79, 865.84, 5.13, 66.98, -51.16, 100.11, -0.45307, -0.72263, 0.36545, 0.37279
87, 16, -76.927, 15.210, 108.058, -615.48, 880.00, -92.04, 46.91, -45.80, 81.36, -0.44001, -0.72421, 0.35367, 0.39601
87, 16, -76.780, 18.302, 108.067, -734.92, 933.72, -159.67, 36.60, -15.56, 68.40, -0.42721, -0.73017, 0.33774, 0.41264
87, 16, -76.335, 22.145, 108.540, -788.27, 1033.63, -295.90, 21.47, -20.86, 17.10, -0.40893, -0.73916, 0.31764, 0.43071
87, 15, -75.438, 25.165, 109.328, -530.03, 1099.12, -316.96, 41.63, -18.59, -49.22, -0.39373, -0.74830, 0.29971, 0.44182
87, 15, -76.623, 28.258, 106.734, -414.86, 962.34, 34.12, 42.66, -27.99, -96.74, -0.39174, -0.74006, 0.28128, 0.46875
87, 16, -78.460, 33.311, 102.663, -514.95, 803.47, 112.85, 5.07, -32.12, -128.94, -0.38612, -0.72783, 0.24872, 0.50922
87, 15, -79.508, 36.574, 100.053, -399.05, 669.43, -75.68, -24.09, -28.15, -137.95, -0.38198, -0.72062, 0.22541, 0.53292
87, 15, -77.804, 39.146, 100.722, -405.76, 608.83, -171.57, -42.96, -12.51, -111.60, -0.37302, -0.72857, 0.20328, 0.53732
87, 18, -76.227, 41.103, 100.704, -527.77, 640.50, -170.23, -61.25, 7.48, -82.79, -0.37090, -0.73269, 0.18206, 0.54080
87, 15, -76.323, 43.530, 98.547, -624.08, 643.49, -112.43, -70.57, 16.52, -67.50, -0.37213, -0.72717, 0.15844, 0.55466
87, 16, -76.317, 43.641, 96.072, -568.85, 654.30, -97.78, -91.23, 14.16, -66.95, -0.38723, -0.71905, 0.14573, 0.55837
87, 15, -74.874, 44.228, 95.412, -575.81, 589.97, -176.15, -106.35, 9.40, -50.45, -0.39548, -0.71895, 0.12999, 0.55660
87, 15, -71.861, 43.668, 97.065, -544.98, 564.39, -341.06, -109.90, 7.97, -23.03, -0.40222, -0.72770, 0.12221, 0.54197
87, 16, -69.072, 43.407, 99.157, -701.72, 629.21, -435.85, -93.35, 9.41, -13.28, -0.40312, -0.73785, 0.11566, 0.52886
87, 15, -66.591, 43.864, 101.159, -905.70, 702.70, -475.16, -79.50, 20.26, -19.83, -0.39937, -0.74733, 0.10613, 0.52033
87, 15, -63.291, 42.912, 104.703, -739.38, 707.95, -525.15, -59.03, 35.30, -33.81, -0.39506, -0.76276, 0.10554, 0.50099
87, 17, -60.937, 41.318, 107.657, -579.47, 647.40, -447.08, -42.63, 38.46, -38.74, -0.39231, -0.77559, 0.11116, 0.48186
87, 15, -58.464, 37.295, 111.314, -325.50, 661.56, -537.17, -32.77, 39.73, -32.98, -0.39412, -0.79220, 0.13041, 0.44731
87, 15, -57.275, 31.578, 114.326, -167.60, 712.89, -554.38, -9.91, 36.49, -7.58, -0.40001, -0.80567, 0.16239, 0.40561
87, 16, -57.289, 26.503, 116.565, -213.99, 730.77, -523.19, 9.59, 33.26, 24.18, -0.40308, -0.81373, 0.19481, 0.37070
87, 15, -58.575, 22.225, 117.128, -262.70, 773.07, -420.47, 20.18, 26.43, 47.84, -0.41056, -0.81241, 0.22593, 0.34697
87, 16, -60.734, 19.507, 115.030, -313.96, 766.85, -287.60, 3.06, 19.11, 70.31, -0.42863, -0.79881, 0.24759, 0.34187
87, 15, -61.687, 22.599, 112.180, -919.74, 1083.86, -220.58, -23.65, 16.74, 10.22, -0.43400, -0.78816, 0.23037, 0.37064
87, 15, -63.662, 21.993, 109.621, -368.16, 872.44, -158.20, 15.39, 0.26, 12.15, -0.44728, -0.77382, 0.23848, 0.37982
87, 18, -64.550, 19.197, 108.653, -184.27, 1003.23, -281.37, 4.81, -6.29, 2.11, -0.46148, -0.76537, 0.25540, 0.36880
87, 15, -65.659, 15.517, 108.743, -100.22, 1065.98, -298.77, 35.35, -19.99, 32.80, -0.47111, -0.75868, 0.28143, 0.35107
87, 15, -66.932, 10.216, 109.749, 77.82, 1098.51, -324.34, 58.25, -31.05, 69.80, -0.48001, -0.75155, 0.31851, 0.32143
87, 16, -68.604, 6.242, 111.310, -53.89, 1067.20, -318.60, 87.30, -55.00, 108.96, -0.47945, -0.74606, 0.35215, 0.29917
87, 15, -70.867, 5.179, 112.216, -215.76, 998.72, -185.73, 108.50, -73.15, 132.80, -0.47148, -0.74055, 0.37397, 0.29904
87, 15, -73.103, 7.376, 113.789, -525.33, 882.39, -170.96, 113.51, -80.95, 137.99, -0.44702, -0.74385, 0.38302, 0.31647
87, 16, -75.233, 10.822, 113.117, -554.50, 799.01, 9.22, 95.24, -82.69, 104.78, -0.43147, -0.74073, 0.37965, 0.34788
87, 15, -77.027, 17.042, 111.377, -809.75, 636.78, 133.48, 65.16, -74.24, 79.90, -0.41059, -0.73943, 0.35707, 0.39644
87, 17, -77.236, 23.977, 111.196, -1058.59, 617.31, -77.70, 32.93, -46.01, 37.35, -0.38003, -0.74825, 0.32450, 0.43635
87, 15, -76.526, 30.183, 111.415, -963.07, 565.98, -163.64, 13.31, -12.84, 11.41, -0.35255, -0.75747, 0.28990, 0.46679
87, 15, -74.918, 32.864, 112.864, -688.35, 666.81, -298.58, 12.86, 20.47, 11.28, -0.33684, -0.76772, 0.27165, 0.47261
87, 16, -75.402, 32.668, 110.470, -657.29, 827.09, -36.07, 17.40, 49.91, 45.96, -0.35171, -0.75926, 0.26594, 0.47865
87, 15, -76.273, 36.255, 104.951, -1014.04, 783.57, 241.70, -57.13, 43.26, -2.92, -0.36699, -0.74274, 0.22882, 0.51117
87, 15, -76.440, 39.293, 99.223, -686.04, 755.92, 52.43, -114.82, 39.19, -74.46, -0.38821, -0.72604, 0.18677, 0.53598
87, 16, -77.403, 41.881, 92.742, -662.11, 829.83, 102.29, -132.03, 31.51, -115.30, -0.41135, -0.70448, 0.14666, 0.55945
87, 15, -82.112, 47.593, 80.278, -903.93, 771.06, 460.75, -191.77, 19.60, -186.68, -0.43279, -0.66129, 0.07591, 0.60797
87, 17, -79.621, 45.689, 78.296, -91.67, 855.53, -183.11, -222.65, 8.19, -198.95, -0.46683, -0.65202, 0.06335, 0.59408
87, 16, -74.172, 42.821, 82.221, 45.53, 1178.83, -695.19, -156.75, 14.36, -135.00, -0.48564, -0.66742, 0.07004, 0.56017
87, 15, -70.712, 39.236, 85.343, -216.74, 1047.18, -367.80, -86.98, 16.06, -75.78, -0.50046, -0.67894, 0.08718, 0.53007
87, 16, -67.322, 34.863, 89.769, -78.98, 1042.05, -533.45, -58.36, 8.90, -50.48, -0.50840, -0.69673, 0.11363, 0.49313
87, 15, -65.157, 30.632, 94.012, -126.04, 997.68, -471.13, -16.53, 4.40, -27.24, -0.50903, -0.71383, 0.14335, 0.45912
87, 15, -65.490, 27.789, 94.993, -218.99, 989.01, -223.82, -9.02, -20.43, -37.25, -0.51309, -0.71481, 0.16597, 0.44524
87, 16, -64.681, 22.164, 100.107, 201.54, 1285.40, -829.35, 23.01, -27.51, 4.70, -0.50569, -0.73241, 0.21174, 0.40374
87, 15, -65.994, 14.633, 105.318, 99.30, 1266.85, -368.65, 144.42, -36.64, 96.05, -0.49575, -0.74215, 0.27752, 0.35557
87, 16, -68.982, 12.174, 107.296, -316.83, 1057.07, 6.71, 183.72, -66.93, 146.44, -0.48282, -0.73889, 0.31521, 0.34868
87, 16, -71.841, 13.680, 109.505, -598.88, 894.35, 58.47, 190.46, -81.49, 138.67, -0.45388, -0.74239, 0.33326, 0.36302
87, 15, -74.946, 17.899, 110.094, -830.93, 741.70, 267.76, 177.70, -89.87, 111.38, -0.42240, -0.74242, 0.33508, 0.39763
87, 15, -76.989, 22.472, 110.404, -799.68, 620.73, 160.77, 140.14, -56.44, 94.94, -0.39295, -0.74431, 0.32725, 0.42954
87, 16, -78.064, 27.582, 110.014, -967.22, 568.24, 129.03, 86.96, -24.01, 78.33, -0.36777, -0.74645, 0.30740, 0.46160
87, 15, -78.118, 32.519, 109.787, -1045.23, 585.88, -37.96, 37.09, -3.63, 52.22, -0.34547, -0.75057, 0.28171, 0.48778
87, 16, -77.578, 36.639, 109.713, -902.77, 592.47, -139.53, 10.48, 9.98, 21.33, -0.32820, -0.75469, 0.25646, 0.50690
87, 16, -77.290, 35.123, 108.529, -555.30, 826.66, -179.44, 10.22, 30.10, 28.85, -0.34466, -0.75083, 0.25731, 0.50125
87, 16, -78.287, 34.567, 105.373, -627.75, 831.48, 106.08, 19.95, 41.95, 50.57, -0.36348, -0.73839, 0.25284, 0.50866
87, 16, -78.774, 37.026, 100.664, -759.16, 801.88, 107.73, -59.88, 27.11, -10.99, -0.37931, -0.72456, 0.22108, 0.53128
87, 15, -80.230, 39.896, 94.083, -699.71, 849.67, 140.87, -109.26, 5.16, -73.16, -0.39915, -0.70290, 0.18233, 0.55979
87, 15, -82.574, 43.059, 86.509, -715.82, 872.92, 151.49, -143.70, -11.12, -118.12, -0.41708, -0.67699, 0.13944, 0.59016
87, 16, -88.119, 47.604, 74.736, -857.24, 768.49, 353.58, -193.96, -32.95, -160.77, -0.43156, -0.63630, 0.07980, 0.63444
87, 15, -86.028, 46.305, 73.036, -220.21, 961.06, -214.66, -218.89, -24.73, -165.86, -0.45905, -0.62825, 0.06722, 0.62454
87, 15, -83.768, 43.905, 72.804, -242.61, 959.47, -179.20, -171.96, -25.79, -111.25, -0.48443, -0.62348, 0.06906, 0.60978
87, 16, -81.759, 42.744, 73.136, -376.65, 953.43, -230.59, -154.48, -44.99, -93.03, -0.49886, -0.62365, 0.06737, 0.59805
87, 17, -77.622, 40.400, 77.721, -268.62, 1024.60, -371.34, -83.28, -11.49, -56.03, -0.50582, -0.64197, 0.08302, 0.57020
87, 16, -73.363, 38.465, 83.098, -363.65, 1013.37, -434.75, -53.22, -0.31, -34.68, -0.50477, -0.66598, 0.09709, 0.54060
87, 15, -69.564, 35.762, 88.678, -371.52, 962.34, -272.71, 12.20, 32.89, -10.88, -0.50130, -0.69063, 0.11695, 0.50799
87, 15, -66.480, 31.053, 93.943, -198.30, 1134.46, -322.08, 39.30, 39.07, 2.51, -0.50238, -0.71226, 0.14882, 0.46708
87, 16, -63.037, 25.271, 102.680, -176.76, 1326.23, -612.00, 139.64, 63.51, 50.17, -0.48300, -0.74962, 0.19318, 0.40922
87, 15, -63.410, 21.720, 106.291, -418.95, 1362.43, 66.59, 220.40, 52.05, 64.09, -0.47145, -0.76074, 0.22710, 0.38397
87, 15, -65.162, 19.325, 108.519, -380.37, 1183.47, 144.71, 218.55, 15.07, 67.58, -0.45991, -0.76361, 0.25840, 0.37232
87, 17, -67.193, 18.506, 109.298, -414.55, 986.76, 172.67, 192.71, -5.87, 78.03, -0.45126, -0.76099, 0.27855, 0.37372
87, 15, -67.583, 18.132, 110.734, -418.46, 773.07, 28.32, 162.77, 29.56, 93.11, -0.44189, -0.76517, 0.28765, 0.36947
87, 15, -68.228, 18.690, 111.651, -452.94, 677.25, 5.55, 138.97, 18.82, 99.48, -0.43147, -0.76770, 0.29221, 0.37294
87, 16, -69.026, 21.326, 112.357, -604.25, 586.12, -25.57, 106.48, 2.74, 94.54, -0.41344, -0.77117, 0.28715, 0.38974
87, 15, -70.181, 24.943, 112.271, -633.79, 508.54, -27.47, 77.16, -11.15, 78.21, -0.39484, -0.77144, 0.27695, 0.41508
87, 16, -70.852, 28.773, 113.627, -676.82, 464.72, -207.40, 49.77, -26.74, 69.00, -0.36653, -0.77718, 0.26764, 0.43590
87, 15, -70.332, 33.290, 115.911, -1006.04, 432.07, -336.36, 32.62, -5.73, 54.90, -0.33275, -0.78725, 0.25074, 0.45458
87, 15, -68.067, 36.671, 120.034, -984.31, 491.09, -537.66, 22.32, 19.01, 22.07, -0.29790, -0.80341, 0.23506, 0.45884
87, 18, -66.188, 37.896, 123.530, -824.46, 608.95, -552.92, 25.42, 29.25, 4.49, -0.27522, -0.81551, 0.22998, 0.45421
87, 15, -65.019, 37.500, 126.205, -696.59, 616.70, -507.20, 26.70, 42.22, 15.59, -0.26239, -0.82438, 0.23389, 0.44367
87, 15, -65.895, 35.856, 125.584, -543.15, 593.63, -384.46, 19.47, 46.04, 25.20, -0.27062, -0.82203, 0.24512, 0.43698
87, 16, -66.548, 32.218, 123.926, -360.66, 661.80, -319.95, 8.45, 49.77, 28.11, -0.29579, -0.81766, 0.25986, 0.42002
87, 15, -66.707, 30.113, 122.445, -402.40, 680.79, -326.17, 7.29, 43.82, 18.68, -0.31478, -0.81349, 0.26509, 0.41094
87, 16, -67.691, 27.788, 118.987, -244.20, 680.48, -167.79, -2.53, 25.98, 5.01, -0.34554, -0.80080, 0.27033, 0.40772
87, 15, -69.472, 24.208, 113.455, -109.44, 738.28, -69.46, -38.15, 1.72, 22.24, -0.39249, -0.77661, 0.27999, 0.40551
87, 15, -70.360, 20.259, 109.101, -261.35, 1134.52, -291.08, -71.14, -1.83, 58.23, -0.43492, -0.75454, 0.29011, 0.39667
87, 17, -68.780, 18.427, 107.777, -351.14, 1087.83, -309.81, -23.81, 33.97, 33.12, -0.45636, -0.75097, 0.28439, 0.38328
87, 15, -68.877, 16.896, 105.124, -160.16, 944.58, -56.82, 0.26, 3.40, 5.98, -0.47924, -0.73771, 0.28393, 0.38144
87, 15, -69.744, 16.085, 101.035, -219.12, 1094.60, 67.63, -24.22, -20.49, 15.75, -0.50539, -0.71667, 0.27988, 0.39067
87, 16, -71.069, 15.500, 95.422, -187.07, 1114.81, 126.83, -79.27, -48.59, 7.59, -0.53737, -0.68684, 0.27163, 0.40707
87, 15, -71.006, 15.503, 95.841, -170.35, 946.96, -352.42, -92.95, -68.77, -4.10, -0.53507, -0.68895, 0.27272, 0.40579
87, 15, -71.972, 15.365, 95.386, -189.58, 934.33, -291.50, -96.44, -98.08, 12.31, -0.53488, -0.68423, 0.27765, 0.41067
87, 16, -73.772, 17.726, 95.846, -383.06, 934.88, -260.25, -44.40, -125.31, 6.30, -0.51634, -0.68682, 0.27711, 0.42997
87, 15, -74.645, 21.597, 97.564, -588.20, 763.37, -387.76, -53.66, -110.49, 32.08, -0.48678, -0.69966, 0.26770, 0.44928
87, 17, -76.296, 26.333, 98.636, -727.54, 786.50, -298.34, -10.47, -118.00, 9.05, -0.45304, -0.70831, 0.25610, 0.47694
87, 15, -76.831, 29.926, 99.662, -592.71, 606.26, -251.65, -21.72, -76.73, 19.83, -0.42812, -0.71640, 0.24391, 0.49395
87, 15, -76.444, 34.529, 101.552, -945.62, 654.97, -356.69, -8.26, -47.89, 8.35, -0.39634, -0.72952, 0.22425, 0.51032
87, 16, -73.282, 35.958, 105.636, -708.07, 630.43, -379.46, 2.38, 34.78, 15.56, -0.37712, -0.75053, 0.21397, 0.49870
87, 15, -72.231, 39.179, 105.558, -1037.41, 695.19, -136.54, -10.25, 48.71, -0.09, -0.36707, -0.75377, 0.18917, 0.51118
87, 16, -67.597, 39.853, 110.627, -648.25, 724.24, -510.25, -9.93, 58.50, -79.67, -0.35035, -0.77716, 0.17676, 0.49197
87, 16, -64.038, 37.744, 114.954, -491.70, 845.95, -443.97, 33.69, 82.07, -83.13, -0.34485, -0.79622, 0.18124, 0.46289
87, 15, -60.917, 34.818, 118.756, -469.97, 831.05, -386.11, 60.39, 105.68, -67.20, -0.34262, -0.81360, 0.18850, 0.43027
87, 16, -58.741, 31.694, 121.475, -425.17, 819.03, -369.87, 74.67, 114.30, -54.28, -0.34349, -0.82653, 0.19741, 0.39986
87, 16, -57.368, 27.400, 122.317, -274.11, 812.26, -260.99, 77.42, 128.55, -33.57, -0.35820, -0.83266, 0.20973, 0.36657
87, 15, -56.804, 21.861, 122.035, -76.84, 849.12, -216.74, 79.65, 108.79, -17.71, -0.38185, -0.83280, 0.22933, 0.32870
87, 16, -59.749, 17.745, 116.251, 97.05, 860.35, 256.53, 61.87, 18.07, -2.86, -0.42923, -0.80428, 0.25251, 0.32424
87, 15, -62.222, 13.190, 109.796, 49.50, 873.78, 151.86, -10.37, -3.81, 53.70, -0.48246, -0.76831, 0.27306, 0.31996
87, 15, -63.163, 12.082, 105.724, -241.03, 943.24, -36.50, -29.75, -7.07, 63.80, -0.51050, -0.74687, 0.27330, 0.32694
87, 16, -62.192, 15.602, 105.857, -568.36, 1051.39, -279.66, -3.27, 7.48, -3.94, -0.50038, -0.75459, 0.24936, 0.34357
87, 15, -61.532, 18.667, 106.185, -471.98, 792.54, -229.98, 2.11, 15.46, 3.16, -0.48944, -0.76096, 0.23017, 0.35834
87, 16, -61.821, 21.445, 104.507, -643.80, 817.50, -31.19, 13.02, 25.12, 22.74, -0.48958, -0.75604, 0.21209, 0.37913
87, 16, -63.273, 28.475, 98.326, -1157.90, 750.67, 382.08, -66.74, 9.82, -56.26, -0.49781, -0.73334, 0.16079, 0.43422
87, 15, -61.757, 33.638, 95.089, -606.08, 781.98, -169.92, -158.39, 37.61, -130.02, -0.50362, -0.72467, 0.10855, 0.45765
87, 15, -62.534, 40.126, 89.201, -826.78, 713.87, -53.04, -176.49, 12.68, -145.95, -0.50985, -0.70158, 0.04961, 0.49536
87, 16, -62.529, 44.794, 84.644, -735.23, 749.45, -232.18, -222.68, -12.91, -185.39, -0.51688, -0.68329, 0.00019, 0.51571
87, 15, -58.293, 43.248, 86.649, -40.22, 932.13, -817.81, -202.58, -16.32, -164.58, -0.53022, -0.69186, -0.00665, 0.49006
87, 16, -56.880, 39.284, 87.031, -263.49, 1054.14, -339.60, -107.35, 3.54, -85.68, -0.55031, -0.69270, 0.01135, 0.46604
87, 15, -54.592, 33.298, 87.465, 0.06, 1056.21, -284.30, -105.96, 31.94, -62.77, -0.57986, -0.69294, 0.03677, 0.42691
87, 16, -54.041, 28.739, 87.943, -42.36, 1191.59, -317.44, -74.10, -4.97, -51.46, -0.59535, -0.69297, 0.06366, 0.40162
87, 17, -54.856, 26.968, 86.719, -353.09, 955.93, -8.85, -37.48, -1.23, -32.36, -0.60598, -0.68470, 0.07535, 0.39785
87, 14, -54.197, 25.076, 88.562, -265.63, 1049.87, -201.66, -19.77, 5.46, -33.84, -0.60354, -0.69328, 0.08945, 0.38354
87, 16, -57.173, 26.750, 84.619, -525.15, 863.16, 269.59, -0.53, -25.66, -36.50, -0.61100, -0.67174, 0.08303, 0.41055
87, 16, -59.326, 27.662, 82.616, -505.55, 931.46, 78.43, -37.29, -45.88, -29.07, -0.61153, -0.66052, 0.08242, 0.42773
87, 15, -62.302, 27.578, 80.001, -517.58, 960.39, 141.60, -29.46, -72.72, -8.44, -0.61538, -0.64417, 0.08994, 0.44526
87, 15, -65.115, 28.458, 77.425, -531.37, 858.58, 166.02, -40.36, -87.70, 2.59, -0.61522, -0.62949, 0.08961, 0.46606
87, 16, -67.622, 29.389, 73.573, -512.21, 718.81, 243.29, -58.27, -80.01, 25.67, -0.62204, -0.60847, 0.08102, 0.48608
87, 16, -69.437, 30.696, 72.765, -716.13, 968.02, 201.54, -37.64, -97.36, 3.50, -0.61337, -0.60535, 0.07848, 0.50116
87, 16, -73.378, 27.884, 67.238, -271.06, 736.82, 493.16, -52.79, -102.97, 7.28, -0.63513, -0.56603, 0.09284, 0.51730
87, 15, -72.463, 31.100, 70.582, -895.81, 850.89, -255.74, -65.09, -102.53, 16.88, -0.60967, -0.59242, 0.08189, 0.52022
87, 15, -74.357, 32.131, 69.209, -548.58, 761.47, 292.30, -22.10, -85.91, 1.12, -0.60381, -0.58613, 0.07846, 0.53452
87, 16, -72.691, 36.097, 72.996, -922.91, 613.28, -314.58, -45.95, -75.29, 21.40, -0.57500, -0.61491, 0.06112, 0.53621
87, 15, -72.555, 38.750, 75.080, -897.03, 749.76, -63.23, -7.12, -58.74, -1.11, -0.55267, -0.62994, 0.05276, 0.54309
87, 15, -71.209, 40.327, 78.157, -781.31, 702.58, -84.17, 4.04, -23.03, 5.36, -0.53479, -0.64755, 0.04951, 0.54058
87, 16, -70.533, 40.899, 79.612, -723.21, 750.06, 88.81, 9.97, -4.77, 9.81, -0.52711, -0.65534, 0.04882, 0.53880
87, 16, -67.239, 38.493, 84.631, -589.29, 904.60, -142.46, 23.16, 18.93, 40.39, -0.52380, -0.67731, 0.06806, 0.51211
87, 15, -60.445, 36.816, 95.994, -755.55, 935.42, -544.98, 119.03, 94.17, 49.47, -0.49014, -0.73113, 0.08511, 0.46686
87, 16, -58.528, 35.980, 100.290, -778.38, 917.18, 126.16, 176.09, 133.68, 19.20, -0.47346, -0.75053, 0.09477, 0.45118
87, 15, -56.417, 33.351, 104.717, -508.79, 826.48, -13.67, 167.42, 137.95, 5.67, -0.46247, -0.77037, 0.11238, 0.42429
87, 16, -55.566, 30.019, 107.519, -422.73, 849.06, 38.09, 171.58, 127.47, 22.35, -0.45904, -0.78243, 0.13465, 0.39870
87, 15, -55.001, 27.214, 110.239, -490.97, 905.09, -62.26, 162.94, 111.38, 40.47, -0.45237, -0.79368, 0.15460, 0.37622
87, 15, -56.420, 26.772, 111.364, -566.77, 777.22, 27.65, 157.14, 77.90, 33.24, -0.44148, -0.79598, 0.17040, 0.37746
87, 17, -58.040, 27.522, 110.795, -545.47, 634.40, 65.55, 115.27, 63.94, 31.04, -0.43726, -0.79151, 0.17590, 0.38908
87, 15, -60.201, 27.620, 109.071, -439.51, 608.40, 41.63, 83.02, 39.50, 30.91, -0.44127, -0.78153, 0.18429, 0.40066
87, 15, -63.269, 27.732, 105.411, -512.82, 756.35, 132.63, 48.16, 8.63, 34.61, -0.45451, -0.76225, 0.19128, 0.41929
87, 16, -64.707, 26.846, 103.603, -518.98, 914.49, -79.22, 23.60, 11.44, 38.69, -0.46470, -0.75190, 0.19891, 0.42323
87, 15, -65.627, 25.717, 102.317, -482.91, 936.58, -104.25, 22.74, 10.86, 40.73, -0.47422, -0.74400, 0.20630, 0.42312
87, 15, -66.304, 26.034, 101.453, -520.57, 874.94, -107.48, 19.27, 3.36, 38.96, -0.47602, -0.73951, 0.20574, 0.42918
87, 16, -67.134, 27.573, 99.948, -545.59, 716.25, -23.07, 10.10, 1.69, 33.42, -0.47627, -0.73337, 0.19681, 0.44340
87, 15, -68.080, 27.331, 97.985, -922.36, 1664.31, -189.88, -11.86, -0.89, 25.57, -0.48605, -0.72324, 0.19654, 0.44950
87, 17, -67.358, 27.024, 98.814, -461.55, 877.44, -163.15, -5.33, 10.46, 10.46, -0.48488, -0.72765, 0.19693, 0.44344
87, 15, -66.686, 27.207, 99.944, -466.92, 828.37, -170.90, 4.83, 12.37, 11.02, -0.47952, -0.73375, 0.19597, 0.43963
87, 15, -66.549, 26.687, 100.905, -433.53, 860.72, -176.15, 15.11, 2.25, 2.39, -0.47598, -0.73746, 0.20165, 0.43466
87, 16, -68.261, 26.061, 98.018, -392.46, 927.86, 44.19, 5.29, -12.43, -0.18, -0.49036, -0.72155, 0.20498, 0.44374
87, 15, -69.328, 25.676, 95.321, -424.44, 957.34, -23.50, -26.79, -18.14, 2.82, -0.50458, -0.70743, 0.20329, 0.45124
87, 15, -69.641, 24.971, 93.964, -422.00, 976.20, -89.90, -45.33, -32.22, 6.40, -0.51455, -0.69982, 0.20393, 0.45156
87, 16, -72.285, 22.845, 87.239, -214.84, 1042.91, 409.61, -64.66, -41.15, 11.45, -0.55243, -0.66006, 0.20523, 0.46586
87, 15, -71.131, 23.065, 88.471, -460.14, 1007.69, -393.92, -111.15, -52.41, 28.79, -0.54907, -0.66846, 0.20219, 0.45913
87, 16, -73.945, 20.710, 84.616, -160.71, 1034.73, 196.84, -47.97, -96.63, 2.07, -0.56893, -0.63964, 0.21676, 0.46925
87, 16, -72.913, 23.454, 88.203, -677.92, 803.34, -613.46, -85.67, -83.02, 33.08, -0.54185, -0.66473, 0.20916, 0.46988
87, 15, -74.681, 25.945, 88.578, -540.95, 901.73, -75.87, -10.43, -102.01, -5.75, -0.52199, -0.66807, 0.20621, 0.48856
87, 16, -73.926, 30.339, 91.939, -745.12, 572.69, -409.85, -32.78, -69.69, 8.93, -0.48633, -0.69168, 0.19021, 0.49888
87, 15, -72.974, 34.642, 95.471, -902.89, 718.63, -394.23, 7.49, -39.60, -22.86, -0.44955, -0.71323, 0.17469, 0.50861
87, 15, -72.174, 37.548, 97.955, -721.86, 648.25, -253.54, 6.32, -15.54, -25.46, -0.42412, -0.72663, 0.16392, 0.51503
87, 16, -71.730, 37.985, 99.741, -633.24, 730.41, -212.22, 7.68, -1.00, -14.54, -0.41269, -0.73411, 0.16660, 0.51284
87, 15, -73.204, 36.044, 97.498, -540.77, 853.09, -56.27, -9.19, -3.34, 6.60, -0.42938, -0.72208, 0.17705, 0.51272
87, 16, -74.400, 34.482, 95.132, -535.95, 866.46, -15.20, -15.65, -5.70, 18.84, -0.44602, -0.70950, 0.18297, 0.51400
87, 16, -74.768, 32.744, 93.439, -500.67, 876.34, -6.10, -15.25, 0.58, 24.04, -0.46275, -0.69997, 0.18781, 0.51053
87, 15, -74.363, 31.246, 92.509, -482.06, 882.81, -7.69, -11.77, 4.35, 21.57, -0.47695, -0.69470, 0.19001, 0.50379
87, 15, -73.414, 30.287, 92.223, -473.39, 891.30, -11.11, -8.64, 5.67, 13.89, -0.48707, -0.69365, 0.18865, 0.49601
87, 16, -72.251, 30.043, 92.154, -474.73, 889.04, -11.78, -7.61, 7.79, 4.10, -0.49355, -0.69489, 0.18275, 0.49004
87, 15, -71.231, 30.106, 91.846, -475.65, 882.69, -5.00, -6.58, 9.17, -3.59, -0.49950, -0.69523, 0.17488, 0.48639
88, 7, -71.306, 28.073, 109.114, -410.46, 788.51, -286.32, -6.15, 8.97, 3.62, -0.39816, -0.76057, 0.25689, 0.44385
88, 27, -71.338, 25.945, 108.281, -415.47, 819.70, -268.07, -5.32, 6.90, 10.18, -0.41282, -0.75558, 0.26483, 0.43422
88, 15, -70.840, 25.324, 108.615, -405.88, 822.94, -284.18, -4.70, 7.31, 8.64, -0.41517, -0.75731, 0.26598, 0.42822
88, 16, -70.276, 25.204, 109.018, -426.94, 847.41, -296.63, -2.69, 10.41, 5.48, -0.41511, -0.75996, 0.26436, 0.42457
88, 15, -69.781, 25.005, 109.560, -427.37, 864.75, -312.19, 1.28, 9.49, 0.18, -0.41418, -0.76287, 0.26407, 0.42042
88, 15, -69.462, 24.785, 109.924, -410.58, 846.68, -304.81, 4.78, 8.20, -4.33, -0.41384, -0.76472, 0.26439, 0.41718
88, 16, -69.577, 24.996, 109.371, -397.40, 808.23, -275.70, 4.36, 6.92, -7.20, -0.41622, -0.76264, 0.26207, 0.42006
88, 15, -69.399, 25.620, 109.581, -402.95, 777.59, -277.47, 0.24, 6.75, -8.39, -0.41284, -0.76438, 0.25849, 0.42245
88, 17, -69.617, 25.127, 108.860, -374.94, 774.41, -258.79, -4.91, 6.71, -8.12, -0.41892, -0.76082, 0.25979, 0.42211
88, 15, -69.977, 24.532, 107.028, -349.85, 771.24, -200.68, -14.65, 10.28, -0.65, -0.43219, -0.75260, 0.25846, 0.42427
88, 15, -70.286, 23.958, 104.613, -342.77, 777.65, -162.29, -30.56, 10.87, 5.58, -0.44920, -0.74196, 0.25450, 0.42772
88, 16, -69.598, 22.067, 103.783, -291.38, 769.10, -217.04, -48.91, 15.45, 21.26, -0.46488, -0.73780, 0.25698, 0.41652
88, 15, -68.174, 21.652, 106.106, -454.59, 878.97, -524.54, -35.15, 10.38, 33.21, -0.45657, -0.74983, 0.25823, 0.40327
88, 15, -67.739, 21.537, 106.923, -450.74, 923.46, -373.41, -21.53, 5.42, 27.86, -0.45319, -0.75392, 0.25883, 0.39905
88, 16, -68.289, 19.512, 106.526, -272.46, 929.50, -290.04, -10.82, -6.87, 6.06, -0.46193, -0.74858, 0.27145, 0.39059
88, 16, -68.751, 16.304, 106.808, -139.53, 936.34, -327.70, -6.16, -14.59, 28.24, -0.47106, -0.74411, 0.29167, 0.37328
88, 15, -69.093, 14.898, 108.665, -247.19, 874.21, -370.06, 18.36, -19.74, 48.48, -0.46328, -0.74866, 0.30683, 0.36157
88, 16, -69.535, 13.760, 111.517, -245.61, 830.44, -421.63, 41.18, -24.48, 57.93, -0.44756, -0.75705, 0.32404, 0.34866
88, 15, -70.576, 16.759, 111.574, -628.36, 779.72, -177.31, 52.12, -16.64, 66.91, -0.43208, -0.75870, 0.31688, 0.37049
88, 16, -70.539, 19.194, 112.083, -580.14, 767.21, -269.78, 28.79, 9.35, 49.90, -0.41892, -0.76386, 0.30666, 0.38338
88, 16, -69.284, 17.274, 116.016, -299.87, 740.72, -550.11, 33.33, 28.72, 59.25, -0.40430, -0.77915, 0.31990, 0.35654
88, 15, -69.748, 18.829, 114.282, -630.25, 789.61, -76.35, 39.00, 42.16, 72.66, -0.40827, -0.77350, 0.31034, 0.37243
88, 16, -68.690, 19.615, 115.456, -542.66, 759.52, -346.74, 26.18, 63.83, 59.12, -0.40054, -0.78132, 0.30329, 0.37031
88, 16, -67.406, 19.409, 114.650, -527.16, 818.30, -202.45, 23.03, 103.98, 52.64, -0.41100, -0.78160, 0.29290, 0.36661
88, 15, -65.343, 16.814, 113.205, -354.00, 977.72, -156.19, 25.75, 138.04, 35.65, -0.43730, -0.77874, 0.28661, 0.34667
88, 16, -61.498, 19.631, 117.085, -686.22, 605.04, -437.38, 37.02, 138.21, -2.75, -0.41152, -0.80474, 0.25849, 0.34092
88, 15, -59.936, 19.124, 115.111, -281.74, 894.29, -98.57, 32.93, 118.16, -70.03, -0.43180, -0.80056, 0.24408, 0.33626
88, 15, -58.717, 17.279, 112.898, -203.55, 1210.51, -123.23, 25.71, 109.31, -66.60, -0.45714, -0.79316, 0.23803, 0.32443
88, 16, -58.157, 24.592, 110.019, -870.30, 826.17, 101.20, 11.13, 67.47, -136.99, -0.45297, -0.78733, 0.18908, 0.37306
88, 15, -58.835, 28.577, 105.141, -297.73, 1018.07, -48.71, -62.32, 17.51, -250.00, -0.46903, -0.76832, 0.15614, 0.40660
88, 16, -61.122, 29.923, 99.108, -115.54, 1133.91, -0.49, -86.13, 3.51, -245.80, -0.49520, -0.74063, 0.14166, 0.43148
88, 16, -65.911, 32.776, 88.306, -280.33, 1119.93, 417.60, -150.05, -11.37, -250.00, -0.53205, -0.68927, 0.11168, 0.47890
88, 16, -66.879, 32.133, 82.913, 65.19, 1223.27, -266.11, -239.60, -18.81, -236.74, -0.56243, -0.66183, 0.09870, 0.48571
88, 16, -67.840, 29.340, 80.535, 152.10, 1110.05, -243.90, -161.00, -30.33, -170.49, -0.58322, -0.64482, 0.11192, 0.48117
88, 15, -65.875, 28.430, 81.696, -43.15, 1254.39, -988.53, -204.96, -18.75, -110.66, -0.58836, -0.65122, 0.11141, 0.46619
88, 15, -69.404, 22.886, 77.826, 180.05, 1228.03, 157.96, -83.58, -74.60, -70.84, -0.61647, -0.61659, 0.15060, 0.46594
88, 16, -69.394, 20.742, 80.917, -160.58, 1161.32, -590.15, -91.82, -71.26, -12.47, -0.60760, -0.62852, 0.17650, 0.45237
88, 15, -72.197, 16.262, 81.162, -42.60, 970.09, 41.14, -6.74, -105.72, 15.68, -0.61143, -0.61456, 0.22039, 0.44710
88, 16, -72.825, 18.296, 88.799, -428.47, 813.05, -538.64, 36.17, -116.94, 11.05, -0.55907, -0.65709, 0.24142, 0.44428
88, 17, -73.082, 23.408, 93.719, -796.14, 622.86, -281.68, 67.90, -73.07, 30.27, -0.50875, -0.68961, 0.23281, 0.45980
88, 15, -73.567, 29.724, 97.314, -1066.35, 409.30, -261.54, 61.68, -59.94, 32.57, -0.45763, -0.71359, 0.21465, 0.48507
88, 16, -73.607, 35.348, 100.032, -1085.88, 441.10, -242.92, 43.37, -26.17, 15.07, -0.41476, -0.73012, 0.19485, 0.50688
88, 15, -72.590, 38.132, 103.302, -873.35, 526.98, -251.22, 39.99, 19.57, 23.39, -0.38517, -0.74528, 0.18724, 0.51103
88, 15, -73.964, 37.132, 102.826, -637.33, 740.42, -135.62, 25.16, 30.14, 19.95, -0.38686, -0.74072, 0.19958, 0.51171
88, 16, -70.626, 34.796, 109.137, -529.66, 719.24, -555.97, 38.51, 46.75, 19.06, -0.37065, -0.76635, 0.21750, 0.47751
88, 15, -72.265, 34.321, 108.493, -743.59, 1210.88, 20.20, 95.83, 37.79, -26.18, -0.37026, -0.76085, 0.22824, 0.48159
88, 15, -73.499, 31.913, 109.184, -427.06, 1376.65, -135.31, 108.51, 14.60, -46.36, -0.37165, -0.75896, 0.25189, 0.47160
88, 17, -74.697, 30.382, 110.912, -355.35, 1364.87, -156.56, 148.50, -5.74, -60.01, -0.36238, -0.76058, 0.27474, 0.46338
88, 16, -76.867, 29.419, 111.321, -224.30, 1139.77, 39.06, 168.07, -22.10, -61.25, -0.35539, -0.75562, 0.29561, 0.46405
88, 16, -80.215, 27.774, 109.399, -42.85, 847.35, 206.48, 158.06, -39.33, -42.68, -0.36209, -0.73885, 0.31787, 0.47112
88, 15, -83.740, 27.162, 106.228, -131.23, 513.31, 141.85, 117.51, -51.79, 4.96, -0.37046, -0.71788, 0.33011, 0.48830
88, 15, -86.778, 32.030, 103.079, -364.07, 261.29, 122.99, 68.95, -57.95, 45.07, -0.35218, -0.70715, 0.30962, 0.52920
88, 16, -88.799, 36.882, 100.413, -554.20, 233.76, 80.57, 15.72, -37.76, 75.97, -0.33374, -0.70153, 0.28310, 0.56244
88, 15, -89.245, 40.410, 98.428, -893.62, 382.26, -70.31, -51.32, -21.66, 86.24, -0.32490, -0.70008, 0.25629, 0.58193
88, 15, -86.720, 43.066, 99.728, -1134.03, 650.63, -362.24, -60.36, -3.23, 51.83, -0.31550, -0.71256, 0.23233, 0.58201
88, 17, -83.063, 44.370, 103.483, -1059.69, 755.13, -556.88, -36.75, 6.35, 12.50, -0.30329, -0.73115, 0.22082, 0.56981
88, 15, -79.402, 45.088, 107.896, -778.50, 573.91, -447.14, -15.27, 14.18, -0.22, -0.28897, -0.74988, 0.21485, 0.55500
88, 15, -75.594, 44.290, 112.920, -597.05, 472.05, -441.04, -6.65, 23.90, 12.30, -0.27780, -0.76941, 0.21771, 0.53239
88, 16, -72.587, 41.992, 117.400, -509.28, 465.82, -447.63, 1.27, 30.27, 32.75, -0.27232, -0.78640, 0.22934, 0.50480
88, 15, -70.206, 39.023, 121.448, -553.59, 568.24, -577.76, 7.84, 33.80, 43.01, -0.26853, -0.80176, 0.24462, 0.47459
88, 16, -68.538, 36.158, 125.042, -612.49, 706.48, -671.39, 29.16, 35.46, 37.19, -0.26297, -0.81480, 0.26055, 0.44615
88, 15, -67.856, 33.438, 127.240, -542.42, 735.17, -564.88, 46.01, 34.23, 25.76, -0.26195, -0.82238, 0.27603, 0.42295
88, 16, -68.054, 30.316, 128.503, -436.52, 708.56, -520.20, 50.25, 25.14, 27.33, -0.26580, -0.82553, 0.29531, 0.40080
88, 17, -69.088, 28.037, 127.897, -367.68, 667.97, -411.38, 48.20, 14.37, 33.78, -0.27649, -0.82150, 0.31018, 0.39048
88, 15, -70.554, 25.462, 125.947, -266.36, 708.01, -307.80, 43.62, 8.30, 38.51, -0.29668, -0.81208, 0.32485, 0.38337
88, 15, -71.987, 21.830, 123.301, -179.57, 784.36, -264.53, 33.59, 9.64, 58.06, -0.32641, -0.79883, 0.34161, 0.37233
88, 16, -73.392, 18.560, 119.215, -183.96, 797.85, -118.90, 18.13, 17.08, 81.43, -0.36417, -0.77929, 0.35222, 0.36882
88, 15, -74.048, 15.010, 115.068, -167.97, 785.22, -117.25, -10.74, 20.88, 104.15, -0.40502, -0.75869, 0.35916, 0.36242
88, 15, -74.178, 17.804, 111.476, -2000.00, 1999.94, -117.68, -33.96, 14.44, 100.81, -0.41645, -0.74958, 0.33528, 0.39023
88, 16, -71.921, 16.624, 112.309, -203.92, 901.55, -452.64, -32.94, 12.09, 2.11, -0.42340, -0.75747, 0.32881, 0.37264
88, 15, -72.191, 11.304, 112.547, -32.10, 968.75, -324.71, 37.37, -2.40, 84.47, -0.44239, -0.74918, 0.35598, 0.34102
88, 17, -72.659, 10.468, 110.713, -225.95, 985.41, -168.52, 24.41, -16.98, 67.91, -0.45617, -0.73904, 0.35739, 0.34352
88, 15, -73.175, 8.223, 108.683, -130.19, 1064.33, -138.37, 20.03, -21.75, 84.92, -0.47628, -0.72474, 0.36506, 0.33858
88, 15, -74.221, 9.287, 105.872, -395.45, 989.44, -13.79, 4.59, -45.10, 89.47, -0.48663, -0.71187, 0.35804, 0.35810
88, 16, -75.177, 12.080, 104.185, -483.58, 957.76, -127.93, -12.63, -64.51, 59.72, -0.48304, -0.70773, 0.34486, 0.38322
88, 15, -77.207, 14.337, 98.806, -385.50, 924.44, 200.74, -35.57, -78.32, 32.85, -0.49951, -0.68363, 0.32683, 0.41992
88, 15, -76.761, 18.986, 98.668, -725.22, 918.58, -386.96, -87.77, -56.58, 15.54, -0.48279, -0.69415, 0.29903, 0.44233
88, 16, -79.475, 23.213, 90.567, -483.09, 728.88, 291.38, -93.90, -61.65, -18.78, -0.50156, -0.66161, 0.25851, 0.49385
88, 16, -79.546, 29.173, 89.952, -758.67, 769.53, -329.10, -120.47, -74.77, -55.94, -0.47837, -0.67120, 0.22165, 0.52109
88, 15, -84.433, 35.808, 80.041, -847.78, 651.06, 344.12, -154.60, -79.67, -96.31, -0.48033, -0.63541, 0.16164, 0.58259
88, 16, -80.722, 41.238, 82.399, -744.93, 672.24, -838.62, -191.58, -28.92, -124.95, -0.45961, -0.66041, 0.11886, 0.58180
88, 15, -77.404, 46.780, 83.697, -870.06, 532.47, -236.21, -117.45, 40.62, -115.99, -0.44149, -0.67625, 0.07137, 0.58539
88, 17, -68.865, 49.122, 90.852, -779.24, 588.93, -460.57, -101.10, 108.96, -109.09, -0.42917, -0.70937, 0.04080, 0.55763
88, 15, -61.655, 49.389, 96.931, -748.35, 633.79, -348.63, -80.31, 123.86, -116.75, -0.42382, -0.73400, 0.02262, 0.53019
88, 15, -55.497, 45.280, 102.850, -486.33, 897.28, -539.18, -62.15, 112.30, -107.77, -0.43070, -0.75973, 0.03249, 0.48605
88, 16, -49.980, 40.939, 109.616, -358.58, 656.62, -549.99, -24.70, 102.72, -89.56, -0.42450, -0.79036, 0.04615, 0.43932
88, 16, -51.610, 33.494, 107.425, -235.29, 1268.07, -229.25, -11.87, 79.75, -23.81, -0.46091, -0.78549, 0.08875, 0.40335
88, 15, -47.736, 26.461, 117.331, 234.68, 464.48, -1121.77, 54.83, 82.40, -19.80, -0.42714, -0.83001, 0.12881, 0.33471
88, 17, -53.564, 24.091, 108.961, -389.47, 1669.80, 1070.98, 42.45, 32.61, -9.61, -0.47655, -0.78979, 0.15669, 0.35296
88, 15, -52.553, 17.649, 117.108, 599.24, 719.67, -1758.30, 46.27, 17.23, 1.20, -0.44290, -0.82184, 0.20420, 0.29450
88, 16, -57.950, 17.865, 112.790, -801.70, 1329.10, 1145.14, 162.90, -0.34, 67.13, -0.45807, -0.79475, 0.22957, 0.32532
88, 15, -59.882, 9.724, 116.406, 550.96, 1129.82, -766.17, 80.51, -22.43, 59.15, -0.45494, -0.79678, 0.29035, 0.27177
88, 15, -64.125, 9.495, 113.906, -546.51, 1106.69, 468.75, 158.91, -36.96, 135.82, -0.46239, -0.77527, 0.31433, 0.29386
88, 16, -66.875, 8.217, 112.440, -225.52, 981.69, -75.68, 84.98, -38.51, 93.54, -0.46954, -0.75950, 0.33477, 0.30105
88, 16, -69.530, 8.877, 110.869, -388.00, 949.28, 34.55, 89.28, -56.60, 104.15, -0.47028, -0.74634, 0.34491, 0.32071
88, 15, -71.434, 10.206, 110.222, -441.77, 944.34, -50.60, 83.18, -51.94, 95.79, -0.46400, -0.74036, 0.34923, 0.33854
88, 16, -72.979, 10.347, 110.265, -366.27, 968.51, -104.31, 92.79, -45.24, 106.50, -0.45857, -0.73602, 0.35866, 0.34547
88, 15, -74.345, 12.267, 109.361, -540.22, 956.12, 12.21, 81.29, -43.09, 93.28, -0.45249, -0.73178, 0.35562, 0.36507
88, 15, -75.152, 13.414, 108.115, -461.00, 947.27, 11.41, 67.60, -26.66, 84.96, -0.45314, -0.72652, 0.35126, 0.37874
88, 16, -75.883, 17.216, 106.555, -752.38, 888.12, 47.73, 41.11, -31.85, 64.18, -0.44468, -0.72517, 0.33198, 0.40765
88, 15, -75.657, 22.078, 106.620, -878.72, 960.45, -197.88, 19.98, -25.55, 14.60, -0.42413, -0.73393, 0.30638, 0.43312
88, 15, -74.594, 27.192, 107.666, -799.99, 1014.53, -269.96, 29.85, -7.33, -44.16, -0.39873, -0.74701, 0.27738, 0.45393
88, 17, -74.708, 31.261, 105.924, -600.59, 878.60, -23.80, 23.04, 5.20, -87.33, -0.39103, -0.74492, 0.24972, 0.47941
88, 15, -75.082, 33.629, 103.391, -408.08, 788.57, -27.71, -5.10, 8.15, -115.77, -0.39480, -0.73768, 0.22858, 0.49770
88, 16, -75.951, 35.512, 100.397, -349.79, 698.97, -33.02, -28.06, -3.80, -127.72, -0.40121, -0.72743, 0.21046, 0.51534
88, 15, -76.700, 37.417, 97.229, -383.30, 653.81, -73.85, -69.15, -10.67, -132.56, -0.40864, -0.71688, 0.18987, 0.53202
88, 15, -75.501, 38.542, 96.800, -407.96, 729.68, -195.50, -83.15, 1.36, -126.24, -0.41149, -0.71838, 0.17386, 0.53327
88, 16, -74.209, 38.899, 96.983, -475.22, 771.97, -223.63, -71.62, 8.23, -96.12, -0.41463, -0.72127, 0.16453, 0.52988
88, 15, -72.745, 37.492, 97.483, -382.63, 702.03, -226.87, -70.67, 14.90, -57.19, -0.42480, -0.72401, 0.16574, 0.51757
88, 15, -70.409, 36.967, 99.089, -468.14, 621.95, -305.48, -77.03, 9.78, -13.50, -0.42743, -0.73291, 0.16107, 0.50418
88, 17, -69.030, 37.920, 100.006, -612.85, 551.45, -319.89, -80.51, -2.98, 7.14, -0.42326, -0.73878, 0.15079, 0.50232
88, 15, -67.402, 40.243, 101.193, -871.95, 566.41, -430.36, -84.15, 0.29, -5.05, -0.41215, -0.74606, 0.13223, 0.50601
88, 16, -65.021, 41.357, 103.375, -834.17, 676.27, -518.55, -76.84, 15.00, -32.97, -0.40326, -0.75660, 0.11990, 0.50056
88, 15, -62.625, 40.189, 105.870, -665.16, 795.72, -531.01, -59.19, 29.82, -41.55, -0.40211, -0.76796, 0.12116, 0.48359
88, 15, -60.783, 37.035, 108.600, -452.82, 790.22, -509.03, -30.56, 34.41, -27.13, -0.40467, -0.78009, 0.13698, 0.45710
88, 16, -59.770, 34.570, 110.720, -445.98, 714.05, -434.63, -17.73, 33.18, -19.04, -0.40420, -0.78916, 0.15128, 0.43699
88, 15, -59.303, 32.278, 112.308, -376.95, 625.67, -354.68, -9.45, 33.83, -14.08, -0.40410, -0.79560, 0.16577, 0.41981
88, 16, -59.821, 28.025, 112.304, -244.02, 622.19, -297.30, -16.52, 30.41, 8.54, -0.41881, -0.79441, 0.19085, 0.39634
88, 17, -60.653, 23.853, 111.543, -243.77, 693.66, -308.35, -27.93, 25.04, 40.20, -0.43706, -0.78848, 0.21495, 0.37559
88, 15, -60.749, 23.457, 112.257, -520.81, 929.02, -473.51, -16.71, 22.06, 17.20, -0.43330, -0.79080, 0.21992, 0.37218
88, 15, -62.116, 21.337, 110.357, -299.38, 916.63, -212.28, 13.51, 15.24, 13.59, -0.44981, -0.77935, 0.23371, 0.36832
88, 16, -63.134, 19.912, 108.477, -285.46, 966.86, -227.60, 0.79, 2.63, -2.75, -0.46454, -0.76847, 0.24174, 0.36772
88, 15, -64.065, 14.773, 109.133, 54.69, 1239.62, -382.63, 40.85, -11.63, 36.03, -0.47602, -0.76319, 0.27570, 0.33902
88, 16, -66.035, 10.093, 109.523, -58.90, 1129.03, -228.70, 81.54, -33.41, 98.92, -0.48443, -0.75286, 0.31259, 0.31752
88, 15, -67.841, 8.627, 110.676, -219.24, 959.17, -229.80, 99.91, -50.46, 112.54, -0.47711, -0.75010, 0.33451, 0.31276
88, 15, -69.919, 7.920, 111.107, -273.13, 964.72, -138.49, 100.62, -56.38, 118.38, -0.47117, -0.74436, 0.35251, 0.31569
88, 17, -71.905, 10.465, 111.497, -600.34, 855.35, -61.58, 98.46, -63.78, 124.14, -0.45336, -0.74448, 0.35485, 0.33807
88, 15, -73.850, 14.008, 112.337, -642.21, 804.26, -159.85, 84.48, -78.72, 101.23, -0.42775, -0.74781, 0.35377, 0.36421
88, 15, -75.425, 20.199, 112.687, -1058.96, 642.15, -14.59, 80.89, -67.24, 78.86, -0.39384, -0.75359, 0.33630, 0.40485
88, 16, -75.900, 27.561, 112.730, -1225.83, 486.82, -28.26, 44.34, -38.01, 35.39, -0.35858, -0.76081, 0.30404, 0.44738
88, 15, -74.625, 33.191, 113.859, -924.87, 527.95, -256.16, 10.31, 2.57, -2.38, -0.32983, -0.77148, 0.27214, 0.47114
88, 15, -74.041, 31.951, 112.992, -508.61, 809.14, -261.35, 9.61, 40.07, 13.68, -0.34385, -0.76964, 0.27087, 0.46482
88, 16, -73.779, 29.815, 112.032, -447.27, 828.49, -234.31, 15.79, 37.64, 31.39, -0.36121, -0.76588, 0.27597, 0.45474
88, 15, -76.040, 35.901, 104.919, -1045.35, 779.85, 320.19, -58.43, 0.54, -49.59, -0.36994, -0.74283, 0.22910, 0.50880
88, 17, -77.743, 41.604, 97.939, -853.03, 719.18, 110.78, -124.45, 0.32, -116.30, -0.37873, -0.72166, 0.17562, 0.55220
88, 15, -79.271, 43.860, 90.946, -618.10, 800.29, 37.72, -159.47, 11.58, -141.63, -0.40321, -0.69792, 0.13732, 0.57574
88, 15, -78.402, 45.917, 86.524, -647.40, 809.45, -91.43, -203.39, 19.39, -158.74, -0.42393, -0.68518, 0.09712, 0.58427
88, 16, -74.426, 46.519, 86.475, -416.44, 848.21, -386.78, -211.98, 16.94, -178.18, -0.44127, -0.68851, 0.06929, 0.57135
88, 16, -71.512, 43.454, 86.818, -220.03, 1038.15, -321.11, -151.24, 19.25, -140.01, -0.46829, -0.68890, 0.07255, 0.54850
88, 15, -67.815, 38.250, 89.906, 81.54, 1176.45, -593.32, -105.47, 16.25, -92.44, -0.49059, -0.70002, 0.09656, 0.50986
88, 16, -66.437, 32.336, 93.289, -24.29, 1122.44, -469.06, -23.48, -20.11, -29.23, -0.50126, -0.71072, 0.13827, 0.47382
88, 16, -67.226, 30.422, 94.691, -357.42, 935.97, -251.53, -2.07, -48.74, -21.34, -0.49731, -0.71386, 0.16021, 0.46628
88, 15, -67.841, 26.245, 98.086, -96.80, 1098.51, -487.92, 24.07, -66.22, -0.11, -0.49080, -0.72281, 0.20156, 0.44276
88, 16, -68.824, 22.164, 103.040, -170.41, 1124.63, -495.54, 94.85, -66.00, 48.39, -0.47208, -0.73660, 0.24879, 0.41553
88, 15, -69.895, 16.824, 108.675, -167.30, 1089.05, -349.85, 173.55, -35.74, 113.36, -0.45312, -0.74944, 0.30265, 0.37608
88, 16, -72.497, 14.574, 109.098, -302.92, 893.37, 192.20, 195.66, -32.31, 139.56, -0.45084, -0.74039, 0.33190, 0.37204
88, 15, -75.070, 17.027, 109.480, -668.58, 821.96, 198.91, 167.20, -65.60, 119.22, -0.42964, -0.73839, 0.33797, 0.39493
88, 16, -77.670, 21.690, 109.311, -861.94, 680.11, 229.43, 140.74, -74.39, 97.60, -0.40098, -0.73745, 0.33138, 0.43078
88, 16, -78.921, 27.192, 109.597, -946.11, 667.36, 75.32, 100.76, -49.85, 73.24, -0.36886, -0.74233, 0.31324, 0.46344
88, 16, -79.097, 31.941, 109.407, -985.35, 637.02, 20.51, 59.17, -9.41, 55.30, -0.34659, -0.74646, 0.28946, 0.48877
88, 15, -79.098, 36.617, 108.597, -957.34, 585.75, -22.71, 22.67, 0.57, 29.01, -0.32886, -0.74804, 0.26158, 0.51368
88, 16, -78.267, 38.272, 108.647, -678.47, 699.40, -177.55, 12.51, 18.93, 16.49, -0.32403, -0.75113, 0.24761, 0.51913
88, 15, -79.573, 37.688, 105.351, -641.66, 835.33, 91.25, 16.40, 35.81, 34.83, -0.34241, -0.73832, 0.24419, 0.52727
88, 15, -79.769, 39.909, 101.025, -804.87, 779.11, 63.23, -66.31, 33.19, -7.82, -0.35800, -0.72665, 0.21289, 0.54634
88, 16, -81.211, 42.857, 94.616, -784.06, 759.22, 158.26, -105.39, 16.26, -55.93, -0.37608, -0.70665, 0.17360, 0.57365
88, 15, -85.709, 46.928, 84.052, -842.77, 681.03, 407.65, -147.83, -5.22, -104.93, -0.39508, -0.67078, 0.12114, 0.61587
88, 16, -86.835, 48.371, 77.369, -643.19, 797.55, 39.79, -204.70, -14.08, -147.00, -0.41990, -0.64854, 0.08226, 0.62953
88, 16, -86.040, 47.032, 73.854, -414.67, 911.25, -9.70, -195.43, -6.73, -135.96, -0.45080, -0.63303, 0.06708, 0.62574
88, 15, -81.676, 45.849, 75.749, -366.88, 1028.56, -343.75, -170.74, 1.55, -113.99, -0.46965, -0.64077, 0.06059, 0.60429
88, 16, -77.260, 44.351, 78.608, -357.06, 948.30, -356.32, -138.78, 2.19, -93.04, -0.48372, -0.65251, 0.06008, 0.58020
88, 15, -73.411, 42.650, 82.327, -433.47, 989.01, -410.34, -91.63, -4.23, -67.40, -0.48954, -0.66812, 0.06722, 0.55628
88, 15, -70.153, 39.761, 85.845, -416.50, 938.72, -235.05, -42.35, 23.01, -30.74, -0.49768, -0.68211, 0.08290, 0.52931
88, 16, -65.959, 35.581, 91.777, -354.92, 1023.25, -364.81, 12.45, 49.84, 5.97, -0.49885, -0.70754, 0.10953, 0.48840
88, 15, -64.042, 30.625, 95.936, -292.11, 1061.71, -223.69, 57.52, 42.88, 21.32, -0.50142, -0.72370, 0.14404, 0.45175
88, 15, -61.371, 24.356, 104.155, -188.84, 1235.90, -534.24, 135.87, 53.12, 54.37, -0.48263, -0.75788, 0.19236, 0.39457
88, 18, -62.265, 20.920, 107.314, -406.31, 1265.93, 1.28, 206.25, 37.72, 70.56, -0.47140, -0.76646, 0.22700, 0.37254
88, 15, -63.723, 18.614, 109.147, -366.52, 1110.96, 73.49, 197.61, 17.23, 75.26, -0.46298, -0.76858, 0.25436, 0.36087
88, 16, -65.303, 17.020, 110.041, -390.93, 1021.97, 124.51, 183.87, 9.77, 91.96, -0.45799, -0.76671, 0.27566, 0.35554
88, 15, -66.150, 15.108, 110.784, -356.38, 975.28, 76.66, 164.98, 23.13, 106.44, -0.45756, -0.76518, 0.29291, 0.34546
88, 15, -66.865, 13.603, 111.673, -354.49, 912.84, 10.93, 153.24, 14.90, 116.44, -0.45510, -0.76479, 0.30752, 0.33676
88, 16, -68.232, 13.912, 111.842, -389.59, 767.40, 20.39, 132.76, -18.26, 110.93, -0.44876, -0.76218, 0.31567, 0.34359
88, 15, -70.220, 16.820, 111.181, -469.18, 572.08, 34.00, 97.77, -50.76, 100.83, -0.43559, -0.75827, 0.31296, 0.37058
88, 15, -71.546, 22.193, 111.849, -722.66, 459.41, -88.99, 61.65, -47.60, 90.83, -0.40449, -0.76384, 0.29806, 0.40508
88, 17, -71.748, 26.302, 112.735, -835.21, 505.68, -199.65, 33.17, -13.70, 87.30, -0.38007, -0.77034, 0.28251, 0.42699
88, 15, -70.990, 29.455, 114.460, -959.23, 592.65, -361.51, 19.56, 10.31, 78.53, -0.35732, -0.77989, 0.26840, 0.43823
88, 15, -69.991, 31.524, 116.604, -851.07, 671.51, -478.82, 12.08, 8.58, 53.94, -0.33725, -0.78957, 0.25971, 0.44204
88, 16, -68.765, 33.681, 119.385, -805.48, 631.29, -522.64, 18.37, 3.72, 25.63, -0.31307, -0.80053, 0.25162, 0.44478
88, 15, -67.078, 34.479, 122.907, -617.31, 554.57, -517.58, 23.70, 12.57, 12.30, -0.29123, -0.81341, 0.24957, 0.43734
88, 16, -65.746, 33.915, 125.913, -531.19, 548.83, -491.82, 26.31, 25.05, 19.81, -0.27721, -0.82397, 0.25389, 0.42400
88, 15, -66.381, 32.968, 125.406, -471.01, 561.77, -377.50, 20.39, 37.09, 33.72, -0.28258, -0.82161, 0.26076, 0.42084
88, 15, -67.190, 31.353, 123.468, -492.49, 665.95, -334.53, 5.04, 45.99, 38.76, -0.30044, -0.81509, 0.26664, 0.41745
88, 17, -67.244, 28.837, 121.848, -423.03, 749.21, -375.18, -5.08, 45.59, 27.34, -0.32254, -0.81046, 0.27254, 0.40602
88, 16, -66.972, 25.502, 120.543, -285.22, 791.32, -373.66, -4.35, 37.61, 18.10, -0.34674, -0.80640, 0.28118, 0.38786
88, 15, -66.859, 23.278, 118.892, -310.00, 836.61, -354.31, -1.97, 27.02, 15.95, -0.36788, -0.80044, 0.28497, 0.37783
88, 16, -66.585, 20.446, 117.373, -226.75, 868.90, -336.43, -0.23, 27.11, 20.21, -0.39076, -0.79414, 0.29112, 0.36318
88, 15, -66.882, 18.754, 114.035, -242.98, 873.23, -150.88, -5.78, 24.76, 28.02, -0.41944, -0.78004, 0.29046, 0.36227
88, 15, -66.730, 15.959, 110.779, -283.51, 1926.51, -336.85, -24.44, 22.77, 31.18, -0.45263, -0.76479, 0.29265, 0.35296
88, 16, -65.424, 13.661, 110.583, -165.77, 939.15, -327.88, -4.48, 18.55, 19.58, -0.46638, -0.76428, 0.29444, 0.33418
88, 15, -66.381, 13.352, 107.738, -185.85, 950.32, -106.45, 7.74, -13.95, 0.80, -0.48347, -0.74958, 0.29385, 0.34357
88, 17, -66.971, 11.674, 103.952, -113.34, 1111.33, 18.31, -13.05, -1.75, 19.74, -0.51216, -0.72884, 0.29470, 0.34589
88, 14, -67.311, 10.464, 100.331, -136.54, 1180.79, -45.23, -44.85, -14.85, 20.78, -0.53809, -0.70912, 0.29209, 0.34970
88, 16, -67.799, 8.228, 96.745, 24.48, 1019.65, -49.07, -74.13, -39.18, 11.63, -0.56602, -0.68593, 0.29601, 0.34858
88, 15, -68.523, 8.906, 97.792, -193.18, 1009.03, -541.02, -104.11, -79.93, 16.98, -0.55523, -0.69065, 0.29994, 0.35320
88, 15, -71.975, 9.106, 91.608, -100.59, 917.11, 229.61, -75.92, -132.68, 13.46, -0.57960, -0.65146, 0.29909, 0.38757
88, 15, -74.001, 13.890, 94.269, -523.62, 858.70, -427.86, -43.74, -147.00, -7.91, -0.53978, -0.67071, 0.29373, 0.41534
88, 16, -76.158, 18.281, 93.493, -387.39, 671.94, -76.35, -33.30, -122.69, -2.48, -0.51890, -0.67157, 0.27915, 0.44923
88, 15, -75.798, 25.624, 97.096, -830.93, 659.91, -386.05, -6.51, -86.81, -19.26, -0.46772, -0.70207, 0.25057, 0.47492
88, 16, -73.949, 31.724, 100.654, -850.89, 566.77, -371.58, -0.18, -25.49, -25.67, -0.42600, -0.72816, 0.22003, 0.48979
88, 16, -72.086, 36.415, 102.986, -859.86, 625.00, -308.17, -10.14, 5.00, -33.26, -0.39749, -0.74399, 0.19209, 0.50158
88, 15, -68.957, 37.659, 106.877, -675.66, 719.85, -461.30, -13.57, 28.56, -45.43, -0.37973, -0.76286, 0.18155, 0.49081
88, 17, -65.581, 36.211, 111.513, -608.52, 918.46, -580.44, 16.46, 55.30, -44.77, -0.36899, -0.78322, 0.18577, 0.46466
88, 15, -62.553, 34.645, 116.317, -590.82, 924.74, -521.24, 60.81, 76.65, -59.91, -0.35434, -0.80352, 0.19164, 0.43826
88, 15, -59.742, 32.201, 120.595, -462.71, 821.17, -393.74, 95.33, 114.00, -67.70, -0.34430, -0.82199, 0.19917, 0.40758
88, 16, -57.831, 28.301, 123.224, -255.86, 700.20, -311.40, 92.08, 116.75, -54.07, -0.34677, -0.83442, 0.21202, 0.37221
88, 15, -58.059, 21.848, 122.572, 18.19, 646.73, -159.79, 78.44, 84.93, -27.73, -0.37437, -0.83200, 0.24005, 0.33166
88, 16, -60.364, 16.945, 118.288, 51.39, 646.85, 21.42, 52.19, 28.97, 10.36, -0.41599, -0.80982, 0.26620, 0.31669
88, 16, -63.053, 13.568, 111.620, -53.04, 661.44, 151.55, 5.37, 9.29, 57.94, -0.46654, -0.77434, 0.28193, 0.32134
88, 15, -64.432, 12.996, 106.556, -349.18, 841.74, 14.04, -41.94, 5.97, 87.51, -0.49825, -0.74885, 0.27938, 0.33604
88, 15, -63.746, 13.659, 104.804, -788.88, 1790.89, -421.63, -45.01, 28.66, 61.55, -0.50938, -0.74377, 0.26636, 0.34117
88, 16, -62.428, 14.762, 106.190, -376.53, 836.79, -317.14, -5.88, 31.20, 30.96, -0.50040, -0.75443, 0.25621, 0.33881
88, 15, -62.340, 22.122, 103.309, -991.64, 630.49, 152.04, -10.48, 23.67, -30.70, -0.49321, -0.75061, 0.20787, 0.38745
88, 16, -62.056, 27.514, 99.856, -731.20, 847.11, 32.10, -49.49, 39.83, -86.05, -0.49627, -0.74092, 0.16413, 0.42168
88, 15, -62.919, 36.353, 93.031, -1024.66, 765.20, 188.35, -123.72, 36.35, -167.99, -0.50059, -0.71621, 0.09128, 0.47761
88, 16, -62.836, 39.949, 87.915, -438.96, 774.35, -133.42, -210.94, 13.05, -230.86, -0.51715, -0.69559, 0.04699, 0.49649
88, 16, -62.247, 40.813, 84.805, -374.33, 868.90, -246.15, -198.07, -3.61, -187.71, -0.53467, -0.68201, 0.02451, 0.49839
88, 15, -60.294, 39.330, 83.784, -224.43, 1043.58, -384.77, -186.68, 6.55, -156.64, -0.55539, -0.67661, 0.01801, 0.48314
88, 15, -57.729, 35.087, 84.906, 53.47, 1207.52, -503.72, -137.51, 15.86, -108.23, -0.57635, -0.68006, 0.03446, 0.45183
88, 17, -58.111, 30.673, 84.219, -202.33, 1169.25, -119.87, -66.11, -7.13, -45.27, -0.59574, -0.67292, 0.06214, 0.43407
88, 15, -58.297, 27.645, 85.555, -205.38, 1084.11, -264.89, -47.65, -30.05, -42.75, -0.59824, -0.67678, 0.08739, 0.42004
88, 15, -60.767, 28.100, 82.463, -499.76, 912.84, 196.90, -5.90, -20.75, -27.02, -0.60537, -0.65918, 0.08733, 0.43748
88, 17, -62.207, 27.874, 81.207, -444.52, 956.73, 67.69, -45.66, -43.61, -37.47, -0.60784, -0.65111, 0.09218, 0.44508
88, 15, -64.407, 26.596, 79.177, -414.12, 1015.93, 141.42, -45.49, -67.51, -24.87, -0.61537, -0.63644, 0.10482, 0.45306
88, 16, -68.107, 22.944, 74.540, -172.85, 890.93, 319.70, -62.00, -108.12, 5.00, -0.63897, -0.60030, 0.13002, 0.46309
88, 15, -70.486, 24.071, 74.338, -604.13, 1021.42, 131.71, -41.57, -135.35, 12.36, -0.62610, -0.59894, 0.13429, 0.48087
88, 15, -73.599, 21.030, 70.800, -193.42, 862.12, 436.83, -32.10, -117.56, 21.25, -0.64207, -0.56790, 0.15496, 0.49115
88, 16, -74.154, 25.993, 73.046, -1034.91, 754.46, -173.89, -50.32, -126.40, 27.32, -0.60964, -0.59216, 0.13526, 0.50931
88, 15, -77.971, 25.505, 69.527, -357.67, 770.20, 406.56, -13.44, -124.83, -4.82, -0.61201, -0.56751, 0.14176, 0.53225
88, 15, -76.322, 31.932, 75.031, -966.67, 604.80, -354.86, -28.91, -96.97, 0.89, -0.56495, -0.61370, 0.11733, 0.53892
88, 18, -75.329, 35.467, 77.795, -708.19, 668.03, -23.62, -2.55, -46.94, -0.22, -0.53914, -0.63518, 0.10224, 0.54352
88, 14, -73.932, 38.038, 80.668, -782.47, 682.31, -96.74, -5.63, -34.81, 17.15, -0.51803, -0.65403, 0.09158, 0.54360
88, 15, -72.308, 40.050, 83.848, -832.95, 675.90, -136.29, 5.52, -20.89, 24.14, -0.49809, -0.67220, 0.08449, 0.54122
88, 16, -69.865, 40.678, 88.064, -744.63, 689.88, -203.55, 14.30, -0.11, 24.69, -0.48150, -0.69271, 0.08572, 0.53006
88, 15, -63.914, 39.911, 97.529, -792.66, 833.13, -625.18, 62.32, 58.73, 19.49, -0.45257, -0.73561, 0.09558, 0.49490
88, 16, -60.295, 37.597, 104.587, -712.46, 871.52, -140.44, 157.91, 135.54, 12.41, -0.43136, -0.76593, 0.11453, 0.46277
88, 16, -58.918, 35.564, 107.580, -644.41, 890.69, 44.92, 152.37, 139.53, 3.43, -0.42495, -0.77873, 0.12814, 0.44336
88, 15, -57.836, 32.053, 110.671, -543.95, 968.08, -82.52, 145.62, 127.59, 7.93, -0.42166, -0.79174, 0.15079, 0.41546
88, 17, -57.398, 31.043, 113.519, -677.80, 944.89, -125.24, 156.01, 104.61, 5.23, -0.40728, -0.80272, 0.16307, 0.40395
88, 15, -57.953, 30.185, 115.130, -547.06, 876.04, -83.37, 151.47, 78.83, -7.71, -0.39728, -0.80763, 0.17686, 0.39828
88, 15, -58.575, 29.678, 116.127, -478.58, 697.75, -52.55, 139.16, 80.64, 5.68, -0.39002, -0.81010, 0.18718, 0.39571
88, 16, -61.099, 29.699, 113.939, -401.79, 610.66, 130.13, 119.27, 50.80, 12.58, -0.39644, -0.79836, 0.19712, 0.40817
88, 15, -64.482, 29.749, 109.956, -391.17, 629.82, 157.90, 75.63, 15.33, 21.67, -0.41132, -0.77838, 0.20561, 0.42739
88, 15, -67.956, 29.212, 105.518, -369.75, 676.09, 99.37, 33.45, -19.09, 33.77, -0.43004, -0.75539, 0.21480, 0.44532
88, 16, -70.073, 29.326, 101.866, -487.37, 720.52, 27.28, -5.94, -17.14, 51.16, -0.44497, -0.73759, 0.21353, 0.46083
88, 15, -70.862, 29.099, 99.326, -491.94, 722.41, -61.28, -25.96, -0.18, 62.40, -0.45898, -0.72587, 0.20954, 0.46748
88, 17, -70.624, 26.867, 96.989, -421.14, 798.10, -51.88, -36.91, 20.55, 78.54, -0.48414, -0.71392, 0.21117, 0.45971
88, 15, -67.658, 28.883, 99.297, -1705.26, 1562.93, -668.33, -34.22, 44.80, 57.72, -0.47295, -0.73111, 0.19027, 0.45342
88, 15, -66.265, 27.164, 100.815, -464.90, 960.39, -223.63, 1.80, 27.21, 23.16, -0.47570, -0.73806, 0.19684, 0.43616
88, 16, -65.440, 27.425, 101.778, -472.66, 781.13, -173.77, 5.41, 21.82, 27.86, -0.47155, -0.74369, 0.19371, 0.43249
88, 15, -66.568, 25.548, 99.336, -384.28, 971.80, 22.83, 9.90, 7.85, 26.55, -0.49055, -0.72959, 0.20218, 0.43148
88, 15, -67.527, 23.998, 96.309, -348.45, 1019.59, 44.43, -19.60, -6.27, 16.53, -0.51215, -0.71271, 0.20554, 0.43302
88, 16, -68.760, 22.045, 92.014, -250.37, 1073.12, 141.48, -52.48, -24.74, 11.83, -0.54137, -0.68776, 0.20803, 0.43662
88, 15, -69.581, 19.020, 89.353, -186.40, 1017.33, -60.36, -95.86, -56.24, 24.24, -0.56552, -0.66785, 0.22054, 0.43073
88, 17, -71.424, 19.501, 88.462, -349.73, 1094.18, -74.52, -59.77, -109.21, -0.92, -0.56183, -0.66085, 0.22499, 0.44385
88, 15, -72.782, 21.063, 87.275, -429.20, 836.24, -168.27, -113.41, -109.09, 24.93, -0.55725, -0.65568, 0.21886, 0.46006
88, 15, -76.322, 23.533, 85.135, -491.33, 1031.68, 44.62, -44.96, -151.87, -16.67, -0.54474, -0.64403, 0.21528, 0.49208
88, 16, -76.598, 27.195, 88.410, -642.70, 691.47, -530.40, -66.41, -121.66, -1.56, -0.50932, -0.66625, 0.20921, 0.50292
88, 15, -80.181, 28.918, 84.046, -514.16, 875.37, 252.81, -19.42, -89.66, -18.01, -0.51049, -0.64401, 0.19963, 0.53367
89, 8, -70.079, 24.102, 113.124, -373.72, 780.52, -331.54, 2.65, 3.25, 5.93, -0.39303, -0.77389, 0.28344, 0.40778
89, 26, -70.403, 22.770, 112.660, -366.94, 798.46, -331.36, 0.77, 2.64, 9.33, -0.40065, -0.77023, 0.29045, 0.40233
89, 16, -70.423, 22.537, 112.562, -367.49, 813.17, -336.06, 0.72, -0.31, 9.14, -0.40221, -0.76960, 0.29138, 0.40129
89, 15, -70.463, 22.469, 112.372, -368.23, 817.02, -333.01, 1.27, -1.14, 8.51, -0.40363, -0.76877, 0.29131, 0.40152
89, 16, -70.460, 22.189, 112.004, -355.35, 806.82, -321.11, 0.40, 1.30, 8.48, -0.40729, -0.76718, 0.29136, 0.40081
89, 15, -70.343, 22.043, 111.831, -346.44, 784.97, -312.74, -2.00, 2.44, 10.28, -0.40947, -0.76671, 0.29069, 0.39999
89, 15, -70.674, 22.525, 110.464, -361.15, 772.58, -267.64, -7.09, 3.42, 13.18, -0.41539, -0.76148, 0.28571, 0.40740
89, 16, -70.614, 23.695, 109.433, -431.76, 810.24, -270.57, -14.39, 7.25, 14.27, -0.41752, -0.75913, 0.27576, 0.41635
89, 16, -70.417, 23.477, 107.777, -382.45, 812.87, -252.50, -21.20, 20.85, 15.75, -0.43008, -0.75324, 0.26953, 0.41834
89, 15, -69.721, 20.611, 106.184, -221.07, 731.75, -192.93, -37.99, 33.74, 25.28, -0.45481, -0.74524, 0.27396, 0.40337
89, 16, -68.525, 20.292, 107.490, -566.65, 1248.35, -578.74, -28.30, 18.12, 25.15, -0.45171, -0.75285, 0.27232, 0.39372
89, 15, -67.561, 19.138, 108.705, -296.26, 883.91, -370.97, -10.48, 18.04, 8.23, -0.45152, -0.75853, 0.27588, 0.38032
89, 15, -67.263, 17.334, 109.252, -206.42, 861.39, -358.64, -15.27, 0.88, 6.11, -0.45587, -0.75917, 0.28467, 0.36717
89, 16, -67.089, 17.465, 110.198, -323.85, 821.11, -354.74, -4.75, 0.66, 22.74, -0.44963, -0.76351, 0.28589, 0.36491
89, 15, -66.851, 15.657, 112.120, -224.37, 831.67, -443.60, 7.21, 2.24, 34.79, -0.44443, -0.76934, 0.29901, 0.34813
89, 16, -67.188, 16.716, 113.722, -414.00, 775.15, -405.27, 17.21, -0.47, 46.07, -0.42854, -0.77585, 0.30117, 0.35171
89, 16, -67.581, 18.460, 114.359, -464.84, 758.85, -369.57, 10.95, 1.23, 36.65, -0.41618, -0.77912, 0.29763, 0.36219
89, 15, -67.895, 19.622, 114.176, -474.18, 802.06, -338.81, 7.22, 16.68, 39.99, -0.41180, -0.77885, 0.29371, 0.37087
89, 17, -66.310, 18.742, 118.585, -372.86, 651.06, -663.88, 14.25, 36.15, 37.32, -0.38993, -0.79758, 0.30069, 0.34844
89, 15, -67.103, 19.885, 116.269, -515.93, 785.52, -97.11, 34.60, 43.82, 36.99, -0.39898, -0.78854, 0.29377, 0.36431
89, 15, -66.199, 18.757, 114.518, -464.66, 966.86, -252.20, 4.02, 90.16, 40.15, -0.41828, -0.78353, 0.28731, 0.35857
89, 16, -63.677, 19.071, 114.670, -511.72, 814.82, -274.11, 15.85, 129.23, 21.86, -0.42384, -0.79050, 0.26898, 0.35088
89, 15, -60.680, 22.567, 117.686, -747.44, 575.50, -361.88, 31.98, 131.24, -12.60, -0.39891, -0.81023, 0.24095, 0.35545
89, 16, -60.395, 21.250, 114.188, -254.82, 1042.42, 24.17, 22.86, 108.74, -79.99, -0.42919, -0.79750, 0.23436, 0.35335
89, 16, -60.065, 25.828, 110.977, -715.94, 992.74, 72.39, 8.88, 83.76, -134.07, -0.43549, -0.78834, 0.19909, 0.38630
89, 15, -60.623, 32.748, 106.050, -917.36, 930.85, 232.36, -37.96, 67.13, -195.52, -0.44007, -0.77077, 0.14896, 0.43597
89, 16, -60.051, 33.260, 101.975, -164.18, 1015.56, -74.04, -101.30, 71.40, -250.00, -0.46736, -0.75544, 0.12672, 0.44139
89, 15, -59.139, 31.309, 98.512, 155.64, 1190.25, -148.07, -120.56, 67.74, -243.56, -0.50112, -0.74105, 0.11866, 0.43086
89, 15, -59.422, 28.926, 94.714, 160.71, 1333.44, -171.20, -122.44, 36.20, -206.50, -0.53343, -0.72216, 0.12019, 0.42366
89, 17, -63.369, 27.041, 87.139, 14.22, 1313.78, 331.85, -96.41, -13.98, -162.33, -0.57202, -0.67942, 0.12713, 0.44161
89, 15, -61.795, 25.666, 88.912, 220.95, 1228.45, -1162.66, -174.40, -22.69, -135.15, -0.57254, -0.68832, 0.13288, 0.42516
89, 16, -66.033, 20.837, 81.281, 107.60, 1027.89, 396.67, -91.59, -51.56, -50.74, -0.61826, -0.63557, 0.15877, 0.43427
89, 16, -66.533, 20.063, 88.107, -186.95, 1067.57, -962.77, -0.23, -89.22, -30.78, -0.58029, -0.66907, 0.19192, 0.42282
89, 15, -67.862, 19.594, 92.214, -364.07, 912.29, -602.11, -22.64, -94.60, 17.44, -0.55284, -0.68617, 0.21765, 0.41972
89, 15, -70.897, 20.399, 95.729, -419.80, 800.42, -369.81, 34.71, -128.27, 21.74, -0.51725, -0.69787, 0.24444, 0.43090
89, 17, -72.849, 24.894, 100.341, -945.25, 532.53, -549.50, 47.29, -108.99, 51.25, -0.46266, -0.72056, 0.24943, 0.45225
89, 15, -74.461, 29.816, 103.831, -976.75, 496.03, -390.08, 58.43, -76.75, 40.25, -0.41222, -0.73664, 0.24713, 0.47578
89, 16, -74.671, 31.496, 107.379, -754.88, 595.40, -335.27, 60.55, -9.89, 62.23, -0.38061, -0.75011, 0.25431, 0.47728
89, 15, -74.064, 31.579, 110.599, -720.64, 739.32, -344.18, 55.63, 19.94, 74.97, -0.36148, -0.76198, 0.26316, 0.46847
89, 16, -73.024, 30.527, 114.859, -714.72, 1150.57, -510.07, 103.42, 23.84, 7.11, -0.34189, -0.77685, 0.27851, 0.44950
89, 16, -73.982, 29.106, 116.987, -495.18, 1243.53, -339.42, 148.48, -1.75, -17.90, -0.33025, -0.77985, 0.30013, 0.43897
89, 15, -76.484, 30.053, 116.020, -432.68, 934.69, 30.58, 145.39, -20.51, -26.50, -0.32262, -0.77105, 0.30876, 0.45394
89, 15, -79.507, 31.684, 113.070, -344.85, 632.20, 143.55, 116.97, -18.15, -20.32, -0.32209, -0.75584, 0.30892, 0.47909
89, 17, -82.903, 33.001, 108.079, -301.51, 496.64, 152.53, 56.61, -17.91, -0.76, -0.33335, -0.73379, 0.30278, 0.50868
89, 15, -84.683, 32.512, 104.650, -298.95, 557.92, -15.93, 4.46, -21.62, 18.50, -0.34955, -0.71826, 0.30123, 0.52075
89, 15, -84.412, 32.207, 103.180, -367.68, 608.95, -142.64, -22.18, -35.01, 28.67, -0.36151, -0.71397, 0.29446, 0.52235
89, 16, -84.262, 33.742, 102.936, -423.22, 536.56, -197.39, -42.47, -52.55, 28.70, -0.35598, -0.71577, 0.28416, 0.52934
89, 16, -82.706, 35.301, 105.080, -569.40, 508.42, -415.22, -55.04, -45.83, 41.57, -0.34175, -0.72806, 0.27585, 0.52635
89, 16, -80.798, 38.556, 107.399, -953.86, 558.96, -519.04, -43.43, -26.25, 26.12, -0.31914, -0.74225, 0.25688, 0.53031
89, 15, -77.553, 40.477, 111.688, -1040.83, 780.27, -756.65, -18.00, -2.11, -15.05, -0.29617, -0.76189, 0.24509, 0.52128
89, 15, -73.949, 40.991, 117.089, -804.50, 779.60, -697.08, 21.71, 15.94, -45.61, -0.27332, -0.78304, 0.24231, 0.50342
89, 16, -71.243, 37.813, 121.715, -321.59, 617.92, -496.03, 42.70, 28.23, -36.74, -0.26803, -0.80046, 0.25869, 0.46958
89, 16, -71.134, 32.442, 122.923, -122.38, 511.66, -296.39, 45.91, 22.42, 5.23, -0.28478, -0.80415, 0.28756, 0.43538
89, 15, -72.703, 27.842, 120.996, -148.25, 534.30, -211.36, 25.46, 8.85, 47.35, -0.31326, -0.79386, 0.31220, 0.41735
89, 16, -74.134, 23.325, 118.942, -220.58, 642.27, -254.15, 18.07, 10.12, 90.88, -0.34261, -0.78094, 0.33514, 0.40054
89, 16, -75.574, 20.471, 114.844, -351.44, 789.06, -155.82, -18.30, 18.69, 127.20, -0.37786, -0.76076, 0.34358, 0.40052
89, 16, -75.464, 23.854, 110.787, -2000.00, 1999.94, 43.21, -34.98, 25.76, 45.97, -0.38997, -0.75165, 0.31195, 0.43086
89, 15, -74.367, 15.223, 111.948, 537.29, 1152.83, -582.89, -1.34, 8.93, 58.31, -0.42359, -0.74676, 0.35025, 0.37449
89, 15, -75.235, 11.343, 109.534, -172.36, 1064.33, -21.42, 47.73, -1.43, 130.99, -0.45230, -0.72790, 0.36617, 0.36264
89, 16, -76.305, 10.962, 106.728, -321.53, 985.96, 78.55, 41.01, -37.20, 101.89, -0.46804, -0.71244, 0.36568, 0.37370
89, 15, -77.884, 12.782, 103.643, -438.11, 1027.53, 140.99, 29.14, -73.07, 66.38, -0.47427, -0.69870, 0.35614, 0.40007
89, 15, -80.059, 14.808, 98.396, -500.06, 1073.61, 325.93, -15.67, -87.14, 59.72, -0.48935, -0.67465, 0.33974, 0.43584
89, 16, -80.839, 20.117, 96.264, -712.04, 844.67, -64.39, -53.22, -74.21, 33.45, -0.47605, -0.67567, 0.30773, 0.47133
89, 16, -81.057, 25.851, 94.240, -812.32, 663.39, -162.35, -100.64, -61.04, 20.15, -0.46146, -0.67898, 0.26880, 0.50377
89, 15, -80.896, 31.951, 93.464, -844.18, 675.35, -285.77, -99.74, -58.70, -38.02, -0.43842, -0.68768, 0.22964, 0.53118
89, 16, -80.815, 38.276, 90.984, -835.75, 582.52, -239.50, -147.12, -45.39, -74.52, -0.42313, -0.68864, 0.18031, 0.56055
89, 15, -78.804, 43.091, 90.536, -785.64, 662.11, -299.62, -142.46, -1.37, -118.66, -0.41191, -0.69615, 0.13707, 0.57177
89, 16, -72.042, 45.187, 95.406, -647.22, 689.03, -565.37, -131.81, 65.09, -128.11, -0.40450, -0.72240, 0.10647, 0.55062
89, 16, -65.196, 45.919, 100.546, -704.47, 674.93, -421.51, -94.27, 112.49, -115.78, -0.40020, -0.74624, 0.08243, 0.52553
89, 15, -59.461, 44.280, 104.802, -584.96, 733.34, -396.91, -80.08, 122.79, -114.09, -0.40501, -0.76560, 0.07282, 0.49448
89, 16, -54.827, 39.938, 108.122, -419.31, 838.07, -425.42, -56.44, 118.34, -91.88, -0.41977, -0.78295, 0.07893, 0.45228
89, 16, -53.200, 34.523, 108.818, -321.78, 1008.30, -429.08, -42.20, 93.09, -55.96, -0.44191, -0.78933, 0.09919, 0.41453
89, 15, -49.144, 30.189, 115.889, -208.37, 575.62, -720.03, 12.44, 96.91, -43.59, -0.42125, -0.82163, 0.11672, 0.36585
89, 16, -52.481, 24.885, 110.268, -165.47, 1558.78, 81.60, -2.29, 56.62, -16.45, -0.46818, -0.79680, 0.14913, 0.35168
89, 15, -50.616, 18.242, 120.185, 723.57, 513.61, -1877.93, 84.95, 43.62, -9.70, -0.42371, -0.83704, 0.19527, 0.28584
89, 16, -56.957, 21.268, 116.048, -1115.17, 1365.42, 1285.34, 174.22, -37.08, 23.23, -0.42642, -0.81121, 0.21574, 0.33698
89, 16, -59.334, 15.804, 117.586, 165.04, 1060.24, -667.18, 41.36, -43.08, 15.84, -0.42772, -0.80874, 0.26216, 0.30703
89, 15, -63.527, 12.934, 117.262, -321.47, 1189.76, -143.86, 144.10, -18.95, 109.47, -0.42886, -0.79441, 0.30352, 0.30473
89, 17, -67.373, 11.661, 113.636, -332.82, 1086.43, 304.69, 114.91, -31.69, 105.96, -0.44773, -0.76832, 0.32559, 0.32127
89, 15, -70.584, 9.944, 111.434, -222.35, 1075.44, 35.58, 89.77, -60.33, 106.30, -0.45961, -0.74736, 0.34846, 0.32983
89, 15, -72.721, 7.958, 110.071, -231.69, 1084.17, 40.71, 98.27, -45.62, 128.36, -0.46980, -0.73138, 0.36746, 0.33068
89, 16, -74.066, 5.727, 109.430, -242.31, 1176.03, 49.74, 110.20, -34.99, 146.22, -0.47849, -0.71958, 0.38431, 0.32489
89, 15, -75.016, 8.069, 107.573, -676.76, 1177.00, 261.47, 84.34, -44.90, 102.18, -0.47832, -0.71385, 0.37401, 0.34892
89, 15, -75.024, 12.651, 107.617, -897.22, 1299.93, -32.84, 71.59, -39.08, 38.25, -0.45982, -0.72347, 0.35247, 0.37538
89, 16, -75.510, 19.390, 106.055, -913.39, 1127.01, 178.89, 62.02, -47.59, -42.59, -0.43993, -0.72800, 0.31694, 0.41955
89, 15, -75.937, 26.950, 103.456, -656.98, 849.91, 102.11, 23.79, -34.03, -104.92, -0.42153, -0.72843, 0.27037, 0.46754
89, 16, -77.983, 32.668, 98.612, -418.03, 610.05, 147.89, -10.72, -34.22, -129.83, -0.41681, -0.71384, 0.23120, 0.51307
89, 16, -78.049, 38.584, 96.985, -452.33, 520.32, -90.09, -60.94, -27.04, -133.35, -0.39817, -0.71503, 0.19044, 0.54215
89, 16, -75.130, 41.790, 100.399, -521.85, 574.65, -381.16, -53.07, -10.82, -121.87, -0.37464, -0.73382, 0.16970, 0.54069
89, 16, -73.777, 46.371, 101.884, -768.31, 539.67, -249.15, -39.99, -1.63, -112.07, -0.34887, -0.74223, 0.14190, 0.55430
89, 15, -72.243, 48.434, 103.177, -635.38, 468.63, -226.20, -60.23, 11.99, -87.58, -0.33761, -0.74809, 0.12644, 0.55713
89, 15, -71.163, 50.276, 103.561, -664.18, 365.78, -197.27, -81.18, 18.62, -46.84, -0.33118, -0.75010, 0.11078, 0.56160
89, 16, -69.241, 50.720, 104.463, -687.74, 365.42, -271.24, -103.94, 21.73, -25.80, -0.33244, -0.75435, 0.10006, 0.55716
89, 15, -66.572, 50.261, 105.494, -737.79, 452.88, -351.32, -115.78, 23.45, -23.68, -0.34071, -0.75980, 0.08997, 0.54637
89, 17, -63.859, 48.185, 106.730, -694.89, 576.84, -441.83, -115.13, 30.11, -24.60, -0.35499, -0.76681, 0.08922, 0.52728
89, 16, -61.286, 44.012, 108.444, -573.73, 705.57, -511.29, -91.46, 43.63, -6.52, -0.37377, -0.77672, 0.10233, 0.49651
89, 15, -59.222, 39.337, 110.370, -511.05, 774.66, -542.42, -62.97, 53.70, 7.11, -0.38925, -0.78735, 0.12122, 0.46247
89, 16, -58.291, 35.059, 111.962, -462.52, 818.42, -515.01, -30.88, 46.04, 6.87, -0.39927, -0.79533, 0.14325, 0.43303
89, 15, -58.123, 29.439, 113.017, -246.46, 893.74, -485.96, -8.61, 42.24, 13.98, -0.41434, -0.79990, 0.17441, 0.39757
89, 15, -58.677, 23.968, 113.483, -178.83, 870.24, -410.16, 7.80, 33.45, 32.62, -0.42958, -0.79952, 0.20696, 0.36525
89, 16, -60.208, 23.432, 112.920, -496.15, 929.08, -379.09, 13.53, 20.80, 26.56, -0.43056, -0.79432, 0.21845, 0.36872
89, 15, -61.266, 19.210, 113.679, -160.89, 935.67, -440.86, 21.06, 3.76, 19.44, -0.43749, -0.79234, 0.24866, 0.34493
89, 16, -62.922, 16.193, 113.114, -179.81, 1002.93, -351.81, 30.20, -13.05, 28.41, -0.44739, -0.78363, 0.27279, 0.33368
89, 16, -64.863, 11.497, 113.455, 16.60, 1127.08, -396.48, 52.85, -32.59, 60.65, -0.45646, -0.77432, 0.30896, 0.31084
89, 15, -67.455, 8.817, 112.992, -138.24, 1152.83, -205.93, 88.94, -51.43, 97.37, -0.46220, -0.76105, 0.33734, 0.30557
89, 15, -70.066, 6.139, 114.554, -130.74, 1087.77, -307.37, 124.43, -73.28, 129.75, -0.45479, -0.75448, 0.37059, 0.29425
89, 16, -72.767, 4.859, 114.791, -229.98, 1012.82, -82.70, 131.36, -73.46, 150.80, -0.45106, -0.74390, 0.39435, 0.29605
89, 15, -75.204, 7.349, 114.276, -522.22, 780.21, 54.81, 114.69, -79.73, 147.26, -0.43812, -0.73852, 0.39809, 0.32276
89, 15, -77.270, 13.046, 114.560, -930.79, 739.38, 10.25, 96.57, -93.18, 109.52, -0.40647, -0.74320, 0.38744, 0.36376
89, 16, -78.511, 20.962, 114.070, -1150.82, 563.23, 107.36, 70.07, -71.33, 65.23, -0.37030, -0.74989, 0.35790, 0.41527
89, 16, -78.532, 28.276, 113.656, -1106.63, 524.96, -39.55, 32.20, -33.70, 25.72, -0.33870, -0.75712, 0.32163, 0.45673
89, 16, -76.887, 32.879, 114.846, -872.25, 584.53, -258.61, 17.05, 16.58, 13.02, -0.31536, -0.76852, 0.29295, 0.47341
89, 15, -78.138, 35.356, 110.230, -993.65, 809.14, 327.21, 7.59, 56.35, 33.37, -0.32864, -0.75405, 0.26911, 0.50098
89, 15, -79.501, 40.382, 102.348, -1149.11, 777.28, 410.95, -110.95, 39.83, -50.80, -0.34848, -0.73164, 0.21483, 0.54508
89, 17, -80.135, 45.872, 93.667, -745.12, 735.29, -15.99, -231.82, 10.18, -170.30, -0.37188, -0.70813, 0.14431, 0.58261
89, 15, -78.436, 48.317, 88.905, -543.58, 755.62, -176.94, -250.00, 9.89, -202.85, -0.39719, -0.69619, 0.09472, 0.59042
89, 15, -77.221, 46.295, 84.498, -202.15, 943.66, -76.60, -215.59, 25.69, -196.10, -0.44010, -0.67889, 0.07742, 0.58261
89, 16, -71.442, 42.439, 87.444, 142.94, 1267.94, -659.36, -167.40, 35.12, -154.72, -0.46966, -0.69059, 0.08142, 0.54395
89, 16, -68.799, 36.736, 89.546, 101.62, 1212.46, -402.47, -79.22, 18.39, -84.84, -0.49513, -0.69619, 0.11021, 0.50795
89, 16, -67.355, 32.830, 92.912, -108.15, 1062.68, -505.07, -35.08, -22.37, -55.87, -0.49768, -0.70845, 0.13945, 0.48059
89, 15, -68.755, 31.764, 93.879, -418.58, 910.71, -221.44, -0.75, -57.77, -37.35, -0.49037, -0.70968, 0.15848, 0.48039
89, 15, -68.859, 27.030, 98.429, -51.88, 1188.90, -662.41, 30.56, -60.52, 2.02, -0.48144, -0.72340, 0.20489, 0.45048
89, 16, -69.780, 19.819, 104.601, -32.53, 1216.19, -465.15, 155.56, -35.51, 107.29, -0.46803, -0.73765, 0.27287, 0.40295
89, 16, -72.287, 16.154, 107.294, -341.43, 1050.78, -33.33, 199.17, -36.70, 150.81, -0.45680, -0.73645, 0.31687, 0.38544
89, 15, -74.958, 17.105, 107.936, -696.29, 804.02, 289.00, 191.36, -39.20, 157.23, -0.43962, -0.73298, 0.33151, 0.39947
89, 16, -77.046, 22.163, 108.692, -1024.60, 635.31, 290.83, 155.46, -56.47, 115.51, -0.40520, -0.73774, 0.32270, 0.43291
89, 16, -78.759, 28.875, 108.232, -1188.66, 538.21, 233.22, 94.54, -55.55, 59.22, -0.37038, -0.74037, 0.29805, 0.47523
89, 15, -78.425, 35.072, 108.047, -1080.26, 531.74, 15.63, 34.84, -1.30, 15.69, -0.34307, -0.74677, 0.26288, 0.50550
89, 16, -77.093, 37.639, 107.559, -813.17, 672.67, -58.11, 6.85, 56.21, 14.47, -0.33959, -0.75008, 0.23838, 0.51501
89, 15, -78.716, 40.980, 101.846, -996.83, 674.68, 389.83, -35.07, 50.73, -3.56, -0.35240, -0.73201, 0.20408, 0.54619
89, 16, -82.514, 45.507, 92.495, -864.69, 681.40, 342.96, -121.79, -3.12, -94.47, -0.36880, -0.70085, 0.15512, 0.59054
89, 15, -82.241, 46.603, 88.257, -582.03, 808.84, -85.45, -170.20, -5.81, -137.68, -0.39022, -0.68845, 0.12485, 0.59848
89, 15, -78.870, 47.343, 87.575, -592.83, 924.26, -285.34, -180.04, 17.93, -141.13, -0.40799, -0.69018, 0.09649, 0.58981
89, 17, -77.014, 45.534, 84.736, -454.59, 981.26, -61.65, -163.26, 35.40, -128.33, -0.44353, -0.67906, 0.08216, 0.57915
89, 16, -74.670, 41.234, 84.111, -162.48, 1190.37, -142.88, -130.08, 27.77, -98.18, -0.47970, -0.67300, 0.09217, 0.55540
89, 15, -72.347, 35.519, 85.273, -36.87, 1132.75, -171.26, -75.39, 18.64, -40.07, -0.51011, -0.67241, 0.11969, 0.52280
89, 16, -68.626, 31.402, 91.839, -175.11, 1343.75, -786.32, -4.89, 4.99, -1.40, -0.50500, -0.70058, 0.15127, 0.48091
89, 15, -66.257, 27.686, 99.749, -390.99, 1421.33, -522.28, 140.37, 31.42, 20.55, -0.48046, -0.73413, 0.18979, 0.44066
89, 15, -64.474, 24.783, 108.382, -438.66, 1238.10, -398.99, 223.16, 51.25, 18.49, -0.44201, -0.76962, 0.22549, 0.40184
89, 16, -64.318, 22.236, 114.251, -407.29, 995.48, -221.80, 249.99, 57.17, 41.60, -0.41258, -0.78997, 0.25699, 0.37374
89, 15, -65.446, 23.615, 118.029, -541.38, 702.33, -12.02, 238.50, 36.33, 52.81, -0.37719, -0.80125, 0.27071, 0.37741
89, 17, -67.339, 27.131, 120.808, -507.51, 425.23, -60.49, 191.60, -8.34, 55.69, -0.33679, -0.80686, 0.27729, 0.39834
89, 15, -68.489, 32.001, 123.999, -665.65, 294.07, -135.50, 141.11, -11.95, 61.20, -0.28908, -0.81334, 0.27491, 0.42348
89, 15, -68.301, 35.701, 127.787, -749.69, 232.18, -248.96, 97.69, 20.44, 75.49, -0.24633, -0.82165, 0.27145, 0.43650
89, 16, -68.633, 38.667, 130.250, -755.62, 226.99, -280.40, 62.68, 16.56, 85.59, -0.21404, -0.82404, 0.27056, 0.44938
89, 16, -71.276, 41.186, 128.573, -676.82, 304.63, -185.67, 22.53, -4.81, 88.66, -0.20376, -0.81289, 0.27171, 0.47314
89, 15, -74.464, 40.890, 124.817, -647.34, 524.72, -282.41, -12.08, -5.66, 90.42, -0.21824, -0.79847, 0.27974, 0.48637
89, 16, -76.838, 37.766, 120.897, -562.07, 694.76, -322.02, -22.19, 9.02, 95.90, -0.25063, -0.78511, 0.29423, 0.48396
89, 15, -78.673, 33.742, 116.759, -468.81, 759.40, -274.72, -30.23, 11.38, 101.71, -0.29090, -0.76937, 0.30865, 0.47768
89, 16, -79.729, 29.393, 112.680, -345.34, 782.47, -219.91, -47.22, 7.24, 107.06, -0.33492, -0.75201, 0.32010, 0.46889
89, 16, -78.051, 27.186, 113.091, -1362.30, 1999.94, -1305.36, -64.08, 8.34, 120.29, -0.34952, -0.75568, 0.32152, 0.45100
89, 15, -76.572, 23.256, 112.435, -299.26, 951.90, -334.72, -7.33, 26.31, 71.40, -0.37769, -0.75334, 0.32831, 0.42665
89, 16, -75.440, 21.705, 111.272, -293.15, 845.21, -244.93, 0.76, 7.25, 42.52, -0.39644, -0.75067, 0.32410, 0.41749
89, 15, -76.162, 18.003, 106.724, -34.55, 1269.65, 177.55, 10.48, 0.20, 50.09, -0.43926, -0.72639, 0.33045, 0.41257
89, 15, -76.919, 15.759, 101.401, -175.66, 1325.99, 272.77, -21.88, -22.35, 63.26, -0.47907, -0.69861, 0.32721, 0.41877
89, 16, -78.267, 15.757, 95.182, -255.13, 1050.66, 146.67, -95.09, -75.81, 42.93, -0.51111, -0.66797, 0.31191, 0.44193
89, 15, -79.429, 18.910, 95.112, -301.45, 890.99, -258.85, -78.61, -124.01, -28.67, -0.49378, -0.67184, 0.30130, 0.46264
89, 16, -79.082, 24.194, 97.984, -586.30, 826.35, -633.06, -71.05, -105.83, -58.56, -0.45496, -0.69550, 0.28219, 0.47923
89, 16, -79.881, 29.066, 96.169, -417.11, 665.59, -85.27, -48.87, -70.20, -66.14, -0.44027, -0.69524, 0.25221, 0.50911
89, 15, -78.027, 33.235, 100.180, -852.66, 837.89, -804.02, -46.44, -61.65, -52.03, -0.40411, -0.72009, 0.23532, 0.51262
89, 16, -74.436, 37.726, 106.859, -1112.79, 859.74, -814.88, 37.01, -2.84, -77.65, -0.35563, -0.75329, 0.21736, 0.50876
89, 16, -69.884, 41.201, 114.470, -539.37, 385.86, -364.62, 63.63, 35.10, -93.74, -0.30803, -0.78424, 0.20198, 0.49929
89, 15, -65.433, 42.841, 121.535, -426.09, 204.90, -281.68, 38.51, 60.20, -36.06, -0.27046, -0.80896, 0.19323, 0.48487
89, 16, -63.254, 39.763, 125.335, -440.67, 412.05, -392.09, 13.37, 75.50, 3.37, -0.26583, -0.82413, 0.20762, 0.45502
89, 15, -63.483, 34.403, 125.580, -453.98, 742.25, -426.39, 30.31, 82.78, 28.82, -0.28589, -0.82776, 0.23419, 0.42218
89, 16, -64.215, 30.678, 124.171, -484.56, 919.37, -337.71, 39.59, 82.61, 26.11, -0.30893, -0.82376, 0.25089, 0.40377
89, 16, -65.442, 27.146, 121.677, -314.27, 942.57, -173.52, 52.01, 63.43, 18.51, -0.33711, -0.81392, 0.26679, 0.39078
89, 15, -67.956, 25.321, 116.758, -273.99, 801.76, 75.99, 42.18, 29.27, 25.28, -0.37052, -0.79207, 0.27589, 0.39903
89, 15, -71.564, 23.706, 108.294, -184.02, 649.78, 306.34, -10.41, 2.50, 40.92, -0.42151, -0.75268, 0.27780, 0.42265
89, 16, -70.750, 21.176, 106.143, -387.88, 1135.93, -204.65, -24.53, 34.54, 56.16, -0.44911, -0.74335, 0.27759, 0.41069
89, 15, -69.732, 26.275, 106.327, -886.29, 631.04, -131.59, 5.91, 17.85, 26.59, -0.43036, -0.75229, 0.24514, 0.43446
89, 15, -69.271, 30.756, 103.425, -701.17, 848.14, 20.94, -26.95, 31.09, -72.27, -0.43191, -0.74632, 0.20679, 0.46227
89, 16, -69.563, 37.166, 97.848, -892.88, 794.01, 151.67, -88.00, 46.01, -127.05, -0.43816, -0.72951, 0.14907, 0.50359
89, 16, -67.716, 42.563, 94.445, -679.26, 745.18, -196.72, -197.53, 37.57, -203.81, -0.44331, -0.72138, 0.09034, 0.52434
89, 17, -63.763, 41.361, 95.308, -174.50, 926.21, -599.00, -186.44, 16.68, -183.64, -0.46101, -0.72724, 0.07639, 0.50275
89, 15, -61.535, 35.940, 96.202, 7.93, 1061.22, -459.66, -103.46, 28.26, -96.31, -0.48800, -0.73084, 0.09807, 0.46704
89, 15, -61.125, 31.060, 95.748, -161.68, 1041.87, -230.41, -55.65, 29.68, -47.14, -0.51223, -0.72659, 0.12231, 0.44127
89, 16, -62.410, 27.892, 93.796, -267.76, 975.65, -68.24, -32.94, 2.57, -34.07, -0.53196, -0.71359, 0.14157, 0.43332
89, 15, -66.261, 29.433, 87.810, -616.09, 933.53, 301.21, -38.27, -34.58, -40.68, -0.54723, -0.68254, 0.13226, 0.46603
89, 15, -69.015, 27.124, 84.239, -276.55, 1101.38, 79.96, -66.66, -62.94, -47.30, -0.56608, -0.65835, 0.14801, 0.47352
89, 16, -70.759, 27.070, 82.825, -464.97, 1089.78, 42.72, -53.47, -73.56, -31.62, -0.56709, -0.64898, 0.15238, 0.48376
89, 16, -73.401, 23.510, 79.073, -223.27, 1106.69, 277.89, -56.65, -86.75, 17.82, -0.59075, -0.61889, 0.17339, 0.48778
89, 16, -75.128, 24.045, 80.297, -525.02, 991.52, -99.30, -39.62, -133.74, 26.55, -0.57458, -0.62365, 0.18467, 0.49681
89, 15, -78.679, 21.806, 76.776, -203.25, 700.81, 248.54, -26.33, -134.31, 30.72, -0.58656, -0.59415, 0.20197, 0.51199
89, 15, -79.061, 26.917, 80.517, -862.61, 688.05, -302.86, -16.78, -122.58, 14.90, -0.54394, -0.62507, 0.18932, 0.52686
89, 16, -78.081, 32.731, 84.114, -830.26, 521.67, -231.20, -0.76, -57.01, -0.35, -0.50281, -0.65552, 0.16479, 0.53881
89, 15, -74.859, 36.824, 89.535, -938.84, 601.68, -435.12, 0.79, -1.46, 2.94, -0.46725, -0.68946, 0.14627, 0.53379
89, 15, -71.454, 40.049, 95.142, -1082.82, 758.67, -373.90, 38.19, 39.12, -20.94, -0.43347, -0.71894, 0.13198, 0.52707
89, 17, -67.141, 36.627, 103.221, -360.66, 789.06, -409.24, 77.51, 52.61, -17.41, -0.41628, -0.75252, 0.15963, 0.48471
89, 16, -63.679, 33.033, 111.128, -511.84, 816.04, -408.63, 139.57, 93.31, 34.27, -0.39273, -0.78478, 0.18765, 0.44122
89, 15, -62.442, 32.335, 115.840, -647.83, 755.49, -227.72, 164.67, 105.89, 30.42, -0.36766, -0.80248, 0.20041, 0.42507
89, 16, -62.095, 31.364, 119.024, -592.10, 737.61, -177.43, 161.63, 99.42, 24.22, -0.35044, -0.81316, 0.21426, 0.41237
89, 15, -62.581, 29.780, 121.370, -541.14, 772.40, -213.50, 156.78, 81.47, 33.77, -0.33842, -0.81941, 0.23340, 0.39946
89, 16, -65.428, 30.105, 120.256, -557.25, 755.25, 23.50, 140.01, 30.83, 34.97, -0.33491, -0.81015, 0.24820, 0.41217
89, 15, -68.441, 30.258, 117.250, -497.68, 742.19, 91.31, 96.62, 23.14, 35.49, -0.34425, -0.79462, 0.25755, 0.42865
89, 15, -70.189, 28.976, 114.578, -416.87, 775.63, -17.76, 58.98, 31.52, 41.72, -0.36169, -0.78187, 0.26574, 0.43273
89, 16, -73.396, 27.977, 108.041, -323.06, 647.95, 218.69, 22.98, 17.41, 47.88, -0.39749, -0.75198, 0.26698, 0.45304
89, 16, -76.386, 24.387, 99.374, -148.01, 566.53, 247.86, -56.76, 0.56, 85.59, -0.45672, -0.70787, 0.27036, 0.46609
89, 15, -72.709, 25.973, 104.091, -2000.00, 1999.94, -2000.00, -44.34, 13.14, 51.31, -0.43471, -0.73698, 0.25747, 0.44899
89, 17, -73.447, 24.355, 100.793, -278.93, 981.63, 80.20, 3.28, 2.62, 11.84, -0.45977, -0.72027, 0.25789, 0.45090
89, 14, -73.940, 22.910, 96.255, -333.19, 1116.15, 195.62, -37.27, 5.15, 27.05, -0.49204, -0.69800, 0.25095, 0.45576
89, 15, -73.880, 22.794, 92.487, -405.70, 1124.63, 36.80, -75.15, -18.20, 10.54, -0.51544, -0.68135, 0.23614, 0.46295
89, 16, -77.131, 19.574, 81.848, 102.91, 784.24, 615.17, -130.89, -62.97, -4.01, -0.57528, -0.61685, 0.22955, 0.48565
89, 16, -76.249, 22.827, 86.290, -570.62, 841.00, -842.65, -105.48, -110.76, -12.31, -0.54145, -0.64807, 0.22402, 0.48647
89, 16, -78.355, 22.243, 82.728, -223.02, 866.94, 194.40, -42.76, -85.86, -10.38, -0.55456, -0.62554, 0.22388, 0.50104
89, 16, -77.225, 25.971, 87.262, -747.68, 835.02, -690.67, -67.05, -94.64, 4.73, -0.51848, -0.65747, 0.21508, 0.50264
89, 15, -75.933, 30.866, 91.088, -766.72, 680.11, -329.65, -4.16, -47.96, -16.04, -0.48026, -0.68554, 0.19541, 0.51108
89, 16, -73.905, 34.993, 95.227, -733.76, 585.21, -347.11, -0.66, -19.71, -18.96, -0.44530, -0.71124, 0.17735, 0.51419
89, 15, -72.708, 35.045, 96.974, -584.41, 793.40, -160.83, 0.92, 14.39, -0.98, -0.43948, -0.71989, 0.17736, 0.50710
89, 15, -72.306, 32.931, 96.719, -494.26, 855.71, -89.72, -8.93, 23.77, 11.65, -0.45243, -0.71731, 0.18591, 0.49619
89, 16, -69.997, 34.540, 99.747, -653.99, 700.01, -268.25, -1.99, 28.69, -3.59, -0.43598, -0.73421, 0.17511, 0.49010
89, 15, -67.292, 32.545, 104.298, -383.18, 883.85, -310.18, 50.29, 47.33, -41.15, -0.42644, -0.75426, 0.18757, 0.46266
