30, 7, -73.446, 18.706, 116.571, -304.99, 797.18, -400.33, 0.69, 1.03, 1.22, -0.38125, -0.77069, 0.34332, 0.37790
30, 27, -73.823, 18.154, 116.000, -297.18, 806.34, -386.47, 0.56, 3.17, 0.99, -0.38621, -0.76696, 0.34647, 0.37758
30, 16, -73.889, 17.962, 115.911, -292.72, 812.56, -391.78, 0.69, 2.69, 0.67, -0.38741, -0.76622, 0.34749, 0.37693
30, 15, -73.924, 18.180, 115.888, -304.69, 795.84, -386.96, 0.11, 1.57, -1.15, -0.38651, -0.76631, 0.34666, 0.37842
30, 16, -73.950, 18.403, 115.964, -310.85, 792.97, -394.35, -0.96, 1.15, -0.79, -0.38496, -0.76678, 0.34607, 0.37960
30, 15, -74.024, 18.645, 115.885, -311.28, 778.20, -381.23, -2.19, 1.79, -0.30, -0.38420, -0.76659, 0.34520, 0.38153
30, 15, -74.090, 18.544, 115.702, -292.24, 761.78, -371.83, -5.91, 3.03, 1.79, -0.38564, -0.76565, 0.34549, 0.38170
30, 15, -74.181, 18.497, 115.296, -291.32, 745.24, -355.96, -10.96, 4.02, 5.80, -0.38825, -0.76395, 0.34496, 0.38295
30, 15, -74.077, 18.200, 115.287, -303.34, 792.11, -408.39, -16.76, 5.07, 9.52, -0.38994, -0.76384, 0.34560, 0.38087
30, 15, -73.847, 17.643, 115.340, -292.85, 828.43, -419.62, -13.76, 7.02, 11.19, -0.39272, -0.76399, 0.34678, 0.37662
30, 17, -73.747, 16.810, 114.878, -269.29, 860.17, -398.07, -13.28, 7.18, 12.32, -0.39966, -0.76156, 0.34840, 0.37271
30, 15, -73.532, 16.368, 114.581, -281.25, 887.27, -400.15, -8.21, 8.13, 11.15, -0.40420, -0.76055, 0.34803, 0.37023
30, 15, -73.241, 16.272, 114.589, -255.49, 845.03, -378.48, 0.24, 3.73, -2.59, -0.40548, -0.76132, 0.34656, 0.36860
30, 16, -73.087, 16.470, 114.432, -245.67, 841.37, -359.92, 5.87, -3.18, -15.79, -0.40619, -0.76151, 0.34412, 0.36971
30, 15, -73.494, 14.390, 112.964, -58.65, 958.98, -298.28, 2.20, -12.98, -15.84, -0.42321, -0.75186, 0.35167, 0.36322
30, 16, -74.211, 11.361, 111.739, 26.31, 992.86, -326.23, -9.49, -27.92, 17.07, -0.44130, -0.73980, 0.36641, 0.35170
30, 15, -74.984, 9.216, 111.987, -19.41, 933.78, -401.92, -11.99, -45.56, 39.95, -0.44599, -0.73415, 0.38184, 0.34104
30, 15, -76.276, 5.425, 110.730, 151.06, 1021.00, -267.40, -0.82, -51.22, 54.98, -0.46521, -0.71666, 0.40321, 0.32770
30, 17, -77.368, 2.967, 110.129, 92.47, 1003.97, -245.24, 11.94, -65.61, 71.56, -0.47544, -0.70444, 0.41905, 0.31957
30, 15, -78.702, 0.331, 108.753, 155.03, 941.22, -68.12, 26.34, -73.17, 89.98, -0.49024, -0.68684, 0.43474, 0.31451
30, 15, -80.186, 2.860, 110.332, -190.73, 885.80, -283.08, 21.76, -96.24, 86.85, -0.46664, -0.69447, 0.43729, 0.32976
30, 16, -81.883, 6.901, 112.182, -393.68, 917.36, -339.23, 35.74, -99.04, 77.32, -0.43348, -0.70525, 0.43592, 0.35312
30, 15, -83.339, 11.043, 113.430, -493.10, 857.36, -293.21, 46.03, -76.29, 77.65, -0.40285, -0.71362, 0.43114, 0.37759
30, 15, -85.177, 13.733, 112.240, -323.79, 692.87, -141.05, 27.51, -65.66, 76.10, -0.39162, -0.70834, 0.42672, 0.40349
30, 16, -85.817, 18.202, 113.983, -643.43, 713.07, -398.86, 19.54, -50.49, 61.38, -0.35715, -0.72048, 0.41710, 0.42353
30, 15, -85.737, 21.951, 116.454, -634.28, 676.70, -477.11, 19.92, -23.54, 38.94, -0.32330, -0.73435, 0.40905, 0.43461
30, 17, -85.712, 24.299, 117.808, -543.82, 705.69, -433.65, 16.33, -11.93, 19.63, -0.30289, -0.74145, 0.40354, 0.44234
30, 15, -85.675, 26.651, 119.028, -561.34, 684.39, -435.12, 14.60, -10.70, 4.07, -0.28313, -0.74757, 0.39747, 0.45055
30, 15, -85.665, 26.646, 119.727, -428.89, 737.00, -432.50, 13.46, -1.65, -5.91, -0.27863, -0.74931, 0.40017, 0.44807
30, 16, -86.150, 24.130, 118.729, -305.42, 828.19, -377.32, 9.35, 12.99, 14.78, -0.29610, -0.74208, 0.41067, 0.43931
30, 15, -86.065, 21.345, 118.106, -278.44, 820.74, -388.18, 4.40, 25.02, 36.78, -0.31449, -0.73685, 0.42005, 0.42626
30, 15, -86.938, 22.750, 114.134, -630.74, 941.10, -33.26, -3.76, 31.51, 42.43, -0.32944, -0.72472, 0.40411, 0.45049
30, 16, -86.400, 26.346, 110.483, -755.19, 890.26, -119.57, -57.16, 38.31, -18.55, -0.33655, -0.72162, 0.36887, 0.47953
30, 15, -85.997, 33.997, 104.513, -1174.99, 786.44, 138.67, -106.66, 40.92, -109.91, -0.33680, -0.71646, 0.30095, 0.53168
30, 16, -82.672, 39.603, 101.503, -695.92, 824.58, -180.97, -170.79, 72.01, -250.00, -0.34260, -0.72214, 0.23525, 0.55299
30, 16, -79.804, 40.843, 98.744, -479.19, 914.73, -153.38, -174.83, 59.13, -250.00, -0.36752, -0.72024, 0.19686, 0.55446
30, 15, -78.080, 39.693, 95.242, -250.00, 1051.51, -131.59, -182.80, 31.51, -250.00, -0.40342, -0.71008, 0.17588, 0.54964
30, 17, -77.967, 36.631, 90.218, 84.11, 837.10, -80.02, -206.15, -12.55, -250.00, -0.44943, -0.68765, 0.16932, 0.54451
30, 15, -73.427, 31.209, 93.468, 331.42, 1321.29, -801.94, -125.06, 35.37, -121.38, -0.47537, -0.70018, 0.18872, 0.49815
30, 15, -71.179, 27.149, 94.957, -200.68, 1032.90, -309.81, -52.58, 39.53, -41.40, -0.49329, -0.70464, 0.20478, 0.46714
30, 16, -68.227, 24.864, 98.160, -96.80, 986.15, -451.05, -48.95, 20.08, -44.21, -0.49445, -0.72071, 0.21205, 0.43718
30, 16, -66.661, 22.036, 100.526, -105.96, 1012.82, -356.63, -10.62, 10.33, -13.15, -0.49647, -0.73030, 0.22657, 0.41090
30, 15, -65.705, 21.424, 103.345, -304.20, 919.19, -404.54, 0.60, -9.24, 3.84, -0.48409, -0.74352, 0.23368, 0.39777
30, 16, -63.893, 16.363, 109.694, -25.02, 1123.35, -738.53, 83.47, 34.07, 59.54, -0.46705, -0.76788, 0.26838, 0.34668
30, 15, -63.595, 14.271, 114.367, -368.77, 1090.64, -403.20, 150.69, 35.84, 87.72, -0.44383, -0.78474, 0.29001, 0.32108
30, 15, -63.807, 13.592, 119.694, -429.87, 1035.34, -491.94, 175.69, 25.86, 80.18, -0.40879, -0.80327, 0.30904, 0.30356
30, 16, -64.614, 13.860, 124.576, -470.76, 873.78, -418.33, 203.99, 30.87, 85.49, -0.37115, -0.81790, 0.32638, 0.29454
30, 15, -65.999, 14.617, 128.397, -442.63, 698.43, -333.13, 197.88, 28.24, 86.25, -0.33731, -0.82629, 0.34314, 0.29278
30, 17, -68.836, 17.180, 129.737, -554.14, 590.82, -162.66, 165.93, 16.33, 85.98, -0.30995, -0.82321, 0.35734, 0.31394
30, 16, -71.509, 20.213, 129.404, -518.37, 527.10, -156.86, 112.46, 1.34, 63.80, -0.29190, -0.81575, 0.36386, 0.34197
30, 15, -74.296, 24.094, 127.100, -539.31, 476.99, -56.09, 70.06, -3.27, 44.27, -0.28216, -0.80323, 0.36078, 0.38086
30, 16, -77.022, 26.379, 123.410, -467.29, 518.62, -82.40, 24.86, 2.24, 35.94, -0.28773, -0.78678, 0.35724, 0.41300
30, 15, -80.195, 27.189, 117.884, -421.75, 597.66, -47.42, -16.02, -4.12, 40.44, -0.30936, -0.76314, 0.35443, 0.44305
30, 15, -83.397, 27.573, 111.180, -455.75, 698.85, -10.56, -58.27, -14.27, 45.06, -0.33848, -0.73481, 0.34668, 0.47466
30, 16, -85.435, 25.812, 104.926, -342.83, 805.79, -81.42, -94.61, -11.44, 46.46, -0.37793, -0.70639, 0.34198, 0.49116
30, 15, -85.048, 22.281, 102.472, -300.42, 1236.57, -391.60, -112.98, -4.10, 57.73, -0.41160, -0.69233, 0.34727, 0.48028
30, 16, -83.523, 20.852, 105.182, -327.03, 924.44, -385.25, 4.03, 15.88, 38.75, -0.40808, -0.70385, 0.35633, 0.45946
30, 16, -83.839, 19.129, 102.648, -166.08, 995.42, -20.39, 1.75, 6.55, 5.04, -0.43022, -0.69005, 0.35674, 0.45986
30, 15, -84.763, 17.955, 99.003, -167.36, 1141.72, 43.09, -30.74, -20.81, 6.04, -0.45348, -0.67045, 0.35345, 0.46896
30, 16, -85.593, 18.632, 95.909, -291.02, 1142.27, -60.30, -56.14, -45.88, -2.71, -0.46488, -0.65720, 0.34185, 0.48488
30, 15, -86.864, 19.907, 89.731, -266.36, 887.45, 161.01, -113.87, -32.66, -10.64, -0.48836, -0.63123, 0.31517, 0.51353
30, 15, -85.146, 21.403, 94.722, -256.47, 865.30, -762.88, -73.78, -41.16, -33.48, -0.46104, -0.66056, 0.31935, 0.49912
30, 16, -86.017, 23.322, 90.705, -289.25, 717.29, 104.19, -50.10, -11.62, -28.66, -0.47129, -0.64662, 0.29586, 0.52177
30, 15, -84.665, 25.141, 95.660, -354.61, 872.74, -547.91, -12.18, -37.15, -52.99, -0.44037, -0.67413, 0.30033, 0.51130
30, 15, -83.907, 28.724, 98.244, -502.69, 754.76, -194.03, 21.84, -15.25, -44.94, -0.41129, -0.69285, 0.28780, 0.51766
30, 17, -82.838, 29.400, 102.084, -425.96, 833.98, -487.18, 5.42, -33.13, -39.80, -0.38928, -0.71014, 0.29477, 0.50722
30, 15, -81.797, 29.262, 107.810, -599.73, 1124.94, -697.45, 82.57, -21.41, -22.72, -0.35845, -0.73140, 0.31381, 0.48796
30, 16, -82.018, 28.104, 111.749, -450.07, 1063.17, -432.74, 113.95, -17.34, -21.07, -0.33789, -0.74128, 0.33754, 0.47160
30, 16, -83.810, 25.998, 112.714, -261.17, 903.44, -166.63, 129.76, -16.38, -7.10, -0.33475, -0.73592, 0.36326, 0.46305
30, 15, -86.476, 25.133, 111.538, -265.14, 849.85, 5.74, 121.99, -24.62, 6.29, -0.33570, -0.72257, 0.37958, 0.47024
30, 16, -89.740, 24.194, 109.315, -211.00, 828.06, 40.77, 98.65, -48.87, 16.03, -0.34072, -0.70335, 0.39516, 0.48276
30, 15, -93.316, 24.565, 106.591, -281.49, 798.95, 21.30, 67.97, -73.56, 22.66, -0.33988, -0.68354, 0.40326, 0.50461
30, 15, -96.969, 25.372, 104.237, -295.47, 728.03, -91.61, 40.97, -94.43, 22.13, -0.33302, -0.66546, 0.41022, 0.52725
30, 17, -99.099, 27.932, 104.966, -398.74, 621.34, -214.97, 27.07, -96.51, 21.37, -0.30499, -0.66572, 0.41340, 0.54121
30, 15, -100.995, 32.414, 104.999, -545.78, 481.32, -173.22, 13.18, -78.50, 22.40, -0.27066, -0.66888, 0.40229, 0.56347
30, 15, -101.789, 35.536, 104.558, -571.04, 463.68, -212.77, -36.16, -47.07, 28.40, -0.25149, -0.67159, 0.38890, 0.57834
30, 16, -100.838, 35.200, 105.801, -584.35, 625.37, -450.68, -63.90, -27.03, 45.62, -0.25087, -0.67689, 0.39125, 0.57080
30, 15, -99.457, 32.547, 107.439, -536.62, 844.97, -620.48, -63.29, -11.60, 64.52, -0.26302, -0.68025, 0.40444, 0.55182
30, 16, -98.268, 30.351, 109.146, -507.08, 830.99, -591.06, -48.03, -8.19, 68.94, -0.27084, -0.68428, 0.41626, 0.53398
30, 15, -96.972, 28.901, 111.189, -432.92, 714.60, -522.95, -35.35, -5.39, 59.84, -0.27260, -0.69118, 0.42484, 0.51718
30, 15, -95.919, 27.917, 112.981, -398.13, 634.52, -441.96, -28.34, -2.34, 51.84, -0.27188, -0.69761, 0.43108, 0.50357
30, 18, -94.803, 26.874, 114.635, -374.45, 631.71, -455.26, -28.45, 3.65, 51.81, -0.27234, -0.70398, 0.43626, 0.48982
30, 15, -93.891, 25.151, 115.865, -363.10, 710.33, -487.55, -27.03, 8.90, 64.13, -0.27798, -0.70754, 0.44366, 0.47464
30, 15, -93.047, 23.944, 116.121, -343.20, 866.46, -415.28, 0.40, 12.66, 25.53, -0.28636, -0.70941, 0.44490, 0.46563
30, 16, -92.635, 22.482, 115.691, -299.38, 834.66, -380.80, -7.21, 4.12, 38.51, -0.29847, -0.70737, 0.44711, 0.45894
30, 15, -92.153, 21.039, 115.612, -311.83, 817.69, -359.07, 7.63, 14.27, 66.57, -0.30847, -0.70644, 0.45020, 0.45068
30, 15, -91.635, 19.812, 115.969, -296.69, 834.41, -379.94, 12.91, 8.35, 67.34, -0.31470, -0.70717, 0.45375, 0.44157
30, 16, -92.158, 21.046, 115.411, -475.28, 812.87, -247.74, 37.19, 2.54, 81.31, -0.30966, -0.70589, 0.44941, 0.45152
30, 15, -92.722, 22.545, 115.091, -509.83, 806.70, -296.02, 26.83, 0.06, 68.62, -0.30149, -0.70558, 0.44495, 0.46183
30, 17, -91.774, 21.466, 117.749, -393.19, 745.54, -478.45, 32.43, 25.46, 77.58, -0.29446, -0.71431, 0.45432, 0.44344
30, 15, -91.377, 21.180, 117.040, -456.67, 839.11, -275.15, 33.40, 52.00, 78.45, -0.30192, -0.71354, 0.45034, 0.44372
30, 15, -87.891, 19.752, 123.894, -330.20, 443.42, -665.53, 42.72, 75.33, 67.09, -0.27861, -0.74254, 0.45941, 0.39994
30, 16, -86.514, 20.785, 122.586, -621.46, 886.90, -210.08, 40.47, 94.79, 39.67, -0.28669, -0.74613, 0.44164, 0.40750
30, 15, -84.461, 21.103, 122.030, -499.76, 902.22, -283.87, 45.78, 100.76, 5.06, -0.29602, -0.75289, 0.42491, 0.40618
30, 15, -81.723, 25.742, 121.880, -831.30, 787.54, -175.60, 37.43, 91.52, -62.27, -0.28397, -0.76723, 0.38630, 0.42602
30, 16, -78.714, 24.050, 119.746, -209.05, 1045.23, -187.07, 7.00, 112.76, -121.33, -0.31752, -0.76991, 0.36575, 0.41550
30, 16, -76.164, 28.828, 116.238, -749.76, 801.94, 94.73, -6.90, 114.85, -124.59, -0.32819, -0.77167, 0.31333, 0.44569
30, 16, -73.660, 30.143, 112.515, -407.47, 1083.25, -44.98, -47.41, 99.08, -203.83, -0.35694, -0.76792, 0.27545, 0.45500
30, 16, -71.392, 30.919, 108.522, -218.81, 1074.89, -2.50, -60.67, 85.12, -248.31, -0.38912, -0.76057, 0.24040, 0.46078
30, 15, -69.412, 30.069, 104.572, -13.67, 1171.45, -39.67, -83.74, 68.88, -250.00, -0.42684, -0.74980, 0.21603, 0.45710
30, 16, -68.190, 27.907, 100.705, 143.43, 1257.14, -126.16, -103.04, 36.94, -216.83, -0.46593, -0.73497, 0.20466, 0.44815
30, 15, -67.905, 23.546, 96.469, 265.50, 1311.40, -49.80, -95.97, 23.62, -127.89, -0.51151, -0.71211, 0.21106, 0.43210
30, 15, -69.004, 20.137, 90.351, 143.01, 1205.57, 118.41, -122.92, -11.56, -82.14, -0.55763, -0.67597, 0.21435, 0.43147
30, 16, -68.636, 16.775, 91.955, 202.03, 1170.23, -549.80, -90.70, -39.66, -35.93, -0.56198, -0.67815, 0.23759, 0.40969
30, 15, -69.042, 14.560, 91.085, -5.37, 903.50, -5.68, -56.24, -51.92, -4.05, -0.57362, -0.66847, 0.24962, 0.40223
30, 16, -69.175, 15.672, 97.017, -237.73, 893.25, -618.84, -10.83, -88.91, 2.66, -0.53372, -0.69906, 0.26482, 0.39539
30, 16, -69.838, 16.542, 101.476, -250.24, 820.25, -377.26, 31.68, -78.75, 17.58, -0.50056, -0.71917, 0.27957, 0.39253
30, 15, -70.331, 17.416, 107.441, -378.30, 731.87, -620.54, 40.37, -74.20, 55.15, -0.45736, -0.74426, 0.29845, 0.38448
30, 15, -71.026, 18.662, 113.339, -523.62, 681.34, -658.81, 65.44, -59.84, 80.32, -0.41111, -0.76644, 0.31662, 0.37858
30, 17, -71.261, 20.049, 120.192, -787.11, 685.79, -831.42, 106.12, -21.59, 99.21, -0.35796, -0.79025, 0.33423, 0.36830
30, 15, -71.559, 22.258, 126.232, -845.46, 731.93, -751.77, 134.27, -5.73, 65.92, -0.30536, -0.80847, 0.34624, 0.36503
30, 16, -73.713, 21.476, 129.525, -361.33, 599.18, -412.05, 149.06, 8.74, 63.67, -0.27879, -0.80965, 0.37494, 0.35520
30, 16, -76.115, 24.361, 130.969, -585.39, 502.93, -235.41, 137.22, 1.97, 69.53, -0.24777, -0.80637, 0.38523, 0.37413
30, 15, -79.678, 28.184, 128.153, -548.83, 472.05, 10.01, 88.29, -8.61, 45.24, -0.23679, -0.78997, 0.38498, 0.41433
30, 16, -83.209, 29.064, 123.178, -416.50, 573.97, -40.71, 24.87, 0.72, 37.56, -0.25298, -0.76792, 0.38660, 0.44366
30, 15, -86.753, 26.222, 115.816, -244.26, 796.51, 60.91, -23.66, 12.97, 53.10, -0.30182, -0.73512, 0.39362, 0.46214
30, 15, -88.709, 21.304, 108.842, -88.50, 1065.92, 61.46, -62.05, 18.50, 74.05, -0.36249, -0.69992, 0.40070, 0.46707
30, 16, -87.749, 20.499, 108.961, -563.84, 1705.87, -705.20, -42.69, -1.39, 45.03, -0.36964, -0.70204, 0.39914, 0.45956
30, 15, -88.893, 17.659, 104.886, -3.42, 1188.90, 69.52, -9.10, -17.04, 30.49, -0.40341, -0.67811, 0.40320, 0.46353
30, 15, -89.254, 17.451, 102.940, -247.62, 1092.22, -160.52, -10.67, -30.33, 24.32, -0.41437, -0.66940, 0.39840, 0.47062
30, 17, -90.945, 17.016, 96.594, -160.89, 973.33, 302.73, -48.20, -28.37, 28.12, -0.44553, -0.63865, 0.38344, 0.49659
30, 15, -89.433, 18.722, 99.609, -372.25, 996.09, -562.44, -58.31, -21.58, 8.71, -0.42688, -0.65975, 0.37917, 0.48860
30, 16, -90.654, 19.578, 94.353, -201.48, 718.26, 160.52, -52.89, -21.26, 3.17, -0.44726, -0.63805, 0.35868, 0.51401
30, 15, -89.520, 21.910, 99.608, -377.14, 800.17, -759.22, -38.83, -56.70, -20.04, -0.41118, -0.66735, 0.36342, 0.50349
30, 15, -89.143, 27.652, 101.999, -704.65, 597.41, -351.75, -13.45, -45.05, -18.26, -0.37020, -0.68922, 0.34214, 0.52046
30, 16, -87.217, 30.054, 106.643, -595.46, 612.55, -745.36, -36.67, -36.99, -25.83, -0.33819, -0.71354, 0.33884, 0.51154
30, 15, -85.597, 32.576, 109.319, -739.26, 611.08, -490.54, -26.27, -0.87, -8.80, -0.31561, -0.72939, 0.32769, 0.51088
30, 15, -83.452, 33.125, 110.761, -613.65, 685.24, -412.48, -45.65, 30.10, -18.50, -0.31305, -0.74000, 0.31753, 0.50356
30, 18, -81.766, 36.388, 110.434, -796.57, 657.59, -308.90, -63.97, 33.36, -60.74, -0.30605, -0.74655, 0.28842, 0.51556
30, 15, -80.019, 41.104, 109.519, -869.69, 618.77, -229.80, -76.00, 33.00, -124.87, -0.29594, -0.75123, 0.24807, 0.53529
30, 16, -78.403, 41.999, 108.292, -610.23, 728.03, -209.78, -80.67, 34.91, -165.94, -0.30699, -0.75175, 0.22693, 0.53771
30, 15, -76.521, 41.472, 106.985, -534.61, 824.89, -179.87, -79.38, 50.06, -172.52, -0.32700, -0.75152, 0.21134, 0.53257
30, 15, -75.023, 37.545, 104.549, -127.26, 1068.12, -139.34, -88.58, 47.14, -179.07, -0.36898, -0.74478, 0.21187, 0.51407
30, 16, -74.234, 31.509, 101.738, 62.62, 1208.98, -113.04, -70.84, 43.43, -101.49, -0.41886, -0.73136, 0.22766, 0.48769
30, 16, -74.496, 25.365, 99.657, 71.41, 1242.37, -153.69, -38.60, 8.08, -27.27, -0.45834, -0.71488, 0.25443, 0.46275
30, 15, -75.302, 25.100, 97.357, -332.76, 964.72, -20.45, -11.18, -14.67, -19.83, -0.47045, -0.70336, 0.25152, 0.46979
30, 17, -75.275, 23.743, 98.125, -238.83, 1120.54, -182.74, 0.09, -25.05, -19.32, -0.47171, -0.70431, 0.26198, 0.46131
30, 15, -73.992, 21.463, 102.802, -270.75, 1308.53, -504.52, 55.97, -3.26, 26.77, -0.45734, -0.72260, 0.28454, 0.43327
30, 15, -74.015, 17.714, 106.144, -175.60, 1294.43, -182.07, 135.31, 3.21, 57.20, -0.45182, -0.72970, 0.31619, 0.40426
30, 16, -74.820, 14.302, 107.823, -159.30, 1143.07, 34.30, 160.22, 4.43, 98.90, -0.45246, -0.72803, 0.34390, 0.38339
30, 15, -75.729, 12.572, 109.093, -326.97, 1133.24, 105.59, 161.67, 1.34, 131.25, -0.44849, -0.72697, 0.36213, 0.37312
30, 16, -76.713, 11.458, 110.533, -371.22, 1121.40, 74.46, 160.80, -6.23, 143.02, -0.44079, -0.72721, 0.37821, 0.36582
30, 15, -78.524, 11.741, 111.667, -456.18, 1071.47, 96.92, 160.03, -36.37, 144.77, -0.42659, -0.72598, 0.39204, 0.37052
30, 15, -81.785, 14.512, 111.905, -604.74, 935.42, 63.84, 135.35, -72.51, 120.25, -0.40197, -0.72101, 0.40090, 0.39728
30, 17, -84.811, 18.750, 112.418, -579.35, 643.98, -44.98, 107.80, -82.05, 100.11, -0.36808, -0.72012, 0.40247, 0.42890
30, 15, -87.629, 23.557, 113.252, -604.74, 502.62, -133.06, 80.83, -80.27, 91.08, -0.32817, -0.72107, 0.40124, 0.45974
30, 15, -90.125, 27.849, 114.148, -626.16, 455.08, -221.56, 52.12, -73.36, 85.04, -0.29001, -0.72139, 0.40055, 0.48481
30, 16, -91.921, 30.328, 115.850, -545.59, 461.55, -336.73, 34.80, -66.12, 76.05, -0.25830, -0.72258, 0.40750, 0.49508
30, 16, -93.651, 31.680, 117.906, -449.40, 442.93, -382.32, 30.73, -77.88, 63.04, -0.23042, -0.72242, 0.42101, 0.49776
30, 15, -95.504, 33.896, 119.588, -523.01, 473.51, -413.39, 31.68, -86.68, 43.81, -0.19924, -0.72124, 0.42981, 0.50535
30, 16, -97.267, 37.015, 120.651, -597.23, 488.77, -393.37, 30.88, -83.18, 18.05, -0.16676, -0.71946, 0.43118, 0.51832
30, 15, -98.663, 38.145, 122.138, -546.33, 539.49, -466.06, 22.51, -74.20, -5.26, -0.14449, -0.71717, 0.44142, 0.51956
30, 17, -99.392, 37.353, 123.701, -543.70, 680.05, -628.72, 15.05, -58.88, 1.53, -0.13612, -0.71556, 0.45663, 0.51082
30, 15, -99.179, 35.933, 125.726, -667.24, 818.18, -783.81, 16.94, -20.65, 20.31, -0.13279, -0.71762, 0.47055, 0.49595
30, 15, -97.787, 33.221, 128.076, -628.17, 862.30, -815.06, 18.66, 33.00, 35.29, -0.13983, -0.72406, 0.48342, 0.47169
30, 16, -95.382, 29.715, 130.540, -554.02, 824.89, -785.03, 18.89, 81.62, 45.95, -0.15398, -0.73475, 0.49233, 0.44049
30, 15, -92.785, 24.676, 132.514, -263.00, 664.25, -580.93, 33.20, 105.57, 44.30, -0.17915, -0.74479, 0.50231, 0.40109
30, 15, -90.181, 20.339, 133.535, -215.33, 609.86, -486.63, 40.73, 109.74, 40.49, -0.20485, -0.75394, 0.50448, 0.36757
30, 17, -87.789, 17.650, 133.191, -202.39, 560.55, -389.83, 39.21, 104.19, 33.31, -0.22878, -0.76097, 0.49702, 0.34864
30, 15, -86.207, 15.476, 131.237, -175.23, 559.94, -308.35, 23.16, 85.74, 30.78, -0.25764, -0.76110, 0.48823, 0.34056
30, 16, -84.759, 14.912, 128.862, -278.87, 660.28, -359.62, -9.35, 81.29, 37.62, -0.28055, -0.76087, 0.47353, 0.34371
30, 16, -83.228, 13.902, 125.956, -284.55, 778.32, -380.37, -25.35, 85.72, 38.88, -0.30932, -0.75820, 0.45839, 0.34545
30, 15, -80.608, 13.517, 123.915, -387.70, 849.55, -429.20, -29.42, 118.29, 35.28, -0.33255, -0.76214, 0.43634, 0.34373
30, 16, -78.017, 10.937, 120.789, -212.59, 900.27, -302.92, -23.10, 128.36, 35.82, -0.37251, -0.75813, 0.42015, 0.33157
30, 15, -75.182, 9.334, 115.869, -223.82, 872.68, -65.12, -34.74, 137.40, 32.44, -0.41982, -0.74838, 0.39396, 0.32936
30, 15, -73.084, 6.400, 111.901, 25.45, 1080.02, -232.85, -58.75, 75.23, 14.19, -0.46300, -0.73446, 0.38198, 0.31668
30, 16, -72.449, 3.854, 111.887, 161.19, 1372.19, -584.29, -24.75, 1.39, 15.93, -0.47433, -0.73114, 0.38911, 0.29840
30, 15, -74.868, 6.228, 107.224, -129.33, 1158.87, 110.53, 0.21, -92.35, -2.03, -0.48801, -0.70873, 0.38063, 0.33862
30, 16, -77.653, 7.250, 103.581, 18.80, 1142.15, -83.56, -43.69, -124.59, -17.91, -0.49765, -0.68624, 0.38151, 0.36861
30, 15, -80.493, 7.824, 99.239, 27.71, 1090.58, 44.62, -58.77, -121.06, -7.79, -0.51137, -0.65916, 0.38084, 0.39871
30, 15, -82.575, 9.412, 98.135, -61.95, 1057.56, -177.25, -72.13, -119.87, -13.77, -0.50384, -0.65171, 0.38089, 0.41993
30, 15, -84.200, 11.511, 100.267, -139.04, 973.69, -664.61, -100.45, -118.64, -15.50, -0.47679, -0.66108, 0.38768, 0.43053
30, 16, -86.935, 12.340, 98.774, -25.82, 809.75, -133.48, -55.80, -134.74, -31.17, -0.47118, -0.64785, 0.39345, 0.45109
30, 15, -87.598, 16.606, 103.435, -452.51, 727.29, -836.85, -55.16, -104.23, -13.23, -0.42219, -0.67487, 0.39481, 0.45872
30, 16, -88.457, 21.544, 105.905, -479.37, 650.27, -385.07, -2.99, -82.98, -18.38, -0.38018, -0.69175, 0.38590, 0.47752
30, 15, -87.287, 25.912, 110.845, -667.36, 545.78, -666.32, -4.42, -37.85, -14.21, -0.33276, -0.71910, 0.37806, 0.47879
30, 17, -85.829, 27.629, 115.081, -583.19, 631.16, -621.09, 12.55, -7.87, -17.88, -0.30310, -0.73811, 0.37812, 0.46941
30, 16, -85.634, 25.231, 115.238, -371.34, 818.12, -394.41, -2.62, 24.26, 9.35, -0.31505, -0.73604, 0.38871, 0.45595
30, 15, -83.080, 26.612, 119.519, -594.91, 676.64, -649.05, 18.59, 34.84, -34.46, -0.29021, -0.75758, 0.38252, 0.44218
30, 15, -80.676, 25.044, 124.087, -405.21, 763.73, -666.87, 56.89, 53.54, -38.22, -0.27637, -0.77558, 0.39034, 0.41199
30, 16, -79.679, 22.464, 126.758, -315.73, 821.84, -551.27, 80.70, 51.79, -27.73, -0.27417, -0.78337, 0.40355, 0.38512
30, 15, -79.425, 20.833, 127.771, -335.57, 782.04, -430.60, 93.06, 56.56, -17.20, -0.27587, -0.78534, 0.41166, 0.37104
30, 15, -79.199, 18.858, 127.466, -259.40, 778.20, -328.37, 85.21, 64.83, -12.13, -0.28802, -0.78359, 0.41689, 0.35948
30, 16, -79.171, 17.577, 124.376, -211.12, 756.04, -96.07, 64.26, 64.74, -10.92, -0.31510, -0.77418, 0.41204, 0.36274
30, 16, -78.852, 15.250, 119.929, -95.64, 785.64, -10.38, 26.50, 68.70, -8.31, -0.35653, -0.75918, 0.40537, 0.36360
30, 16, -78.864, 12.828, 113.892, -11.90, 749.76, 90.33, -12.93, 44.64, 0.05, -0.40661, -0.73499, 0.39655, 0.37042
30, 15, -79.129, 12.129, 106.790, -96.50, 723.27, 149.23, -59.47, 22.86, 16.27, -0.45341, -0.70602, 0.37781, 0.39143
30, 15, -77.447, 10.628, 106.509, -212.40, 1999.94, -711.18, -59.52, 30.34, 30.66, -0.46701, -0.70714, 0.37363, 0.37716
30, 16, -76.476, 12.276, 108.710, -281.92, 845.76, -377.32, 5.06, 1.21, 17.54, -0.44970, -0.72252, 0.36700, 0.37556
30, 15, -75.431, 21.784, 106.310, -1056.21, 754.21, -65.67, -53.18, 3.65, -93.10, -0.42826, -0.73294, 0.30526, 0.43152
30, 15, -74.172, 28.247, 104.161, -651.06, 829.96, -206.36, -73.46, 17.94, -145.71, -0.41837, -0.73669, 0.25504, 0.46605
30, 16, -72.549, 36.062, 100.722, -809.94, 743.59, -87.40, -100.73, 45.41, -195.30, -0.41171, -0.73497, 0.18710, 0.50527
30, 16, -67.700, 37.490, 102.861, -392.27, 768.74, -418.40, -113.08, 55.56, -226.93, -0.41240, -0.75078, 0.15696, 0.49154
30, 15, -62.641, 33.669, 105.246, 11.78, 942.50, -531.37, -102.47, 69.47, -200.29, -0.43392, -0.76524, 0.15438, 0.44977
30, 16, -60.682, 32.187, 103.965, -378.36, 879.64, -250.00, -75.97, 63.60, -142.84, -0.45605, -0.76240, 0.14448, 0.43577
30, 15, -58.909, 28.303, 102.860, -77.88, 905.33, -308.47, -83.21, 43.24, -129.94, -0.48499, -0.75860, 0.15002, 0.40841
30, 17, -58.445, 25.397, 101.600, -203.49, 950.99, -281.19, -54.63, 21.13, -80.38, -0.50566, -0.75211, 0.15862, 0.39177
30, 15, -58.251, 22.763, 101.325, -166.75, 931.09, -326.60, -40.23, 2.60, -62.57, -0.51752, -0.74920, 0.17100, 0.37635
30, 15, -58.077, 19.800, 101.260, -83.13, 1061.95, -282.71, -21.00, -4.44, -36.04, -0.52873, -0.74651, 0.18597, 0.35860
30, 17, -58.333, 18.980, 101.805, -259.95, 937.07, -246.52, -1.14, -15.85, -6.84, -0.52715, -0.74777, 0.19382, 0.35410
30, 15, -59.308, 21.772, 102.034, -489.20, 818.18, -191.10, 12.67, -33.13, -8.74, -0.51291, -0.74989, 0.18568, 0.37432
30, 15, -60.988, 23.792, 99.316, -514.10, 909.00, -24.96, -1.06, -20.57, -11.42, -0.51761, -0.73689, 0.17623, 0.39752
30, 16, -62.934, 24.742, 95.811, -468.38, 925.84, 0.73, -26.28, -28.79, -4.91, -0.52942, -0.71891, 0.17073, 0.41682
30, 15, -65.297, 24.449, 91.130, -391.17, 924.93, 105.47, -52.08, -40.81, 5.89, -0.55060, -0.69296, 0.16964, 0.43343
30, 15, -66.591, 24.468, 89.466, -445.80, 964.54, -27.34, -58.41, -54.63, 20.39, -0.55558, -0.68304, 0.17094, 0.44224
30, 16, -67.781, 24.847, 88.591, -479.92, 968.81, -38.02, -49.53, -59.93, 20.81, -0.55467, -0.67761, 0.17231, 0.45111
30, 15, -71.886, 25.038, 79.806, -397.09, 760.31, 575.13, -88.50, -61.81, 17.43, -0.58722, -0.62822, 0.15864, 0.48513
30, 17, -72.653, 27.690, 82.774, -729.92, 947.45, -122.56, -25.31, -99.31, -5.49, -0.55675, -0.64732, 0.15901, 0.49570
30, 15, -72.059, 29.461, 85.419, -589.05, 784.36, -307.50, -78.22, -73.02, 6.39, -0.53682, -0.66397, 0.15612, 0.49659
30, 15, -72.955, 31.834, 88.516, -746.34, 884.52, -437.93, -20.33, -106.69, -13.54, -0.50453, -0.68063, 0.16045, 0.50642
30, 16, -75.857, 33.375, 85.511, -487.24, 629.94, 40.95, -42.95, -76.50, -6.29, -0.50221, -0.66592, 0.15452, 0.52959
30, 15, -75.554, 35.075, 89.413, -650.09, 757.14, -461.73, -10.81, -79.89, -19.39, -0.47285, -0.68562, 0.16043, 0.52972
30, 15, -75.953, 36.579, 90.920, -673.58, 712.71, -183.53, 0.93, -48.74, -14.53, -0.45494, -0.69324, 0.16080, 0.53534
30, 16, -75.027, 36.546, 93.439, -598.27, 726.14, -272.52, -10.37, -27.83, -8.42, -0.44403, -0.70441, 0.16704, 0.52797
30, 15, -73.421, 35.451, 97.008, -580.14, 775.57, -358.76, -2.66, -16.51, 2.40, -0.43423, -0.71932, 0.17964, 0.51161
30, 16, -70.405, 32.353, 103.835, -536.19, 1026.12, -758.79, 52.83, 15.14, 17.80, -0.41759, -0.74706, 0.20712, 0.47394
30, 17, -68.178, 28.740, 110.458, -545.29, 1044.01, -553.71, 126.89, 57.33, 34.90, -0.39826, -0.77249, 0.23770, 0.43377
30, 15, -66.920, 25.671, 116.318, -554.50, 956.42, -425.60, 170.68, 77.32, 45.67, -0.37571, -0.79328, 0.26553, 0.39880
30, 16, -66.971, 23.953, 119.998, -558.29, 853.03, -281.80, 190.00, 86.88, 54.47, -0.35699, -0.80403, 0.28634, 0.37961
30, 15, -67.801, 21.592, 122.184, -423.52, 793.64, -200.26, 185.66, 79.72, 60.04, -0.34865, -0.80728, 0.30972, 0.36168
30, 15, -69.288, 19.079, 122.821, -321.11, 743.77, -111.76, 171.77, 66.09, 71.39, -0.34992, -0.80330, 0.33292, 0.34847
30, 16, -70.249, 16.844, 123.719, -310.79, 680.05, -177.12, 149.56, 71.22, 91.26, -0.35000, -0.80124, 0.35167, 0.33444
30, 15, -72.770, 17.869, 121.267, -394.71, 555.79, 55.42, 113.08, 34.36, 82.60, -0.35508, -0.78691, 0.35745, 0.35626
30, 16, -74.811, 19.249, 118.002, -414.55, 530.09, 41.14, 58.56, 30.14, 81.93, -0.36474, -0.77184, 0.35481, 0.38123
30, 17, -76.672, 19.685, 113.723, -388.43, 626.16, 28.32, 15.66, 23.86, 76.42, -0.38491, -0.75267, 0.35056, 0.40304
30, 15, -77.310, 20.180, 110.347, -483.09, 782.84, -74.10, -15.77, 33.79, 71.53, -0.40241, -0.73987, 0.34026, 0.41819
30, 15, -77.450, 21.309, 108.746, -522.09, 939.51, -252.81, -21.16, 12.25, 41.70, -0.40716, -0.73551, 0.32973, 0.42956
30, 16, -77.500, 20.810, 107.757, -405.27, 1061.83, -308.11, -15.67, 1.79, 21.43, -0.41552, -0.73104, 0.32881, 0.42988
30, 15, -77.143, 20.223, 108.087, -413.33, 1110.96, -395.32, -11.34, 1.72, 24.96, -0.41735, -0.73234, 0.33068, 0.42445
30, 16, -76.916, 21.314, 107.933, -513.92, 1019.35, -313.05, -5.42, 5.76, 24.59, -0.41435, -0.73413, 0.32324, 0.42999
30, 15, -76.941, 21.749, 107.381, -444.21, 920.90, -277.47, -7.03, 10.29, 9.41, -0.41585, -0.73272, 0.31913, 0.43398
30, 16, -77.183, 22.037, 106.053, -322.94, 742.80, -191.53, -16.42, 4.54, -7.85, -0.42211, -0.72764, 0.31416, 0.44007
30, 16, -77.734, 20.728, 103.961, -199.71, 680.79, -142.46, -32.55, -6.49, -8.03, -0.43896, -0.71610, 0.31628, 0.44101
30, 15, -76.452, 19.767, 107.222, -507.81, 1547.30, -1192.63, -33.75, -6.38, 9.38, -0.42742, -0.73039, 0.32534, 0.42190
30, 15, -76.006, 19.293, 108.775, -316.77, 850.34, -349.30, 14.05, 5.62, 10.82, -0.42117, -0.73666, 0.33047, 0.41320
30, 16, -76.648, 19.243, 106.913, -334.41, 905.09, -202.70, -2.00, 0.43, 10.36, -0.43095, -0.72781, 0.32806, 0.42066
30, 15, -77.161, 18.431, 104.312, -284.30, 944.95, -135.38, -15.76, 4.94, 12.53, -0.44894, -0.71494, 0.32576, 0.42567
30, 15, -77.432, 17.998, 102.386, -273.25, 930.97, -179.93, -39.04, -8.95, 10.14, -0.46172, -0.70570, 0.32246, 0.42990
30, 16, -78.273, 17.922, 99.758, -262.08, 952.51, -130.74, -44.93, -29.06, 5.17, -0.47488, -0.69246, 0.31802, 0.44029
30, 16, -79.257, 16.597, 98.451, -160.34, 1028.99, -163.94, -44.51, -48.43, 8.13, -0.48456, -0.68135, 0.32585, 0.44134
30, 16, -82.190, 16.626, 92.035, -230.10, 1068.79, 324.77, -63.97, -69.49, 15.58, -0.50989, -0.64534, 0.31710, 0.47223
30, 15, -82.300, 18.035, 93.867, -344.06, 969.73, -521.42, -105.58, -70.37, 8.98, -0.49302, -0.65665, 0.31761, 0.47421
30, 15, -86.609, 17.900, 84.264, -188.17, 874.21, 764.53, -81.34, -82.28, 12.63, -0.52767, -0.60182, 0.30043, 0.51876
30, 16, -85.858, 20.047, 89.868, -407.78, 890.44, -995.18, -99.84, -81.39, -7.39, -0.49147, -0.63495, 0.30945, 0.50945
30, 15, -89.637, 21.113, 83.781, -307.92, 813.35, 332.82, -61.89, -90.57, 0.46, -0.50215, -0.60164, 0.29580, 0.54624
30, 15, -89.625, 24.154, 89.684, -539.49, 808.11, -879.33, -52.93, -105.12, -22.90, -0.45637, -0.63517, 0.30665, 0.54244
30, 17, -90.672, 28.079, 91.874, -628.17, 743.59, -296.75, -19.78, -79.06, -19.99, -0.42011, -0.65093, 0.30120, 0.55595
30, 16, -90.216, 29.457, 96.104, -484.13, 755.43, -489.44, -2.28, -59.59, -33.00, -0.39104, -0.67033, 0.31137, 0.54845
30, 16, -89.396, 30.531, 99.009, -545.78, 787.41, -313.60, 12.19, -16.19, -28.18, -0.37231, -0.68448, 0.31453, 0.54216
30, 15, -88.503, 29.855, 101.238, -455.44, 830.32, -259.40, 17.15, 4.54, -21.97, -0.36654, -0.69286, 0.32320, 0.53022
30, 15, -88.526, 28.599, 101.342, -432.01, 868.29, -169.68, 5.04, 4.80, -10.30, -0.37218, -0.69075, 0.33047, 0.52454
30, 16, -89.155, 27.635, 100.391, -431.64, 874.02, -145.87, -10.49, -8.40, -1.68, -0.37987, -0.68388, 0.33496, 0.52517
30, 15, -90.028, 26.819, 98.853, -426.76, 882.02, -118.84, -21.16, -14.23, 6.42, -0.38907, -0.67443, 0.33736, 0.52911
30, 15, -90.959, 26.205, 97.178, -426.57, 894.41, -96.19, -25.75, -18.06, 11.83, -0.39760, -0.66454, 0.33830, 0.53465
30, 16, -91.617, 25.995, 95.522, -420.59, 902.34, -60.73, -25.00, -11.91, 13.58, -0.40511, -0.65630, 0.33543, 0.54096
30, 16, -91.855, 25.860, 94.428, -420.04, 918.58, -45.10, -20.28, -3.86, 11.51, -0.41089, -0.65138, 0.33234, 0.54445
30, 15, -91.038, 25.930, 94.072, -429.69, 920.35, -26.31, -9.82, 27.63, 7.89, -0.41645, -0.65261, 0.32562, 0.54281
30, 16, -88.932, 25.825, 95.722, -427.00, 932.50, -96.92, 11.50, 53.71, 4.33, -0.41735, -0.66431, 0.32181, 0.53005
30, 15, -84.924, 24.056, 102.010, -425.90, 1149.96, -309.14, 108.12, 101.15, 17.81, -0.40646, -0.69463, 0.33541, 0.48968
31, 9, -72.403, 19.680, 114.796, -319.46, 836.30, -364.93, 2.27, -0.31, -3.17, -0.39249, -0.76891, 0.32593, 0.38536
31, 25, -72.671, 19.665, 114.637, -318.79, 811.04, -364.14, 4.42, -1.36, -0.47, -0.39272, -0.76758, 0.32726, 0.38664
31, 16, -72.780, 20.467, 114.738, -374.94, 808.53, -371.64, 4.91, -0.78, 1.43, -0.38825, -0.76855, 0.32459, 0.39146
31, 15, -72.779, 21.419, 115.046, -388.67, 794.86, -374.63, 6.56, 0.15, -1.23, -0.38209, -0.77064, 0.32119, 0.39618
31, 16, -72.766, 22.006, 115.496, -384.89, 777.16, -385.68, 6.03, 0.49, -2.91, -0.37656, -0.77278, 0.31991, 0.39833
31, 16, -72.823, 22.211, 115.847, -364.69, 757.75, -380.31, 5.21, 0.76, -2.85, -0.37309, -0.77398, 0.32057, 0.39874
31, 15, -72.918, 22.527, 116.183, -367.19, 729.37, -377.62, 2.49, -0.21, -1.50, -0.36912, -0.77512, 0.32091, 0.39996
31, 15, -73.080, 22.750, 116.311, -365.42, 717.41, -372.25, -1.72, 0.21, 0.48, -0.36671, -0.77529, 0.32141, 0.40142
31, 16, -73.383, 22.646, 116.002, -348.88, 715.33, -357.48, -7.51, 0.00, 3.59, -0.36819, -0.77335, 0.32286, 0.40266
31, 15, -73.707, 22.288, 115.452, -333.68, 709.47, -346.62, -14.43, 0.34, 9.69, -0.37233, -0.77029, 0.32478, 0.40317
31, 16, -74.148, 22.084, 114.367, -331.12, 696.04, -317.50, -23.40, 0.01, 16.74, -0.37894, -0.76526, 0.32486, 0.40651
31, 15, -74.605, 21.343, 112.796, -303.96, 696.47, -298.22, -35.94, -0.25, 24.31, -0.39101, -0.75781, 0.32583, 0.40826
31, 16, -74.266, 20.971, 113.098, -520.94, 1221.44, -634.09, -26.96, -0.15, 13.02, -0.39184, -0.75934, 0.32643, 0.40410
31, 16, -74.289, 20.448, 113.149, -273.01, 828.67, -365.84, -4.72, -11.89, -11.34, -0.39370, -0.75880, 0.32924, 0.40103
31, 15, -75.202, 18.884, 111.650, -148.01, 933.78, -292.30, -2.11, -31.39, -20.03, -0.40715, -0.74878, 0.33744, 0.39961
31, 15, -76.245, 15.789, 110.301, -31.43, 1034.06, -312.44, -9.30, -36.68, 15.80, -0.42560, -0.73583, 0.35425, 0.38979
31, 16, -76.928, 12.886, 109.873, -68.18, 982.48, -327.15, -8.15, -35.43, 51.38, -0.43832, -0.72676, 0.37082, 0.37707
31, 15, -77.204, 9.600, 110.585, 14.53, 930.18, -361.51, -3.36, -32.88, 67.37, -0.44658, -0.72199, 0.38995, 0.35669
31, 15, -77.642, 9.081, 110.398, -128.60, 950.26, -285.03, 9.74, -53.73, 77.67, -0.44853, -0.71867, 0.39446, 0.35600
31, 16, -79.298, 7.209, 108.748, -13.18, 987.79, -119.87, 23.44, -66.63, 79.81, -0.46129, -0.70209, 0.40804, 0.35746
31, 15, -80.614, 6.341, 108.210, -43.21, 919.25, -158.94, 27.89, -81.87, 87.72, -0.46401, -0.69307, 0.41828, 0.35971
31, 16, -82.319, 7.963, 109.263, -162.05, 916.50, -215.82, 45.82, -104.32, 79.51, -0.44537, -0.69496, 0.42473, 0.37185
31, 15, -83.910, 11.922, 111.700, -474.61, 871.83, -315.86, 58.77, -92.80, 82.03, -0.40769, -0.70727, 0.42503, 0.39103
31, 15, -86.352, 13.150, 109.607, -248.60, 777.59, -49.19, 33.53, -81.31, 91.44, -0.40625, -0.69351, 0.42712, 0.41422
31, 16, -87.692, 17.666, 110.938, -593.32, 721.56, -278.87, 28.56, -75.33, 81.30, -0.37162, -0.70291, 0.41973, 0.43777
31, 15, -87.984, 22.180, 112.896, -698.06, 679.75, -348.57, 30.91, -39.27, 61.19, -0.33596, -0.71647, 0.40842, 0.45497
31, 15, -88.204, 25.032, 114.346, -548.95, 653.56, -340.82, 24.88, -25.62, 47.77, -0.31142, -0.72444, 0.40243, 0.46503
31, 16, -88.796, 27.218, 115.254, -554.69, 699.34, -374.39, 15.58, -24.48, 26.50, -0.29190, -0.72795, 0.39974, 0.47444
31, 16, -88.766, 29.588, 116.929, -622.01, 674.80, -452.51, 12.70, -22.91, 4.38, -0.26884, -0.73519, 0.39549, 0.48043
31, 16, -88.526, 30.207, 118.291, -525.94, 709.35, -432.80, 15.08, -4.40, -4.28, -0.25780, -0.73985, 0.39677, 0.47827
31, 16, -88.596, 28.055, 117.996, -401.18, 790.34, -364.32, 15.05, 24.48, 11.75, -0.27080, -0.73647, 0.40588, 0.46855
31, 15, -88.918, 28.265, 114.799, -566.83, 849.79, -166.14, -15.91, 47.72, 15.70, -0.28879, -0.72781, 0.39372, 0.48155
31, 16, -88.464, 31.233, 111.345, -782.84, 818.24, -105.35, -50.77, 50.40, -24.21, -0.29703, -0.72447, 0.36161, 0.50612
31, 15, -87.160, 35.334, 107.982, -816.22, 800.23, -124.94, -86.40, 54.70, -90.68, -0.30261, -0.72473, 0.31733, 0.53151
31, 15, -87.367, 40.781, 101.872, -993.59, 809.08, 196.41, -111.95, 49.64, -153.30, -0.31110, -0.71437, 0.25994, 0.57037
31, 16, -89.595, 48.176, 93.078, -919.98, 697.27, 229.31, -165.52, 8.77, -248.02, -0.31356, -0.69534, 0.18549, 0.61949
31, 16, -90.735, 48.953, 86.260, -462.40, 703.80, 69.03, -230.62, -14.40, -250.00, -0.34385, -0.67527, 0.15031, 0.63497
31, 15, -81.092, 47.434, 93.120, -71.90, 1238.65, -975.77, -218.16, 32.01, -249.76, -0.36225, -0.70664, 0.13809, 0.59192
31, 16, -73.825, 40.701, 97.665, 65.25, 1125.00, -439.33, -125.61, 89.95, -147.11, -0.40348, -0.72567, 0.15481, 0.53539
31, 16, -70.414, 33.292, 98.970, 14.71, 1139.47, -320.43, -70.06, 68.34, -69.41, -0.44473, -0.72952, 0.18155, 0.48688
31, 15, -69.229, 27.386, 99.033, -31.07, 1100.22, -283.51, -41.66, 28.45, -37.18, -0.47468, -0.72567, 0.20762, 0.45274
31, 16, -67.998, 23.039, 100.716, -91.86, 1024.54, -404.85, -23.61, 14.57, -11.87, -0.48646, -0.72974, 0.23029, 0.42167
31, 15, -68.240, 21.784, 100.873, -348.57, 912.05, -196.90, 2.79, -0.64, 10.55, -0.48956, -0.72825, 0.23924, 0.41563
31, 16, -68.355, 24.108, 101.770, -432.01, 834.72, -191.28, 2.21, -31.49, -8.60, -0.47410, -0.73478, 0.23065, 0.42677
31, 16, -66.262, 19.663, 108.812, 207.76, 1012.70, -1058.23, 33.42, -9.57, 7.65, -0.45306, -0.76264, 0.26498, 0.37803
31, 15, -64.883, 14.182, 115.129, -227.29, 1100.95, -489.99, 163.58, 72.91, 125.48, -0.43531, -0.78424, 0.30138, 0.32349
31, 16, -65.124, 13.106, 119.736, -634.22, 1036.19, -322.27, 196.11, 61.88, 156.68, -0.40678, -0.79928, 0.32045, 0.30494
31, 15, -65.888, 14.722, 123.623, -700.50, 874.21, -319.58, 180.50, 30.49, 109.20, -0.37133, -0.81194, 0.32943, 0.30715
31, 15, -66.936, 16.261, 127.445, -567.93, 769.53, -414.67, 166.67, 17.88, 87.23, -0.33527, -0.82192, 0.34101, 0.30944
31, 17, -68.748, 18.636, 129.594, -552.67, 679.93, -285.89, 160.92, 3.17, 71.85, -0.30523, -0.82398, 0.35075, 0.32384
31, 15, -71.427, 22.641, 128.400, -575.32, 566.16, 9.58, 131.62, -4.81, 51.41, -0.28875, -0.81468, 0.35062, 0.36053
31, 15, -74.834, 25.650, 124.951, -483.09, 517.82, -13.06, 70.39, 2.33, 28.21, -0.28822, -0.79700, 0.35071, 0.39839
31, 17, -77.899, 26.573, 120.287, -353.58, 508.18, -23.62, 23.25, 7.30, 25.96, -0.30489, -0.77613, 0.35093, 0.42604
31, 15, -81.280, 24.795, 113.275, -220.40, 591.55, 51.27, -24.96, 3.35, 38.12, -0.34705, -0.74391, 0.35490, 0.44744
31, 16, -84.600, 22.510, 104.789, -185.49, 695.98, 117.68, -83.21, -21.28, 51.65, -0.39827, -0.70234, 0.35302, 0.47273
31, 15, -86.076, 20.489, 99.063, -341.61, 1061.71, -146.61, -128.30, -38.77, 71.91, -0.43601, -0.67267, 0.34827, 0.48592
31, 15, -84.981, 22.471, 101.952, -514.40, 975.71, -395.14, 2.28, -16.82, 10.64, -0.41412, -0.69105, 0.34371, 0.48252
31, 16, -86.278, 20.985, 98.759, -225.65, 1087.46, 29.60, -14.45, -25.81, 14.96, -0.43461, -0.67206, 0.34559, 0.48992
31, 15, -85.852, 21.928, 98.079, -400.70, 1035.89, -123.23, -26.04, -9.60, 16.82, -0.43602, -0.67292, 0.33521, 0.49467
31, 15, -87.931, 21.652, 90.604, -230.35, 954.47, 328.25, -82.71, -26.44, 2.80, -0.47079, -0.63673, 0.31538, 0.52293
31, 17, -85.797, 22.514, 94.371, -324.10, 986.76, -804.32, -109.51, -33.96, -6.30, -0.45509, -0.66003, 0.31553, 0.50763
31, 15, -88.339, 22.249, 87.331, -226.44, 971.56, 486.39, -60.06, -33.74, -4.07, -0.48417, -0.62365, 0.29919, 0.53584
31, 15, -85.398, 22.693, 92.417, -172.36, 888.24, -847.23, -108.16, -20.65, -22.81, -0.46725, -0.65368, 0.30357, 0.51208
31, 16, -86.357, 23.835, 90.509, -301.64, 866.88, 50.66, -16.71, -36.77, -26.07, -0.46848, -0.64624, 0.29401, 0.52579
31, 15, -83.648, 26.916, 96.874, -484.13, 689.39, -643.25, -18.65, -19.06, -33.54, -0.42934, -0.68503, 0.28999, 0.51216
31, 16, -82.364, 29.997, 101.390, -645.81, 811.34, -459.23, 30.16, -24.75, -40.70, -0.39278, -0.70991, 0.28555, 0.51011
31, 15, -81.335, 31.049, 105.462, -573.43, 890.38, -447.75, 40.61, -17.52, -35.76, -0.36665, -0.72750, 0.29145, 0.50137
31, 16, -80.688, 30.790, 110.050, -615.36, 1059.94, -546.51, 86.52, -12.69, -27.28, -0.34126, -0.74306, 0.30841, 0.48609
31, 17, -80.922, 29.707, 113.686, -437.74, 934.63, -383.36, 116.49, -11.09, -32.25, -0.32189, -0.75182, 0.33051, 0.47109
31, 15, -82.481, 27.948, 115.157, -281.92, 804.26, -219.97, 128.18, -17.06, -23.65, -0.31460, -0.74940, 0.35519, 0.46180
31, 15, -84.927, 27.643, 114.628, -326.05, 757.51, -82.28, 123.95, -18.94, -4.22, -0.30964, -0.73986, 0.37039, 0.46855
31, 16, -87.834, 29.173, 112.944, -416.87, 705.57, -7.26, 103.67, -30.14, -1.49, -0.30042, -0.72790, 0.37463, 0.48945
31, 15, -90.771, 30.121, 110.609, -365.54, 660.89, -26.79, 72.89, -34.55, -3.11, -0.29731, -0.71352, 0.37831, 0.50929
31, 15, -94.228, 30.476, 107.424, -324.52, 665.59, -36.38, 43.75, -55.53, -4.10, -0.29928, -0.69432, 0.38335, 0.53046
31, 16, -97.583, 30.024, 104.029, -364.93, 745.85, -116.21, 3.72, -66.35, 12.00, -0.30620, -0.67314, 0.38964, 0.54891
31, 16, -99.888, 30.831, 101.590, -519.65, 843.20, -150.33, -14.21, -58.25, 26.97, -0.30474, -0.66063, 0.38709, 0.56645
31, 16, -100.207, 30.275, 101.569, -487.92, 864.81, -252.62, -21.92, -30.01, 33.98, -0.30636, -0.65818, 0.39165, 0.56528
31, 15, -99.834, 29.500, 102.432, -463.87, 866.33, -306.15, -19.83, -19.46, 36.64, -0.30750, -0.65996, 0.39767, 0.55836
31, 16, -98.959, 28.638, 104.391, -429.38, 858.76, -405.46, -14.77, -18.41, 34.74, -0.30511, -0.66629, 0.40636, 0.54575
31, 16, -98.169, 27.805, 106.714, -398.93, 830.38, -428.53, -2.24, -21.56, 36.25, -0.29983, -0.67343, 0.41676, 0.53189
31, 15, -97.358, 26.600, 109.536, -336.18, 762.02, -463.56, 5.46, -23.49, 45.49, -0.29346, -0.68121, 0.43065, 0.51418
31, 15, -96.679, 25.910, 112.309, -340.58, 657.71, -443.54, 6.77, -24.03, 59.66, -0.28367, -0.68941, 0.44208, 0.49881
31, 16, -96.172, 24.907, 114.996, -335.94, 583.37, -464.97, -6.81, -21.41, 80.72, -0.27511, -0.69607, 0.45509, 0.48238
31, 16, -95.769, 23.935, 117.197, -388.98, 631.53, -541.32, -14.38, -15.28, 98.40, -0.26870, -0.70118, 0.46607, 0.46790
31, 16, -95.669, 21.679, 118.690, -328.74, 687.07, -541.26, -15.53, -6.39, 123.05, -0.27232, -0.70111, 0.48114, 0.45032
31, 15, -95.859, 18.534, 119.425, -279.60, 735.29, -523.50, -19.28, 0.61, 155.53, -0.28421, -0.69621, 0.49818, 0.43165
31, 15, -95.402, 18.368, 120.701, -386.11, 867.61, -557.37, 12.92, -4.35, 105.22, -0.27904, -0.70103, 0.50083, 0.42410
31, 16, -94.250, 16.186, 123.809, -282.90, 673.34, -591.67, 25.09, 31.22, 138.20, -0.27579, -0.70965, 0.51339, 0.39592
31, 15, -93.933, 18.878, 123.531, -634.22, 685.49, -345.28, 15.85, 24.08, 117.44, -0.26414, -0.71505, 0.50004, 0.41096
31, 15, -91.901, 15.854, 126.113, -177.73, 680.97, -713.99, -14.37, 41.53, 94.04, -0.27107, -0.72505, 0.50773, 0.37821
31, 17, -91.559, 14.395, 125.132, -275.02, 753.91, -454.35, 8.40, 43.09, 106.91, -0.28604, -0.72171, 0.50777, 0.37347
31, 16, -90.717, 13.382, 124.002, -296.75, 881.96, -470.58, 8.99, 52.34, 91.03, -0.30112, -0.72072, 0.50258, 0.37055
31, 15, -88.956, 12.566, 127.082, -231.26, 626.40, -551.82, 38.38, 51.62, 68.98, -0.29125, -0.73498, 0.50404, 0.34773
31, 16, -87.736, 15.792, 126.479, -578.13, 755.43, -228.52, 61.39, 59.21, 37.91, -0.28257, -0.74383, 0.48245, 0.36621
31, 15, -86.114, 13.645, 122.975, -222.84, 1235.66, -121.40, 37.32, 101.47, 18.28, -0.32110, -0.73791, 0.46899, 0.36392
31, 16, -83.154, 18.100, 122.799, -624.15, 710.94, -206.91, 41.13, 91.32, -27.53, -0.31020, -0.75588, 0.43138, 0.38254
31, 15, -79.884, 15.221, 121.202, -100.77, 1046.94, -306.95, 20.17, 120.17, -52.37, -0.34497, -0.75934, 0.41635, 0.36202
31, 15, -76.670, 21.290, 121.426, -875.85, 674.50, -150.88, 41.99, 99.67, -64.76, -0.32618, -0.77849, 0.36994, 0.38820
31, 16, -74.023, 22.090, 117.970, -354.19, 1071.47, -38.02, 16.09, 110.61, -139.49, -0.35510, -0.77717, 0.33661, 0.39574
31, 16, -72.411, 24.583, 113.949, -314.51, 1034.91, 50.48, 5.04, 69.17, -199.98, -0.37701, -0.77116, 0.29980, 0.41629
31, 15, -71.105, 26.505, 109.319, -158.69, 1060.67, 59.14, -30.31, 53.37, -250.00, -0.40442, -0.76036, 0.26436, 0.43407
31, 16, -69.768, 25.476, 105.566, 172.73, 1153.75, -68.60, -61.04, 37.21, -250.00, -0.43858, -0.74851, 0.24670, 0.43188
31, 15, -68.961, 23.485, 101.572, 271.48, 1266.24, -107.73, -84.39, 22.38, -213.38, -0.47564, -0.73194, 0.23717, 0.42635
31, 16, -69.219, 22.431, 96.784, 3.23, 1172.24, -56.70, -99.60, 2.85, -157.78, -0.50903, -0.70937, 0.22669, 0.43162
31, 16, -69.909, 20.087, 92.931, 120.67, 1083.56, -74.40, -102.42, -20.31, -119.52, -0.53908, -0.68647, 0.22972, 0.43055
31, 15, -69.133, 17.602, 93.830, 221.44, 1034.48, -641.05, -130.53, -32.37, -78.90, -0.54598, -0.68775, 0.24256, 0.41240
31, 16, -69.885, 16.294, 95.655, 1.40, 985.53, -344.30, -48.02, -72.46, -33.39, -0.53719, -0.69224, 0.26093, 0.40514
31, 16, -70.548, 15.568, 99.686, -61.95, 884.22, -571.59, -27.09, -84.97, -6.34, -0.51299, -0.70777, 0.28301, 0.39472
31, 15, -71.916, 15.200, 104.192, -140.63, 914.73, -555.11, 27.34, -95.38, 11.82, -0.48161, -0.72313, 0.30884, 0.38698
31, 16, -72.943, 14.510, 109.204, -200.87, 790.28, -522.52, 54.71, -68.74, 52.25, -0.44896, -0.73939, 0.33544, 0.37311
31, 15, -73.755, 14.759, 115.390, -411.80, 753.17, -711.91, 77.51, -50.06, 87.33, -0.40485, -0.76038, 0.35937, 0.35886
31, 15, -74.060, 17.925, 121.695, -919.86, 742.86, -772.83, 119.83, -17.84, 81.70, -0.34788, -0.78420, 0.36739, 0.35921
31, 16, -73.865, 20.951, 127.712, -728.33, 686.71, -656.13, 143.77, 1.49, 30.75, -0.29342, -0.80431, 0.37244, 0.35815
31, 15, -75.619, 21.361, 129.428, -355.16, 614.01, -350.16, 139.55, 3.46, 39.05, -0.27404, -0.80300, 0.38850, 0.35939
31, 15, -78.236, 22.868, 129.232, -449.83, 556.76, -211.06, 112.76, 8.60, 67.47, -0.25999, -0.79448, 0.40021, 0.37554
31, 17, -81.710, 25.737, 124.645, -432.68, 494.75, 31.56, 48.74, -7.94, 46.41, -0.26545, -0.77389, 0.39640, 0.41652
31, 15, -84.643, 25.267, 119.374, -321.84, 622.25, -71.41, -3.15, -0.17, 50.25, -0.29192, -0.75045, 0.39827, 0.43931
31, 16, -87.212, 23.594, 113.366, -283.63, 744.57, -49.68, -38.91, -2.59, 62.39, -0.32894, -0.72291, 0.39890, 0.45834
31, 15, -87.446, 24.105, 112.080, -1249.45, 1999.94, -1033.14, -69.75, -16.01, 64.74, -0.33351, -0.71922, 0.39278, 0.46606
31, 16, -87.282, 22.219, 111.736, -289.12, 945.92, -360.78, -8.02, -3.89, 28.50, -0.34580, -0.71556, 0.39924, 0.45717
31, 16, -88.135, 20.534, 109.048, -187.32, 963.20, -138.98, 0.88, -12.37, 20.44, -0.36738, -0.70104, 0.40168, 0.46068
31, 15, -88.255, 19.053, 106.780, -193.18, 1063.96, -116.88, 1.75, 1.13, 23.40, -0.38793, -0.69005, 0.40034, 0.46160
31, 15, -90.019, 19.044, 101.474, -235.60, 1060.61, 163.94, -16.53, -24.64, 6.83, -0.41206, -0.66542, 0.38888, 0.48599
31, 17, -90.009, 18.590, 98.213, -205.69, 995.85, -119.81, -84.12, -21.28, -1.85, -0.43303, -0.65227, 0.37716, 0.49476
31, 15, -89.347, 18.746, 100.495, -199.34, 971.68, -471.25, -44.90, -38.00, -5.29, -0.42202, -0.66338, 0.38232, 0.48544
31, 15, -90.587, 19.112, 95.782, -182.31, 823.67, 41.14, -68.86, -36.87, -7.86, -0.44176, -0.64252, 0.36711, 0.50720
31, 16, -90.477, 22.530, 98.539, -462.71, 827.94, -437.74, -32.79, -61.63, -23.48, -0.41011, -0.66199, 0.36103, 0.51306
31, 15, -89.877, 26.674, 101.474, -533.87, 655.76, -402.22, -18.89, -45.68, -33.01, -0.37496, -0.68331, 0.34923, 0.52013
31, 16, -88.131, 30.595, 105.525, -701.05, 602.84, -651.25, -34.31, -34.05, -39.37, -0.33824, -0.70841, 0.33670, 0.51999
31, 15, -86.937, 34.248, 107.019, -811.16, 636.54, -364.87, -27.62, 1.25, -33.07, -0.31542, -0.72139, 0.31711, 0.52872
31, 15, -86.391, 38.763, 105.620, -885.31, 607.48, -174.26, -55.95, 16.75, -55.60, -0.30308, -0.72442, 0.28317, 0.55061
31, 17, -84.180, 40.609, 106.280, -742.07, 657.17, -318.54, -78.42, 20.58, -91.26, -0.29977, -0.73321, 0.26232, 0.55112
31, 15, -82.405, 42.349, 105.171, -652.22, 671.94, -180.11, -92.05, 36.90, -148.90, -0.30634, -0.73550, 0.23610, 0.55628
31, 15, -78.559, 41.279, 106.764, -492.80, 879.33, -317.20, -73.97, 57.03, -175.87, -0.31989, -0.74693, 0.22468, 0.53786
31, 17, -75.699, 36.854, 106.680, -45.23, 1143.92, -278.02, -67.81, 57.52, -185.66, -0.35540, -0.74976, 0.22954, 0.50878
31, 15, -75.505, 30.804, 104.148, 22.83, 1266.48, -66.47, -29.21, 48.06, -88.57, -0.40128, -0.73658, 0.24985, 0.48374
31, 15, -77.241, 27.456, 99.350, -244.93, 1123.41, 76.42, -37.46, 7.46, -32.92, -0.43960, -0.71072, 0.25876, 0.48442
31, 16, -75.893, 23.576, 100.500, -67.50, 1202.27, -356.63, -29.97, 4.93, -9.79, -0.45528, -0.71218, 0.27624, 0.45740
31, 16, -75.023, 18.657, 102.585, -0.98, 1233.15, -255.74, 39.03, 12.76, 44.72, -0.46666, -0.71434, 0.30487, 0.42309
31, 16, -75.223, 14.533, 103.383, -82.82, 1187.50, 3.42, 90.97, 4.08, 87.20, -0.47799, -0.70926, 0.33012, 0.39937
31, 15, -76.877, 13.890, 102.786, -299.68, 1078.86, 239.87, 108.25, -38.75, 98.69, -0.47848, -0.70060, 0.34145, 0.40452
31, 15, -79.412, 16.876, 101.503, -535.28, 940.43, 261.11, 82.64, -77.88, 70.38, -0.46446, -0.69415, 0.33700, 0.43459
31, 16, -81.828, 19.620, 101.390, -443.54, 881.23, 34.67, 69.56, -85.31, 52.04, -0.44364, -0.69239, 0.33706, 0.45845
31, 15, -83.691, 22.752, 103.783, -533.87, 827.51, -166.38, 79.96, -85.70, 49.95, -0.40704, -0.70203, 0.34207, 0.47378
31, 15, -85.718, 27.129, 106.253, -666.87, 667.18, -208.13, 82.44, -86.61, 45.48, -0.36198, -0.71210, 0.34273, 0.49439
31, 16, -87.610, 31.070, 109.172, -696.11, 565.49, -292.60, 75.72, -72.20, 40.05, -0.31537, -0.72108, 0.34741, 0.50980
31, 16, -89.270, 33.931, 111.444, -727.54, 549.44, -324.83, 62.16, -60.01, 41.70, -0.27846, -0.72563, 0.35374, 0.52037
31, 15, -90.474, 35.970, 113.569, -781.13, 573.36, -393.68, 43.33, -47.01, 39.94, -0.24845, -0.72907, 0.36091, 0.52580
31, 16, -90.884, 36.168, 115.984, -666.26, 616.64, -464.42, 30.06, -31.62, 29.32, -0.23008, -0.73300, 0.37357, 0.51983
31, 15, -90.660, 35.839, 118.984, -657.35, 659.18, -555.05, 33.01, -20.32, 20.01, -0.21362, -0.73926, 0.38717, 0.50789
31, 16, -89.711, 35.134, 122.734, -598.69, 653.44, -571.96, 50.91, 0.75, 6.86, -0.19729, -0.74874, 0.40062, 0.48986
31, 15, -88.856, 33.443, 126.161, -464.54, 615.72, -545.47, 56.28, 9.60, 8.96, -0.18759, -0.75657, 0.41687, 0.46758
31, 15, -90.422, 31.718, 125.250, -418.76, 667.72, -351.99, 50.86, 6.59, 25.80, -0.19662, -0.74817, 0.43096, 0.46461
31, 16, -92.008, 29.939, 123.870, -465.27, 767.46, -399.54, 34.15, 7.50, 32.68, -0.20893, -0.73817, 0.44337, 0.46355
31, 16, -93.361, 29.263, 121.913, -475.16, 795.65, -324.58, 31.29, 11.71, 29.15, -0.21968, -0.72854, 0.44701, 0.47027
31, 16, -94.112, 28.580, 120.346, -443.91, 809.08, -328.00, 29.75, 14.79, 18.91, -0.23029, -0.72170, 0.44831, 0.47448
31, 16, -93.217, 28.587, 120.510, -440.92, 685.91, -333.92, 29.28, 44.39, 17.34, -0.23292, -0.72552, 0.44330, 0.47207
31, 15, -92.806, 27.081, 118.990, -321.17, 635.01, -227.60, 17.85, 55.58, 24.03, -0.25246, -0.72192, 0.44113, 0.46957
31, 16, -92.646, 27.688, 116.385, -364.50, 556.64, -152.53, -12.92, 45.64, 23.72, -0.26619, -0.71749, 0.42657, 0.48207
31, 15, -92.469, 26.654, 113.881, -401.00, 880.92, -310.91, -33.54, 22.23, 6.64, -0.28811, -0.71049, 0.41967, 0.48588
31, 15, -92.279, 25.302, 111.980, -342.29, 882.26, -293.70, -26.10, 13.55, 9.30, -0.30785, -0.70392, 0.41675, 0.48584
31, 16, -92.763, 25.029, 109.239, -394.41, 911.68, -232.67, -20.08, 0.78, 17.20, -0.32395, -0.69411, 0.40926, 0.49576
31, 16, -92.277, 24.589, 109.422, -407.96, 925.42, -359.68, -16.10, -1.45, 25.23, -0.32723, -0.69551, 0.40920, 0.49166
31, 15, -90.981, 23.962, 110.302, -408.20, 879.33, -345.34, -3.03, 27.87, 35.29, -0.33064, -0.70146, 0.40802, 0.48181
31, 16, -89.021, 23.714, 111.845, -420.84, 794.98, -341.98, 5.77, 49.76, 37.52, -0.33054, -0.71240, 0.40351, 0.46948
31, 15, -86.963, 22.573, 113.105, -330.57, 756.53, -323.18, 5.83, 57.27, 30.18, -0.33672, -0.72136, 0.40102, 0.45326
31, 15, -86.162, 21.791, 112.797, -330.81, 834.78, -306.58, 2.88, 26.06, 24.89, -0.34570, -0.72192, 0.39840, 0.44788
31, 16, -85.848, 21.043, 112.816, -307.07, 918.64, -361.88, 3.71, -1.66, 13.44, -0.35049, -0.72180, 0.39996, 0.44294
31, 15, -85.755, 20.765, 112.277, -310.36, 918.09, -318.30, 10.00, -5.32, 9.67, -0.35560, -0.71998, 0.39857, 0.44307
31, 15, -86.344, 21.179, 110.193, -326.72, 860.72, -203.67, 8.09, -4.36, 9.23, -0.36430, -0.71214, 0.39216, 0.45426
31, 17, -86.059, 20.958, 110.255, -302.92, 871.15, -299.32, 5.44, -2.65, 5.16, -0.36612, -0.71291, 0.39167, 0.45201
31, 15, -86.050, 20.561, 110.544, -259.40, 859.31, -297.00, 15.91, -14.80, -2.66, -0.36629, -0.71313, 0.39463, 0.44894
31, 16, -87.661, 20.491, 107.597, -251.40, 1020.94, -90.52, 13.24, -34.13, -8.31, -0.37836, -0.69788, 0.39315, 0.46395
31, 15, -89.570, 19.813, 104.055, -186.77, 1099.91, -47.79, -8.71, -47.36, -6.86, -0.39509, -0.67789, 0.39332, 0.47924
31, 15, -91.870, 17.917, 99.646, -59.27, 1089.29, 29.11, -40.41, -62.87, 10.95, -0.42008, -0.64952, 0.39730, 0.49377
31, 16, -93.105, 16.948, 98.411, -149.90, 1073.91, -196.53, -58.03, -73.06, 25.88, -0.42635, -0.63795, 0.40370, 0.49826
31, 15, -95.258, 16.588, 94.907, -170.78, 1002.44, 18.19, -46.65, -83.08, 32.65, -0.43772, -0.61610, 0.40175, 0.51712
31, 15, -95.589, 18.362, 97.276, -358.70, 924.99, -405.21, -57.53, -71.98, 38.24, -0.41472, -0.62911, 0.40537, 0.51760
31, 17, -95.264, 22.212, 99.501, -611.88, 793.21, -435.79, -51.87, -50.92, 30.53, -0.38451, -0.64874, 0.39439, 0.52511
31, 15, -97.734, 25.201, 97.099, -398.44, 757.08, -44.43, -17.59, -77.25, -3.83, -0.37100, -0.64044, 0.38177, 0.55358
31, 15, -96.668, 27.859, 101.079, -542.54, 653.56, -560.55, -30.49, -47.92, -1.08, -0.33947, -0.66305, 0.38119, 0.54755
31, 17, -96.370, 30.549, 103.779, -619.02, 691.53, -428.10, -4.77, -46.07, -6.23, -0.31063, -0.67764, 0.37863, 0.54859
31, 15, -95.137, 31.838, 106.892, -557.98, 661.62, -437.87, -3.26, -17.11, -6.37, -0.29084, -0.69238, 0.37952, 0.54036
31, 16, -93.192, 31.835, 110.257, -542.05, 696.41, -488.77, -3.75, 9.00, -0.89, -0.27934, -0.70723, 0.38328, 0.52430
31, 15, -92.488, 29.898, 110.651, -442.14, 798.95, -306.03, -3.35, 28.58, 14.04, -0.29059, -0.70752, 0.39024, 0.51253
31, 15, -89.759, 31.700, 114.895, -732.24, 706.36, -593.32, 7.51, 24.44, -23.59, -0.26633, -0.72957, 0.38315, 0.49999
31, 17, -85.788, 31.040, 120.829, -612.92, 785.03, -647.09, 62.32, 75.75, -46.68, -0.24815, -0.75558, 0.38555, 0.46784
31, 15, -83.293, 28.244, 124.788, -428.34, 827.64, -513.73, 88.03, 85.40, -38.05, -0.24603, -0.77057, 0.39689, 0.43378
31, 15, -82.362, 25.731, 126.467, -373.17, 803.53, -390.08, 101.88, 76.42, -26.30, -0.25081, -0.77571, 0.40741, 0.41156
31, 16, -82.367, 24.526, 126.063, -351.75, 766.97, -235.78, 96.05, 64.11, -21.54, -0.25953, -0.77386, 0.41099, 0.40604
31, 15, -82.911, 23.406, 123.907, -264.59, 737.92, -116.46, 76.73, 51.04, -24.43, -0.27764, -0.76585, 0.41164, 0.40859
31, 16, -83.841, 22.386, 120.237, -207.09, 728.52, -34.48, 48.66, 36.35, -23.99, -0.30366, -0.75207, 0.40891, 0.41831
31, 15, -84.724, 21.006, 115.760, -163.02, 739.38, -17.09, 12.76, 28.43, -14.06, -0.33624, -0.73450, 0.40419, 0.42905
31, 15, -85.593, 18.893, 110.369, -115.30, 802.67, 13.73, -18.43, 18.95, 8.45, -0.37722, -0.71099, 0.39893, 0.43937
31, 17, -86.450, 19.196, 105.168, -307.80, 908.81, -11.47, -60.30, -1.63, 25.11, -0.40423, -0.69095, 0.38228, 0.46157
31, 15, -86.490, 21.191, 101.813, -414.79, 895.57, -129.70, -74.45, -3.46, 14.53, -0.41468, -0.68319, 0.35873, 0.48229
31, 15, -85.325, 21.630, 103.244, -418.40, 948.61, -295.84, -6.16, 12.18, 22.02, -0.40887, -0.69290, 0.35548, 0.47576
31, 16, -84.993, 28.038, 101.729, -1045.41, 645.08, 77.09, -2.26, 23.60, -1.69, -0.38856, -0.70092, 0.31371, 0.50922
31, 15, -83.039, 32.081, 101.424, -671.33, 728.03, -170.96, -48.83, 45.98, -68.94, -0.37931, -0.71154, 0.27860, 0.52174
31, 15, -80.740, 35.275, 100.976, -740.36, 807.80, -178.34, -63.61, 59.03, -92.71, -0.37687, -0.71962, 0.24467, 0.52938
31, 17, -80.227, 40.815, 96.603, -934.51, 660.40, 117.49, -98.73, 58.68, -138.76, -0.37899, -0.71253, 0.18926, 0.55933
31, 15, -77.746, 41.905, 94.113, -573.61, 797.61, -53.04, -137.89, 57.81, -177.69, -0.40110, -0.70892, 0.15533, 0.55895
31, 17, -75.291, 44.699, 91.441, -706.30, 724.85, -19.10, -163.53, 60.78, -197.94, -0.41578, -0.70481, 0.11035, 0.56408
31, 15, -70.864, 43.208, 93.272, -332.89, 881.23, -351.38, -159.28, 11.96, -203.77, -0.43301, -0.71460, 0.10075, 0.54010
31, 15, -69.609, 40.152, 92.103, -257.20, 963.93, -213.68, -134.40, -17.01, -171.30, -0.46039, -0.70909, 0.10594, 0.52347
31, 16, -69.299, 35.361, 91.443, -26.31, 1061.83, -333.98, -113.36, -52.93, -124.95, -0.48743, -0.70241, 0.12996, 0.50214
31, 15, -69.018, 31.656, 90.719, -279.05, 999.45, -153.32, -64.84, -12.37, -42.01, -0.50910, -0.69542, 0.14742, 0.48526
31, 16, -69.218, 29.341, 90.522, -329.96, 960.45, -168.21, -48.15, -29.66, -24.05, -0.51920, -0.69125, 0.16170, 0.47589
31, 16, -69.292, 27.542, 91.719, -366.33, 946.53, -189.70, -13.29, -29.10, -1.27, -0.51910, -0.69404, 0.17777, 0.46608
31, 15, -71.779, 29.395, 89.198, -540.16, 897.09, 141.42, 5.74, -48.68, -6.37, -0.51611, -0.68163, 0.17114, 0.48962
31, 16, -74.695, 29.153, 85.751, -491.27, 972.35, 205.32, -19.57, -63.78, 6.74, -0.52466, -0.66115, 0.17470, 0.50704
31, 16, -78.007, 28.360, 81.996, -465.88, 932.37, 241.27, -46.24, -93.68, 21.54, -0.53443, -0.63705, 0.18141, 0.52502
31, 15, -80.832, 28.615, 79.932, -553.96, 913.76, 232.48, -51.19, -113.38, 27.97, -0.53152, -0.62350, 0.18577, 0.54242
31, 16, -83.272, 28.662, 78.787, -577.70, 948.36, 270.14, -39.51, -111.79, 29.82, -0.52581, -0.61431, 0.19316, 0.55573
31, 15, -83.657, 29.640, 80.623, -681.64, 820.50, -85.51, -75.95, -112.40, 49.49, -0.50964, -0.62443, 0.19818, 0.55774
31, 15, -85.426, 31.287, 81.696, -694.64, 841.06, 23.44, -23.99, -113.58, 19.06, -0.48750, -0.63010, 0.20313, 0.56926
31, 16, -84.870, 33.730, 85.156, -800.54, 664.61, -214.90, -49.48, -86.11, 30.00, -0.45936, -0.65107, 0.20248, 0.56930
31, 16, -86.135, 34.612, 86.520, -655.52, 804.99, -38.70, 7.23, -75.66, -1.87, -0.44099, -0.65605, 0.21123, 0.57490
31, 15, -85.562, 36.195, 88.895, -676.76, 679.99, -92.04, 13.63, -22.90, 5.10, -0.42231, -0.66928, 0.21044, 0.57396
31, 16, -82.167, 37.569, 95.281, -786.74, 698.30, -402.59, 40.94, 14.47, 0.18, -0.39400, -0.70062, 0.21357, 0.55523
31, 15, -78.164, 37.421, 102.671, -805.85, 840.88, -432.13, 87.80, 52.62, -12.91, -0.36742, -0.73267, 0.22427, 0.52716
31, 15, -74.343, 33.707, 110.310, -538.39, 929.81, -464.48, 126.68, 84.47, 1.15, -0.35231, -0.76186, 0.25288, 0.48115
31, 17, -72.605, 29.668, 115.516, -530.46, 925.90, -323.55, 160.01, 98.18, 30.36, -0.34297, -0.77935, 0.28241, 0.44184
31, 15, -72.364, 27.408, 118.467, -616.94, 917.54, -245.36, 167.99, 96.26, 46.87, -0.33391, -0.78740, 0.30261, 0.42063
31, 16, -72.483, 25.410, 121.153, -594.91, 909.42, -241.46, 170.23, 93.09, 51.63, -0.32388, -0.79363, 0.32218, 0.40182
31, 16, -73.239, 24.410, 122.953, -553.34, 840.82, -182.01, 171.72, 74.52, 50.31, -0.31325, -0.79585, 0.33806, 0.39270
31, 15, -74.156, 23.686, 123.899, -474.85, 728.45, -108.28, 163.68, 75.04, 51.57, -0.30682, -0.79520, 0.35076, 0.38794
31, 16, -75.472, 26.238, 123.304, -592.90, 542.05, 43.21, 128.53, 56.60, 41.28, -0.29467, -0.79119, 0.34680, 0.40855
31, 15, -78.222, 29.566, 119.538, -502.62, 433.72, 150.45, 73.55, 26.62, 23.98, -0.29438, -0.77531, 0.33661, 0.44602
31, 15, -81.632, 30.331, 114.447, -343.51, 484.50, 41.38, 24.45, 0.39, 19.24, -0.31088, -0.75246, 0.33527, 0.47408
31, 16, -84.925, 28.628, 109.225, -259.95, 599.12, -9.09, -6.82, -17.78, 30.13, -0.33924, -0.72588, 0.34295, 0.49031
31, 15, -88.207, 27.798, 103.301, -332.89, 661.32, 68.12, -30.59, -25.38, 49.72, -0.36582, -0.69647, 0.34159, 0.51422
31, 15, -90.829, 28.125, 97.550, -570.13, 826.78, 67.81, -57.96, -20.64, 59.27, -0.38639, -0.67058, 0.32903, 0.54108
31, 17, -91.840, 28.645, 93.634, -700.38, 1050.66, -11.17, -77.84, -9.67, 49.41, -0.40158, -0.65549, 0.31329, 0.55760
31, 15, -90.659, 29.641, 95.365, -636.96, 958.56, -191.28, -0.95, 9.64, 9.46, -0.39229, -0.66701, 0.30940, 0.55270
31, 16, -91.967, 28.503, 90.996, -455.69, 1036.38, 326.48, -12.90, 22.83, 11.59, -0.41665, -0.64537, 0.30187, 0.56460
31, 15, -91.319, 25.791, 88.619, -261.90, 987.30, 97.84, -54.73, 29.69, 13.44, -0.44632, -0.63095, 0.30176, 0.55825
31, 15, -91.733, 24.503, 85.063, -352.11, 1130.25, 163.39, -85.95, -10.10, 8.74, -0.46969, -0.61197, 0.29385, 0.56439
31, 17, -92.379, 24.371, 83.537, -341.43, 1038.33, 58.35, -87.11, -48.32, -5.10, -0.47521, -0.60363, 0.29046, 0.57048
31, 15, -90.728, 25.282, 88.126, -406.74, 942.44, -902.47, -121.07, -70.52, -0.82, -0.45434, -0.62915, 0.29897, 0.55530
31, 15, -96.417, 24.278, 79.009, -219.73, 791.81, 770.26, -46.89, -87.29, 1.46, -0.47832, -0.57427, 0.28866, 0.59842
31, 17, -94.726, 26.354, 86.451, -531.68, 856.69, -735.11, -58.44, -85.42, -9.34, -0.43847, -0.61514, 0.30638, 0.57920
31, 15, -97.773, 28.443, 82.462, -478.76, 727.36, 320.31, -13.39, -54.53, -6.62, -0.43355, -0.59849, 0.29007, 0.60803
31, 15, -96.008, 31.086, 88.902, -607.67, 751.89, -585.51, -18.59, -60.70, -26.49, -0.39486, -0.63414, 0.29943, 0.59354
31, 16, -95.349, 33.352, 92.178, -615.60, 751.53, -242.07, 19.70, -28.98, -28.28, -0.36811, -0.65259, 0.29999, 0.59044
31, 15, -94.360, 34.737, 95.753, -590.94, 740.54, -242.55, 34.26, -16.21, -31.89, -0.34521, -0.66949, 0.30491, 0.58279
31, 16, -92.621, 35.124, 99.892, -592.16, 726.62, -336.91, 26.02, -3.96, -17.08, -0.32739, -0.68710, 0.31328, 0.56795
31, 15, -92.411, 34.149, 100.713, -552.98, 796.88, -171.69, 10.18, 3.68, 0.47, -0.32870, -0.68824, 0.32133, 0.56128
31, 15, -93.138, 32.463, 99.542, -524.29, 846.98, -105.71, -6.30, 0.45, 10.95, -0.34110, -0.67949, 0.32898, 0.56011
32, 7, -78.927, 24.796, 117.327, -401.55, 762.51, -399.60, -0.47, -1.95, -0.78, -0.32939, -0.76316, 0.35489, 0.42794
32, 27, -79.298, 24.682, 117.027, -398.01, 754.03, -385.93, -1.34, 0.35, -0.40, -0.33053, -0.76103, 0.35677, 0.42930
32, 15, -79.393, 24.213, 116.878, -378.91, 772.89, -390.50, -1.95, 2.64, 0.77, -0.33339, -0.75979, 0.35900, 0.42742
32, 16, -79.390, 23.981, 116.877, -388.92, 780.15, -395.94, -0.21, 3.67, 1.78, -0.33451, -0.75954, 0.36004, 0.42612
32, 15, -79.443, 24.024, 116.774, -397.46, 781.80, -389.16, 0.85, 2.44, 0.61, -0.33479, -0.75912, 0.35981, 0.42684
32, 16, -79.399, 24.193, 116.915, -400.33, 769.90, -395.02, 1.21, 1.95, -1.14, -0.33322, -0.75986, 0.35927, 0.42721
32, 15, -79.350, 24.773, 116.907, -410.71, 755.80, -379.09, 1.53, 1.47, -1.95, -0.33070, -0.76062, 0.35624, 0.43033
32, 16, -79.185, 25.158, 117.237, -417.54, 744.81, -395.69, 0.85, 2.72, -1.88, -0.32729, -0.76248, 0.35461, 0.43099
32, 15, -79.045, 25.478, 117.529, -420.96, 735.53, -394.41, 0.72, 4.45, -1.82, -0.32435, -0.76407, 0.35330, 0.43148
32, 15, -78.967, 25.833, 117.660, -433.78, 737.49, -393.13, -0.72, 6.05, -1.79, -0.32209, -0.76503, 0.35164, 0.43284
32, 15, -78.791, 26.334, 117.849, -456.97, 742.92, -401.61, -1.63, 9.13, -4.69, -0.31909, -0.76657, 0.34886, 0.43457
32, 16, -78.657, 26.376, 117.805, -440.12, 752.56, -395.69, -2.49, 12.15, -7.23, -0.31969, -0.76689, 0.34761, 0.43456
32, 15, -78.547, 25.858, 117.638, -398.80, 750.55, -387.39, -3.22, 11.68, -8.77, -0.32369, -0.76627, 0.34863, 0.43186
32, 15, -78.397, 26.923, 117.480, -465.15, 711.00, -367.55, -5.14, 12.00, -10.86, -0.32026, -0.76726, 0.34209, 0.43787
32, 16, -78.146, 27.484, 117.289, -445.31, 681.03, -357.42, -11.38, 17.54, -14.33, -0.31982, -0.76795, 0.33707, 0.44085
32, 16, -77.823, 27.799, 117.092, -428.16, 657.23, -353.33, -19.04, 17.31, -18.17, -0.32088, -0.76861, 0.33267, 0.44227
32, 17, -78.057, 26.174, 115.165, -293.88, 670.23, -280.88, -31.65, 15.50, -20.32, -0.34055, -0.76087, 0.33448, 0.43957
32, 15, -78.264, 24.773, 113.091, -295.17, 700.74, -288.57, -46.91, 7.53, -10.70, -0.36002, -0.75239, 0.33460, 0.43856
32, 15, -78.289, 22.899, 111.187, -254.58, 748.60, -305.05, -59.03, 2.66, 0.05, -0.38102, -0.74377, 0.33656, 0.43400
32, 16, -77.453, 21.604, 111.934, -585.82, 1524.17, -940.25, -49.73, 3.11, 17.58, -0.38519, -0.74696, 0.34016, 0.42187
32, 15, -77.142, 21.513, 112.328, -352.78, 837.83, -377.01, -8.43, -0.14, 2.33, -0.38418, -0.74907, 0.34001, 0.41915
32, 15, -77.468, 18.763, 110.870, -177.61, 922.36, -273.86, -6.41, 3.72, 16.17, -0.40475, -0.73904, 0.34998, 0.40929
32, 16, -77.893, 12.960, 110.056, 163.70, 1078.00, -321.35, -3.79, -11.95, 46.13, -0.43366, -0.72445, 0.37719, 0.38058
32, 16, -78.703, 6.535, 110.470, 378.97, 1167.60, -408.81, 5.12, -37.22, 93.64, -0.45526, -0.70953, 0.41266, 0.34498
32, 15, -80.074, -0.455, 110.614, 418.95, 1078.80, -227.72, 25.82, -56.22, 155.82, -0.47839, -0.68725, 0.45135, 0.30840
32, 16, -81.869, -4.600, 110.365, 175.72, 979.98, -80.69, 41.12, -91.77, 192.03, -0.49122, -0.66697, 0.47811, 0.29200
32, 14, -84.046, -3.381, 112.236, -210.02, 946.35, -226.62, 38.77, -117.71, 195.86, -0.46987, -0.66927, 0.49088, 0.30057
32, 16, -85.504, 0.129, 114.095, -419.25, 922.12, -240.30, 46.32, -98.41, 163.50, -0.44033, -0.68050, 0.49097, 0.31935
32, 15, -87.005, 3.096, 114.061, -318.24, 850.34, -107.48, 48.93, -93.70, 144.45, -0.42320, -0.68203, 0.48825, 0.34255
32, 15, -88.638, 7.769, 115.592, -530.46, 798.34, -307.19, 31.59, -99.37, 133.83, -0.38746, -0.69242, 0.48430, 0.36862
32, 16, -90.487, 11.985, 116.668, -532.23, 744.38, -337.16, 33.55, -68.60, 112.02, -0.35436, -0.69789, 0.48214, 0.39359
32, 16, -91.356, 17.101, 116.352, -740.48, 658.14, -224.30, 17.92, -29.03, 88.04, -0.32739, -0.70413, 0.46512, 0.42507
32, 16, -91.151, 21.285, 117.344, -731.08, 677.98, -411.32, 6.77, -6.61, 52.97, -0.30035, -0.71541, 0.44965, 0.44249
32, 15, -89.997, 24.692, 119.007, -690.19, 675.84, -465.70, 7.79, 16.75, 15.29, -0.27645, -0.72936, 0.43397, 0.45087
32, 15, -89.683, 22.416, 118.020, -295.72, 838.07, -347.96, 12.00, 35.51, 12.95, -0.29586, -0.72471, 0.43811, 0.44196
32, 16, -88.761, 19.627, 117.183, -277.95, 873.96, -348.39, 13.11, 57.66, 35.39, -0.31899, -0.72142, 0.44124, 0.42790
32, 16, -87.741, 21.423, 114.385, -712.89, 939.88, -40.28, 5.63, 83.16, 35.03, -0.33139, -0.72037, 0.41621, 0.44498
32, 15, -86.891, 26.236, 109.806, -898.50, 970.89, 40.83, -48.32, 58.42, -55.04, -0.33929, -0.71786, 0.36964, 0.48262
32, 17, -85.587, 32.312, 104.531, -834.41, 905.27, 49.01, -108.67, 60.00, -164.02, -0.34719, -0.71522, 0.30740, 0.52291
32, 15, -84.256, 35.075, 99.877, -575.74, 972.72, -77.88, -137.83, 56.53, -204.34, -0.36827, -0.70800, 0.26254, 0.54239
32, 15, -83.428, 36.175, 95.247, -403.50, 959.59, -54.81, -161.35, 32.89, -222.80, -0.39507, -0.69600, 0.22911, 0.55408
32, 16, -83.867, 34.514, 90.721, -118.53, 956.54, -135.86, -188.00, -31.31, -209.59, -0.42826, -0.67606, 0.21940, 0.55804
32, 15, -81.873, 30.195, 91.664, 335.51, 1074.52, -788.51, -178.37, -45.93, -142.01, -0.45290, -0.67547, 0.23723, 0.53136
32, 15, -79.265, 23.858, 94.757, 168.58, 1014.83, -525.63, -64.93, 16.83, -29.03, -0.47508, -0.68131, 0.27155, 0.48619
32, 16, -77.642, 22.854, 95.928, -377.69, 850.22, -158.26, -12.60, 44.82, 6.11, -0.47927, -0.68806, 0.27234, 0.47193
32, 15, -74.380, 19.915, 99.480, 21.06, 985.72, -412.11, -26.45, 43.60, -33.20, -0.48307, -0.70538, 0.28261, 0.43499
32, 16, -71.690, 17.233, 102.275, -11.41, 986.82, -364.44, -7.97, 47.15, -17.67, -0.48642, -0.71919, 0.29033, 0.40233
32, 16, -69.723, 13.742, 104.278, 73.00, 1019.35, -339.17, 0.31, 35.58, -3.34, -0.49392, -0.72676, 0.30267, 0.36913
32, 15, -68.894, 14.184, 104.971, -181.58, 931.58, -245.30, -3.48, -1.11, -15.79, -0.49050, -0.73267, 0.29737, 0.36631
32, 16, -67.033, 9.682, 111.366, 346.98, 961.55, -849.06, 52.38, 20.78, 2.04, -0.47100, -0.75708, 0.32618, 0.31400
32, 15, -65.356, 5.851, 118.257, -39.18, 896.00, -634.70, 136.64, 68.90, 79.19, -0.44240, -0.78329, 0.34921, 0.26230
32, 15, -65.551, 6.870, 122.195, -442.32, 936.16, -377.50, 172.55, 34.66, 91.64, -0.41119, -0.79890, 0.35532, 0.25775
32, 16, -66.318, 8.983, 124.667, -459.72, 826.54, -303.41, 156.67, 17.39, 66.45, -0.38444, -0.80791, 0.35803, 0.26700
32, 15, -68.127, 11.002, 125.597, -467.47, 842.22, -325.26, 122.81, 4.55, 55.13, -0.36591, -0.80767, 0.36518, 0.28358
32, 16, -69.925, 12.471, 125.896, -479.13, 900.88, -372.01, 104.33, 2.95, 53.81, -0.35345, -0.80448, 0.37289, 0.29805
32, 16, -71.761, 14.121, 125.493, -437.19, 828.86, -266.60, 103.90, -1.84, 40.64, -0.34461, -0.79905, 0.37822, 0.31578
32, 15, -73.462, 17.029, 123.488, -441.04, 667.66, -71.72, 85.53, 2.91, 18.49, -0.34128, -0.79057, 0.37253, 0.34604
32, 15, -75.002, 18.411, 119.281, -265.56, 567.08, -5.31, 35.81, 13.44, -1.51, -0.35916, -0.77430, 0.36400, 0.37279
32, 16, -78.088, 19.375, 109.452, -183.78, 484.99, 383.54, -29.55, 4.10, -2.32, -0.40890, -0.73310, 0.34590, 0.41919
32, 15, -81.814, 16.089, 97.429, 114.32, 603.58, 458.68, -119.67, -41.64, 10.99, -0.48277, -0.66843, 0.33959, 0.45257
32, 16, -82.136, 18.741, 100.849, -429.81, 1065.43, -425.66, 22.06, -61.49, -17.32, -0.44961, -0.68749, 0.34129, 0.45687
32, 15, -85.159, 17.270, 96.404, -59.51, 1190.37, 173.16, -7.12, -71.27, -14.22, -0.46998, -0.65707, 0.34860, 0.47525
32, 16, -85.521, 18.922, 97.301, -397.22, 1077.33, -276.98, -30.79, -51.11, 4.68, -0.45585, -0.66374, 0.34578, 0.48176
32, 16, -88.914, 19.365, 88.803, -225.40, 945.07, 545.04, -73.14, -58.54, -6.43, -0.48658, -0.62002, 0.32516, 0.52258
32, 15, -87.103, 19.740, 92.444, -155.70, 1059.69, -716.55, -97.56, -25.56, -30.43, -0.47298, -0.64149, 0.32948, 0.50619
32, 15, -88.058, 18.474, 86.444, -75.50, 852.60, 302.86, -80.76, -7.21, -8.74, -0.50710, -0.60952, 0.31475, 0.52180
32, 16, -87.454, 19.127, 91.004, -166.93, 991.09, -480.96, -30.34, -51.99, -30.95, -0.48220, -0.63280, 0.32838, 0.50913
32, 15, -87.238, 21.078, 95.261, -387.15, 885.07, -386.23, 9.56, -53.68, -6.65, -0.45028, -0.65592, 0.33548, 0.50445
32, 15, -87.018, 22.829, 101.434, -573.97, 1272.64, -697.45, 82.63, -53.56, -22.35, -0.40684, -0.68377, 0.35188, 0.49308
32, 16, -86.984, 25.661, 108.149, -611.27, 1380.74, -542.97, 156.53, -48.42, -68.24, -0.35213, -0.71161, 0.36605, 0.48541
32, 17, -87.309, 25.591, 114.336, -246.46, 1151.00, -443.30, 200.10, -45.99, -81.57, -0.31225, -0.72836, 0.39411, 0.46548
32, 16, -88.974, 24.137, 117.885, -74.22, 813.11, -177.00, 218.66, -45.55, -53.83, -0.29053, -0.72962, 0.42550, 0.44966
32, 15, -91.703, 24.679, 118.472, -149.23, 559.81, -30.64, 193.05, -51.51, -19.41, -0.27315, -0.72153, 0.44271, 0.45694
32, 15, -94.433, 27.154, 118.108, -223.39, 398.93, -30.70, 147.51, -47.91, 7.07, -0.25087, -0.71378, 0.44736, 0.47693
32, 16, -97.580, 32.427, 116.668, -393.62, 311.46, 20.87, 104.16, -49.48, 27.52, -0.21658, -0.70627, 0.43658, 0.51349
32, 15, -100.302, 37.901, 115.307, -497.13, 240.97, -43.33, 44.01, -47.58, 36.21, -0.18059, -0.70104, 0.42095, 0.54656
32, 15, -103.240, 43.606, 113.529, -637.45, 217.04, -86.55, 6.11, -66.34, 17.32, -0.14299, -0.69505, 0.40179, 0.57881
32, 16, -103.105, 46.297, 115.392, -724.06, 348.75, -417.05, -25.72, -66.86, 4.49, -0.11604, -0.70052, 0.39675, 0.58172
32, 16, -102.522, 46.959, 117.179, -947.39, 563.29, -688.54, -41.69, -61.84, 4.45, -0.10401, -0.70484, 0.39885, 0.57733
32, 16, -100.575, 46.857, 119.644, -1119.32, 675.29, -890.20, -53.88, -31.48, 3.06, -0.09909, -0.71373, 0.39962, 0.56663
32, 16, -97.082, 44.175, 123.701, -587.52, 551.03, -782.29, -45.43, -1.25, -2.78, -0.10639, -0.72845, 0.41030, 0.53824
32, 15, -94.849, 39.095, 125.901, -266.54, 496.40, -527.28, -34.47, 22.73, 14.83, -0.13213, -0.73683, 0.42969, 0.50497
32, 16, -93.498, 33.936, 125.767, -250.73, 515.14, -409.06, -41.49, 51.30, 39.26, -0.16825, -0.73883, 0.44338, 0.47877
32, 15, -91.692, 29.535, 125.676, -346.68, 661.19, -532.65, -46.27, 65.85, 56.53, -0.20076, -0.74226, 0.45029, 0.45386
32, 15, -90.383, 26.147, 124.602, -403.56, 800.72, -553.83, -42.79, 56.29, 60.49, -0.23127, -0.74206, 0.45190, 0.43777
32, 16, -89.464, 21.890, 123.091, -281.07, 783.81, -509.16, -46.70, 52.96, 66.76, -0.26708, -0.73726, 0.45800, 0.41876
32, 16, -88.599, 17.434, 121.143, -162.35, 760.62, -438.11, -53.08, 49.74, 81.19, -0.30565, -0.72915, 0.46373, 0.39984
32, 15, -87.434, 12.774, 119.509, -97.96, 772.34, -421.63, -51.74, 50.39, 102.31, -0.34315, -0.72087, 0.46961, 0.37691
32, 16, -85.937, 8.042, 117.715, -59.63, 781.92, -377.38, -51.37, 55.30, 130.56, -0.38167, -0.71147, 0.47335, 0.35224
32, 15, -85.913, 12.639, 116.552, -1854.49, 1588.99, -664.31, -41.48, -0.11, 121.54, -0.36741, -0.71754, 0.45081, 0.38331
32, 15, -83.651, 7.046, 118.596, 206.12, 881.04, -688.35, -27.98, 52.32, 75.03, -0.38758, -0.72160, 0.46561, 0.33508
32, 16, -82.249, 5.373, 121.363, -198.24, 689.64, -501.83, 20.48, 57.48, 140.50, -0.38144, -0.73305, 0.47088, 0.30890
32, 15, -80.606, 8.579, 119.084, -753.54, 832.15, -99.85, 0.71, 77.55, 107.15, -0.38650, -0.73847, 0.44157, 0.33211
32, 16, -78.586, 7.213, 119.830, -151.67, 841.74, -537.96, -24.25, 58.01, 56.57, -0.39328, -0.74608, 0.43601, 0.31398
32, 16, -77.368, 7.697, 122.448, -275.63, 665.77, -521.12, 21.82, 45.90, 69.19, -0.37729, -0.76041, 0.43317, 0.30299
32, 15, -76.221, 10.422, 122.975, -592.77, 769.53, -411.62, 28.47, 62.67, 62.24, -0.36522, -0.77089, 0.41638, 0.31459
32, 16, -74.417, 14.010, 125.053, -731.69, 695.80, -526.31, 37.83, 71.36, 24.95, -0.34071, -0.78863, 0.39583, 0.32449
32, 15, -72.932, 19.017, 125.541, -962.04, 759.89, -398.93, 35.00, 61.94, -24.67, -0.32003, -0.80007, 0.36697, 0.35043
32, 15, -72.010, 23.813, 122.861, -655.70, 776.31, -83.74, 25.60, 53.26, -109.79, -0.32072, -0.79882, 0.33179, 0.38592
32, 16, -71.575, 22.869, 119.035, -297.85, 1033.26, -122.01, 6.23, 69.18, -100.61, -0.35280, -0.78816, 0.32000, 0.38978
32, 15, -69.759, 17.048, 116.660, 487.85, 1268.31, -208.07, 0.95, 70.85, -119.59, -0.39936, -0.77981, 0.32616, 0.35500
32, 15, -68.966, 21.773, 111.369, -546.57, 1037.54, 107.12, -9.38, 52.76, -152.27, -0.41846, -0.76819, 0.28119, 0.39460
32, 17, -68.203, 23.831, 105.353, -92.10, 1268.13, 109.01, -62.98, 36.62, -250.00, -0.45258, -0.74926, 0.24434, 0.41722
32, 15, -68.561, 23.361, 99.252, 300.17, 1299.19, 100.77, -92.24, 1.29, -250.00, -0.49236, -0.72279, 0.22666, 0.42870
32, 16, -68.858, 22.202, 93.405, 348.39, 1251.89, 105.22, -114.19, 6.17, -222.35, -0.53199, -0.69435, 0.21300, 0.43531
32, 16, -67.964, 19.641, 91.427, 335.39, 1231.99, -289.06, -126.40, 3.36, -144.97, -0.55699, -0.68225, 0.21509, 0.42194
32, 15, -70.436, 17.280, 84.027, 176.64, 1010.86, 452.09, -85.90, -31.46, -86.32, -0.59895, -0.63547, 0.21563, 0.43696
32, 16, -70.421, 17.171, 88.829, 16.91, 1094.97, -896.67, -76.87, -70.27, -62.76, -0.57227, -0.65980, 0.23430, 0.42694
32, 15, -71.954, 13.175, 89.302, 161.93, 834.96, -87.04, -23.76, -68.32, -21.93, -0.57845, -0.64982, 0.26796, 0.41391
32, 15, -72.998, 14.174, 97.139, -147.77, 935.61, -706.91, 18.38, -113.63, -9.71, -0.52528, -0.68726, 0.29651, 0.40477
32, 17, -74.085, 13.648, 103.369, -163.33, 806.64, -492.92, 56.47, -90.29, 51.13, -0.48555, -0.71070, 0.32750, 0.38975
32, 15, -75.526, 14.809, 110.462, -459.66, 820.37, -740.36, 85.49, -93.26, 83.63, -0.43113, -0.73696, 0.35479, 0.38098
32, 15, -76.661, 18.193, 117.341, -847.41, 797.24, -757.08, 127.56, -65.80, 82.46, -0.36767, -0.76256, 0.36969, 0.38296
32, 16, -76.935, 22.838, 124.067, -1056.27, 642.52, -675.17, 153.78, -26.46, 55.47, -0.30011, -0.78624, 0.37411, 0.38962
32, 15, -76.146, 25.868, 131.025, -811.83, 479.25, -603.39, 154.44, 23.57, 38.35, -0.24021, -0.80692, 0.37973, 0.38339
32, 16, -76.990, 28.490, 134.873, -588.68, 388.37, -327.58, 145.70, 28.76, 44.61, -0.19773, -0.81186, 0.38851, 0.38839
32, 16, -79.369, 32.258, 134.941, -523.74, 315.31, -117.92, 106.84, 14.74, 35.85, -0.17050, -0.80362, 0.39099, 0.41503
32, 15, -83.371, 34.375, 131.208, -448.73, 407.84, -94.54, 50.84, 5.79, 23.38, -0.17055, -0.78419, 0.39613, 0.44614
32, 17, -87.922, 33.581, 124.247, -353.58, 495.00, -37.90, -17.47, 13.65, 43.43, -0.20332, -0.75672, 0.40224, 0.47354
32, 15, -91.116, 30.692, 117.330, -354.98, 715.52, -94.79, -58.64, 21.90, 55.78, -0.25041, -0.72918, 0.40706, 0.48979
32, 15, -92.731, 26.925, 111.340, -317.63, 944.46, -126.77, -74.07, 27.64, 58.90, -0.30122, -0.70346, 0.40911, 0.49703
32, 16, -91.280, 23.341, 110.722, -568.36, 1999.94, -922.67, -63.88, 33.58, 52.66, -0.33004, -0.70043, 0.41454, 0.47815
32, 15, -91.271, 19.449, 109.456, -35.40, 1043.27, -242.80, 1.98, 1.14, 27.49, -0.35768, -0.68873, 0.42743, 0.46371
32, 15, -91.892, 17.171, 105.990, -31.92, 1146.24, -74.83, -24.07, -19.55, 21.93, -0.38711, -0.66986, 0.42764, 0.46749
32, 16, -91.492, 17.776, 104.146, -248.41, 1027.10, -183.11, -15.91, -17.27, 13.61, -0.39653, -0.66653, 0.41485, 0.47582
32, 16, -92.391, 18.242, 100.170, -170.29, 897.89, 41.87, -30.40, -28.52, -4.70, -0.41329, -0.65048, 0.40090, 0.49532
32, 16, -91.156, 20.480, 103.421, -376.89, 905.94, -584.84, -37.08, -33.15, -14.57, -0.38883, -0.67182, 0.39670, 0.49000
32, 15, -91.024, 22.133, 103.633, -321.41, 834.84, -251.22, -24.24, -32.57, -14.20, -0.37990, -0.67683, 0.38868, 0.49649
32, 15, -90.244, 25.225, 104.763, -508.48, 756.65, -386.84, -46.30, -26.27, -14.95, -0.36096, -0.68973, 0.37354, 0.50443
32, 16, -89.550, 28.264, 106.901, -568.48, 698.06, -428.10, -18.99, -31.14, -21.62, -0.33543, -0.70419, 0.36351, 0.50937
32, 15, -88.708, 31.266, 109.005, -614.07, 615.60, -417.05, -19.16, -23.45, -24.83, -0.31049, -0.71755, 0.35257, 0.51422
32, 15, -88.227, 32.788, 110.565, -578.61, 668.76, -425.42, -21.42, -24.99, -29.23, -0.29482, -0.72521, 0.34889, 0.51520
32, 17, -87.714, 34.154, 111.271, -611.51, 698.97, -379.15, -27.73, -11.44, -31.23, -0.28542, -0.73019, 0.34195, 0.51810
32, 16, -88.046, 36.053, 110.053, -656.80, 700.26, -267.21, -38.24, -5.50, -42.08, -0.28156, -0.72834, 0.32884, 0.53114
32, 16, -87.489, 37.526, 109.458, -687.74, 730.16, -313.23, -55.11, 0.85, -63.16, -0.28008, -0.73002, 0.31491, 0.53802
32, 15, -87.999, 43.395, 105.710, -925.17, 565.37, -70.37, -92.78, -3.49, -125.80, -0.26972, -0.72538, 0.26870, 0.57348
32, 15, -88.122, 47.214, 103.115, -826.35, 612.79, -114.75, -101.89, 1.01, -158.31, -0.26455, -0.72235, 0.23510, 0.59409
32, 16, -83.568, 43.895, 105.492, -381.16, 1017.70, -476.01, -115.29, 28.08, -167.35, -0.29045, -0.73501, 0.23663, 0.56516
32, 15, -83.601, 41.019, 101.214, -278.08, 970.15, 7.26, -105.38, 31.50, -174.42, -0.33259, -0.72086, 0.23178, 0.56216
32, 16, -81.945, 35.376, 99.572, 146.12, 1281.56, -182.13, -95.02, 31.55, -147.42, -0.37954, -0.71254, 0.24511, 0.53680
32, 16, -82.722, 29.759, 96.351, 59.81, 1387.88, -24.17, -46.93, -1.99, -58.48, -0.42311, -0.69071, 0.26634, 0.52246
32, 16, -83.345, 25.387, 96.066, -33.26, 1358.15, -230.59, -24.16, -37.66, -7.03, -0.44268, -0.67963, 0.29299, 0.50625
32, 15, -82.318, 21.437, 102.103, -154.36, 1298.95, -498.66, 98.56, -9.54, 55.97, -0.42906, -0.69738, 0.33354, 0.46725
32, 16, -82.663, 16.132, 104.788, -59.20, 1164.18, -50.96, 141.67, 5.85, 103.92, -0.43548, -0.69538, 0.37289, 0.43331
32, 15, -82.964, 11.581, 107.435, -83.13, 1066.96, -16.78, 161.89, 4.59, 145.16, -0.43856, -0.69419, 0.40604, 0.40112
32, 16, -83.883, 9.006, 109.923, -189.33, 1049.50, 36.13, 179.22, -17.91, 172.24, -0.43170, -0.69417, 0.43176, 0.38125
32, 15, -84.774, 7.961, 112.984, -329.71, 1015.08, -20.20, 182.89, -18.88, 193.47, -0.41483, -0.69954, 0.45167, 0.36683
32, 15, -85.948, 9.959, 116.705, -635.13, 913.64, -75.07, 183.76, -29.70, 191.70, -0.37897, -0.71229, 0.46256, 0.36751
32, 16, -88.224, 13.859, 119.754, -728.39, 739.14, -106.20, 167.44, -46.26, 165.18, -0.33365, -0.72043, 0.47105, 0.38440
32, 16, -90.383, 18.991, 121.819, -804.14, 580.44, -133.00, 132.68, -48.07, 134.28, -0.28704, -0.72616, 0.47112, 0.41029
32, 15, -92.543, 25.369, 123.674, -863.71, 438.35, -261.66, 86.01, -68.70, 96.31, -0.23316, -0.73064, 0.46548, 0.44174
32, 16, -93.766, 30.259, 124.628, -726.07, 349.24, -317.99, 25.65, -36.96, 81.43, -0.19516, -0.73291, 0.45635, 0.46529
32, 15, -94.699, 33.226, 124.953, -641.97, 360.41, -368.29, -9.81, -21.93, 80.37, -0.17248, -0.73240, 0.45079, 0.48024
32, 15, -95.727, 35.236, 124.741, -686.46, 523.74, -475.95, -19.47, -33.97, 50.16, -0.15797, -0.72965, 0.44759, 0.49226
32, 17, -95.939, 36.386, 125.553, -724.91, 766.66, -671.75, -1.42, -45.44, -10.99, -0.14525, -0.73072, 0.44732, 0.49483
32, 15, -95.674, 36.840, 126.994, -562.13, 814.45, -658.39, 25.90, -49.26, -60.63, -0.13456, -0.73380, 0.44981, 0.49103
32, 16, -96.260, 34.513, 127.158, -292.97, 782.65, -512.15, 31.57, -33.23, -56.34, -0.14448, -0.73020, 0.46440, 0.47987
32, 16, -96.300, 31.913, 127.410, -308.41, 765.63, -542.42, 20.20, -10.04, -21.06, -0.15773, -0.72837, 0.47678, 0.46613
32, 15, -96.495, 30.282, 126.879, -366.52, 749.82, -471.56, 22.99, -1.07, -9.49, -0.16968, -0.72533, 0.48272, 0.46053
32, 16, -96.651, 29.475, 125.685, -359.25, 729.06, -395.20, 24.56, 3.54, -17.74, -0.18122, -0.72203, 0.48228, 0.46178
32, 15, -96.254, 28.752, 123.832, -332.21, 670.10, -302.37, 9.59, 32.25, -17.60, -0.19861, -0.71981, 0.47533, 0.46529
32, 15, -94.837, 28.296, 122.030, -380.43, 652.47, -296.45, -12.32, 67.26, -9.30, -0.21829, -0.72176, 0.46103, 0.46782
32, 16, -92.971, 25.247, 120.129, -249.69, 666.08, -287.17, -30.75, 85.49, 4.59, -0.25461, -0.72121, 0.45482, 0.45626
32, 15, -91.600, 21.896, 116.906, -192.69, 734.01, -232.36, -45.72, 78.51, 22.07, -0.29813, -0.71355, 0.44809, 0.44853
32, 15, -90.523, 19.267, 112.236, -179.02, 794.68, -149.78, -60.91, 62.29, 30.26, -0.34474, -0.69968, 0.43482, 0.45004
32, 17, -88.681, 17.967, 110.818, -394.59, 1396.85, -593.57, -80.68, 38.22, 33.62, -0.36707, -0.69951, 0.42395, 0.44297
32, 16, -86.101, 17.408, 112.039, -277.89, 953.13, -384.58, 0.74, 56.89, 12.79, -0.37208, -0.71176, 0.41524, 0.42724
32, 16, -86.413, 16.100, 106.818, -101.99, 1179.50, 107.24, -27.63, 14.66, 0.34, -0.40907, -0.69008, 0.40346, 0.44008
32, 15, -87.614, 15.407, 100.884, -58.96, 1126.71, 120.30, -68.66, -30.53, -8.06, -0.44258, -0.66219, 0.39055, 0.46163
32, 15, -88.189, 16.068, 99.730, -148.68, 1071.66, -310.12, -92.58, -65.16, -17.78, -0.44384, -0.65749, 0.38588, 0.47096
32, 16, -91.673, 12.821, 90.512, 288.21, 967.16, 494.02, -118.00, -91.18, 5.97, -0.49429, -0.59841, 0.38245, 0.50131
32, 15, -94.320, 12.187, 91.231, 24.60, 875.55, -128.72, -57.08, -139.63, 5.17, -0.48174, -0.59028, 0.40258, 0.50738
32, 15, -96.083, 18.343, 95.819, -666.26, 733.95, -525.39, -38.29, -130.30, 18.10, -0.42052, -0.62200, 0.40153, 0.52445
32, 17, -97.760, 24.283, 99.033, -670.72, 656.86, -383.36, 9.22, -111.77, -5.57, -0.36483, -0.64409, 0.39585, 0.54346
32, 15, -97.564, 29.767, 103.136, -821.11, 567.93, -544.98, 8.67, -66.37, -18.81, -0.31293, -0.67024, 0.38655, 0.55085
32, 15, -96.294, 32.651, 106.576, -701.84, 643.31, -421.69, 12.12, -13.37, -20.71, -0.28278, -0.68923, 0.38088, 0.54766
32, 16, -95.328, 33.692, 108.560, -642.40, 696.41, -353.58, -1.67, 2.28, -13.11, -0.26959, -0.69901, 0.37922, 0.54305
32, 15, -93.815, 34.279, 110.950, -691.65, 735.84, -497.07, -20.00, 2.73, -20.00, -0.25875, -0.71041, 0.37820, 0.53416
32, 16, -90.736, 32.976, 116.848, -559.27, 851.99, -766.97, 42.08, 25.25, -46.04, -0.24270, -0.73206, 0.39183, 0.50166
32, 15, -87.779, 32.303, 122.911, -572.27, 777.28, -614.75, 92.48, 48.80, -59.49, -0.21959, -0.75394, 0.40149, 0.47134
32, 15, -85.182, 32.194, 128.132, -515.20, 649.78, -471.25, 103.61, 55.96, -64.58, -0.19580, -0.77250, 0.40561, 0.44766
32, 17, -84.596, 32.497, 129.484, -493.47, 608.28, -307.56, 95.03, 63.44, -55.36, -0.18734, -0.77693, 0.40563, 0.44356
32, 15, -85.027, 31.857, 128.019, -383.54, 599.98, -159.06, 65.48, 66.93, -47.80, -0.19893, -0.77272, 0.40555, 0.44593
32, 16, -85.394, 28.520, 125.224, -229.37, 673.46, -135.62, 37.95, 81.48, -30.52, -0.23369, -0.76427, 0.41144, 0.43818
32, 16, -85.455, 24.010, 120.567, -144.96, 751.95, -10.86, 10.54, 107.70, 2.65, -0.28738, -0.74911, 0.41365, 0.43028
32, 15, -85.031, 19.169, 115.005, -80.51, 789.12, 36.87, -22.55, 104.00, 35.74, -0.34889, -0.72817, 0.41158, 0.42267
32, 15, -84.811, 16.423, 109.087, -149.78, 857.06, 4.46, -65.19, 56.98, 50.75, -0.39981, -0.70442, 0.40079, 0.42816
32, 16, -84.394, 15.109, 104.198, -206.42, 988.34, -54.99, -79.60, 29.20, 49.61, -0.43708, -0.68509, 0.38607, 0.43654
32, 15, -82.804, 15.913, 106.198, -322.57, 979.55, -359.80, -3.16, 15.49, 26.55, -0.42736, -0.69975, 0.38011, 0.42805
32, 17, -81.771, 18.261, 107.371, -412.11, 799.74, -274.41, 2.88, 11.04, 19.43, -0.41336, -0.71220, 0.36679, 0.43287
32, 15, -81.099, 25.488, 105.415, -1333.98, 664.61, 141.72, -8.38, 34.43, -1.82, -0.39469, -0.72000, 0.31870, 0.47355
32, 15, -78.445, 30.131, 104.688, -658.94, 788.88, -278.08, -84.21, 50.54, -106.96, -0.38849, -0.73093, 0.27457, 0.48931
32, 16, -75.485, 35.398, 103.027, -800.84, 738.46, -172.73, -100.56, 77.41, -136.59, -0.38702, -0.73725, 0.21987, 0.50827
32, 15, -71.538, 39.117, 102.775, -700.68, 694.15, -249.57, -124.69, 73.36, -177.70, -0.38867, -0.74566, 0.17254, 0.51299
32, 15, -65.820, 37.438, 105.637, -261.84, 754.64, -512.02, -128.58, 60.26, -191.60, -0.40227, -0.76321, 0.15660, 0.48080
32, 16, -61.195, 33.838, 107.777, -150.09, 897.22, -529.85, -84.41, 55.89, -153.43, -0.42182, -0.77667, 0.15358, 0.44189
32, 17, -59.307, 29.953, 106.767, -115.17, 1019.29, -371.58, -68.56, 43.47, -123.62, -0.45113, -0.77466, 0.15775, 0.41413
32, 16, -58.988, 25.745, 104.062, -97.11, 1120.91, -227.23, -52.92, 31.43, -74.59, -0.48626, -0.76221, 0.16873, 0.39258
32, 15, -59.521, 22.009, 101.394, -67.20, 1111.82, -181.64, -44.06, 1.08, -44.56, -0.51555, -0.74689, 0.18367, 0.37766
32, 15, -60.809, 20.060, 99.368, -213.13, 1031.56, -137.88, -23.85, -28.25, -15.99, -0.53129, -0.73348, 0.19611, 0.37587
32, 16, -63.540, 22.092, 95.526, -430.48, 964.23, 33.69, -23.93, -61.20, -25.76, -0.53891, -0.71343, 0.18875, 0.40616
32, 15, -65.343, 23.192, 93.986, -360.17, 937.99, -108.46, -44.46, -68.02, -35.29, -0.53780, -0.70471, 0.18799, 0.42288
32, 15, -68.405, 24.178, 89.068, -409.36, 931.40, 171.51, -45.25, -62.79, -15.49, -0.55200, -0.67786, 0.18191, 0.45023
32, 16, -70.083, 23.989, 88.494, -410.22, 1026.00, -81.36, -53.73, -79.78, 10.91, -0.54947, -0.67205, 0.19064, 0.45835
32, 16, -74.037, 23.489, 82.100, -430.54, 1027.40, 519.84, -59.01, -83.98, 24.94, -0.57159, -0.63319, 0.18986, 0.48612
32, 15, -73.184, 24.405, 85.257, -582.95, 939.03, -442.14, -104.99, -77.61, 40.13, -0.55380, -0.65206, 0.19279, 0.48057
32, 16, -79.009, 22.230, 74.927, -139.47, 674.93, 989.01, -80.00, -105.92, 22.78, -0.59293, -0.58524, 0.19270, 0.51845
32, 16, -78.412, 25.753, 82.226, -778.63, 827.33, -697.39, -51.66, -123.34, -10.28, -0.54246, -0.63152, 0.20068, 0.51638
32, 16, -79.454, 29.776, 83.109, -616.52, 633.30, -47.79, -42.16, -80.71, -7.97, -0.51532, -0.64292, 0.18596, 0.53527
32, 15, -79.141, 33.577, 87.805, -776.25, 756.04, -442.20, 7.79, -74.81, -37.83, -0.47256, -0.67118, 0.18318, 0.54097
32, 15, -77.572, 36.881, 91.806, -742.68, 609.31, -295.96, 13.29, -18.02, -29.85, -0.44053, -0.69475, 0.17298, 0.54160
32, 16, -73.705, 37.337, 99.514, -683.78, 677.98, -531.92, 38.66, 5.20, -27.03, -0.40831, -0.72981, 0.18189, 0.51727
32, 16, -70.280, 33.717, 106.954, -433.84, 875.73, -758.30, 53.22, 16.16, -11.76, -0.39150, -0.75921, 0.21185, 0.47482
32, 15, -68.370, 29.492, 113.079, -582.28, 978.82, -525.09, 128.78, 69.40, 39.40, -0.37653, -0.78136, 0.24512, 0.43315
32, 16, -67.469, 28.117, 118.041, -843.57, 993.90, -460.33, 155.04, 81.38, 36.59, -0.35153, -0.79856, 0.26386, 0.41123
32, 15, -66.913, 26.585, 123.327, -709.66, 916.87, -475.22, 186.93, 86.81, 19.09, -0.32272, -0.81501, 0.28534, 0.38754
32, 15, -67.398, 24.340, 127.232, -490.17, 752.93, -347.66, 206.17, 90.64, 22.22, -0.30260, -0.82388, 0.31120, 0.36442
32, 16, -69.110, 23.925, 129.814, -458.31, 596.25, -221.44, 202.07, 61.42, 36.27, -0.28036, -0.82554, 0.33336, 0.35883
32, 16, -72.483, 25.791, 129.401, -460.88, 468.93, -9.95, 172.57, 27.31, 44.63, -0.26426, -0.81496, 0.34870, 0.38001
32, 16, -77.117, 28.742, 125.954, -498.60, 450.38, 130.74, 120.48, 12.78, 45.07, -0.25859, -0.79372, 0.35694, 0.41920
32, 16, -82.219, 28.849, 118.906, -372.25, 612.79, 155.58, 33.35, -3.00, 36.54, -0.28645, -0.76094, 0.36423, 0.45415
32, 15, -86.086, 26.307, 112.682, -298.40, 845.34, 4.33, -10.98, -15.00, 50.56, -0.32412, -0.72892, 0.37620, 0.47128
32, 16, -89.204, 24.862, 107.014, -400.27, 927.00, 8.61, -30.32, -24.56, 67.49, -0.35369, -0.69945, 0.37883, 0.49210
32, 15, -91.016, 24.670, 102.292, -516.36, 965.15, -2.62, -47.04, -12.21, 70.22, -0.37510, -0.67812, 0.36998, 0.51242
32, 15, -92.393, 24.615, 97.516, -460.14, 887.51, 68.79, -56.61, -7.12, 63.93, -0.39693, -0.65753, 0.35653, 0.53196
32, 16, -89.131, 25.134, 100.927, -692.50, 1284.12, -585.08, -23.12, 46.39, 22.19, -0.38929, -0.68050, 0.35032, 0.51249
32, 15, -89.419, 22.826, 97.604, -235.66, 1215.52, 189.88, -0.85, 28.59, 16.63, -0.41881, -0.66261, 0.34918, 0.51343
32, 15, -90.122, 22.394, 93.353, -398.50, 1042.91, 69.76, -59.33, -3.43, 42.18, -0.44193, -0.64344, 0.33619, 0.52694
32, 17, -89.271, 22.725, 94.267, -430.60, 1025.27, -283.20, -64.38, -18.64, 29.25, -0.43908, -0.65031, 0.33379, 0.52239
32, 15, -88.896, 23.039, 92.113, -410.22, 865.05, -106.14, -112.98, -13.41, 48.97, -0.45148, -0.64382, 0.32009, 0.52839
32, 16, -89.027, 24.555, 93.051, -496.89, 920.35, -245.48, -49.63, -48.07, 15.63, -0.43837, -0.65100, 0.31688, 0.53256
32, 15, -86.230, 26.565, 96.714, -613.04, 712.95, -638.79, -89.34, -1.82, 26.52, -0.42033, -0.67699, 0.30653, 0.52061
32, 15, -85.726, 29.023, 100.714, -663.57, 801.15, -609.80, -6.10, -57.22, -14.31, -0.38661, -0.69726, 0.30839, 0.51890
32, 16, -85.307, 30.857, 103.255, -532.90, 666.02, -328.13, 8.21, -28.02, -19.30, -0.36376, -0.70981, 0.30756, 0.51891
32, 16, -84.954, 32.262, 106.021, -557.37, 667.30, -400.21, 8.40, -34.85, -23.75, -0.34099, -0.72133, 0.31045, 0.51676
32, 15, -83.620, 32.673, 109.776, -570.86, 695.98, -498.84, 10.07, -13.47, -21.38, -0.32095, -0.73633, 0.31658, 0.50457
32, 17, -83.512, 31.194, 110.449, -482.54, 789.61, -314.09, 9.84, 9.62, -8.08, -0.32458, -0.73685, 0.32631, 0.49519
32, 15, -84.464, 29.483, 108.747, -435.79, 841.98, -210.82, -1.45, 6.16, -3.63, -0.33996, -0.72701, 0.33367, 0.49452
32, 15, -85.583, 28.710, 106.592, -448.43, 858.64, -179.14, -7.09, -2.76, -6.36, -0.35255, -0.71610, 0.33530, 0.50048
32, 16, -86.379, 28.231, 104.885, -433.96, 858.76, -163.64, -4.14, -1.88, -9.41, -0.36206, -0.70767, 0.33521, 0.50571
32, 15, -86.876, 28.711, 103.898, -478.45, 870.24, -164.37, 4.33, -2.16, -17.80, -0.36353, -0.70392, 0.33140, 0.51237
32, 16, -85.516, 30.726, 106.822, -676.64, 1062.07, -352.17, 54.53, 13.97, -68.45, -0.34123, -0.72000, 0.32554, 0.50909
32, 15, -83.474, 30.034, 110.844, -524.90, 1244.08, -400.33, 99.25, 45.44, -82.32, -0.32804, -0.73672, 0.33358, 0.48822
32, 15, -82.881, 28.371, 113.469, -382.75, 1221.86, -243.90, 134.59, 37.73, -70.82, -0.32187, -0.74396, 0.34890, 0.47031
32, 17, -82.292, 27.828, 115.708, -462.46, 998.60, -210.51, 143.54, 52.77, -44.20, -0.31235, -0.75137, 0.35673, 0.45894
