42, 7, 82.308, -30.868, -11.116, 676.51, -206.73, 876.77, -8.90, 13.43, -60.01, -0.66047, -0.13461, 0.24649, -0.69635
42, 28, 74.897, -32.606, -7.473, 653.50, -227.36, 897.46, 28.20, 33.26, -120.29, -0.69768, -0.15108, 0.24403, -0.65641
42, 15, 71.095, -31.230, -4.745, 562.68, -159.18, 943.05, 43.69, 32.94, -120.41, -0.71757, -0.15209, 0.22536, -0.64122
42, 16, 67.659, -29.731, -1.204, 559.33, -64.88, 996.28, 52.45, 26.57, -102.79, -0.73415, -0.15969, 0.20103, -0.62857
42, 15, 65.103, -27.971, 1.189, 515.38, -41.50, 1008.61, 48.03, 22.72, -93.20, -0.74764, -0.16133, 0.18020, -0.61849
42, 16, 63.252, -26.893, 3.694, 518.13, 69.70, 989.93, 31.17, 21.13, -58.62, -0.75581, -0.16929, 0.16230, -0.61135
42, 15, 63.096, -26.410, 3.889, 516.42, 25.33, 955.14, 16.89, 20.30, -28.62, -0.75721, -0.16783, 0.15826, -0.61108
42, 15, 63.492, -26.831, 3.140, 580.38, -13.37, 989.44, 11.51, 18.27, -9.74, -0.75546, -0.16565, 0.16450, -0.61220
42, 17, 64.571, -26.302, 2.028, 573.12, -34.97, 1100.89, 14.30, 24.28, 9.65, -0.75212, -0.15709, 0.16543, -0.61829
42, 15, 65.239, -24.436, 2.265, 475.59, 62.56, 1169.62, 9.45, 24.38, 27.60, -0.75112, -0.14955, 0.15093, -0.62503
42, 15, 65.569, -22.956, 3.031, 398.01, 128.91, 1102.36, -2.85, 17.71, 38.64, -0.75056, -0.14697, 0.13653, -0.62962
42, 16, 65.623, -22.049, 2.844, 383.79, 106.81, 1072.20, -26.08, 11.81, 33.54, -0.75181, -0.14088, 0.13150, -0.63059
42, 15, 65.944, -22.355, 0.276, 396.42, -10.31, 970.09, -49.03, 7.40, 20.80, -0.75262, -0.12609, 0.14726, -0.62927
42, 15, 66.739, -23.957, -3.896, 497.56, -189.70, 878.36, -57.50, 5.77, 8.92, -0.75053, -0.10870, 0.17976, -0.62656
42, 16, 67.568, -25.239, -7.947, 553.77, -276.61, 878.36, -51.25, 15.71, 1.53, -0.74809, -0.09080, 0.20936, -0.62313
42, 15, 68.042, -25.650, -11.074, 581.36, -305.91, 968.20, -34.75, 33.80, 1.59, -0.74736, -0.07363, 0.22857, -0.61951
42, 17, 67.011, -23.993, -11.906, 464.90, -246.58, 1058.65, -20.68, 45.00, -21.24, -0.75480, -0.05676, 0.22318, -0.61420
42, 15, 64.450, -21.195, -11.024, 356.26, -214.42, 1196.53, -14.43, 46.75, -52.28, -0.77016, -0.04227, 0.20159, -0.60368
42, 15, 61.388, -20.471, -9.977, 366.46, -205.38, 1127.87, -5.24, 8.64, -78.09, -0.78622, -0.04019, 0.19247, -0.58584
42, 16, 58.297, -22.625, -8.806, 505.25, -146.18, 945.80, -4.49, -1.23, -95.21, -0.79934, -0.05423, 0.20243, -0.56316
42, 15, 54.516, -24.923, -5.582, 585.51, 51.88, 861.57, -7.24, 0.10, -105.67, -0.81294, -0.08167, 0.20504, -0.53890
42, 15, 51.932, -24.677, -2.236, 404.48, 157.84, 795.84, -25.04, 0.04, -68.23, -0.82265, -0.09993, 0.18980, -0.52654
42, 16, 50.690, -24.486, -0.173, 363.28, 205.99, 744.81, -56.76, -15.87, -32.37, -0.82671, -0.11190, 0.18014, -0.52114
42, 15, 52.323, -24.178, -2.576, 416.63, 4.46, 1012.02, -66.40, -41.95, 12.47, -0.82186, -0.09580, 0.18747, -0.52936
42, 16, 55.359, -26.473, -4.726, 501.34, -14.77, 851.62, -46.59, -53.01, 67.78, -0.80614, -0.09680, 0.21114, -0.54423
42, 16, 59.479, -27.710, -5.171, 443.97, 130.00, 863.71, -40.87, -65.26, 140.67, -0.78471, -0.10762, 0.21809, -0.57016
42, 15, 67.394, -30.891, -10.424, 514.34, -118.29, 713.38, -32.54, -85.96, 200.53, -0.74460, -0.10610, 0.25836, -0.60627
42, 16, 76.401, -31.438, -14.670, 595.52, -184.45, 1074.71, -0.38, -99.59, 249.99, -0.69841, -0.10359, 0.27672, -0.65186
42, 15, 85.476, -30.515, -18.736, 511.96, -360.78, 1167.79, 40.03, -93.99, 249.99, -0.64909, -0.09614, 0.28781, -0.69757
42, 16, 94.829, -29.240, -22.659, 373.54, -528.14, 1142.82, 74.54, -104.56, 249.99, -0.59372, -0.09013, 0.29876, -0.74169
42, 16, 103.406, -28.618, -24.697, 302.61, -718.44, 1192.87, 146.04, -121.16, 213.87, -0.53824, -0.09813, 0.30266, -0.78043
42, 15, 108.154, -31.116, -22.484, 558.59, -834.23, 1260.74, 234.62, -127.41, 63.92, -0.50414, -0.13892, 0.29185, -0.80086
42, 16, 106.773, -35.933, -17.366, 901.31, -838.07, 1258.42, 249.99, -82.86, -92.25, -0.50653, -0.19366, 0.27586, -0.79361
42, 17, 100.104, -35.861, -9.237, 685.79, -675.96, 1307.74, 249.99, 21.79, -199.71, -0.53795, -0.21544, 0.23156, -0.78139
42, 15, 93.634, -28.167, -0.358, -69.09, -318.60, 1354.98, 249.99, 104.22, -157.78, -0.57460, -0.19436, 0.14644, -0.78142
42, 15, 85.681, -22.579, 4.994, 200.38, -397.64, 1158.20, 221.81, 126.92, -225.70, -0.62663, -0.17686, 0.09379, -0.75316
42, 16, 76.006, -20.369, 10.957, 447.27, -16.85, 863.83, 159.68, 129.54, -250.00, -0.68204, -0.19081, 0.05834, -0.70357
42, 15, 66.351, -10.813, 20.482, -200.44, 623.90, 862.73, 106.65, 107.90, -250.00, -0.73887, -0.19514, -0.04300, -0.64354
42, 16, 57.261, -7.002, 29.365, 76.54, 1502.81, 704.77, 19.74, 2.46, -250.00, -0.77677, -0.24021, -0.09895, -0.57371
42, 15, 47.910, -4.702, 32.619, 154.60, 986.08, 793.58, -57.30, -56.40, -250.00, -0.81732, -0.26107, -0.11011, -0.50171
42, 16, 40.615, -8.654, 35.147, 858.03, 1172.12, 563.84, -91.29, -103.10, -224.49, -0.83502, -0.30064, -0.07368, -0.45490
42, 16, 39.032, -14.363, 36.209, 945.43, 886.84, 558.78, -80.78, -42.98, -62.45, -0.82729, -0.32899, -0.03074, -0.45433
43, 8, 66.735, -25.620, -0.381, 580.57, 5.68, 941.77, -30.89, 47.02, 59.91, -0.74452, -0.14083, 0.17127, -0.62970
43, 26, 67.106, -20.929, -1.148, 372.13, 44.80, 1049.93, -33.77, 53.18, 32.62, -0.74942, -0.11034, 0.14459, -0.63662
43, 15, 66.045, -23.167, -0.971, 578.13, -8.48, 1080.57, -7.39, -8.30, -13.79, -0.75236, -0.12249, 0.15931, -0.62736
43, 16, 64.838, -25.111, -0.329, 623.60, 10.99, 1044.86, -2.08, -3.26, -26.70, -0.75552, -0.13558, 0.16995, -0.61800
43, 15, 61.836, -26.870, 2.012, 655.09, 102.29, 979.98, 0.23, -2.23, -79.32, -0.76572, -0.15593, 0.17304, -0.59951
43, 15, 57.014, -27.519, 5.391, 643.07, 125.85, 978.58, 8.59, 16.76, -126.05, -0.78431, -0.17488, 0.16718, -0.57125
43, 17, 50.557, -25.402, 11.700, 384.34, 375.79, 844.12, 8.68, 6.99, -168.37, -0.80945, -0.20064, 0.13217, -0.53579
43, 15, 45.147, -24.829, 17.080, 486.39, 568.97, 812.50, -25.10, -20.50, -150.06, -0.82509, -0.23086, 0.11373, -0.50298
43, 15, 43.996, -26.698, 19.836, 413.09, 458.31, 541.63, -54.33, -49.91, -23.99, -0.81988, -0.25662, 0.11813, -0.49799
43, 16, 48.323, -27.502, 16.618, 335.02, 275.21, 846.74, -54.93, -78.80, 89.32, -0.80560, -0.24160, 0.12906, -0.52533
43, 15, 56.764, -30.021, 8.751, 411.99, -126.71, 946.23, -21.91, -87.10, 171.08, -0.77476, -0.20931, 0.16824, -0.57239
43, 15, 67.342, -31.637, 0.736, 553.96, -345.89, 1269.29, 23.74, -78.74, 232.11, -0.72968, -0.18198, 0.20304, -0.62707
43, 17, 76.912, -32.455, -6.610, 619.32, -848.88, 1290.04, 83.24, -58.40, 182.77, -0.68504, -0.15959, 0.23543, -0.67069
43, 15, 84.432, -33.455, -8.102, 810.85, -787.72, 1213.56, 209.54, -38.34, 119.65, -0.64064, -0.17278, 0.23906, -0.70893
43, 17, 88.315, -34.383, -6.748, 1016.24, -855.29, 1290.34, 249.99, 7.17, 51.28, -0.61295, -0.19415, 0.22919, -0.73081
43, 15, 90.208, -33.484, -4.359, 996.22, -716.43, 1248.54, 249.99, 88.68, 22.28, -0.59772, -0.20443, 0.20590, -0.74736
43, 15, 91.628, -27.167, -1.480, 472.72, -475.89, 1338.81, 249.99, 177.60, 47.66, -0.59122, -0.17924, 0.15225, -0.77146
43, 16, 87.133, -15.875, 4.621, -137.08, -186.40, 944.40, 249.99, 239.75, -87.09, -0.62562, -0.13183, 0.05703, -0.76679
43, 15, 75.962, -3.427, 17.895, -727.36, 708.74, 600.83, 206.01, 160.11, -250.00, -0.69636, -0.13100, -0.08877, -0.70003
43, 16, 66.499, 4.117, 27.008, -510.13, 1183.84, 874.45, 113.08, 50.47, -250.00, -0.74816, -0.15586, -0.17717, -0.62014
43, 16, 58.296, 4.534, 32.955, 273.56, 1274.17, 1039.73, 78.74, -27.37, -250.00, -0.78132, -0.20683, -0.19745, -0.55478
43, 15, 50.158, 6.092, 35.865, 161.38, 1086.73, 904.24, 7.42, -29.38, -250.00, -0.81456, -0.23402, -0.20572, -0.48929
43, 17, 43.769, 5.699, 39.557, 351.20, 1437.26, 595.46, -26.78, -62.71, -250.00, -0.83181, -0.27368, -0.20373, -0.43781
43, 15, 39.667, 3.184, 39.572, 278.63, 842.35, 637.63, -74.02, -69.47, -170.88, -0.84429, -0.29044, -0.17556, -0.41472
43, 15, 37.924, -2.897, 38.595, 448.85, 713.32, 656.74, -85.83, -86.40, -62.53, -0.84537, -0.30769, -0.12264, -0.41908
43, 15, 38.743, -10.111, 34.395, 607.79, 266.42, 755.00, -60.38, -47.74, 6.30, -0.84175, -0.30135, -0.05487, -0.44455
43, 15, 41.059, -14.841, 31.636, 462.16, 352.48, 805.85, -27.04, -20.20, 48.20, -0.83060, -0.29716, -0.01423, -0.47074
43, 15, 45.291, -16.893, 29.126, 321.29, 455.75, 936.04, -10.83, 7.91, 112.69, -0.81467, -0.28648, 0.00104, -0.50423
44, 8, 62.953, -30.724, -4.177, 767.88, -102.29, 974.85, -46.29, 29.66, -23.18, -0.76143, -0.13681, 0.22936, -0.59068
44, 27, 63.871, -24.645, 0.553, 393.31, 369.02, 943.12, -39.11, 62.29, 69.38, -0.76035, -0.13750, 0.16328, -0.61343
44, 15, 65.462, -21.982, -0.801, 424.93, 88.99, 1212.22, -56.77, 43.50, 61.55, -0.75687, -0.11632, 0.15121, -0.62510
44, 16, 64.758, -23.936, 0.015, 632.26, 116.03, 1060.42, -21.84, 1.17, 0.86, -0.75723, -0.13138, 0.16043, -0.61936
44, 15, 64.006, -24.510, -0.148, 609.25, 18.55, 1057.86, -22.93, 28.18, -21.66, -0.76065, -0.13232, 0.16598, -0.61348
44, 15, 61.532, -23.531, 1.198, 416.75, 109.80, 957.58, -39.07, 18.78, -61.26, -0.77361, -0.13269, 0.15515, -0.59987
44, 16, 59.055, -24.706, 0.483, 553.96, -50.17, 981.81, -27.69, 5.26, -86.34, -0.78544, -0.13034, 0.16969, -0.58078
44, 16, 54.256, -26.028, 6.109, 559.88, 466.67, 740.05, -26.39, 4.62, -94.76, -0.79961, -0.16886, 0.15730, -0.55440
44, 15, 51.470, -26.774, 10.226, 616.15, 665.47, 820.62, -63.18, -3.46, -42.09, -0.80485, -0.19738, 0.14745, -0.53992
44, 16, 51.923, -26.530, 10.188, 411.87, 383.67, 826.97, -94.91, -24.08, 17.89, -0.80329, -0.19661, 0.14508, -0.54316
44, 15, 57.307, -23.252, 3.935, -35.71, 35.10, 587.77, -112.46, -71.17, 129.51, -0.79239, -0.14447, 0.14430, -0.57482
44, 15, 67.436, -23.462, -6.408, 136.35, -379.58, 938.35, -80.54, -101.33, 249.99, -0.74945, -0.09062, 0.18972, -0.62779
44, 16, 78.340, -24.856, -17.410, 175.90, -640.63, 739.44, -44.04, -140.96, 249.99, -0.69318, -0.05066, 0.25403, -0.67261
44, 15, 86.341, -26.001, -20.714, 438.90, -358.95, 1328.13, -10.64, -154.83, 249.99, -0.64621, -0.05727, 0.27636, -0.70905
44, 16, 97.638, -26.133, -26.778, 535.46, -1008.36, 1523.50, 47.71, -152.30, 249.99, -0.57701, -0.05468, 0.31026, -0.75353
44, 17, 105.805, -28.810, -26.547, 736.51, -1038.09, 1319.27, 221.16, -150.41, 164.15, -0.52352, -0.09742, 0.31399, -0.78603
44, 15, 104.830, -32.161, -20.877, 711.24, -882.32, 1421.51, 249.99, -86.38, -79.93, -0.52539, -0.14542, 0.28873, -0.78705
44, 16, 96.829, -32.736, -11.627, 563.84, -695.31, 1387.15, 249.99, 2.32, -239.54, -0.56667, -0.17523, 0.23946, -0.76866
44, 15, 87.623, -27.000, -0.637, 96.01, -231.26, 1430.05, 240.72, 84.75, -223.17, -0.61672, -0.17725, 0.15201, -0.75175
44, 15, 82.075, -18.316, 4.234, -241.82, -431.64, 1084.41, 234.46, 129.87, -170.39, -0.65659, -0.14251, 0.07948, -0.73639
44, 17, 74.204, -12.968, 6.212, 229.68, -708.68, 1059.02, 225.00, 174.90, -250.00, -0.70941, -0.11705, 0.04371, -0.69363
44, 15, 65.486, -3.022, 13.597, -101.20, 113.59, 856.14, 208.72, 196.56, -250.00, -0.76236, -0.10783, -0.05534, -0.63570
44, 16, 57.515, 11.026, 21.280, -703.98, 404.91, 417.79, 137.71, 107.58, -250.00, -0.80519, -0.09429, -0.18385, -0.55585
44, 16, 51.985, 15.530, 28.575, -536.74, 1541.20, 557.92, 49.28, -5.66, -250.00, -0.82437, -0.13423, -0.24274, -0.49344
44, 15, 46.741, 13.861, 33.753, 107.48, 1964.90, 378.54, -21.34, -107.31, -250.00, -0.83808, -0.19069, -0.24500, -0.44860
44, 16, 45.680, 6.151, 34.999, 641.36, 1454.83, 534.30, -124.24, -122.60, -69.70, -0.83491, -0.23533, -0.19337, -0.45842
45, 7, 63.446, -25.689, 5.957, 637.82, 94.54, 895.81, -21.26, 46.69, 40.56, -0.75348, -0.17816, 0.14182, -0.61678
45, 27, 63.435, -17.852, 0.736, 174.56, -175.42, 1122.50, -17.38, 53.28, -34.50, -0.77123, -0.10179, 0.11727, -0.61733
45, 15, 61.043, -20.285, 1.725, 520.20, 37.48, 947.75, 0.95, 1.34, -61.72, -0.78008, -0.11877, 0.13083, -0.60021
45, 16, 58.188, -22.162, 3.706, 590.09, 129.27, 983.76, -0.48, 2.65, -84.07, -0.78993, -0.13857, 0.13677, -0.58147
45, 15, 53.694, -23.927, 7.834, 613.65, 347.05, 866.46, -15.56, 5.10, -104.14, -0.80367, -0.17045, 0.13483, -0.55397
45, 16, 50.034, -25.075, 11.531, 537.66, 415.16, 718.20, -40.64, -2.94, -93.88, -0.81285, -0.19742, 0.13148, -0.53198
45, 16, 48.676, -26.551, 13.591, 567.69, 579.10, 806.46, -82.73, -35.02, -20.90, -0.81223, -0.21672, 0.13524, -0.52442
45, 15, 51.715, -26.991, 12.420, 418.03, 512.63, 869.38, -107.32, -36.19, 103.88, -0.79929, -0.21399, 0.13819, -0.54428
45, 16, 61.878, -26.039, 1.154, 162.41, -278.50, 1147.52, -104.52, -62.35, 225.44, -0.76801, -0.14594, 0.17189, -0.59944
45, 16, 72.844, -24.625, -10.290, -27.22, -613.83, 916.14, -53.94, -101.17, 249.99, -0.72103, -0.08198, 0.21462, -0.65371
45, 15, 83.428, -26.683, -18.702, 423.34, -881.47, 1186.34, 14.14, -146.56, 249.99, -0.66287, -0.06630, 0.26915, -0.69553
45, 16, 94.252, -26.251, -22.177, 535.22, -860.60, 1589.97, 108.67, -133.09, 249.99, -0.59674, -0.07032, 0.28248, -0.74777
45, 16, 100.742, -28.378, -21.201, 755.07, -831.85, 1440.61, 205.87, -103.54, 155.65, -0.55316, -0.10626, 0.28030, -0.77727
45, 16, 97.939, -29.604, -15.170, 647.22, -817.08, 1480.10, 249.99, -16.08, -94.04, -0.56563, -0.13803, 0.24772, -0.77437
45, 16, 92.067, -28.291, -8.040, 602.17, -622.62, 1372.86, 249.99, 75.76, -156.28, -0.59670, -0.15355, 0.20118, -0.76151
45, 15, 89.347, -21.986, -2.436, 110.72, -322.02, 1322.39, 222.50, 120.96, -41.99, -0.61314, -0.13639, 0.13483, -0.76634
45, 15, 81.761, -19.946, 1.717, 382.87, -341.49, 1005.98, 187.66, 120.00, -197.48, -0.65982, -0.13816, 0.10544, -0.73105
45, 16, 70.944, -19.620, 12.156, 642.58, 364.56, 912.41, 153.31, 107.71, -250.00, -0.71173, -0.19126, 0.05485, -0.67368
45, 15, 61.658, -11.746, 24.765, 95.03, 1047.91, 728.82, 122.23, 141.11, -250.00, -0.75503, -0.22987, -0.05148, -0.61191
45, 17, 52.832, -2.728, 33.074, -299.62, 1320.25, 717.22, 33.76, 52.66, -250.00, -0.79714, -0.25032, -0.13722, -0.53205
45, 16, 46.007, 1.074, 36.606, -3.97, 1135.50, 621.28, -51.73, -26.86, -250.00, -0.82444, -0.26779, -0.16427, -0.47075
46, 7, 57.294, -24.671, 7.395, 546.14, 77.82, 1018.19, 9.00, 9.51, -10.03, -0.78519, -0.17520, 0.13683, -0.57798
46, 26, 60.111, -24.600, 6.323, 500.18, 110.35, 1028.44, 4.79, 6.94, 28.12, -0.77251, -0.17093, 0.13758, -0.59589
46, 16, 61.673, -25.373, 5.732, 576.54, 119.81, 1037.78, -2.26, 12.50, 42.07, -0.76384, -0.17282, 0.14361, -0.60503
46, 15, 62.518, -26.204, 5.201, 591.00, 92.71, 1027.89, -2.77, 11.32, 21.48, -0.75869, -0.17466, 0.15076, -0.60923
46, 15, 62.445, -26.246, 4.958, 551.45, 75.07, 1034.55, -1.63, 15.02, -7.98, -0.75937, -0.17317, 0.15244, -0.60839
46, 16, 61.350, -25.256, 6.046, 472.47, 133.18, 1012.94, 0.58, 17.04, -26.66, -0.76528, -0.17391, 0.14165, -0.60336
46, 15, 59.740, -24.529, 7.134, 484.38, 144.35, 1013.61, -4.45, 14.65, -48.33, -0.77334, -0.17561, 0.13344, -0.59439
46, 17, 57.372, -24.428, 8.214, 533.26, 156.98, 1010.07, -11.32, 11.80, -83.08, -0.78398, -0.17972, 0.13088, -0.57961
46, 15, 54.269, -23.778, 9.836, 486.08, 192.20, 949.71, -16.17, 11.28, -113.61, -0.79805, -0.18441, 0.12314, -0.56030
46, 15, 50.088, -23.392, 13.285, 460.94, 351.32, 821.72, -24.41, -1.39, -134.33, -0.81296, -0.20266, 0.11093, -0.53452
46, 16, 46.983, -23.158, 16.364, 435.06, 494.75, 814.88, -50.32, -24.44, -101.55, -0.82198, -0.22077, 0.10084, -0.51521
46, 15, 47.940, -24.539, 15.931, 480.22, 433.84, 892.46, -78.34, -49.35, 5.88, -0.81553, -0.22421, 0.11116, -0.52181
46, 15, 53.742, -29.816, 14.071, 433.78, 324.52, 445.80, -83.34, -63.03, 192.39, -0.77972, -0.24032, 0.14645, -0.55931
46, 16, 62.758, -30.214, 7.247, 299.50, 170.29, 1092.65, -67.79, -91.10, 240.75, -0.74616, -0.20903, 0.16638, -0.60981
46, 15, 75.145, -30.662, -4.641, 293.58, -593.08, 1286.62, -29.53, -101.72, 249.99, -0.69513, -0.15720, 0.21587, -0.66744
46, 16, 86.889, -31.344, -14.418, 407.35, -760.50, 1083.01, 26.50, -108.63, 249.99, -0.63568, -0.12922, 0.26404, -0.71378
46, 17, 96.559, -31.935, -18.464, 700.50, -810.18, 1441.53, 133.71, -100.31, 225.24, -0.57810, -0.13484, 0.28167, -0.75385
46, 15, 101.483, -33.620, -17.293, 783.14, -755.07, 1300.84, 228.58, -62.31, 105.45, -0.54325, -0.16449, 0.27459, -0.77616
46, 16, 100.334, -32.702, -11.645, 589.84, -544.13, 1385.80, 249.99, 9.66, -14.03, -0.54295, -0.18214, 0.23396, -0.78568
46, 15, 97.129, -28.118, -5.010, 213.38, -254.94, 1414.92, 218.28, 79.71, -26.50, -0.55816, -0.17589, 0.17251, -0.79232
46, 15, 92.868, -24.256, -0.413, 195.43, -262.27, 1408.26, 186.16, 84.04, -56.43, -0.58443, -0.16642, 0.12829, -0.78377
46, 17, 84.201, -19.431, 3.720, 123.66, -321.35, 1195.98, 171.72, 116.85, -204.55, -0.64217, -0.14829, 0.08651, -0.74709
46, 15, 72.445, -11.656, 11.183, 52.73, 92.35, 968.32, 161.66, 138.37, -250.00, -0.71590, -0.13983, 0.00750, -0.68401
46, 16, 63.137, -3.478, 21.943, -137.39, 897.83, 909.36, 141.61, 129.34, -250.00, -0.76469, -0.16748, -0.09502, -0.61495
46, 16, 55.501, -0.150, 30.986, 190.92, 1571.53, 731.45, 68.18, 31.86, -250.00, -0.79254, -0.22046, -0.15084, -0.54820
47, 7, 61.622, -25.951, 2.776, 575.74, 225.16, 960.45, 7.23, -0.97, 0.43, -0.76735, -0.15597, 0.16314, -0.60019
47, 27, 62.430, -26.676, 3.893, 572.75, 108.89, 983.70, 6.39, 21.75, 23.24, -0.76027, -0.16832, 0.16100, -0.60641
47, 15, 63.595, -25.860, 5.060, 507.32, 258.61, 964.42, -11.17, 43.20, 71.00, -0.75375, -0.17334, 0.14756, -0.61647
47, 16, 65.048, -25.150, 4.440, 503.42, 152.40, 995.12, -24.25, 47.87, 69.53, -0.74802, -0.16736, 0.14405, -0.62587
47, 15, 65.327, -26.601, 4.238, 580.99, 100.40, 1060.30, -3.59, -5.59, 32.11, -0.74431, -0.17417, 0.15432, -0.62598
47, 16, 65.960, -28.259, 3.102, 652.77, 19.53, 1046.26, -4.19, -1.69, 18.71, -0.73966, -0.17661, 0.17043, -0.62663
47, 16, 65.281, -28.055, 2.374, 526.98, -9.09, 1009.16, -3.52, 4.35, -27.18, -0.74482, -0.16977, 0.17409, -0.62138
47, 15, 62.959, -25.923, 2.954, 411.50, -13.06, 1036.87, 11.77, 12.10, -78.83, -0.76010, -0.15890, 0.16017, -0.60938
47, 16, 59.812, -26.097, 4.955, 548.10, 65.31, 1044.74, 18.24, 0.92, -97.00, -0.77342, -0.16885, 0.15537, -0.59091
47, 15, 56.308, -25.567, 7.791, 553.77, 145.63, 1035.40, 20.54, 12.38, -115.71, -0.78784, -0.18102, 0.14266, -0.57113
47, 15, 53.017, -24.744, 9.413, 562.32, 83.37, 1050.17, 24.93, 14.09, -145.66, -0.80295, -0.18448, 0.13412, -0.55068
47, 16, 48.908, -22.608, 13.379, 424.38, 278.69, 950.56, 22.78, 12.31, -155.68, -0.81982, -0.19884, 0.10681, -0.52625
47, 15, 44.984, -20.808, 17.493, 408.51, 424.01, 901.37, 6.22, 2.54, -155.10, -0.83351, -0.21791, 0.08211, -0.50103
47, 15, 40.850, -19.316, 22.468, 341.80, 637.08, 764.22, -21.71, -11.34, -130.58, -0.84404, -0.24616, 0.05803, -0.47290
47, 17, 40.244, -19.668, 22.865, 365.84, 568.12, 863.46, -78.81, -42.30, -46.98, -0.84495, -0.25004, 0.06040, -0.46893
47, 15, 42.497, -23.218, 21.163, 523.50, 584.53, 829.10, -118.50, -63.68, 63.40, -0.83157, -0.25193, 0.08955, -0.48683
47, 16, 50.114, -27.353, 14.798, 575.44, 338.87, 914.55, -123.95, -44.10, 202.43, -0.80141, -0.23026, 0.13271, -0.53582
47, 15, 59.316, -27.580, 6.710, 362.43, 173.34, 1003.05, -113.19, -36.38, 249.99, -0.77046, -0.18739, 0.15729, -0.58868
47, 15, 68.902, -25.865, -2.775, 112.98, -254.33, 1119.69, -70.68, -54.25, 249.99, -0.73500, -0.13010, 0.18354, -0.63965
47, 17, 77.985, -26.267, -10.227, 391.78, -596.01, 1479.98, -0.37, -83.21, 249.99, -0.68964, -0.10209, 0.21984, -0.68238
47, 15, 87.142, -26.860, -16.072, 495.18, -888.73, 1368.29, 81.84, -71.80, 249.99, -0.63803, -0.09084, 0.25125, -0.72218
47, 15, 94.773, -26.520, -16.293, 560.85, -608.58, 1420.78, 173.77, -55.97, 209.95, -0.58883, -0.10384, 0.24453, -0.76335
47, 17, 97.863, -27.949, -14.180, 647.16, -792.24, 1188.48, 249.99, -10.93, 81.60, -0.56550, -0.13101, 0.23369, -0.78002
47, 15, 98.154, -26.878, -9.341, 412.60, -365.91, 1154.30, 249.99, 26.40, 59.36, -0.55808, -0.14768, 0.19524, -0.79286
47, 15, 94.334, -23.366, -2.419, 220.95, -264.89, 1342.35, 249.99, 78.20, -40.04, -0.57802, -0.15179, 0.13554, -0.79024
47, 16, 85.985, -19.196, 3.424, 152.71, -250.06, 1315.25, 202.90, 97.96, -182.81, -0.63112, -0.14644, 0.08484, -0.75700
47, 16, 76.037, -10.278, 8.573, -317.20, -87.22, 1118.47, 159.21, 116.46, -250.00, -0.69857, -0.11579, 0.01069, -0.70603
47, 16, 66.127, -3.402, 17.160, -168.21, 527.89, 936.95, 128.10, 92.26, -250.00, -0.75470, -0.13315, -0.07329, -0.63822
47, 15, 56.274, -0.757, 26.489, 221.92, 1285.28, 896.67, 77.41, 32.49, -250.00, -0.79612, -0.19127, -0.12626, -0.56006
47, 16, 48.630, 2.954, 30.973, -140.56, 1318.73, 899.90, -16.30, -28.64, -250.00, -0.82747, -0.21541, -0.15958, -0.49338
47, 16, 41.937, 2.993, 33.443, 164.25, 1480.16, 570.50, -115.34, -83.52, -250.00, -0.84987, -0.24257, -0.15655, -0.44088
47, 15, 39.648, -2.892, 33.925, 427.55, 1090.09, 487.06, -161.01, -123.24, -73.71, -0.85074, -0.27135, -0.10959, -0.43657
48, 7, 62.421, -23.486, 7.906, 479.68, 207.03, 1038.51, -12.06, 5.20, 26.18, -0.75986, -0.17842, 0.11810, -0.61386
48, 27, 60.382, -21.313, 4.561, 339.48, -85.75, 1049.07, 8.86, 4.91, -54.57, -0.77886, -0.14263, 0.12381, -0.59808
48, 16, 56.431, -21.892, 5.815, 498.60, 1.59, 1054.44, 30.08, 3.81, -134.11, -0.79654, -0.14982, 0.12648, -0.57191
48, 15, 51.630, -21.480, 9.548, 506.41, 191.83, 1047.79, 34.88, 14.33, -159.28, -0.81538, -0.16917, 0.11205, -0.54220
48, 16, 46.467, -19.309, 15.058, 367.92, 411.44, 967.16, 36.10, 10.70, -174.04, -0.83423, -0.19518, 0.07894, -0.50965
48, 15, 42.234, -17.824, 20.489, 395.94, 690.37, 922.73, 6.10, -4.45, -152.37, -0.84530, -0.22672, 0.05205, -0.48099
48, 15, 39.798, -17.395, 24.181, 402.28, 856.26, 837.16, -51.57, -23.14, -100.00, -0.84848, -0.25148, 0.03863, -0.46406
48, 16, 39.245, -19.705, 25.466, 451.17, 712.52, 600.10, -112.46, -46.96, -31.04, -0.84304, -0.26883, 0.05237, -0.46289
48, 15, 42.648, -22.301, 19.268, 432.43, 297.24, 909.24, -147.35, -65.35, 35.72, -0.83698, -0.23484, 0.09034, -0.48596
48, 16, 49.094, -26.854, 12.205, 439.45, 172.42, 675.11, -134.14, -67.69, 134.64, -0.81222, -0.20867, 0.14304, -0.52563
48, 16, 58.975, -26.553, 3.697, 230.29, 48.10, 984.68, -99.99, -70.18, 249.99, -0.77870, -0.16144, 0.16615, -0.58305
48, 15, 68.194, -27.472, -3.976, 458.86, -85.08, 1116.09, -72.73, -69.61, 249.99, -0.73812, -0.13024, 0.20121, -0.63066
48, 17, 77.763, -26.649, -12.058, 313.60, -529.48, 1428.65, -32.71, -86.68, 249.99, -0.69222, -0.09298, 0.23309, -0.67665
48, 15, 87.501, -26.176, -19.475, 362.06, -876.16, 1313.54, 25.12, -87.38, 249.99, -0.63830, -0.06814, 0.26891, -0.71807
48, 15, 94.951, -26.838, -21.308, 573.12, -793.82, 1429.02, 136.56, -81.51, 215.70, -0.59168, -0.08064, 0.27902, -0.75204
48, 16, 98.927, -29.342, -19.701, 693.54, -827.64, 1261.72, 221.77, -55.43, 108.18, -0.56404, -0.11608, 0.27601, -0.76955
48, 15, 98.629, -31.964, -14.923, 707.95, -590.09, 1123.11, 249.99, -4.64, 8.33, -0.55978, -0.15748, 0.25557, -0.77235
48, 16, 96.688, -28.987, -8.016, 401.18, -344.79, 1191.83, 249.99, 49.53, -4.99, -0.56496, -0.16654, 0.19792, -0.78353
48, 16, 89.516, -24.615, 0.457, 164.37, -174.44, 1211.18, 234.59, 74.78, -143.39, -0.60542, -0.16960, 0.12918, -0.76682
48, 16, 79.704, -18.329, 6.605, 35.10, -176.03, 1088.01, 188.11, 97.66, -250.00, -0.66861, -0.15479, 0.06752, -0.72419
48, 16, 70.737, -16.419, 11.024, 413.64, -110.53, 1057.25, 169.56, 84.40, -250.00, -0.71981, -0.16595, 0.04123, -0.67278
48, 15, 62.449, -7.284, 18.591, -203.25, 382.26, 1142.94, 160.00, 94.99, -250.00, -0.76844, -0.16552, -0.05020, -0.61611
48, 15, 55.261, -0.405, 28.138, -253.60, 1162.84, 821.41, 106.51, 48.49, -250.00, -0.79862, -0.20221, -0.13497, -0.55054
48, 16, 49.621, 2.171, 36.071, 238.59, 1999.94, 728.82, 48.41, -0.35, -250.00, -0.81185, -0.25387, -0.17803, -0.49472
48, 15, 44.146, 5.131, 37.969, -32.65, 1302.12, 776.12, -71.99, -19.65, -200.18, -0.83349, -0.26381, -0.19446, -0.44485
48, 16, 40.423, 2.478, 34.644, 126.40, 635.99, 706.24, -138.85, -85.18, -124.02, -0.85249, -0.25555, -0.15403, -0.42922
48, 16, 39.073, -3.252, 28.661, 231.75, 198.91, 865.42, -76.57, -116.00, -24.86, -0.86409, -0.23378, -0.08553, -0.43747
48, 15, 41.500, -11.332, 25.719, 460.94, 288.70, 953.92, -27.49, -110.08, 97.08, -0.84917, -0.24085, -0.01752, -0.46968
49, 7, 65.396, -26.725, 2.742, 565.00, 202.58, 958.13, 6.35, 25.00, 29.30, -0.74594, -0.16520, 0.16319, -0.62422
49, 27, 63.423, -26.049, 3.019, 503.05, 50.29, 978.03, -9.24, 24.26, -25.18, -0.75732, -0.16064, 0.16002, -0.61241
49, 15, 62.403, -25.240, 1.732, 520.02, -96.25, 1062.32, -0.65, 28.40, -56.70, -0.76578, -0.14641, 0.16281, -0.60468
49, 16, 59.848, -24.047, 2.981, 446.66, 4.33, 1078.49, 22.37, 5.07, -80.42, -0.77941, -0.14518, 0.15145, -0.59035
49, 16, 57.093, -23.766, 5.434, 483.95, 95.76, 1064.21, 28.18, 0.14, -87.78, -0.79064, -0.15708, 0.14066, -0.57483
49, 15, 54.799, -23.734, 7.178, 511.72, 105.10, 1036.19, 22.71, 1.95, -91.58, -0.79961, -0.16626, 0.13502, -0.56103
49, 16, 52.692, -23.053, 7.574, 502.69, 9.83, 1059.27, 27.91, 8.22, -117.42, -0.81043, -0.16344, 0.13127, -0.54704
49, 15, 49.552, -22.976, 9.122, 567.75, 51.64, 1035.83, 36.74, 7.10, -153.34, -0.82303, -0.17057, 0.12804, -0.52644
49, 15, 45.115, -20.771, 14.561, 410.77, 481.87, 975.83, 19.46, 12.33, -154.69, -0.83832, -0.19647, 0.09440, -0.49971
49, 16, 43.146, -20.109, 17.579, 405.15, 578.92, 838.81, -46.57, -8.24, -82.61, -0.84266, -0.21451, 0.07993, -0.48736
49, 15, 43.064, -20.186, 19.277, 379.94, 639.22, 845.40, -69.92, -27.12, -21.39, -0.83958, -0.22722, 0.07345, -0.48793
49, 16, 44.372, -24.746, 21.557, 439.39, 656.19, 387.21, -103.83, -55.30, 85.45, -0.81905, -0.26196, 0.09515, -0.50147
49, 16, 51.303, -28.076, 16.470, 507.08, 552.55, 980.90, -139.69, -65.89, 223.79, -0.79061, -0.24630, 0.12759, -0.54589
49, 15, 59.567, -29.686, 7.894, 511.23, 201.42, 1167.60, -125.15, -63.90, 219.47, -0.76282, -0.20603, 0.16520, -0.59023
49, 16, 69.254, -29.540, -1.820, 309.14, -182.68, 1044.49, -74.78, -62.84, 239.61, -0.72650, -0.15750, 0.20102, -0.63795
49, 15, 78.160, -28.584, -8.408, 362.24, -320.68, 1494.51, -12.28, -73.80, 249.99, -0.68460, -0.12767, 0.22217, -0.68239
49, 16, 86.143, -25.470, -12.338, -13.92, -388.73, 1422.24, 44.33, -66.44, 249.99, -0.64186, -0.10041, 0.22122, -0.72732
49, 16, 93.127, -27.720, -15.779, 409.55, -839.66, 1227.36, 138.47, -102.57, 183.72, -0.59895, -0.11132, 0.24834, -0.75313
49, 15, 97.246, -31.406, -15.333, 755.98, -889.83, 1281.01, 220.12, -73.32, 99.15, -0.56984, -0.14842, 0.25771, -0.76606
49, 15, 97.378, -32.784, -11.090, 811.89, -738.46, 1389.04, 249.99, -15.39, -11.01, -0.56211, -0.17935, 0.23521, -0.77236
49, 17, 94.755, -30.060, -5.060, 439.27, -396.67, 1248.78, 249.99, 52.17, -47.97, -0.57263, -0.18544, 0.18587, -0.77663
49, 15, 89.173, -24.740, 2.962, 245.54, -148.13, 1277.95, 249.99, 107.42, -102.41, -0.60371, -0.18329, 0.11360, -0.76749
49, 17, 79.889, -14.842, 12.116, -266.30, 69.27, 1212.16, 238.69, 130.83, -223.56, -0.66452, -0.16528, 0.01151, -0.72867
49, 15, 70.758, -3.445, 18.652, -411.50, 218.99, 963.56, 179.71, 124.79, -250.00, -0.72649, -0.13980, -0.08702, -0.66716
49, 15, 62.647, -0.668, 25.771, 291.02, 740.17, 968.87, 119.81, 83.31, -250.00, -0.76500, -0.17871, -0.13351, -0.60416
49, 16, 55.977, 3.954, 31.568, -72.45, 945.98, 912.41, 77.06, 22.00, -250.00, -0.79424, -0.20400, -0.18273, -0.54239
49, 15, 50.218, 7.542, 34.745, -212.40, 1207.89, 912.96, -1.30, -37.18, -250.00, -0.81794, -0.21937, -0.21114, -0.48813
49, 15, 42.941, 9.112, 36.959, -72.51, 1348.02, 615.97, -75.74, -80.03, -250.00, -0.84385, -0.24221, -0.21643, -0.42709
50, 9, 65.701, -24.933, 2.344, 573.61, -41.69, 1012.94, 0.45, 8.13, 9.77, -0.74773, -0.15337, 0.15316, -0.62764
50, 25, 61.301, -24.559, 5.794, 464.48, 110.29, 993.96, 10.00, 13.22, -47.97, -0.76714, -0.16861, 0.13830, -0.60328
50, 16, 58.836, -24.417, 7.639, 516.91, 148.93, 1018.86, 11.62, 16.71, -68.57, -0.77743, -0.17742, 0.13145, -0.58894
50, 16, 56.724, -23.214, 9.732, 462.28, 205.38, 1016.97, 12.23, 24.62, -64.96, -0.78709, -0.18358, 0.11572, -0.57741
50, 15, 54.884, -20.318, 9.576, 349.30, 77.27, 1177.73, 14.86, 22.13, -93.28, -0.80160, -0.16699, 0.09877, -0.56550
50, 16, 53.098, -20.171, 10.514, 425.84, 160.95, 1043.27, 15.08, -1.96, -80.27, -0.80919, -0.17139, 0.09578, -0.55378
50, 15, 51.889, -20.845, 10.687, 515.14, 120.30, 1062.56, 15.34, -2.78, -77.06, -0.81356, -0.17464, 0.10165, -0.54525
50, 16, 50.899, -21.119, 11.691, 516.30, 244.69, 1026.67, -2.91, 7.73, -61.65, -0.81619, -0.18213, 0.10044, -0.53905
50, 16, 48.830, -21.006, 13.290, 424.74, 313.90, 952.33, -22.35, -2.66, -65.32, -0.82340, -0.19131, 0.09555, -0.52562
50, 16, 47.035, -21.425, 15.081, 457.70, 458.19, 949.65, -43.98, -17.67, -52.70, -0.82765, -0.20449, 0.09363, -0.51421
50, 15, 46.144, -22.857, 15.944, 510.99, 483.22, 883.91, -69.12, -28.05, -25.66, -0.82716, -0.21580, 0.10207, -0.50875
50, 16, 46.899, -25.526, 15.547, 512.63, 419.43, 708.50, -91.87, -34.93, 28.17, -0.81880, -0.22444, 0.12224, -0.51405
50, 15, 50.130, -27.186, 12.538, 472.84, 359.99, 900.39, -111.88, -49.30, 92.35, -0.80609, -0.21372, 0.14201, -0.53327
50, 16, 55.937, -28.531, 7.689, 589.36, 343.26, 1198.97, -114.48, -49.35, 170.31, -0.78393, -0.19387, 0.16457, -0.56637
50, 15, 62.118, -31.581, 4.021, 433.11, 216.31, 586.73, -93.57, -37.97, 214.52, -0.75236, -0.19389, 0.19366, -0.59905
50, 15, 70.486, -30.821, -2.454, 350.10, 33.94, 1009.52, -64.16, -58.57, 248.31, -0.71847, -0.16295, 0.21084, -0.64249
50, 16, 81.608, -29.579, -11.490, 394.53, -387.88, 1142.94, -27.31, -68.02, 249.99, -0.66630, -0.12274, 0.24251, -0.69438
50, 16, 92.084, -28.234, -18.557, 263.73, -623.47, 1086.18, 39.55, -99.61, 249.99, -0.60816, -0.09786, 0.26984, -0.74010
50, 15, 98.723, -28.205, -19.207, 447.39, -658.39, 1560.12, 135.60, -114.04, 175.16, -0.56492, -0.10992, 0.26798, -0.77264
50, 17, 104.016, -30.225, -18.313, 668.88, -950.32, 1362.49, 240.44, -78.05, 111.68, -0.52773, -0.14108, 0.26448, -0.79477
50, 15, 105.743, -33.226, -15.075, 739.07, -625.43, 1059.57, 249.99, -28.43, 33.68, -0.51067, -0.18161, 0.25130, -0.80192
50, 15, 103.038, -31.769, -7.863, 513.73, -304.87, 1270.81, 249.99, 36.31, -19.23, -0.51850, -0.19808, 0.19917, -0.80762
50, 16, 98.943, -27.539, 1.234, 187.07, 42.66, 1313.96, 249.99, 77.90, -22.06, -0.53573, -0.20396, 0.12310, -0.81009
50, 15, 91.082, -23.767, 12.619, 215.39, 383.61, 1126.95, 239.07, 93.06, -96.31, -0.57496, -0.22781, 0.03952, -0.78483
50, 17, 78.928, -14.471, 19.088, -71.59, 191.22, 1101.38, 154.97, 90.39, -250.00, -0.65999, -0.20340, -0.03334, -0.72245
50, 16, 69.456, -7.922, 20.642, 53.59, 80.69, 1069.21, 115.41, 74.04, -250.00, -0.72540, -0.17874, -0.06793, -0.66123
50, 15, 60.697, -6.449, 28.119, 461.30, 727.54, 899.78, 124.22, 45.40, -250.00, -0.76268, -0.22610, -0.10337, -0.59709
50, 16, 53.855, -3.234, 34.002, 348.69, 1075.68, 1007.51, 71.08, 36.00, -250.00, -0.78951, -0.25782, -0.14029, -0.53901
50, 15, 48.519, 1.556, 36.536, 23.07, 1012.33, 918.40, -9.51, 19.57, -250.00, -0.81473, -0.26154, -0.17321, -0.48765
50, 15, 44.860, 3.597, 38.941, -40.41, 1192.44, 695.98, -56.52, -38.35, -192.34, -0.82667, -0.27596, -0.18899, -0.45248
51, 8, 61.714, -24.359, 5.128, 596.68, 9.52, 971.07, -26.37, 16.34, 25.59, -0.76627, -0.16362, 0.13986, -0.60540
51, 26, 62.995, -24.726, 3.319, 558.65, 33.75, 997.62, -4.39, 38.73, 13.73, -0.76138, -0.15510, 0.15015, -0.61131
51, 16, 61.391, -24.881, 5.956, 501.53, 216.00, 1043.95, 12.49, -0.03, -20.49, -0.76586, -0.17145, 0.13951, -0.60382
51, 16, 60.104, -25.975, 6.282, 612.67, 69.76, 1063.42, 7.38, -2.15, -48.71, -0.77012, -0.17757, 0.14723, -0.59473
51, 15, 58.001, -26.651, 7.606, 645.75, 130.80, 1031.19, 5.49, 9.00, -74.58, -0.77753, -0.18713, 0.14845, -0.58172
51, 15, 55.313, -24.779, 10.073, 484.31, 209.23, 1034.36, 10.77, 20.60, -95.66, -0.79060, -0.19185, 0.12738, -0.56738
51, 16, 53.813, -23.044, 10.624, 445.74, 158.63, 1036.50, 2.39, 14.23, -84.97, -0.80039, -0.18603, 0.11479, -0.55820
51, 15, 52.634, -22.385, 9.222, 500.12, -10.86, 1050.42, 2.72, 12.57, -101.04, -0.80949, -0.17197, 0.11866, -0.54871
51, 15, 50.267, -21.643, 9.800, 511.78, 86.85, 1037.90, 14.03, 18.39, -131.84, -0.82112, -0.17034, 0.11408, -0.53267
51, 16, 44.368, -18.965, 15.893, 330.14, 528.08, 909.06, 6.55, 15.17, -170.27, -0.84262, -0.19848, 0.07631, -0.49475
51, 16, 40.194, -17.557, 19.723, 299.01, 675.11, 820.68, -57.98, -22.51, -140.18, -0.85572, -0.21907, 0.05714, -0.46528
51, 17, 40.363, -18.490, 18.307, 406.07, 467.90, 957.95, -103.19, -41.56, -41.66, -0.85597, -0.21201, 0.06974, -0.46638
51, 15, 42.320, -21.752, 15.534, 564.15, 407.84, 885.80, -123.31, -48.68, 22.03, -0.84666, -0.20506, 0.10255, -0.48021
51, 15, 46.173, -23.141, 10.081, 539.43, 260.19, 1151.79, -134.64, -40.85, 56.43, -0.83645, -0.17442, 0.13004, -0.50301
51, 16, 49.715, -23.927, 8.474, 252.44, 339.66, 610.90, -130.54, -44.58, 121.17, -0.82148, -0.17026, 0.13773, -0.52651
51, 15, 56.677, -24.554, 4.266, 248.11, 245.42, 816.47, -115.30, -70.74, 220.88, -0.79296, -0.15231, 0.15257, -0.56986
51, 15, 65.767, -24.395, -3.923, 269.10, -185.97, 1390.99, -84.40, -85.46, 249.99, -0.75531, -0.10941, 0.18368, -0.61952
51, 16, 76.357, -23.155, -13.032, 80.14, -684.75, 1334.29, -27.36, -103.93, 249.99, -0.70343, -0.06269, 0.21952, -0.67310
51, 16, 86.561, -23.623, -18.582, 197.02, -1084.72, 1329.71, 101.59, -133.73, 249.99, -0.64397, -0.05396, 0.25073, -0.72078
51, 16, 94.403, -26.827, -19.805, 593.63, -1143.31, 1339.60, 209.05, -132.22, 175.51, -0.59418, -0.08703, 0.26950, -0.75283
51, 16, 98.263, -31.329, -17.249, 869.57, -845.58, 1275.45, 249.99, -90.63, 77.38, -0.56548, -0.14072, 0.26890, -0.76689
51, 15, 97.471, -34.560, -11.109, 893.55, -444.76, 1221.74, 249.99, -15.91, -4.05, -0.56018, -0.19187, 0.24317, -0.76828
51, 16, 93.396, -31.341, -2.199, 387.82, -150.51, 1356.26, 249.99, 52.46, -54.01, -0.57546, -0.20640, 0.17514, -0.77174
51, 15, 87.830, -27.892, 5.855, 378.17, 15.69, 1217.71, 220.25, 83.90, -78.50, -0.60286, -0.21788, 0.11366, -0.75906
51, 15, 78.321, -24.438, 13.740, 336.67, 133.91, 934.75, 168.17, 86.11, -190.28, -0.65508, -0.23243, 0.06162, -0.71628
51, 17, 67.768, -19.029, 19.399, 284.42, 151.06, 988.22, 137.91, 58.25, -250.00, -0.71790, -0.23225, 0.01483, -0.65610
51, 16, 59.153, -13.560, 25.068, 295.90, 443.36, 1068.12, 108.25, 63.19, -250.00, -0.76422, -0.24179, -0.03544, -0.59687
52, 9, 64.504, -23.260, 2.361, 472.11, 4.82, 1029.36, 7.16, 0.92, 6.70, -0.75677, -0.14291, 0.14356, -0.62150
52, 26, 61.022, -24.975, 4.924, 517.52, 58.29, 1029.42, 25.02, -0.27, -45.66, -0.76915, -0.16456, 0.14611, -0.59999
52, 15, 58.547, -25.033, 6.729, 508.48, 81.85, 1028.87, 31.38, 1.57, -79.00, -0.77918, -0.17394, 0.14083, -0.58548
52, 16, 55.200, -24.592, 9.398, 502.14, 144.23, 1030.88, 33.02, -0.70, -112.85, -0.79263, -0.18619, 0.12958, -0.56593
52, 15, 51.495, -24.287, 12.103, 553.65, 178.41, 1024.72, 32.53, 1.75, -142.36, -0.80661, -0.19963, 0.12054, -0.54313
52, 16, 48.469, -23.593, 14.162, 552.25, 190.73, 1024.41, 30.66, 5.05, -146.54, -0.81846, -0.20818, 0.11127, -0.52384
52, 15, 44.471, -22.252, 18.724, 485.66, 400.63, 921.14, 28.84, 6.44, -147.06, -0.83036, -0.23211, 0.08859, -0.49878
52, 16, 40.867, -20.801, 23.305, 415.71, 596.74, 818.05, -1.69, -6.75, -138.59, -0.83901, -0.25766, 0.06585, -0.47470
52, 16, 37.519, -19.869, 27.842, 392.64, 884.28, 752.62, -43.98, -33.71, -118.61, -0.84381, -0.28612, 0.04832, -0.45142
52, 15, 36.361, -21.402, 30.049, 532.10, 913.64, 716.98, -86.93, -51.19, -48.20, -0.83914, -0.30673, 0.05445, -0.44587
52, 15, 38.753, -25.139, 30.016, 504.70, 761.72, 543.40, -116.87, -49.24, 86.18, -0.82038, -0.31969, 0.07658, -0.46789
52, 16, 45.953, -29.240, 24.952, 459.59, 546.51, 759.89, -126.80, -51.96, 220.06, -0.79205, -0.30402, 0.10956, -0.51790
52, 15, 56.323, -32.269, 14.326, 359.62, 98.82, 751.77, -107.24, -60.23, 249.99, -0.76025, -0.25644, 0.15688, -0.57589
52, 15, 67.955, -31.769, 1.957, 190.92, -361.39, 1132.45, -64.54, -66.63, 249.99, -0.72407, -0.19152, 0.19616, -0.63290
52, 16, 80.485, -30.900, -9.429, 422.61, -773.19, 1375.24, -6.53, -62.49, 249.99, -0.66943, -0.14074, 0.23866, -0.68927
52, 17, 90.934, -28.234, -16.066, 141.05, -644.84, 1005.62, 83.09, -63.49, 249.99, -0.61334, -0.10851, 0.25479, -0.73967
52, 16, 98.145, -28.966, -17.136, 591.55, -994.26, 1459.29, 210.78, -71.59, 176.20, -0.56664, -0.12424, 0.25794, -0.77262
52, 15, 101.106, -30.894, -14.761, 849.18, -847.66, 1392.46, 249.99, -14.24, 82.02, -0.54310, -0.15605, 0.24648, -0.78736
52, 15, 99.858, -31.162, -9.497, 650.09, -433.17, 1257.32, 249.99, 40.94, 12.23, -0.54384, -0.18043, 0.21320, -0.79135
52, 16, 95.842, -27.956, -2.190, 366.46, -195.68, 1155.33, 249.99, 95.60, -35.02, -0.56274, -0.18671, 0.15430, -0.79035
52, 15, 86.851, -24.000, 9.851, 264.10, 228.33, 1020.02, 249.99, 113.04, -135.12, -0.60843, -0.21305, 0.06761, -0.76148
52, 16, 75.381, -15.404, 21.965, -61.65, 492.74, 899.72, 213.57, 113.39, -243.46, -0.67487, -0.22681, -0.03884, -0.70114
52, 16, 64.623, -7.942, 30.549, 140.87, 594.48, 932.86, 166.24, 75.99, -250.00, -0.73412, -0.24586, -0.11438, -0.62252
52, 16, 56.577, -2.083, 35.653, 74.34, 697.20, 932.01, 117.65, 27.51, -250.00, -0.77469, -0.26012, -0.16225, -0.55306
52, 16, 50.085, 0.903, 40.608, 231.81, 1230.65, 895.87, 56.79, -7.03, -250.00, -0.79728, -0.29054, -0.18985, -0.49385
52, 15, 44.407, 4.736, 41.608, -71.90, 1076.66, 970.40, -12.53, -40.71, -250.00, -0.82322, -0.29128, -0.20635, -0.44147
53, 8, 60.534, -27.855, 4.591, 585.88, 184.51, 966.25, -11.40, 37.29, -4.33, -0.76700, -0.17627, 0.16817, -0.59359
53, 27, 56.759, -24.325, 8.552, 456.30, 194.82, 1092.10, 6.98, 11.73, -65.06, -0.78673, -0.18085, 0.12942, -0.57586
53, 15, 55.455, -23.575, 7.581, 469.67, -17.33, 1030.09, 9.99, 7.70, -89.23, -0.79607, -0.16908, 0.13096, -0.56615
53, 16, 52.238, -23.026, 9.174, 496.83, 117.98, 1013.61, 13.64, 7.30, -134.78, -0.81029, -0.17412, 0.12412, -0.54562
53, 15, 48.214, -20.926, 12.108, 379.03, 215.70, 952.94, 14.39, 7.59, -163.27, -0.82829, -0.18192, 0.10136, -0.52017
53, 15, 42.178, -18.707, 17.265, 313.48, 417.85, 847.53, 9.32, -13.79, -220.38, -0.84998, -0.20619, 0.07239, -0.47936
53, 16, 38.298, -16.931, 20.691, 261.90, 587.16, 888.49, -37.37, -43.46, -166.39, -0.86257, -0.22318, 0.05211, -0.45105
53, 15, 39.057, -18.510, 20.457, 339.60, 605.10, 922.00, -94.61, -70.98, -0.92, -0.85708, -0.22739, 0.06373, -0.45788
53, 17, 43.267, -24.029, 16.039, 705.38, 368.90, 927.19, -122.35, -74.01, 97.23, -0.83702, -0.21835, 0.11591, -0.48816
53, 15, 49.685, -27.955, 10.435, 748.90, 266.48, 1046.39, -104.84, -47.24, 151.83, -0.81027, -0.20160, 0.15814, -0.52709
53, 15, 57.246, -30.111, 5.230, 524.11, 157.53, 784.12, -75.26, -22.08, 197.09, -0.77824, -0.18663, 0.18559, -0.57014
53, 17, 66.147, -29.417, -0.570, 402.95, 35.58, 961.00, -35.61, -33.73, 246.70, -0.74203, -0.15943, 0.19766, -0.62040
53, 15, 75.846, -30.439, -7.439, 483.34, -284.61, 897.40, 26.05, -41.20, 249.99, -0.69497, -0.14027, 0.22993, -0.66669
53, 15, 85.534, -32.177, -12.797, 676.39, -499.82, 1035.34, 93.35, -53.00, 249.99, -0.64155, -0.14063, 0.25987, -0.70789
53, 16, 95.089, -32.870, -15.888, 628.42, -635.01, 1167.66, 179.89, -64.95, 244.18, -0.58419, -0.15089, 0.27079, -0.75008
53, 15, 99.477, -30.560, -12.311, 370.48, -483.89, 1277.89, 249.99, -30.72, 116.30, -0.55102, -0.16196, 0.23048, -0.78551
53, 17, 97.200, -29.141, -5.653, 549.99, -314.51, 1434.14, 249.99, 34.36, -0.73, -0.55775, -0.18004, 0.18165, -0.78962
53, 15, 91.253, -25.498, 2.809, 416.32, -106.75, 1447.57, 249.99, 96.66, -88.47, -0.58892, -0.18963, 0.11524, -0.77713
53, 15, 82.714, -19.783, 11.839, 257.93, 64.09, 1161.93, 249.99, 134.75, -176.38, -0.63918, -0.19513, 0.03795, -0.74292
53, 17, 72.798, -8.857, 21.896, -272.71, 462.34, 1010.19, 207.98, 134.54, -250.00, -0.70235, -0.18979, -0.07468, -0.68199
53, 15, 64.438, -0.012, 27.518, -202.27, 552.37, 1033.33, 134.58, 89.69, -250.00, -0.75356, -0.18459, -0.14998, -0.61285
53, 15, 57.363, 1.613, 34.510, 428.59, 1240.91, 965.27, 101.07, 29.88, -250.00, -0.77904, -0.23340, -0.18351, -0.55222
53, 16, 49.623, 7.198, 37.832, -90.03, 1045.23, 950.81, 37.61, 12.37, -250.00, -0.81387, -0.24402, -0.22059, -0.47896
53, 16, 43.137, 9.322, 37.891, -32.84, 966.55, 849.67, -43.28, -44.43, -250.00, -0.84128, -0.24783, -0.22181, -0.42617
53, 15, 38.331, 7.453, 38.885, 148.56, 1208.25, 645.87, -85.97, -100.82, -195.14, -0.85478, -0.27145, -0.20101, -0.39403
53, 16, 37.106, 2.365, 37.413, 170.04, 718.69, 622.99, -118.58, -98.48, -46.02, -0.85790, -0.28113, -0.15546, -0.40101
54, 7, 62.045, -23.931, 4.124, 448.97, 39.79, 968.57, -7.78, 20.84, -64.37, -0.76662, -0.15510, 0.14180, -0.60674
54, 27, 55.731, -23.790, 7.733, 461.98, 41.99, 1036.87, 43.07, -12.40, -125.30, -0.79410, -0.17147, 0.13132, -0.56812
54, 15, 51.458, -23.785, 11.016, 537.29, 127.93, 1042.66, 54.82, -11.31, -164.01, -0.80963, -0.18970, 0.12210, -0.54185
54, 15, 48.125, -23.593, 14.725, 607.12, 304.75, 1051.27, 39.21, -0.10, -137.92, -0.81899, -0.21188, 0.10932, -0.52193
54, 16, 44.671, -22.125, 18.576, 533.08, 395.45, 1018.92, 30.72, 7.19, -158.20, -0.83005, -0.23071, 0.08788, -0.50007
54, 15, 40.249, -20.717, 23.024, 508.91, 556.46, 940.19, 9.28, 2.02, -161.04, -0.84236, -0.25494, 0.06775, -0.46994
54, 17, 37.577, -19.326, 26.408, 400.94, 620.54, 796.94, -18.34, -2.75, -125.24, -0.84827, -0.27376, 0.04966, -0.45058
54, 15, 37.559, -19.112, 27.260, 349.61, 575.13, 778.50, -53.91, -17.81, -45.94, -0.84674, -0.27934, 0.04471, -0.45055
54, 15, 38.368, -20.426, 27.528, 408.51, 643.31, 806.58, -70.01, -38.19, 0.41, -0.83999, -0.28603, 0.05172, -0.45818
54, 16, 41.847, -22.729, 24.299, 520.57, 581.54, 1115.97, -89.91, -47.88, 72.63, -0.82827, -0.27239, 0.07406, -0.48402
54, 15, 46.601, -26.105, 22.902, 374.63, 625.12, 614.81, -111.86, -44.09, 188.50, -0.80263, -0.27850, 0.09402, -0.51903
54, 16, 53.907, -29.066, 17.739, 399.84, 444.95, 824.52, -113.72, -50.44, 249.99, -0.77273, -0.26206, 0.12276, -0.56493
54, 16, 65.118, -32.184, 4.957, 337.22, -238.89, 682.07, -74.57, -55.89, 249.99, -0.73352, -0.20807, 0.18740, -0.61931
54, 15, 77.827, -32.150, -6.570, 339.05, -475.40, 959.90, -9.09, -70.01, 249.99, -0.68002, -0.15985, 0.23216, -0.67685
54, 16, 88.555, -31.151, -14.063, 380.98, -592.29, 1106.32, 54.86, -72.18, 249.99, -0.62496, -0.13370, 0.25893, -0.72423
54, 16, 98.736, -31.220, -19.407, 530.52, -997.19, 1339.11, 134.69, -96.12, 227.17, -0.56489, -0.13044, 0.28229, -0.76433
54, 15, 103.875, -31.499, -18.858, 621.03, -1200.93, 1493.53, 249.99, -53.29, 96.82, -0.52936, -0.14753, 0.27349, -0.78944
54, 17, 103.693, -30.442, -14.372, 580.44, -762.39, 1568.66, 249.99, 20.25, 12.80, -0.52477, -0.16006, 0.23833, -0.80137
54, 15, 94.501, -29.382, -4.943, 657.53, -387.63, 1419.37, 249.99, 111.48, -176.82, -0.57485, -0.18094, 0.18220, -0.77692
54, 15, 82.017, -20.713, 9.132, -119.20, 274.11, 957.28, 230.77, 147.27, -250.00, -0.64668, -0.18547, 0.06201, -0.73726
54, 16, 70.939, -12.482, 19.282, -70.80, 520.14, 1020.81, 158.33, 116.83, -250.00, -0.71179, -0.19522, -0.03301, -0.67391
54, 15, 60.349, -10.923, 28.518, 702.76, 803.77, 877.56, 130.50, 77.94, -250.00, -0.75563, -0.25124, -0.07421, -0.60033
55, 8, 62.406, -22.213, 0.509, 404.91, -134.34, 1090.03, 18.73, 7.16, -84.70, -0.77163, -0.12230, 0.14889, -0.60619
55, 26, 56.041, -22.118, 4.867, 426.88, 11.23, 1017.94, 45.81, -1.40, -119.90, -0.79933, -0.14388, 0.13329, -0.56798
55, 15, 51.802, -22.092, 8.040, 470.34, 87.89, 1036.56, 52.95, 0.25, -137.04, -0.81568, -0.16137, 0.12338, -0.54167
55, 17, 46.781, -22.064, 14.215, 559.75, 448.43, 974.55, 50.89, 2.02, -150.87, -0.82907, -0.20064, 0.10271, -0.51171
55, 16, 41.978, -21.039, 20.074, 556.40, 646.42, 957.46, 23.41, 3.68, -163.66, -0.84082, -0.23555, 0.07874, -0.48098
55, 15, 38.350, -19.495, 24.848, 469.67, 769.10, 843.02, -15.05, 1.66, -145.42, -0.84851, -0.26313, 0.05531, -0.45578
55, 16, 37.025, -17.803, 27.425, 268.07, 755.13, 731.08, -66.50, -14.43, -76.99, -0.85119, -0.27604, 0.03528, -0.44501
55, 15, 37.943, -20.124, 26.648, 436.40, 604.31, 720.83, -109.05, -48.50, -2.39, -0.84452, -0.27835, 0.05396, -0.45431
55, 15, 41.459, -24.123, 23.599, 480.83, 466.74, 734.99, -115.67, -62.18, 83.81, -0.82828, -0.27203, 0.08848, -0.48179
55, 16, 47.357, -30.821, 20.535, 559.75, 375.79, 472.05, -96.40, -60.91, 190.35, -0.79259, -0.28095, 0.13770, -0.52335
55, 15, 58.881, -32.502, 10.700, 425.42, 91.49, 978.39, -63.10, -59.81, 249.99, -0.75449, -0.23721, 0.17140, -0.58745
55, 17, 69.428, -31.858, 3.368, 358.64, -143.37, 1309.33, 22.16, -55.94, 249.99, -0.71326, -0.20331, 0.18633, -0.64437
55, 15, 78.993, -29.753, -1.632, 242.31, -347.72, 1664.55, 85.32, -43.60, 249.99, -0.66912, -0.17640, 0.18701, -0.69727
55, 15, 88.244, -27.622, -5.799, 120.67, -575.50, 1297.30, 151.41, -29.24, 249.99, -0.61944, -0.15444, 0.18816, -0.74635
55, 16, 95.643, -31.717, -9.007, 769.23, -1373.90, 1038.64, 249.99, -57.04, 158.45, -0.57137, -0.17877, 0.21899, -0.77047
55, 16, 97.540, -33.876, -6.955, 895.08, -732.48, 1357.12, 249.99, 2.30, 51.10, -0.55309, -0.20742, 0.21192, -0.77856
55, 15, 92.453, -29.951, 0.998, 413.27, -187.19, 1395.87, 249.99, 97.10, -74.53, -0.57785, -0.21176, 0.14832, -0.77411
55, 16, 83.444, -20.919, 12.001, -116.21, 213.75, 1250.92, 249.99, 152.75, -171.76, -0.63224, -0.20343, 0.04221, -0.74640
55, 15, 71.842, -8.158, 23.830, -260.80, 507.69, 936.71, 225.65, 154.09, -250.00, -0.70588, -0.19835, -0.08893, -0.67415
55, 16, 62.777, -0.226, 30.034, -123.35, 673.28, 968.99, 128.04, 66.02, -250.00, -0.75778, -0.20456, -0.15905, -0.59886
55, 16, 55.429, 3.437, 32.921, 124.88, 693.60, 1121.64, 96.40, 40.28, -250.00, -0.79373, -0.21676, -0.18456, -0.53753
55, 15, 49.569, 8.728, 35.107, -183.65, 788.51, 1021.55, 60.75, 15.82, -250.00, -0.82103, -0.21779, -0.21969, -0.47980
55, 16, 44.609, 11.466, 39.258, -242.86, 1505.92, 853.82, 24.14, -45.74, -250.00, -0.83442, -0.24585, -0.24522, -0.42799
55, 15, 39.508, 14.599, 39.293, -510.38, 1142.76, 782.47, -55.86, -99.89, -250.00, -0.85404, -0.24438, -0.25655, -0.38088
55, 15, 36.839, 11.108, 39.550, -186.65, 1243.04, 586.18, -113.93, -174.71, -133.67, -0.86064, -0.26544, -0.22634, -0.37096
56, 7, 65.178, -21.276, 7.890, 328.74, 149.23, 1075.07, -38.38, 40.92, 94.92, -0.74861, -0.16930, 0.09913, -0.63332
56, 27, 64.712, -23.731, 5.022, 491.15, 34.61, 1059.75, -11.07, -1.45, 10.86, -0.75135, -0.16318, 0.13193, -0.62565
56, 15, 63.608, -24.897, 4.056, 532.96, -27.95, 1029.91, 3.24, 0.02, -32.64, -0.75679, -0.16167, 0.14651, -0.61617
56, 15, 61.200, -26.054, 5.224, 602.36, 56.64, 1018.19, 15.18, 6.42, -67.60, -0.76588, -0.17230, 0.15161, -0.60063
56, 16, 56.160, -26.048, 9.363, 568.12, 204.16, 1002.99, 27.24, 3.88, -140.91, -0.78506, -0.19392, 0.13845, -0.57175
56, 15, 49.974, -25.788, 12.973, 641.05, 165.41, 1003.05, 27.33, 3.47, -219.76, -0.80907, -0.21062, 0.13009, -0.53303
56, 15, 42.501, -23.116, 19.053, 525.63, 417.72, 956.30, 23.75, 14.13, -242.73, -0.83628, -0.23619, 0.09772, -0.48509
56, 17, 35.923, -19.152, 24.710, 295.53, 662.17, 848.33, -13.66, -15.60, -242.91, -0.85900, -0.25975, 0.05874, -0.43727
56, 15, 32.908, -16.935, 27.259, 280.03, 730.47, 950.13, -46.55, -49.23, -157.82, -0.86874, -0.27070, 0.03899, -0.41290
56, 15, 33.407, -19.056, 28.353, 440.80, 755.68, 781.19, -76.09, -66.89, -24.54, -0.85994, -0.28559, 0.05035, -0.42000
56, 16, 37.374, -23.510, 27.045, 544.56, 744.51, 829.04, -98.51, -78.15, 111.28, -0.83796, -0.29202, 0.07978, -0.45407
56, 15, 45.969, -29.947, 20.841, 507.02, 291.20, 625.12, -98.94, -65.60, 231.40, -0.80050, -0.27811, 0.13326, -0.51391
56, 16, 57.446, -29.669, 9.807, 210.63, -130.31, 1153.56, -62.92, -46.61, 249.99, -0.77015, -0.21574, 0.15922, -0.57877
56, 15, 69.295, -29.472, -1.159, 290.71, -659.42, 1188.66, 7.09, -44.31, 249.99, -0.72546, -0.16138, 0.19685, -0.63947
56, 15, 81.403, -28.667, -9.022, 349.98, -790.59, 1102.54, 108.03, -43.37, 249.99, -0.66565, -0.13088, 0.22268, -0.70014
56, 18, 90.846, -30.844, -11.478, 839.05, -1125.49, 1166.02, 249.99, -46.73, 211.19, -0.60729, -0.15050, 0.23802, -0.74290
56, 15, 93.111, -31.962, -7.432, 884.83, -419.68, 1333.68, 249.99, 24.84, 93.54, -0.58557, -0.18362, 0.21365, -0.76010
56, 15, 90.068, -27.682, 1.240, 390.81, 1.40, 1443.60, 249.99, 94.57, 2.18, -0.59659, -0.19481, 0.13922, -0.76599
56, 16, 85.617, -20.256, 8.504, 7.08, -15.69, 1626.28, 249.99, 145.28, -64.99, -0.62490, -0.18096, 0.05773, -0.75724
56, 15, 78.076, -11.450, 13.568, -118.35, -73.49, 1216.31, 212.67, 163.19, -180.37, -0.67866, -0.15292, -0.01558, -0.71819
56, 15, 68.397, -2.464, 19.529, -79.71, 190.37, 850.40, 184.16, 154.24, -250.00, -0.74010, -0.14171, -0.09550, -0.65043
56, 16, 60.419, 0.983, 27.978, 312.38, 788.70, 913.82, 159.01, 117.20, -250.00, -0.77505, -0.18775, -0.15249, -0.58377
56, 15, 52.450, 5.954, 35.809, 57.74, 1149.90, 953.37, 130.52, 46.45, -250.00, -0.80457, -0.23011, -0.20916, -0.50593
56, 17, 46.577, 11.439, 40.558, -302.43, 1290.83, 850.77, 66.12, 2.04, -250.00, -0.82413, -0.25109, -0.25422, -0.43948
56, 15, 41.732, 15.813, 43.921, -534.61, 1731.99, 558.72, -19.70, -50.18, -250.00, -0.83682, -0.26833, -0.28545, -0.38243
56, 15, 39.508, 12.509, 44.939, -359.38, 1319.95, 340.58, -120.48, -181.21, -46.99, -0.83964, -0.29439, -0.26041, -0.37486
57, 8, 61.900, -22.458, 7.716, 491.70, 67.50, 993.53, 12.65, 19.78, -34.03, -0.76471, -0.17133, 0.11292, -0.61083
57, 26, 57.885, -20.246, 6.661, 427.73, -57.37, 1065.12, 30.51, 37.35, -98.69, -0.79068, -0.14910, 0.10875, -0.58375
57, 16, 54.842, -19.046, 8.089, 379.64, 76.29, 1116.64, 41.04, 8.59, -113.69, -0.80590, -0.15050, 0.09708, -0.56431
57, 15, 51.552, -20.845, 9.923, 632.63, 120.30, 1094.48, 35.29, -11.65, -127.90, -0.81630, -0.16890, 0.10578, -0.54216
57, 15, 47.875, -21.927, 11.315, 660.40, 41.14, 1025.39, 40.79, -0.40, -173.79, -0.82924, -0.18011, 0.11289, -0.51690
57, 16, 41.918, -21.098, 15.675, 590.88, 233.46, 1011.72, 55.72, 19.64, -226.46, -0.84937, -0.20328, 0.09770, -0.47718
57, 16, 37.330, -17.041, 22.655, 286.50, 701.54, 887.08, 45.09, 29.58, -183.11, -0.86220, -0.23793, 0.04723, -0.44471
57, 15, 34.806, -13.063, 27.686, 69.58, 999.63, 869.51, -16.43, -3.13, -126.05, -0.86797, -0.26210, 0.00283, -0.42181
57, 16, 34.454, -12.484, 30.071, 120.91, 1027.83, 723.39, -92.63, -47.73, -37.68, -0.86464, -0.27827, -0.00958, -0.41817
57, 15, 36.192, -15.894, 29.906, 326.42, 849.49, 690.37, -129.33, -76.75, 53.86, -0.85216, -0.28806, 0.01308, -0.43666
57, 15, 40.238, -22.580, 29.390, 469.60, 814.88, 465.70, -141.66, -85.91, 180.39, -0.82248, -0.30764, 0.05569, -0.47516
57, 16, 49.176, -26.402, 19.892, 280.03, 228.45, 862.61, -127.92, -83.45, 249.99, -0.79714, -0.26088, 0.10398, -0.53451
57, 15, 59.489, -27.349, 9.455, 182.01, -246.58, 1371.64, -48.46, -74.76, 249.99, -0.76533, -0.20487, 0.14125, -0.59359
57, 17, 71.144, -28.606, 0.147, 431.09, -707.46, 1538.45, 45.46, -68.91, 249.99, -0.71453, -0.16773, 0.18139, -0.65453
57, 16, 81.485, -27.751, -3.072, 390.44, -919.37, 1534.79, 228.23, -16.64, 249.99, -0.65861, -0.15961, 0.18075, -0.71281
57, 15, 86.694, -24.696, -3.171, 136.47, -709.35, 1215.33, 249.99, 42.57, 140.44, -0.62899, -0.14706, 0.15748, -0.74695
57, 16, 85.067, -25.691, 0.186, 710.88, -666.50, 1395.57, 249.99, 54.14, -21.19, -0.63378, -0.16992, 0.14338, -0.74088
57, 15, 78.452, -23.929, 7.676, 644.53, -145.75, 1315.73, 249.99, 127.62, -133.75, -0.66649, -0.19449, 0.09615, -0.71324
57, 15, 71.753, -13.268, 15.803, -38.82, 99.79, 1133.30, 249.99, 210.45, -172.84, -0.71139, -0.17795, -0.00874, -0.67984
57, 17, 63.333, -0.628, 25.511, -455.51, 569.76, 1056.76, 232.26, 175.01, -250.00, -0.76183, -0.17596, -0.13346, -0.60897
57, 15, 55.642, 7.546, 31.158, -320.07, 731.02, 1085.63, 147.89, 73.87, -250.00, -0.80009, -0.18417, -0.20474, -0.53294
57, 16, 48.508, 12.948, 31.686, -171.39, 669.86, 1196.78, 73.84, 53.84, -250.00, -0.83395, -0.17603, -0.23316, -0.46817
57, 16, 43.562, 19.287, 31.700, -470.70, 689.64, 1006.71, 28.45, 47.17, -250.00, -0.85398, -0.15888, -0.27060, -0.41502
57, 15, 39.263, 23.055, 32.621, -640.87, 992.86, 780.03, -15.56, -36.27, -250.00, -0.86643, -0.16053, -0.29451, -0.36985
57, 16, 37.183, 22.162, 35.323, -588.44, 1588.13, 505.62, -57.89, -123.20, -183.96, -0.86916, -0.18994, -0.29345, -0.34981
57, 15, 39.257, 14.932, 37.300, -266.72, 1202.64, 394.10, -133.51, -191.96, 42.55, -0.85910, -0.22871, -0.25177, -0.38242
57, 15, 40.453, -0.188, 33.341, 513.37, 581.18, 625.67, -170.09, -220.82, 127.01, -0.85238, -0.25603, -0.12940, -0.43721
58, 8, 58.968, -19.364, 11.937, 339.48, 369.02, 1006.04, -26.14, 20.96, 72.05, -0.77892, -0.18174, 0.07385, -0.59566
58, 26, 59.171, -19.871, 4.395, 475.34, -217.22, 1323.97, -15.50, 3.50, -18.34, -0.78743, -0.13289, 0.11616, -0.59059
58, 17, 57.302, -21.163, 5.032, 539.92, 35.10, 1085.21, 21.06, 12.08, -52.84, -0.79431, -0.14177, 0.12418, -0.57755
58, 16, 53.502, -20.228, 8.719, 348.51, 221.44, 989.93, 26.03, 1.89, -99.21, -0.80972, -0.15932, 0.10429, -0.55506
58, 14, 49.303, -20.813, 11.017, 535.95, 169.86, 1051.27, 25.69, -0.46, -150.70, -0.82521, -0.17454, 0.10381, -0.52706
58, 17, 44.227, -20.211, 14.388, 463.81, 247.56, 951.84, 25.48, -1.03, -195.96, -0.84351, -0.19224, 0.09244, -0.49295
58, 15, 38.833, -18.479, 18.845, 406.49, 498.35, 998.05, 4.88, -18.88, -210.27, -0.86114, -0.21506, 0.07035, -0.45523
58, 15, 34.838, -16.601, 23.573, 271.91, 750.37, 823.49, -28.74, -35.62, -164.14, -0.87056, -0.24239, 0.04554, -0.42578
58, 16, 33.972, -16.860, 23.445, 401.06, 566.22, 1047.36, -60.03, -50.70, -90.36, -0.87355, -0.24189, 0.04987, -0.41943
58, 16, 34.786, -18.678, 23.225, 482.36, 600.95, 958.19, -68.02, -49.61, -24.96, -0.86752, -0.24643, 0.06316, -0.42742
58, 15, 36.715, -19.659, 24.988, 309.69, 771.00, 686.34, -73.34, -34.95, 53.71, -0.85426, -0.26390, 0.05978, -0.44387
58, 16, 40.616, -22.037, 26.033, 212.83, 659.18, 485.96, -87.69, -52.89, 158.93, -0.83085, -0.28176, 0.06453, -0.47555
58, 15, 49.071, -24.217, 19.189, 254.82, 366.76, 1115.05, -84.33, -71.29, 249.99, -0.80434, -0.24692, 0.09148, -0.53263
58, 15, 59.163, -25.393, 9.340, 145.75, -258.24, 1024.48, -21.53, -59.93, 249.99, -0.77114, -0.19411, 0.12891, -0.59249
58, 16, 69.274, -26.498, 0.524, 303.34, -650.51, 1278.08, 37.79, -51.83, 249.99, -0.72790, -0.15531, 0.16859, -0.64624
58, 15, 79.566, -29.525, -6.155, 733.09, -1099.98, 1294.31, 134.80, -55.35, 249.99, -0.67238, -0.14952, 0.21233, -0.69316
58, 17, 90.630, -33.597, -8.815, 1155.46, -1027.89, 1228.58, 249.99, -60.26, 233.96, -0.60237, -0.18265, 0.23470, -0.74074
58, 16, 93.045, -33.143, -5.616, 718.51, -421.57, 1293.82, 249.99, 18.06, 74.08, -0.58169, -0.20079, 0.20747, -0.76045
58, 15, 88.580, -28.740, 2.232, 501.22, -148.38, 1378.60, 249.99, 111.19, -64.18, -0.60325, -0.20518, 0.14081, -0.75774
58, 16, 80.215, -20.541, 12.689, 210.82, 211.36, 1447.14, 249.99, 172.06, -173.03, -0.65246, -0.20376, 0.04130, -0.72875
58, 15, 71.556, -8.183, 17.627, -431.82, 31.49, 1266.17, 179.62, 160.93, -250.00, -0.71723, -0.16015, -0.05176, -0.67620
58, 16, 63.664, 2.748, 20.583, -238.34, 174.44, 959.53, 139.08, 170.66, -250.00, -0.76999, -0.12456, -0.13015, -0.61210
58, 16, 57.349, 16.586, 24.495, -632.63, 317.69, 620.36, 126.86, 166.31, -250.00, -0.80434, -0.08874, -0.23677, -0.53769
58, 15, 51.589, 23.630, 27.025, -470.70, 529.91, 805.36, 96.71, 77.50, -250.00, -0.82677, -0.08493, -0.29108, -0.47382
58, 15, 45.996, 24.403, 32.424, -223.75, 1614.87, 876.16, 60.98, -16.75, -250.00, -0.84305, -0.13541, -0.31196, -0.41667
58, 17, 40.289, 26.270, 33.209, -762.33, 1407.78, 793.82, -29.95, -90.45, -250.00, -0.86071, -0.14884, -0.32049, -0.36648
58, 15, 39.383, 21.116, 34.797, -330.51, 1444.15, 477.23, -116.99, -174.84, -72.54, -0.86339, -0.18459, -0.28794, -0.37092
58, 16, 38.535, 9.719, 31.982, 27.10, 693.66, 662.05, -158.12, -250.00, 58.73, -0.86997, -0.21045, -0.19414, -0.40146
58, 15, 39.334, -3.703, 26.508, 322.75, 176.45, 812.68, -81.23, -241.29, 152.76, -0.86682, -0.21902, -0.07436, -0.44173
59, 7, 58.456, -22.061, 4.603, 521.97, -102.42, 1096.74, -0.29, 0.52, -59.01, -0.78761, -0.14455, 0.13117, -0.58444
59, 26, 53.466, -20.799, 4.883, 404.17, -16.97, 1010.86, 19.33, 16.31, -109.10, -0.81392, -0.13478, 0.12695, -0.55068
59, 16, 50.894, -20.946, 5.856, 452.39, 36.93, 1027.16, 24.02, 1.77, -108.72, -0.82470, -0.13956, 0.12649, -0.53329
59, 15, 48.520, -21.097, 6.872, 524.84, 28.32, 1055.85, 33.87, 11.60, -119.74, -0.83408, -0.14498, 0.12588, -0.51716
59, 15, 45.873, -21.059, 9.767, 548.22, 190.98, 1043.88, 38.95, 14.13, -121.70, -0.84201, -0.16319, 0.11630, -0.50087
59, 17, 41.920, -18.661, 16.054, 354.86, 538.64, 903.93, 30.97, 21.63, -128.57, -0.85327, -0.19684, 0.07754, -0.47663
59, 16, 38.610, -16.638, 21.005, 264.22, 725.89, 823.12, -18.67, -9.63, -121.75, -0.86126, -0.22464, 0.04799, -0.45328
59, 16, 36.020, -16.801, 24.852, 341.25, 876.53, 709.11, -68.08, -47.26, -94.15, -0.86298, -0.25316, 0.03974, -0.43542
59, 15, 36.510, -20.454, 26.012, 501.95, 789.25, 574.04, -116.17, -66.59, 15.33, -0.85094, -0.27401, 0.06245, -0.44375
59, 15, 40.834, -24.988, 22.314, 654.30, 542.97, 839.66, -128.68, -51.98, 103.65, -0.83184, -0.26525, 0.10189, -0.47677
59, 16, 48.402, -26.076, 16.208, 334.90, 320.07, 845.70, -110.88, -41.53, 187.13, -0.80943, -0.23296, 0.12030, -0.52544
59, 15, 58.932, -26.273, 6.179, 197.33, -162.05, 1034.85, -60.47, -55.69, 249.99, -0.77577, -0.17683, 0.15162, -0.58645
59, 15, 68.571, -25.851, -0.899, 204.04, -340.82, 1304.20, 18.20, -67.63, 249.99, -0.73465, -0.14154, 0.17337, -0.64047
59, 16, 79.018, -24.910, -7.075, 177.49, -718.08, 1460.57, 88.96, -67.44, 249.99, -0.68164, -0.11436, 0.19206, -0.69671
59, 16, 88.870, -25.882, -11.624, 372.07, -1033.02, 1202.45, 177.23, -64.66, 249.99, -0.62348, -0.11230, 0.21626, -0.74290
59, 16, 96.744, -30.110, -13.938, 796.57, -1343.44, 1085.82, 249.99, -83.11, 170.10, -0.57197, -0.14515, 0.24317, -0.76984
59, 16, 94.762, -31.331, -7.819, 790.10, -456.85, 1450.38, 249.99, 26.92, -13.98, -0.57576, -0.18039, 0.21057, -0.76916
59, 15, 89.166, -27.195, -0.048, 366.39, -299.50, 1427.86, 249.99, 103.48, -110.30, -0.60537, -0.18369, 0.14673, -0.76043
59, 16, 81.428, -18.265, 9.546, -67.69, 61.40, 1249.39, 249.99, 172.30, -158.80, -0.65351, -0.17221, 0.04594, -0.73563
59, 15, 70.873, -7.125, 22.334, -326.66, 673.71, 940.92, 230.78, 172.10, -250.00, -0.71570, -0.18394, -0.08512, -0.66835
59, 15, 62.118, -0.308, 31.826, -1.89, 1018.37, 899.05, 149.11, 105.45, -250.00, -0.75778, -0.21777, -0.16661, -0.59210
59, 16, 54.253, 2.561, 35.010, 389.71, 742.43, 1086.06, 99.49, 68.23, -250.00, -0.79397, -0.23730, -0.18593, -0.52796
59, 16, 48.270, 10.264, 36.297, -271.67, 706.30, 988.22, 63.31, 51.25, -250.00, -0.82533, -0.22200, -0.23278, -0.46408
59, 15, 43.232, 15.590, 39.130, -470.46, 1102.36, 797.61, 29.04, -16.17, -250.00, -0.84198, -0.23052, -0.27069, -0.40578
59, 16, 38.474, 17.333, 41.405, -462.89, 1734.56, 813.48, -20.36, -86.68, -250.00, -0.85365, -0.25165, -0.28049, -0.35955
59, 16, 36.020, 15.640, 40.496, -563.78, 1031.74, 554.26, -117.23, -183.96, -85.47, -0.86284, -0.25720, -0.26019, -0.34878
59, 15, 35.262, 4.972, 39.166, 148.86, 809.88, 604.68, -120.70, -226.11, 34.56, -0.86234, -0.28766, -0.17621, -0.37758
59, 16, 36.512, -9.019, 34.576, 815.86, 122.80, 828.61, -40.93, -180.00, 113.38, -0.85165, -0.30007, -0.05798, -0.42578
59, 15, 41.483, -21.663, 33.822, 1223.51, 496.28, 846.86, 18.81, -100.26, 219.82, -0.80710, -0.33651, 0.02672, -0.48439
59, 16, 46.585, -29.208, 35.334, 806.27, 903.87, 630.92, 18.68, -15.42, 245.73, -0.75849, -0.37466, 0.05997, -0.52984
59, 16, 49.388, -32.037, 35.225, 532.04, 954.77, 685.18, -43.60, -2.44, 205.15, -0.73659, -0.38551, 0.07167, -0.55107
59, 15, 52.858, -28.597, 29.850, -177.61, 591.37, 803.22, -114.69, -14.14, 183.32, -0.74738, -0.33965, 0.06227, -0.56761
59, 16, 56.838, -28.607, 18.902, 138.12, -16.30, 1047.79, -135.38, -59.66, 115.62, -0.75647, -0.27072, 0.10686, -0.58570
59, 15, 64.532, -31.452, 7.124, 584.05, -387.51, 1065.98, -83.07, -19.87, 179.09, -0.73422, -0.21721, 0.17197, -0.61981
60, 7, 41.771, -19.979, 17.630, 493.47, 366.88, 1023.50, 14.08, 8.80, -109.36, -0.84860, -0.21342, 0.08130, -0.47719
60, 27, 40.882, -18.017, 20.898, 439.76, 501.34, 998.47, -8.51, 15.89, -69.44, -0.84974, -0.22983, 0.05452, -0.47132
60, 15, 40.629, -16.956, 21.015, 374.21, 419.49, 995.73, -24.80, 4.28, -75.70, -0.85254, -0.22670, 0.04642, -0.46865
60, 15, 40.327, -16.727, 20.298, 393.49, 370.97, 974.49, -37.04, -4.52, -79.44, -0.85558, -0.22039, 0.04818, -0.46592
60, 16, 38.525, -15.761, 22.451, 261.05, 618.10, 839.54, -55.68, -19.58, -69.65, -0.86029, -0.23238, 0.03568, -0.45236
60, 16, 38.087, -16.796, 24.188, 308.65, 685.73, 709.53, -79.70, -37.82, -15.47, -0.85645, -0.24886, 0.03774, -0.45070
60, 16, 40.421, -19.475, 21.133, 451.84, 471.13, 951.66, -108.19, -42.84, 43.63, -0.84829, -0.23664, 0.06564, -0.46913
60, 15, 43.391, -22.393, 17.913, 436.83, 385.93, 815.00, -114.44, -41.67, 76.04, -0.83634, -0.22590, 0.09532, -0.49033
60, 15, 47.913, -23.802, 14.021, 414.49, 389.77, 986.21, -114.41, -36.45, 131.92, -0.82081, -0.20750, 0.11445, -0.51972
60, 16, 55.376, -23.213, 8.879, 138.18, 304.08, 916.87, -110.64, -45.62, 249.99, -0.79516, -0.17628, 0.12209, -0.56721
60, 15, 63.184, -22.179, 2.345, -14.83, -20.75, 884.58, -59.78, -78.54, 249.99, -0.76547, -0.13541, 0.13801, -0.61374
60, 15, 72.486, -27.895, -6.306, 550.29, -511.11, 714.90, 8.22, -88.02, 249.99, -0.71613, -0.12563, 0.21210, -0.65299
60, 16, 83.929, -28.504, -13.775, 395.32, -891.60, 1396.06, 76.57, -112.82, 249.99, -0.65523, -0.10762, 0.24832, -0.70528
60, 17, 94.589, -30.811, -17.512, 845.64, -1142.40, 1458.92, 188.94, -108.17, 246.96, -0.59024, -0.12707, 0.27262, -0.74910
60, 15, 102.414, -32.252, -19.288, 669.80, -1233.64, 1136.05, 249.99, -65.03, 148.26, -0.53988, -0.14746, 0.28131, -0.77952
60, 16, 103.139, -33.062, -14.641, 614.93, -483.28, 1192.99, 249.99, -14.66, 43.17, -0.52815, -0.17667, 0.25171, -0.79151
60, 16, 95.463, -30.899, -3.083, 605.29, -90.58, 1399.05, 249.99, 105.58, -102.76, -0.56356, -0.20214, 0.17528, -0.78155
60, 16, 86.045, -23.236, 6.833, 195.13, -71.04, 1409.42, 249.99, 181.69, -199.34, -0.62033, -0.19141, 0.08476, -0.75589
60, 15, 75.952, -10.933, 16.829, -143.25, 186.04, 960.14, 249.99, 237.18, -250.00, -0.68798, -0.16972, -0.03600, -0.70469
60, 15, 67.536, 4.976, 28.091, -668.40, 608.09, 458.19, 209.92, 216.71, -250.00, -0.74199, -0.15646, -0.18995, -0.62360
60, 16, 59.160, 14.413, 32.385, -233.95, 509.89, 778.69, 140.85, 106.54, -250.00, -0.78687, -0.15083, -0.26136, -0.53831
60, 16, 52.539, 15.899, 36.520, 66.22, 1044.62, 1066.41, 118.09, 18.65, -250.00, -0.81097, -0.18789, -0.27971, -0.47831
60, 15, 46.558, 18.912, 37.889, -333.31, 1032.23, 1067.38, 54.06, -19.58, -250.00, -0.83334, -0.19872, -0.29531, -0.42291
60, 17, 41.865, 19.719, 40.224, -298.03, 1640.93, 727.54, -20.32, -74.27, -250.00, -0.84562, -0.22452, -0.30036, -0.37988
60, 15, 38.375, 17.250, 40.326, -429.57, 1211.36, 580.26, -88.90, -179.46, -132.31, -0.85628, -0.24417, -0.27630, -0.36169
60, 16, 37.910, 7.864, 40.779, 203.06, 1177.19, 490.72, -131.10, -192.38, 9.71, -0.85195, -0.28476, -0.20942, -0.38631
60, 15, 38.779, -5.166, 35.732, 730.22, 450.87, 773.80, -132.39, -157.71, 99.64, -0.84634, -0.29378, -0.09729, -0.43352
60, 15, 43.023, -16.128, 28.767, 789.49, -1.04, 904.42, -71.17, -97.11, 163.56, -0.82698, -0.28099, 0.00249, -0.48698
60, 16, 47.958, -24.113, 24.907, 671.94, 236.57, 869.69, -3.96, -52.22, 176.04, -0.79646, -0.28567, 0.06682, -0.52876
61, 8, 54.626, -24.716, 14.335, 442.57, 386.47, 965.58, -20.49, 1.72, 38.19, -0.78647, -0.22018, 0.10707, -0.56703
61, 26, 54.852, -26.841, 12.388, 628.72, 207.70, 996.95, -26.87, 2.10, -16.37, -0.78448, -0.21679, 0.13137, -0.56598
61, 16, 54.299, -26.651, 12.052, 616.64, 215.15, 995.00, -24.56, 28.46, -42.11, -0.78825, -0.21298, 0.13272, -0.56187
61, 15, 52.717, -24.946, 12.930, 492.98, 279.17, 949.58, -29.38, 39.16, -50.76, -0.79794, -0.20962, 0.11916, -0.55240
61, 16, 51.778, -23.985, 12.753, 525.94, 255.25, 958.86, -37.76, 44.48, -48.57, -0.80474, -0.20316, 0.11476, -0.54585
61, 16, 49.349, -22.909, 13.938, 485.35, 210.94, 1070.56, 18.14, 2.75, -108.27, -0.81621, -0.20453, 0.10567, -0.52991
61, 15, 47.547, -22.704, 15.595, 578.13, 277.65, 1045.04, 21.04, 17.14, -91.79, -0.82184, -0.21389, 0.09988, -0.51851
61, 16, 44.548, -21.381, 19.116, 493.16, 525.09, 986.45, -1.53, 13.00, -108.26, -0.83106, -0.23164, 0.08019, -0.49925
61, 15, 42.355, -19.251, 21.103, 391.78, 520.14, 980.04, -27.59, 11.75, -106.00, -0.84077, -0.23666, 0.06006, -0.48321
61, 15, 38.927, -16.575, 24.707, 161.93, 712.40, 725.89, -59.88, -23.02, -117.80, -0.85241, -0.25222, 0.03215, -0.45688
61, 16, 36.535, -17.697, 26.263, 374.21, 681.15, 680.24, -98.80, -58.56, -91.88, -0.85605, -0.26688, 0.04011, -0.44084
61, 15, 37.616, -22.690, 23.044, 618.84, 469.97, 787.84, -129.90, -69.67, 9.67, -0.84857, -0.26007, 0.08872, -0.45214
61, 16, 41.893, -26.239, 18.034, 573.12, 331.85, 892.03, -113.97, -52.60, 86.56, -0.83387, -0.23967, 0.12692, -0.48074
61, 16, 47.846, -28.561, 13.354, 423.58, 282.65, 777.47, -100.21, -54.27, 156.58, -0.81188, -0.22229, 0.15266, -0.51781
61, 15, 57.676, -28.587, 5.223, 285.10, 6.47, 1135.80, -53.95, -66.38, 249.99, -0.77918, -0.17989, 0.17440, -0.57454
61, 15, 66.800, -27.774, -0.848, 276.67, -180.18, 1286.44, 14.37, -57.25, 249.99, -0.74151, -0.14975, 0.18769, -0.62651
61, 17, 73.315, -26.233, -1.172, 245.24, 109.92, 1446.17, 66.76, -40.19, 249.99, -0.70734, -0.14915, 0.17131, -0.66939
61, 15, 79.043, -24.888, -0.665, 235.29, 55.66, 1535.64, 99.56, -22.57, 249.99, -0.67405, -0.15220, 0.15265, -0.70654
61, 16, 86.589, -22.176, -1.569, -52.43, -210.51, 1318.24, 141.49, -32.12, 249.99, -0.63019, -0.13913, 0.13343, -0.75213
61, 16, 92.777, -25.588, -3.942, 412.66, -1113.16, 1098.63, 249.99, -56.47, 174.28, -0.58870, -0.15737, 0.15919, -0.77674
61, 15, 94.906, -27.832, -3.313, 558.35, -791.81, 1215.64, 249.99, -7.48, 69.05, -0.57110, -0.17900, 0.16290, -0.78439
61, 16, 92.111, -25.275, 1.759, 349.06, -318.79, 1421.88, 249.99, 73.26, -23.12, -0.58509, -0.18362, 0.11983, -0.78076
61, 15, 85.471, -18.784, 9.233, 137.02, -51.21, 1404.79, 249.99, 152.18, -119.90, -0.62688, -0.17537, 0.04484, -0.75779
61, 16, 75.842, -12.251, 16.326, 182.86, 53.47, 1044.13, 240.39, 167.30, -226.28, -0.68744, -0.17459, -0.02460, -0.70452
61, 16, 66.783, -3.210, 24.116, 13.00, 327.70, 892.33, 212.16, 172.87, -250.00, -0.74186, -0.17699, -0.11415, -0.63663
61, 15, 59.655, 2.640, 32.246, 125.00, 763.18, 864.87, 167.13, 126.71, -250.00, -0.77358, -0.20928, -0.18376, -0.56921
61, 15, 52.494, 7.915, 40.525, 71.84, 1239.26, 749.02, 131.09, 53.32, -250.00, -0.79665, -0.25387, -0.24312, -0.49171
61, 17, 46.728, 12.616, 44.975, -219.97, 1488.53, 915.10, 75.91, -7.08, -250.00, -0.81439, -0.27719, -0.27928, -0.42655
61, 15, 41.565, 15.908, 46.700, -258.24, 1302.37, 671.26, -8.71, -50.79, -250.00, -0.83067, -0.28858, -0.29486, -0.37386
61, 16, 37.211, 15.532, 48.510, -163.15, 1538.94, 440.55, -55.46, -120.46, -203.60, -0.83923, -0.31431, -0.28646, -0.33888
61, 15, 35.762, 7.317, 48.851, 232.36, 899.11, 403.14, -84.20, -148.54, -12.95, -0.83604, -0.35031, -0.22572, -0.35690
61, 15, 36.175, -3.367, 47.128, 736.82, 716.61, 653.44, -63.52, -91.80, 68.34, -0.82550, -0.37358, -0.14439, -0.39768
61, 16, 38.612, -12.306, 43.639, 797.73, 466.06, 836.43, -33.89, -29.49, 107.86, -0.81055, -0.37550, -0.07391, -0.44334
61, 15, 42.970, -16.876, 38.480, 561.77, 442.08, 1050.17, -23.70, 26.58, 127.66, -0.79865, -0.35264, -0.03307, -0.48652
61, 15, 47.886, -15.966, 31.839, 103.15, 349.49, 1188.72, -26.46, 45.06, 140.36, -0.79812, -0.30169, -0.02459, -0.52095
61, 17, 52.002, -10.844, 28.623, -538.64, 507.93, 979.86, -39.61, 36.75, 181.97, -0.79723, -0.25635, -0.05680, -0.54358
