402, 9, 35.789, -6.637, 39.276, 67.14, 689.15, 939.45, -61.43, -16.14, 63.55, -0.84542, -0.32745, -0.09121, -0.41197
402, 26, 38.243, -6.646, 31.446, 72.08, 475.10, 1170.35, -37.83, 3.71, 46.26, -0.85666, -0.26759, -0.06854, -0.43570
402, 16, 38.178, -5.175, 30.211, 56.09, 648.93, 1185.42, -12.94, 10.74, 6.14, -0.86178, -0.25310, -0.07490, -0.43320
402, 15, 37.267, -3.357, 30.937, 32.10, 765.20, 1150.21, -8.45, 16.74, -28.02, -0.86591, -0.25273, -0.08944, -0.42229
402, 15, 36.275, -1.075, 32.078, -51.27, 821.41, 1043.21, -19.04, 17.90, -40.49, -0.86963, -0.25413, -0.10876, -0.40907
402, 16, 35.623, 1.323, 31.388, -119.08, 682.92, 1043.82, -34.56, 10.21, -31.85, -0.87581, -0.24106, -0.12317, -0.39960
402, 15, 35.370, 2.575, 28.831, -123.54, 448.43, 1023.86, -21.45, -5.35, -8.58, -0.88282, -0.21727, -0.12334, -0.39775
402, 15, 34.156, 0.899, 28.617, 63.17, 483.09, 878.30, -5.96, -13.76, -32.21, -0.88612, -0.22272, -0.10738, -0.39199
402, 16, 32.204, -0.933, 27.854, 212.10, 426.33, 950.56, 7.72, -6.98, -78.39, -0.89264, -0.22463, -0.08678, -0.38107
402, 15, 30.555, 0.363, 29.903, 56.21, 623.72, 957.21, 27.10, 17.97, -96.44, -0.89497, -0.23776, -0.10023, -0.36394
402, 15, 29.625, 4.513, 32.180, -221.62, 752.08, 952.21, 21.69, 32.01, -91.19, -0.89600, -0.24329, -0.13759, -0.34505
402, 16, 29.978, 8.925, 33.527, -413.27, 737.98, 927.19, 5.14, 32.49, -50.69, -0.89415, -0.23904, -0.17633, -0.33506
402, 15, 30.304, 11.277, 35.009, -336.12, 818.36, 927.25, -3.43, 15.19, -48.69, -0.89074, -0.24225, -0.19923, -0.32894
402, 15, 28.902, 15.064, 34.925, -403.02, 626.10, 815.55, -7.10, 1.56, -107.20, -0.89510, -0.23155, -0.22477, -0.30767
402, 16, 28.158, 20.186, 32.464, -704.90, 208.80, 676.51, 2.83, -23.88, -35.09, -0.90016, -0.19672, -0.25563, -0.29270
402, 15, 30.096, 23.609, 32.756, -819.82, 135.99, 478.45, 42.15, -65.60, 94.64, -0.89263, -0.18265, -0.28521, -0.29751
402, 17, 34.727, 21.485, 37.626, -585.08, 372.50, 441.10, 82.97, -108.02, 211.29, -0.87254, -0.21634, -0.29105, -0.32737
402, 15, 38.520, 12.531, 40.441, -220.40, 659.30, 971.92, 87.40, -89.87, 249.99, -0.85385, -0.26323, -0.24339, -0.37738
402, 15, 40.791, 4.540, 42.295, 6.96, 882.93, 1151.79, 75.60, -65.11, 212.13, -0.83471, -0.30341, -0.19814, -0.41467
402, 16, 41.786, -3.483, 42.425, 376.83, 698.06, 1028.75, 58.38, -50.45, 162.74, -0.81919, -0.33315, -0.14358, -0.44421
402, 15, 45.338, -10.737, 38.492, 566.04, 420.10, 1440.61, 32.65, -1.82, 216.32, -0.80233, -0.32902, -0.08512, -0.49067
402, 15, 49.844, -16.217, 34.523, 691.71, 509.09, 1547.30, 26.14, 41.46, 218.60, -0.78124, -0.32063, -0.04045, -0.53406
402, 16, 51.888, -19.516, 31.861, 1197.39, 753.11, 1683.96, 5.07, 68.08, 76.39, -0.77097, -0.31565, -0.00978, -0.55306
402, 17, 48.913, -19.575, 31.309, 1582.34, 944.40, 1468.87, -39.86, 111.18, -110.32, -0.78644, -0.31224, 0.00141, -0.53294
402, 16, 45.118, -16.137, 28.733, 1206.67, 689.27, 1265.56, -100.44, 181.47, -203.97, -0.81800, -0.28077, -0.00243, -0.50203
402, 15, 41.345, -13.114, 24.273, 935.12, 424.19, 936.71, -155.61, 191.90, -221.57, -0.84983, -0.23682, 0.00228, -0.47085
402, 15, 37.825, -2.743, 11.047, -79.59, -437.44, 612.79, -172.58, 191.35, -237.26, -0.89478, -0.09700, -0.02045, -0.43536
402, 16, 32.146, 10.521, 0.288, -782.47, -592.90, 447.94, -140.91, 166.44, -205.41, -0.91690, 0.03348, -0.08539, -0.38844
402, 16, 29.903, 23.742, 1.358, -1437.38, 573.91, 96.80, -56.03, 142.71, -118.53, -0.90915, 0.06580, -0.19523, -0.36195
402, 15, 31.505, 32.983, 4.994, -1229.13, 622.86, 481.45, -20.86, 100.49, -41.06, -0.88882, 0.07067, -0.27781, -0.35753
403, 7, 29.190, -2.213, 31.896, 75.68, 591.06, 1066.41, -20.27, -6.14, -74.81, -0.89253, -0.26241, -0.08339, -0.35719
403, 27, 28.034, 3.807, 29.588, -189.09, 507.63, 1010.25, -7.28, -7.86, -75.27, -0.90566, -0.22692, -0.12111, -0.33707
403, 16, 26.904, 3.543, 31.631, 57.50, 711.24, 821.11, -2.90, -12.12, -100.85, -0.90458, -0.24506, -0.12263, -0.32656
403, 15, 25.419, 4.052, 33.027, 63.54, 742.61, 835.94, -16.54, -1.59, -133.05, -0.90595, -0.25622, -0.12726, -0.31209
403, 16, 24.028, 8.228, 34.236, -243.10, 712.04, 729.37, -26.33, 5.77, -149.26, -0.90861, -0.25551, -0.16003, -0.28902
403, 15, 22.739, 11.167, 31.873, -305.42, 499.94, 1011.23, -9.77, -18.33, -126.79, -0.91714, -0.23016, -0.17450, -0.27464
403, 15, 23.342, 15.233, 34.160, -484.80, 708.50, 772.16, 19.29, 9.43, -95.56, -0.91053, -0.23561, -0.21282, -0.26484
403, 16, 23.789, 19.871, 35.841, -779.60, 563.11, 600.28, 22.44, -41.04, -64.16, -0.90435, -0.23403, -0.25306, -0.25168
403, 15, 24.889, 23.595, 36.465, -808.23, 341.00, 547.00, 31.20, -63.42, 6.17, -0.89843, -0.22465, -0.28468, -0.24761
403, 17, 28.599, 22.540, 40.067, -747.01, 546.57, 577.82, 56.55, -92.31, 122.93, -0.88323, -0.24684, -0.29267, -0.27077
403, 15, 32.698, 19.222, 40.745, -472.41, 175.72, 495.85, 74.59, -101.58, 249.99, -0.87218, -0.25358, -0.27929, -0.31144
403, 16, 36.928, 9.894, 43.619, -150.82, 727.97, 892.82, 78.04, -85.71, 249.99, -0.84953, -0.30016, -0.23090, -0.36727
403, 16, 39.943, -2.110, 45.360, 480.35, 747.13, 878.23, 71.08, -75.36, 249.99, -0.81970, -0.35157, -0.15910, -0.42330
403, 15, 43.697, -10.562, 44.040, 657.96, 660.03, 1272.22, 75.90, 4.43, 225.81, -0.79274, -0.36836, -0.10476, -0.47424
403, 15, 46.401, -14.787, 43.319, 808.04, 918.52, 1394.59, 74.01, 70.28, 131.68, -0.77356, -0.37664, -0.08010, -0.50332
403, 16, 47.718, -17.580, 41.555, 1078.49, 995.06, 1542.85, 30.72, 83.79, 65.71, -0.76628, -0.37433, -0.05652, -0.51913
403, 15, 46.844, -18.925, 38.620, 1570.68, 943.97, 1613.53, -30.94, 87.38, -59.97, -0.77611, -0.35989, -0.03075, -0.51690
403, 16, 44.111, -15.941, 34.553, 1266.17, 774.90, 1551.21, -88.01, 141.57, -186.32, -0.80751, -0.32145, -0.02654, -0.49385
403, 17, 40.053, -11.778, 31.199, 1026.25, 772.52, 995.30, -155.50, 189.90, -250.00, -0.84172, -0.28325, -0.03302, -0.45847
403, 15, 36.897, -0.836, 16.227, -104.13, -495.48, 449.10, -185.33, 188.77, -250.00, -0.89421, -0.13063, -0.05389, -0.42475
403, 16, 30.401, 13.014, 6.428, -625.79, -293.64, 481.51, -139.85, 156.07, -250.00, -0.92150, -0.00904, -0.12579, -0.36733
403, 15, 28.064, 25.584, 8.389, -1036.25, 746.77, 124.82, -78.72, 153.66, -181.43, -0.91417, 0.01227, -0.23173, -0.33233
403, 15, 28.643, 36.101, 10.745, -1086.67, 736.27, 208.74, -65.70, 129.16, -133.76, -0.89292, 0.02868, -0.31979, -0.31560
403, 16, 32.422, 44.436, 15.735, -1124.39, 861.45, 174.68, -38.71, 112.18, -97.60, -0.86376, 0.03047, -0.39425, -0.31234
403, 16, 32.413, 51.727, 18.800, -997.25, 638.49, 342.77, -13.89, 98.40, -132.69, -0.84450, 0.03372, -0.45352, -0.28286
403, 16, 34.833, 59.035, 23.098, -726.68, 347.41, 89.90, 3.85, 102.59, -107.97, -0.81757, 0.04001, -0.51163, -0.26119
403, 16, 32.055, 60.896, 19.736, -571.23, 2.01, 424.07, 29.08, 104.77, -15.85, -0.81607, 0.05843, -0.51737, -0.25089
403, 15, 30.437, 66.540, 19.976, -1158.14, -258.00, 167.42, 112.29, 67.89, 11.91, -0.79865, 0.06908, -0.55511, -0.22189
403, 16, 37.335, 57.298, 30.865, -630.62, 600.89, 1147.89, 168.11, -30.38, 91.29, -0.81816, -0.01120, -0.51769, -0.24999
403, 15, 39.079, 44.714, 36.981, 63.66, 1157.90, 1924.80, 168.86, -82.18, 105.62, -0.83906, -0.10201, -0.45361, -0.28251
403, 15, 33.656, 34.388, 34.004, 125.18, 92.53, 1080.63, 143.31, -106.75, 57.91, -0.87111, -0.14197, -0.37120, -0.28848
403, 17, 32.690, 23.199, 36.965, -17.52, 690.43, 1307.62, 147.52, -148.40, 118.06, -0.87879, -0.21007, -0.29778, -0.30810
403, 15, 34.292, 14.460, 42.509, -235.35, 1114.81, 1042.91, 100.59, -126.57, 141.47, -0.86292, -0.28063, -0.25365, -0.33507
404, 7, 24.535, 11.182, 33.959, -422.91, 684.57, 1027.16, -9.37, 30.12, -125.65, -0.90843, -0.24394, -0.18344, -0.28565
404, 27, 24.438, 17.747, 34.867, -422.36, 608.83, 782.84, -2.19, 10.73, -95.33, -0.90579, -0.23148, -0.23601, -0.26508
404, 15, 25.009, 20.448, 34.912, -495.30, 576.29, 801.70, -1.76, 3.65, -64.43, -0.90316, -0.22218, -0.25779, -0.26169
404, 15, 25.813, 24.868, 34.675, -820.13, 328.25, 606.02, 14.87, -25.47, -11.62, -0.89877, -0.20415, -0.29198, -0.25550
404, 16, 28.048, 27.616, 34.869, -1084.05, 14.34, 497.99, 55.87, -77.99, 113.93, -0.89093, -0.19045, -0.31659, -0.26408
404, 15, 33.368, 23.933, 39.349, -663.82, 338.32, 478.09, 84.88, -129.93, 249.99, -0.87215, -0.22374, -0.31071, -0.30457
404, 17, 37.131, 12.338, 43.150, -202.27, 728.64, 864.69, 86.17, -146.27, 249.99, -0.85172, -0.28710, -0.24741, -0.36185
404, 16, 39.637, 0.282, 45.625, 295.17, 848.82, 873.60, 69.37, -118.08, 249.99, -0.82378, -0.34530, -0.17634, -0.41358
404, 15, 42.722, -9.596, 44.860, 504.76, 769.53, 1157.78, 60.61, -54.82, 249.99, -0.79620, -0.37150, -0.11193, -0.46424
404, 16, 45.790, -16.400, 44.026, 804.63, 926.82, 1296.75, 62.12, 17.61, 188.69, -0.76976, -0.38765, -0.06959, -0.50236
404, 15, 47.612, -18.345, 41.877, 755.37, 922.06, 1445.68, 38.93, 70.09, 83.85, -0.76366, -0.37936, -0.05214, -0.51980
404, 15, 47.314, -19.008, 38.577, 1101.26, 797.49, 1545.10, -16.14, 87.83, -25.47, -0.77390, -0.35978, -0.03142, -0.52024
404, 16, 44.097, -16.156, 36.573, 1396.73, 966.74, 1497.07, -53.94, 157.91, -181.40, -0.80128, -0.33642, -0.03361, -0.49360
404, 16, 40.367, -11.017, 35.049, 1207.21, 973.63, 1085.57, -96.66, 228.94, -250.00, -0.83194, -0.30853, -0.05496, -0.45789
404, 16, 36.801, -4.468, 32.656, 582.64, 775.27, 684.51, -164.73, 238.49, -250.00, -0.86228, -0.26996, -0.08623, -0.41972
404, 16, 32.925, 12.759, 26.824, -625.85, 230.22, 429.20, -175.83, 195.72, -250.00, -0.89767, -0.16876, -0.19063, -0.35968
404, 15, 26.847, 26.549, 18.610, -1313.96, -107.30, 742.68, -111.66, 122.27, -250.00, -0.91357, -0.06887, -0.26715, -0.29878
404, 16, 17.599, 35.081, 7.641, -1114.56, -428.47, 529.85, -55.82, 20.38, -250.00, -0.92133, 0.02021, -0.30668, -0.23811
404, 15, 17.744, 40.334, 10.231, -1066.47, 657.35, 436.28, -0.53, 20.43, -171.49, -0.90811, 0.01279, -0.35320, -0.22454
404, 16, 20.546, 43.330, 14.065, -865.30, 718.57, 555.60, -17.25, 36.76, -134.96, -0.89459, -0.00053, -0.38366, -0.22915
404, 16, 25.704, 44.449, 18.494, -598.94, 670.29, 590.45, -49.12, 68.03, -88.75, -0.88046, -0.01384, -0.40163, -0.25158
404, 15, 32.019, 49.286, 22.916, -1011.72, 685.67, 400.21, -69.91, 97.69, -57.71, -0.85279, -0.00724, -0.44670, -0.27047
404, 15, 37.452, 50.806, 25.856, -829.90, 465.64, 635.99, -86.52, 84.15, 36.35, -0.83532, -0.00138, -0.46438, -0.29425
404, 17, 41.230, 53.230, 26.875, -591.19, 246.89, 417.60, -92.93, 101.16, 41.42, -0.81930, 0.01704, -0.48243, -0.30939
404, 15, 36.276, 51.440, 19.537, -434.08, -46.51, 1143.74, -34.89, 94.86, 0.98, -0.83559, 0.04251, -0.45218, -0.30905
404, 16, 32.943, 52.019, 16.008, -1104.61, -196.41, 1488.59, 39.33, 99.12, 32.26, -0.84117, 0.05739, -0.44826, -0.29699
404, 15, 30.951, 52.485, 15.849, -1148.19, -501.46, 736.33, 141.08, -23.70, 129.39, -0.84469, 0.05237, -0.45205, -0.28181
404, 16, 28.471, 48.248, 15.721, -766.91, -508.85, 870.61, 178.89, -87.20, 153.75, -0.86342, 0.02957, -0.42265, -0.27385
404, 16, 31.386, 38.265, 20.958, -196.59, -85.14, 535.34, 202.37, -133.54, 249.99, -0.88061, -0.03483, -0.36357, -0.30187
404, 15, 37.125, 22.935, 31.526, 7.75, 546.02, 906.98, 197.90, -185.24, 249.99, -0.87479, -0.15811, -0.28721, -0.35673
404, 16, 38.939, 7.408, 39.517, 525.21, 1417.97, 1199.10, 152.13, -227.55, 249.99, -0.85114, -0.27524, -0.20431, -0.39757
404, 16, 38.499, -7.162, 42.083, 827.88, 1412.72, 1448.06, 60.73, -221.39, 249.99, -0.82627, -0.34736, -0.10560, -0.43066
404, 15, 37.118, -16.111, 41.447, 862.24, 1250.85, 1550.66, 0.19, -137.08, 142.43, -0.81483, -0.37269, -0.03227, -0.44286
405, 8, 20.547, 20.845, 24.733, -538.21, 566.28, 894.10, -26.04, 45.34, -92.32, -0.92929, -0.14907, -0.23102, -0.24664
405, 27, 21.036, 26.176, 25.971, -584.29, 500.00, 807.01, -4.21, 9.77, -85.21, -0.92083, -0.14278, -0.27606, -0.23555
405, 15, 22.544, 28.172, 28.045, -681.76, 642.52, 797.97, -1.05, 3.05, -55.37, -0.91248, -0.14966, -0.29764, -0.23745
405, 15, 23.686, 31.077, 27.948, -942.50, 347.47, 726.62, 1.84, -29.79, -2.72, -0.90614, -0.13679, -0.32093, -0.23915
405, 16, 24.377, 33.503, 26.902, -1048.58, -31.62, 605.59, 43.11, -72.49, 81.14, -0.90201, -0.11883, -0.33774, -0.24120
405, 16, 28.065, 32.464, 30.207, -941.47, 159.06, 535.52, 82.11, -122.96, 180.35, -0.89182, -0.13725, -0.34144, -0.26315
405, 15, 32.581, 26.120, 35.153, -517.94, 340.76, 593.75, 101.94, -150.80, 249.99, -0.88049, -0.18557, -0.31386, -0.30297
405, 16, 34.736, 21.284, 38.351, -361.69, 189.76, 370.30, 117.05, -163.10, 249.99, -0.87117, -0.22260, -0.29169, -0.32623
405, 15, 36.270, 8.688, 42.620, 81.05, 685.18, 875.98, 131.83, -155.68, 249.99, -0.85333, -0.29846, -0.21728, -0.36816
405, 15, 37.631, -3.254, 45.551, 451.05, 867.31, 1014.95, 112.18, -111.21, 249.99, -0.82561, -0.36000, -0.14432, -0.40981
405, 17, 40.175, -12.580, 46.295, 735.66, 1040.59, 1297.00, 85.80, -24.57, 239.53, -0.79489, -0.39390, -0.08754, -0.45313
405, 15, 42.602, -15.846, 45.480, 898.13, 1159.24, 1372.44, 45.17, 105.32, 111.92, -0.77985, -0.39749, -0.06889, -0.47863
405, 16, 45.721, -14.347, 42.120, 677.86, 1005.68, 1482.48, 9.64, 139.79, 18.55, -0.78151, -0.36735, -0.07581, -0.49855
405, 16, 46.553, -12.221, 38.756, 890.75, 833.44, 1380.13, -30.53, 171.22, -72.39, -0.79312, -0.33568, -0.07903, -0.50203
405, 15, 44.058, -8.706, 36.756, 956.67, 955.32, 1280.40, -62.71, 171.48, -187.83, -0.81661, -0.30999, -0.08903, -0.47867
405, 16, 40.102, -5.012, 35.168, 975.16, 1097.96, 1067.08, -115.38, 165.72, -250.00, -0.84294, -0.28793, -0.09963, -0.44341
405, 16, 36.310, 3.229, 32.630, 27.22, 998.17, 1005.68, -162.95, 143.88, -250.00, -0.87243, -0.24293, -0.14341, -0.39911
405, 15, 32.555, 17.140, 27.379, -905.52, 403.81, 514.89, -177.57, 103.39, -233.68, -0.89708, -0.15814, -0.22520, -0.34571
405, 16, 25.739, 29.184, 17.916, -1303.10, -279.79, 505.37, -107.13, 41.89, -249.40, -0.91287, -0.05763, -0.28516, -0.28641
405, 15, 23.501, 37.993, 14.233, -827.82, 152.10, 377.01, -59.27, 69.08, -169.05, -0.90188, -0.00770, -0.34350, -0.26184
405, 16, 26.969, 43.296, 19.636, -704.22, 988.71, 355.41, -75.84, 101.50, -114.66, -0.88041, -0.02196, -0.39594, -0.26004
405, 17, 29.803, 50.116, 22.375, -853.15, 694.21, 259.34, -92.98, 116.15, -124.09, -0.85563, -0.00888, -0.45104, -0.25374
405, 15, 29.074, 56.745, 18.998, -1249.51, 197.27, 508.42, -81.43, 112.51, -74.40, -0.83644, 0.03613, -0.48933, -0.24417
405, 16, 36.772, 59.150, 25.009, -720.46, 377.81, 345.34, -61.31, 94.53, -5.17, -0.81337, 0.03555, -0.51612, -0.26605
405, 15, 38.162, 57.044, 24.065, -624.33, 293.88, 905.15, -46.79, 101.18, 6.56, -0.81609, 0.03993, -0.50005, -0.28696
405, 15, 29.169, 60.955, 12.156, -506.77, -384.46, 390.32, -15.87, 113.67, 14.09, -0.81711, 0.09981, -0.50272, -0.26390
405, 16, 29.913, 57.478, 13.331, -916.87, 125.98, 1672.42, 46.46, 80.12, 26.10, -0.82907, 0.08333, -0.48113, -0.27242
405, 15, 31.388, 52.882, 16.705, -685.91, 105.77, 1010.62, 97.76, 6.41, 65.80, -0.84276, 0.04918, -0.45671, -0.28065
405, 15, 24.053, 50.225, 11.193, -523.01, -404.05, 676.45, 129.65, -32.27, 51.08, -0.86586, 0.05347, -0.42818, -0.25315
405, 18, 23.829, 40.601, 16.280, -299.62, 182.98, 1274.23, 190.31, -109.17, 49.84, -0.89467, -0.01493, -0.36793, -0.25292
405, 15, 27.113, 31.549, 22.940, -346.86, 72.88, 818.42, 214.90, -139.38, 212.14, -0.90254, -0.08619, -0.31650, -0.27897
405, 16, 32.092, 18.294, 34.769, 43.88, 1104.92, 1029.05, 201.12, -183.76, 249.99, -0.88615, -0.21250, -0.25470, -0.32359
405, 15, 33.087, 5.126, 41.791, 231.57, 1481.32, 1181.09, 127.01, -201.10, 249.99, -0.86260, -0.31027, -0.18008, -0.35668
405, 15, 32.343, -5.489, 42.391, 588.13, 1285.34, 1538.02, 35.28, -139.40, 190.79, -0.85001, -0.34975, -0.10045, -0.38088
405, 16, 31.119, -10.397, 40.727, 489.44, 918.33, 1578.19, 27.15, -62.64, 81.12, -0.85078, -0.35271, -0.05389, -0.38582
405, 15, 29.931, -10.608, 39.187, 239.62, 862.92, 1339.48, 11.80, -3.67, 24.01, -0.85903, -0.34232, -0.04353, -0.37813
405, 15, 32.087, -8.296, 39.785, 12.33, 699.77, 703.06, -15.92, 36.14, 41.27, -0.85408, -0.33903, -0.06966, -0.38827
405, 17, 32.982, -1.486, 43.528, -389.95, 651.92, 240.42, -16.85, 48.10, 6.94, -0.85041, -0.34507, -0.13614, -0.37309
406, 7, 22.868, 26.772, 30.591, -820.74, 528.26, 623.35, -37.80, 15.41, -73.28, -0.90995, -0.17336, -0.29270, -0.23720
406, 27, 24.281, 28.794, 30.035, -614.20, 515.32, 944.21, 1.96, 12.45, -26.75, -0.90535, -0.15890, -0.30889, -0.24430
406, 16, 24.700, 26.544, 30.336, -391.42, 621.64, 951.84, -8.13, -10.54, -32.14, -0.90667, -0.16737, -0.29315, -0.25299
406, 16, 24.580, 24.773, 28.986, -364.99, 502.38, 959.35, -17.01, -1.24, -30.90, -0.91074, -0.16259, -0.27649, -0.26014
406, 15, 22.939, 28.007, 25.740, -627.99, 229.31, 830.81, -8.92, 8.21, -54.44, -0.91469, -0.13076, -0.29199, -0.24694
406, 16, 22.791, 31.983, 23.476, -1151.37, -119.57, 719.54, 30.21, -35.68, 38.65, -0.91122, -0.10100, -0.31749, -0.24224
406, 16, 26.071, 33.588, 25.701, -1124.08, -29.97, 494.45, 79.92, -91.86, 152.59, -0.89935, -0.10412, -0.33742, -0.25783
406, 15, 31.390, 32.465, 31.859, -943.05, 159.36, 326.60, 115.70, -145.42, 234.76, -0.88188, -0.14001, -0.34942, -0.28390
406, 16, 36.015, 26.373, 39.650, -568.60, 476.87, 429.44, 120.39, -167.12, 249.99, -0.86332, -0.20911, -0.33371, -0.31558
406, 15, 38.319, 15.180, 42.563, -161.07, 396.91, 653.02, 123.62, -134.86, 249.99, -0.85080, -0.26913, -0.26861, -0.36269
406, 16, 40.625, 3.956, 44.585, 265.87, 744.51, 1174.80, 118.58, -84.57, 249.99, -0.82834, -0.32254, -0.20177, -0.41122
406, 16, 43.831, -5.620, 45.283, 627.08, 954.47, 1414.86, 93.34, -15.01, 249.99, -0.79858, -0.35870, -0.14568, -0.46084
406, 15, 46.301, -11.082, 44.364, 800.35, 1048.89, 1595.09, 65.75, 51.53, 162.68, -0.77952, -0.37005, -0.11078, -0.49309
406, 17, 46.750, -13.758, 42.727, 1348.51, 1133.67, 1760.99, 26.30, 97.76, 29.60, -0.77649, -0.36857, -0.08600, -0.50381
406, 15, 43.928, -12.200, 41.225, 1517.70, 1238.34, 1597.84, -28.92, 145.23, -149.89, -0.79700, -0.35458, -0.08187, -0.48203
406, 15, 40.257, -7.570, 38.394, 1276.61, 1168.95, 1330.32, -105.55, 207.21, -244.19, -0.82955, -0.32059, -0.09356, -0.44756
406, 16, 36.188, -2.078, 34.677, 885.62, 1271.55, 1047.18, -194.65, 206.50, -250.00, -0.86274, -0.27738, -0.11021, -0.40816
406, 16, 32.982, 14.285, 27.863, -665.10, 301.70, 363.83, -237.37, 182.14, -205.60, -0.89579, -0.17135, -0.20561, -0.35486
406, 16, 25.424, 27.858, 15.207, -1547.91, -710.08, 613.95, -163.48, 106.50, -230.63, -0.91694, -0.04089, -0.26787, -0.29291
406, 16, 18.254, 36.757, 6.473, -1542.24, -380.43, 599.61, -57.91, 41.52, -190.78, -0.91557, 0.03542, -0.31734, -0.24448
406, 15, 16.769, 42.652, 6.193, -1274.17, 351.99, 299.68, -12.12, -12.37, -143.37, -0.90244, 0.04719, -0.36356, -0.22625
406, 15, 24.620, 44.455, 15.522, -801.76, 1201.97, 383.85, -24.09, 27.08, -50.41, -0.88295, 0.00528, -0.39508, -0.25355
406, 16, 32.358, 45.973, 24.042, -493.71, 1142.03, 272.95, -63.51, 72.11, -77.98, -0.86023, -0.02667, -0.42654, -0.27813
406, 15, 37.995, 52.446, 27.518, -1103.03, 721.19, 261.54, -103.83, 122.35, -75.87, -0.82974, -0.00448, -0.47927, -0.28603
406, 17, 43.983, 54.323, 31.414, -782.17, 734.01, 622.74, -108.34, 128.48, -17.52, -0.80961, 0.00144, -0.50113, -0.30562
406, 16, 35.766, 61.861, 19.266, -813.54, -243.59, 344.79, -99.90, 118.43, -38.15, -0.80386, 0.08210, -0.52025, -0.27641
406, 15, 25.168, 60.270, 7.255, -823.12, -276.55, 1138.00, -25.90, 63.08, -54.54, -0.82428, 0.11553, -0.49059, -0.25794
406, 16, 15.447, 58.052, -3.131, -449.10, -587.65, 718.51, 39.29, 52.15, 16.97, -0.84241, 0.14557, -0.46328, -0.23350
406, 15, 10.695, 58.422, -5.359, -707.46, -248.54, 481.08, 122.80, 41.15, -4.91, -0.84719, 0.14329, -0.46774, -0.20725
406, 15, 15.533, 53.001, 5.226, -1011.41, 228.45, 1446.96, 198.30, -31.47, 23.34, -0.87002, 0.07339, -0.44155, -0.20667
406, 16, 22.326, 44.779, 16.271, -683.65, -13.00, 941.04, 234.19, -129.57, 205.62, -0.88691, -0.00748, -0.39906, -0.23256
406, 16, 25.065, 37.090, 22.473, -468.81, -97.96, 531.31, 249.74, -196.86, 249.99, -0.89755, -0.07043, -0.35565, -0.25093
406, 15, 31.732, 18.872, 36.112, 383.61, 1300.96, 1051.27, 212.44, -238.92, 249.99, -0.88449, -0.22162, -0.26205, -0.31608
406, 17, 33.918, 3.972, 42.627, 737.12, 1824.46, 1429.38, 116.57, -192.05, 249.99, -0.85658, -0.31915, -0.17646, -0.36507
406, 15, 32.686, -4.058, 43.840, 673.71, 1578.80, 1517.58, 22.16, -106.60, 94.39, -0.84666, -0.35576, -0.11705, -0.37801
407, 7, 21.808, 32.949, 26.415, -732.79, 187.26, 797.12, -2.72, -34.66, 66.29, -0.90868, -0.12418, -0.32986, -0.22376
407, 28, 25.330, 34.733, 25.440, -936.52, -108.58, 587.10, 52.75, -76.71, 146.68, -0.89925, -0.10051, -0.34472, -0.24985
407, 15, 31.609, 32.062, 30.958, -813.42, 157.10, 499.94, 101.29, -126.12, 247.99, -0.88292, -0.13391, -0.34453, -0.28952
407, 17, 36.000, 23.106, 37.263, -401.06, 468.99, 656.68, 118.77, -151.37, 249.99, -0.86904, -0.20401, -0.30392, -0.33285
407, 15, 38.236, 12.750, 42.029, -170.78, 612.55, 727.48, 117.37, -143.05, 249.99, -0.85117, -0.27480, -0.24948, -0.37117
407, 15, 39.608, 1.619, 44.801, 171.57, 740.91, 872.01, 100.19, -114.22, 249.99, -0.82827, -0.33453, -0.18290, -0.41062
407, 16, 41.691, -8.882, 45.723, 614.81, 859.68, 1143.80, 88.20, -51.92, 249.99, -0.79905, -0.37602, -0.11718, -0.45431
407, 15, 43.465, -15.148, 45.066, 896.06, 1012.33, 1401.79, 61.52, 27.78, 158.49, -0.77943, -0.39175, -0.07518, -0.48308
407, 16, 44.777, -17.007, 43.718, 911.68, 1132.81, 1462.10, 32.84, 104.77, 70.23, -0.77363, -0.38830, -0.06045, -0.49706
407, 16, 44.918, -15.423, 41.833, 900.82, 1146.00, 1358.15, -17.91, 170.76, -23.33, -0.78328, -0.36979, -0.06421, -0.49558
407, 15, 43.262, -10.306, 37.709, 790.53, 979.00, 1397.03, -79.95, 187.44, -152.21, -0.81419, -0.32337, -0.07905, -0.47568
407, 16, 38.909, -5.355, 35.335, 862.49, 1181.03, 1237.55, -130.27, 172.24, -248.55, -0.84657, -0.29141, -0.09469, -0.43523
407, 16, 34.772, -0.770, 25.344, 356.99, 147.58, 942.08, -191.31, 147.75, -250.00, -0.88867, -0.20264, -0.08425, -0.40261
407, 15, 28.655, 9.263, 10.413, -398.38, -787.60, 604.13, -177.42, 124.77, -250.00, -0.92793, -0.05520, -0.10771, -0.35257
407, 17, 22.601, 20.643, 7.089, -1302.37, 254.76, 661.44, -84.22, 76.78, -250.00, -0.93627, -0.00192, -0.18888, -0.29618
407, 15, 18.106, 28.160, 4.413, -1119.75, 266.48, 650.82, -52.43, 22.64, -216.05, -0.93448, 0.03091, -0.24400, -0.25739
407, 15, 21.139, 32.618, 8.081, -666.81, 822.69, 480.59, -94.83, 53.71, -98.35, -0.91916, 0.01958, -0.28750, -0.26853
407, 16, 25.198, 38.636, 12.760, -584.17, 1038.27, 177.98, -118.68, 112.36, -127.05, -0.89634, 0.01089, -0.34491, -0.27840
407, 15, 22.296, 50.522, 8.553, -1350.65, 255.37, 56.52, -116.37, 116.51, -102.67, -0.86734, 0.06772, -0.42551, -0.24915
407, 16, 26.510, 55.748, 11.046, -1101.01, 421.81, 433.96, -94.62, 85.91, -5.85, -0.84150, 0.08047, -0.46618, -0.26093
407, 16, 28.739, 55.343, 12.153, -767.88, 392.52, 826.35, -73.17, 80.47, -26.37, -0.83849, 0.08016, -0.46435, -0.27365
407, 16, 16.170, 57.872, -2.032, -886.54, -525.94, 651.31, -24.87, 75.84, -70.78, -0.84305, 0.14007, -0.46330, -0.23454
407, 15, 5.191, 59.700, -13.142, -821.35, -664.18, 357.36, 54.76, 48.38, -19.46, -0.84044, 0.17946, -0.47131, -0.19832
407, 16, 12.324, 53.039, -2.386, -675.05, 100.40, 1777.28, 134.55, -14.13, 51.86, -0.86934, 0.11903, -0.43064, -0.21124
407, 15, 15.578, 45.563, 3.529, -209.41, -354.43, 985.78, 188.90, -37.22, 150.29, -0.89445, 0.07068, -0.38159, -0.22215
407, 16, 19.740, 44.332, 9.846, -620.48, -345.76, 511.60, 232.10, -59.99, 223.22, -0.89278, 0.03236, -0.38284, -0.23522
407, 15, 28.570, 31.674, 24.157, -236.63, 357.54, 985.11, 249.99, -151.47, 249.99, -0.89780, -0.09127, -0.32157, -0.28672
407, 16, 33.290, 16.620, 36.511, 346.62, 1390.63, 1110.35, 213.81, -201.51, 249.99, -0.87955, -0.22933, -0.24965, -0.33388
407, 17, 34.441, 2.977, 43.151, 632.51, 1945.62, 1440.31, 117.63, -178.90, 249.99, -0.85236, -0.32564, -0.17227, -0.37118
407, 15, 31.552, -5.163, 43.909, 662.60, 1515.50, 1526.37, 19.29, -128.69, 85.46, -0.84843, -0.36073, -0.10544, -0.37273
407, 15, 29.105, -8.010, 40.254, 354.55, 738.22, 1470.15, -14.82, -63.75, 4.87, -0.86296, -0.34347, -0.06450, -0.36492
407, 16, 28.120, -6.939, 37.318, -27.34, 736.51, 1327.27, -20.79, -22.13, 15.63, -0.87620, -0.31873, -0.06070, -0.35638
408, 8, 25.577, 24.999, 27.849, -357.85, 287.60, 1043.64, -19.12, 16.04, 3.97, -0.90975, -0.15043, -0.27695, -0.27022
408, 27, 24.199, 27.097, 24.745, -529.79, 375.67, 886.05, -11.21, -1.50, -21.26, -0.91420, -0.12246, -0.28418, -0.26169
408, 16, 23.276, 30.362, 23.445, -875.55, 219.60, 824.77, 15.27, -17.36, -13.15, -0.91286, -0.10439, -0.30545, -0.25000
408, 15, 23.658, 34.058, 23.171, -1171.26, 13.98, 614.26, 42.82, -48.32, 50.74, -0.90596, -0.08974, -0.33336, -0.24506
408, 16, 27.212, 36.082, 25.760, -1016.85, -78.86, 323.85, 78.01, -89.06, 174.45, -0.89236, -0.09276, -0.35702, -0.26004
408, 15, 32.931, 34.449, 32.632, -667.54, 138.43, 311.95, 128.27, -116.39, 249.99, -0.87450, -0.13362, -0.36731, -0.28718
408, 17, 37.345, 24.361, 39.914, -174.99, 415.89, 563.05, 150.78, -88.49, 249.99, -0.85987, -0.21534, -0.32291, -0.33163
408, 15, 39.060, 14.521, 44.189, -66.22, 809.88, 1141.66, 150.63, -75.79, 233.97, -0.84422, -0.28200, -0.27094, -0.36654
408, 15, 41.959, 4.050, 48.051, 309.75, 1078.92, 1111.21, 111.05, -45.06, 212.00, -0.81358, -0.34457, -0.21880, -0.41412
408, 17, 43.630, -4.371, 48.156, 654.11, 1042.66, 1380.62, 75.07, -18.26, 177.57, -0.79266, -0.37427, -0.16534, -0.45197
408, 15, 45.478, -9.079, 45.945, 705.08, 1004.33, 1514.22, 32.11, 44.90, 120.01, -0.78244, -0.37419, -0.12907, -0.48073
408, 15, 45.638, -11.494, 43.514, 889.10, 1143.13, 1581.79, -5.02, 61.57, 31.94, -0.78415, -0.36640, -0.10206, -0.49035
408, 16, 43.229, -10.599, 41.233, 1131.35, 1245.42, 1522.40, -54.98, 104.87, -120.20, -0.80338, -0.34934, -0.09141, -0.47347
408, 15, 39.120, -5.957, 37.310, 893.92, 1078.31, 1326.42, -131.58, 161.02, -247.67, -0.83966, -0.30791, -0.09826, -0.43648
408, 17, 35.250, -1.946, 32.624, 753.11, 1107.36, 1081.30, -217.91, 162.38, -244.31, -0.87105, -0.26226, -0.10174, -0.40266
408, 15, 30.629, 3.404, 15.204, 128.72, -430.11, 447.81, -250.00, 140.76, -242.67, -0.91872, -0.11128, -0.07725, -0.37095
408, 15, 21.587, 15.580, 2.669, -616.88, -281.98, 557.56, -194.71, 119.71, -249.72, -0.94461, 0.01921, -0.13611, -0.29803
408, 17, 15.832, 28.747, -1.389, -1602.11, 296.81, 42.85, -117.71, 126.37, -197.54, -0.93565, 0.07482, -0.23697, -0.25060
408, 15, 13.250, 38.924, -5.096, -1701.66, 213.32, 103.88, -99.76, 71.56, -105.41, -0.91235, 0.11860, -0.31382, -0.23469
408, 16, 16.842, 46.869, -1.760, -1211.79, 612.06, 215.94, -72.54, 73.04, -34.60, -0.88319, 0.11866, -0.37980, -0.24829
408, 16, 19.987, 52.355, 1.801, -1074.83, 522.28, 280.33, -47.75, 44.94, -66.18, -0.86061, 0.11469, -0.42616, -0.25412
408, 15, 21.838, 50.818, 3.601, -661.87, 261.35, 877.38, -24.35, 55.62, -46.20, -0.86364, 0.10422, -0.41698, -0.26344
408, 15, 24.259, 48.094, 5.820, -481.99, 165.71, 1110.35, 4.86, 79.77, 15.08, -0.86894, 0.08887, -0.39984, -0.27782
408, 16, 16.373, 51.744, -3.773, -597.35, -553.53, 427.12, 32.34, 94.15, -11.04, -0.86455, 0.14211, -0.41338, -0.24793
408, 15, 17.936, 48.998, 0.861, -1194.52, -34.67, 1630.37, 100.11, 20.81, 29.70, -0.87612, 0.10680, -0.40073, -0.24580
408, 17, 19.729, 45.437, 3.003, -546.57, -711.18, 952.27, 157.36, -24.28, 198.88, -0.88582, 0.08822, -0.37664, -0.25628
408, 15, 22.212, 40.556, 7.564, -197.57, -351.81, 529.91, 234.59, -36.75, 225.58, -0.89721, 0.04806, -0.34801, -0.26758
408, 15, 31.048, 35.711, 25.345, -463.93, 703.43, 602.23, 249.99, -78.25, 165.65, -0.88409, -0.07891, -0.35618, -0.29206
408, 16, 35.958, 22.824, 38.968, -59.88, 1455.69, 1033.39, 229.25, -175.23, 249.99, -0.86610, -0.21814, -0.30677, -0.32890
408, 16, 36.005, 8.526, 44.715, 503.78, 1487.30, 1338.32, 137.98, -175.11, 249.99, -0.84843, -0.31512, -0.22208, -0.36270
408, 15, 34.808, -3.682, 47.728, 464.29, 1422.79, 1246.70, 83.17, -160.54, 249.99, -0.82768, -0.38061, -0.13965, -0.38804
409, 8, 26.288, 33.080, 32.698, -843.26, 578.80, 472.84, -28.43, 10.51, -21.50, -0.89161, -0.15987, -0.34912, -0.23999
409, 27, 28.003, 24.991, 31.815, -411.25, 683.53, 806.40, -72.00, -83.44, 14.21, -0.89830, -0.17575, -0.28985, -0.27958
409, 15, 27.793, 22.448, 28.167, -220.76, 304.38, 1095.34, -21.73, 13.39, 15.05, -0.90622, -0.15610, -0.26124, -0.29351
409, 15, 27.714, 22.939, 26.337, -432.98, 378.17, 896.42, -12.38, 3.24, 1.20, -0.90838, -0.14016, -0.26018, -0.29583
409, 16, 27.125, 19.027, 24.890, -58.04, 444.03, 1032.78, -21.55, -8.54, -19.10, -0.91476, -0.14270, -0.22551, -0.30332
409, 15, 26.613, 20.176, 24.969, -397.40, 492.37, 993.41, -3.20, 17.45, -43.95, -0.91518, -0.14067, -0.23401, -0.29648
409, 16, 23.682, 24.710, 23.218, -752.87, 338.68, 914.79, 0.88, -4.71, -77.96, -0.91996, -0.11881, -0.26163, -0.26665
409, 16, 21.669, 28.022, 21.051, -849.91, 117.80, 817.14, 20.42, -38.18, -30.28, -0.92206, -0.09631, -0.28071, -0.24845
409, 15, 22.683, 30.662, 22.037, -971.19, 87.71, 593.20, 59.27, -72.80, 63.55, -0.91488, -0.09383, -0.30417, -0.24833
409, 16, 27.095, 30.545, 26.941, -850.65, 225.16, 546.81, 96.57, -94.53, 170.87, -0.90047, -0.12107, -0.31853, -0.27024
409, 15, 30.908, 29.125, 31.211, -621.40, 146.97, 505.13, 122.89, -90.97, 210.98, -0.88787, -0.14870, -0.32300, -0.29198
409, 15, 35.422, 25.179, 38.222, -674.99, 472.66, 729.74, 158.84, -86.33, 249.99, -0.86811, -0.20473, -0.32031, -0.31917
409, 17, 39.091, 15.900, 47.052, -108.83, 775.88, 582.64, 165.76, -70.65, 244.20, -0.83763, -0.29749, -0.28960, -0.35497
409, 15, 40.541, 5.938, 52.515, 265.69, 1218.14, 904.17, 138.18, -42.43, 227.10, -0.80725, -0.37185, -0.24308, -0.38859
409, 15, 42.725, -2.768, 52.551, 544.07, 1139.53, 1355.71, 82.60, -2.53, 186.34, -0.78449, -0.40005, -0.19048, -0.43388
409, 17, 43.878, -7.335, 51.320, 667.72, 1146.06, 1318.73, 46.70, 41.11, 94.31, -0.77461, -0.40636, -0.15794, -0.45815
409, 15, 44.593, -10.337, 47.816, 761.72, 1027.77, 1515.87, 1.87, 48.22, 54.79, -0.77699, -0.39252, -0.12500, -0.47601
409, 16, 43.090, -12.100, 44.952, 1086.43, 1337.40, 1654.05, -38.21, 38.08, -33.97, -0.78877, -0.38066, -0.09544, -0.47311
409, 15, 38.961, -8.924, 40.483, 1011.72, 1252.14, 1632.69, -118.39, 90.77, -214.71, -0.82603, -0.34144, -0.08787, -0.43974
409, 15, 36.698, -6.087, 33.456, 814.09, 1040.22, 1468.02, -213.40, 131.55, -175.03, -0.85845, -0.28165, -0.07661, -0.42175
409, 16, 34.271, -3.667, 17.379, 254.33, -350.40, 163.64, -250.00, 169.72, -212.52, -0.90038, -0.15079, -0.03261, -0.40683
409, 15, 27.972, 11.097, 2.374, -975.28, -908.87, 139.95, -249.63, 191.96, -236.18, -0.93043, 0.01520, -0.09767, -0.35289
409, 16, 23.897, 27.678, -0.455, -1570.92, 424.56, -172.24, -140.21, 203.41, -106.32, -0.91859, 0.08092, -0.22512, -0.31458
409, 17, 20.318, 39.155, -5.147, -1582.64, 40.04, 153.14, -106.82, 111.35, -69.05, -0.89541, 0.13865, -0.30761, -0.29050
409, 15, 22.224, 44.817, -1.278, -819.15, 497.68, 526.43, -53.97, 92.06, -50.33, -0.87781, 0.12767, -0.35932, -0.28989
409, 16, 21.178, 51.070, -0.292, -950.81, 289.61, 384.77, -14.14, 81.37, -90.56, -0.86028, 0.13174, -0.41044, -0.27221
409, 15, 25.676, 52.862, 5.666, -803.22, 392.64, 648.01, -1.90, 67.94, -19.62, -0.84926, 0.10848, -0.43341, -0.28134
409, 15, 28.219, 56.928, 9.205, -653.20, 119.32, 327.76, 23.64, 77.88, 0.49, -0.83174, 0.10447, -0.46878, -0.27847
409, 16, 26.904, 53.804, 9.226, -644.78, -62.44, 1126.22, 77.51, 57.32, 18.44, -0.84606, 0.08961, -0.44779, -0.27503
409, 15, 27.147, 48.253, 11.553, -613.10, -255.62, 1530.21, 139.40, -0.57, 92.49, -0.86504, 0.05620, -0.41312, -0.27906
409, 15, 23.417, 43.487, 11.627, -456.42, -380.55, 842.29, 211.14, -53.38, 75.33, -0.88774, 0.02844, -0.37930, -0.25931
409, 17, 24.824, 36.311, 19.694, -336.61, 124.51, 640.08, 249.99, -113.75, 80.92, -0.90116, -0.05183, -0.34347, -0.25933
409, 16, 31.486, 23.249, 34.275, 121.89, 1112.00, 1009.34, 249.99, -148.90, 226.80, -0.88671, -0.19224, -0.28883, -0.30555
409, 15, 34.080, 10.024, 43.516, 424.62, 1999.94, 1471.44, 177.49, -155.91, 249.99, -0.85875, -0.30457, -0.22400, -0.34583
409, 16, 30.733, 2.535, 44.813, 490.72, 1492.31, 1503.85, 52.15, -117.81, 46.58, -0.85855, -0.34492, -0.16332, -0.34242
409, 15, 27.683, 0.122, 42.169, 137.63, 670.72, 1338.38, 36.55, -61.13, -10.63, -0.87271, -0.33608, -0.12834, -0.33009
409, 16, 27.194, 0.012, 42.117, -167.66, 1013.79, 1223.33, 27.08, -30.51, 62.92, -0.87415, -0.33654, -0.12591, -0.32673
410, 8, 20.549, 35.673, 21.859, -641.78, 622.99, 642.94, -20.47, -12.81, -33.44, -0.91014, -0.08363, -0.34063, -0.22051
410, 27, 16.879, 24.838, 14.838, -202.64, 356.32, 1999.94, -33.47, -43.26, -40.77, -0.94127, -0.06520, -0.23902, -0.22941
410, 17, 18.385, 22.679, 17.143, -128.36, 511.17, 924.07, -19.98, 38.43, -23.05, -0.93966, -0.08652, -0.22731, -0.24058
410, 15, 19.117, 22.414, 18.877, -325.56, 526.00, 948.97, -24.27, 25.40, -36.64, -0.93703, -0.09995, -0.22944, -0.24359
410, 15, 17.336, 26.651, 15.206, -726.14, 60.24, 932.37, -21.99, 27.18, -48.67, -0.93732, -0.06271, -0.25463, -0.22948
410, 16, 16.606, 31.863, 12.202, -1238.65, -283.63, 829.59, 17.95, 4.34, 13.98, -0.93033, -0.02705, -0.29018, -0.22259
410, 15, 18.733, 34.230, 13.822, -1317.38, -134.09, 726.20, 80.65, -76.37, 97.92, -0.92071, -0.02857, -0.31267, -0.23176
410, 15, 23.806, 34.438, 20.376, -1168.95, 126.95, 453.86, 126.74, -142.68, 177.31, -0.90682, -0.06603, -0.33026, -0.25345
410, 16, 31.082, 27.817, 30.928, -564.15, 414.37, 501.40, 140.40, -177.41, 249.99, -0.88916, -0.15078, -0.31293, -0.29789
410, 17, 35.182, 21.075, 38.644, -409.97, 523.62, 521.18, 123.16, -141.88, 243.13, -0.86937, -0.22449, -0.29190, -0.32954
410, 15, 36.385, 13.563, 42.446, -306.21, 534.97, 716.98, 132.27, -117.60, 249.99, -0.85643, -0.27886, -0.25213, -0.35384
410, 16, 38.094, 5.346, 47.983, -84.23, 728.15, 644.78, 134.51, -78.69, 249.99, -0.82891, -0.34658, -0.21602, -0.38225
410, 15, 38.160, -0.710, 48.844, -67.14, 834.72, 1126.28, 119.61, -69.23, 211.88, -0.81737, -0.37414, -0.17604, -0.40116
410, 16, 38.291, -7.443, 48.864, 315.25, 863.65, 1148.50, 90.88, -42.40, 175.62, -0.80448, -0.39678, -0.12814, -0.42304
410, 15, 39.450, -13.188, 48.370, 537.96, 964.05, 1206.12, 70.92, 8.68, 163.49, -0.78901, -0.41076, -0.08874, -0.44817
410, 15, 41.397, -17.087, 45.251, 713.01, 877.38, 1559.14, 37.29, 43.52, 133.88, -0.78245, -0.40068, -0.05473, -0.47352
410, 16, 42.220, -19.953, 43.123, 1218.38, 1242.86, 1574.77, -3.66, 47.55, 34.13, -0.77877, -0.39521, -0.02773, -0.48637
410, 16, 38.438, -17.007, 40.752, 1232.60, 1272.83, 1586.85, -78.17, 84.66, -192.08, -0.80978, -0.37021, -0.02713, -0.45439
410, 16, 34.611, -10.834, 35.771, 685.06, 996.64, 1478.27, -138.20, 122.79, -250.00, -0.85224, -0.31570, -0.04342, -0.41490
410, 16, 31.451, -5.672, 29.122, 468.99, 701.84, 1172.18, -207.79, 139.88, -240.53, -0.88751, -0.25020, -0.05240, -0.38338
410, 15, 27.727, 1.034, 12.571, 59.14, -335.08, 447.81, -250.00, 147.15, -250.00, -0.92974, -0.09919, -0.04720, -0.35144
410, 15, 21.192, 12.954, -2.763, -1003.05, -1087.10, 183.41, -227.25, 134.54, -240.62, -0.94656, 0.05675, -0.10035, -0.30123
410, 16, 16.965, 26.702, -8.897, -1245.97, -103.45, -34.18, -108.81, 146.09, -143.18, -0.93054, 0.13383, -0.20196, -0.27459
410, 16, 14.306, 37.432, -8.203, -1250.24, 528.32, 261.47, -62.99, 107.29, -106.44, -0.91085, 0.14343, -0.29402, -0.25166
410, 17, 17.021, 44.180, -2.526, -726.68, 902.83, 356.02, -74.75, 121.94, -86.09, -0.89086, 0.11960, -0.35703, -0.25416
410, 15, 17.172, 48.364, -1.371, -800.17, 482.24, 700.50, -79.39, 119.64, -112.45, -0.87776, 0.11989, -0.39182, -0.24828
410, 15, 11.860, 53.893, -8.217, -871.40, -122.56, 426.45, -58.65, 102.58, -79.67, -0.85973, 0.16264, -0.42653, -0.22910
410, 16, 11.437, 50.821, -8.578, -544.49, -36.87, 1112.49, -11.44, 73.52, -45.14, -0.87196, 0.15940, -0.40280, -0.22809
410, 15, 6.905, 53.189, -14.552, -713.62, -419.43, 536.93, 11.28, 95.81, 8.38, -0.86237, 0.19121, -0.41649, -0.21517
410, 15, 11.415, 50.545, -8.399, -935.42, -122.01, 1277.83, 74.79, 18.65, 46.41, -0.87329, 0.15756, -0.40106, -0.22736
410, 16, 10.491, 47.484, -8.382, -547.61, -579.65, 783.57, 130.78, -10.60, 81.09, -0.88630, 0.14988, -0.37848, -0.22084
410, 15, 12.355, 43.832, -2.990, -567.44, -303.77, 683.04, 207.62, -58.80, 84.17, -0.90116, 0.10800, -0.35796, -0.21933
410, 17, 16.939, 37.758, 5.161, -450.99, -213.56, 746.58, 249.99, -116.31, 161.89, -0.91530, 0.04459, -0.32298, -0.23648
410, 15, 26.701, 25.123, 21.745, -86.55, 628.30, 855.29, 249.99, -204.97, 249.99, -0.91349, -0.09880, -0.26411, -0.29329
410, 16, 30.816, 10.347, 34.394, 480.22, 1864.07, 1351.75, 215.39, -232.50, 249.99, -0.89031, -0.23972, -0.19146, -0.33648
411, 7, 19.432, 33.313, 22.314, -587.71, 396.67, 812.56, -17.81, -20.71, -41.50, -0.91655, -0.09723, -0.32248, -0.21563
411, 28, 18.989, 28.521, 19.102, -431.70, 307.68, 1097.29, -5.57, -10.56, -36.08, -0.92843, -0.08571, -0.27843, -0.23055
411, 15, 20.443, 27.623, 20.193, -450.93, 434.57, 975.22, -13.20, 21.24, -12.45, -0.92600, -0.09350, -0.27474, -0.24146
411, 16, 21.170, 25.932, 18.885, -435.36, 331.60, 1049.80, -27.93, 7.29, 10.19, -0.92795, -0.08599, -0.25914, -0.25372
411, 16, 19.811, 28.341, 16.008, -780.46, 59.20, 940.31, -1.75, -18.19, -10.14, -0.92898, -0.05915, -0.27110, -0.24496
411, 15, 19.867, 31.828, 15.674, -1040.83, 27.10, 688.29, 33.92, -46.24, 25.98, -0.92270, -0.04685, -0.29797, -0.24010
411, 15, 20.795, 35.451, 17.033, -1165.34, -66.53, 396.67, 74.13, -83.06, 64.64, -0.91283, -0.04515, -0.32942, -0.23704
411, 16, 24.814, 36.356, 22.634, -1002.44, 135.68, 430.91, 114.92, -105.77, 141.66, -0.89947, -0.07482, -0.35034, -0.25025
411, 15, 31.334, 31.399, 31.465, -556.70, 365.36, 522.03, 124.57, -119.82, 230.16, -0.88384, -0.14109, -0.34069, -0.28785
411, 16, 35.454, 28.814, 37.000, -299.01, 128.36, 224.00, 120.60, -95.85, 249.99, -0.86785, -0.18105, -0.34256, -0.31098
411, 16, 38.977, 18.822, 40.822, -258.85, 536.74, 1046.02, 140.02, -82.21, 249.99, -0.85360, -0.24010, -0.29020, -0.35986
411, 16, 41.386, 10.859, 44.334, -200.44, 818.36, 1177.00, 144.55, -59.75, 236.05, -0.83361, -0.29230, -0.25164, -0.39539
411, 16, 42.437, 2.432, 48.687, 244.87, 1076.72, 975.10, 125.15, -49.02, 187.68, -0.80750, -0.35436, -0.21128, -0.42158
411, 15, 43.313, -3.813, 47.797, 282.23, 897.83, 1387.15, 82.63, -21.51, 179.14, -0.79615, -0.37018, -0.16684, -0.44864
411, 15, 44.454, -9.239, 47.055, 760.74, 1098.75, 1395.08, 51.09, 38.59, 127.27, -0.78267, -0.38352, -0.12917, -0.47292
411, 16, 43.924, -10.537, 45.417, 877.14, 1337.28, 1601.38, 5.94, 80.62, 8.77, -0.78737, -0.37755, -0.11137, -0.47445
411, 15, 40.092, -8.906, 42.324, 1055.42, 1255.98, 1694.52, -57.65, 80.60, -158.60, -0.81611, -0.35365, -0.09855, -0.44630
411, 15, 35.012, -5.383, 38.103, 904.36, 1119.81, 1493.71, -122.38, 105.81, -250.00, -0.85348, -0.31526, -0.09431, -0.40409
411, 16, 30.905, -1.695, 30.909, 673.34, 741.58, 1200.01, -198.69, 140.69, -250.00, -0.88982, -0.25184, -0.08815, -0.37016
411, 16, 28.458, 13.177, 26.345, -491.09, 397.34, 271.00, -250.00, 175.94, -206.34, -0.91165, -0.17089, -0.18581, -0.32428
411, 17, 25.497, 28.475, 13.026, -1204.04, -659.61, 28.75, -250.00, 180.15, -126.32, -0.91633, -0.02137, -0.26710, -0.29755
411, 15, 24.889, 42.376, 8.395, -1216.25, 210.51, 0.98, -170.87, 177.40, -107.28, -0.88616, 0.05501, -0.36272, -0.28307
411, 15, 20.723, 52.491, 1.306, -1509.09, 36.25, 196.72, -112.85, 127.40, -137.77, -0.85795, 0.12145, -0.42531, -0.26131
411, 16, 19.492, 58.837, -1.454, -1379.33, 179.87, 320.13, -52.03, 85.62, -100.14, -0.83270, 0.15128, -0.46740, -0.25547
411, 15, 19.925, 58.903, -1.305, -894.84, 175.23, 647.09, -7.21, 56.30, -103.88, -0.83165, 0.15211, -0.46764, -0.25793
411, 15, 14.522, 60.583, -5.179, -894.41, -27.89, 542.18, 26.30, 62.73, -77.89, -0.83080, 0.16110, -0.47903, -0.23312
411, 17, 19.038, 58.565, 1.113, -517.52, 102.72, 622.86, 52.28, 65.64, 15.79, -0.83795, 0.13012, -0.47155, -0.24197
411, 15, 24.956, 53.971, 9.129, -643.49, 306.40, 1349.37, 75.04, 41.32, 67.69, -0.84996, 0.08318, -0.45023, -0.26067
411, 15, 20.357, 48.859, 6.590, -445.86, -427.80, 1213.26, 122.45, -4.67, 39.90, -0.87586, 0.07124, -0.41005, -0.24422
411, 17, 14.831, 46.325, 4.088, -479.25, -621.89, 726.38, 200.55, -23.63, 54.02, -0.89375, 0.06542, -0.38900, -0.21359
411, 15, 17.817, 38.786, 12.357, -323.24, -52.31, 952.03, 249.99, -75.65, 124.21, -0.91205, -0.00775, -0.34528, -0.22109
411, 16, 27.757, 28.961, 30.450, -136.90, 1577.27, 1183.04, 249.99, -99.03, 227.04, -0.89678, -0.15213, -0.31579, -0.27004
411, 15, 31.788, 17.014, 41.588, 22.89, 1679.14, 1207.28, 192.37, -137.85, 249.99, -0.87272, -0.27011, -0.26352, -0.30978
411, 15, 33.706, 4.107, 47.015, 235.47, 1493.16, 1231.32, 108.85, -157.86, 226.08, -0.84455, -0.35161, -0.19063, -0.35605
411, 18, 31.518, -1.779, 47.124, 109.56, 970.64, 1050.90, 45.64, -127.95, 66.37, -0.84338, -0.37432, -0.14085, -0.35882
411, 15, 30.666, -5.849, 45.815, 31.49, 1171.02, 1238.83, 0.90, -114.85, 104.30, -0.84403, -0.37762, -0.10358, -0.36646
411, 15, 31.944, -9.091, 42.400, -12.51, 762.08, 1176.70, -16.17, -84.37, 144.84, -0.84518, -0.36086, -0.07203, -0.38763
412, 8, 23.412, 33.589, 23.138, -701.29, 416.26, 663.88, -60.87, 20.63, -27.28, -0.90737, -0.09164, -0.32953, -0.24433
412, 26, 25.702, 28.987, 19.642, -595.28, 315.80, 1194.89, -31.66, -13.39, 41.21, -0.91229, -0.07209, -0.28790, -0.28221
412, 16, 26.675, 24.016, 19.967, -94.85, 379.64, 978.88, -8.94, -9.61, 18.11, -0.91632, -0.08822, -0.25091, -0.29937
412, 15, 25.292, 21.121, 21.362, -145.45, 532.10, 973.94, 1.75, 0.67, -50.19, -0.92172, -0.11145, -0.23068, -0.29119
412, 16, 23.394, 20.613, 21.878, -303.83, 533.69, 1034.30, -9.00, 10.11, -78.06, -0.92637, -0.12093, -0.22604, -0.27588
412, 16, 20.457, 24.505, 18.731, -699.83, 177.06, 972.90, -7.95, 4.05, -78.16, -0.93160, -0.09030, -0.24694, -0.25097
412, 15, 18.822, 29.421, 15.542, -1144.71, -186.16, 814.64, 19.26, -17.94, -11.34, -0.92941, -0.05485, -0.27821, -0.23620
412, 16, 19.160, 32.328, 15.730, -1327.45, -240.72, 565.73, 86.00, -102.99, 65.93, -0.92315, -0.04780, -0.30173, -0.23337
412, 16, 22.871, 32.403, 21.468, -1038.45, 93.26, 395.69, 138.04, -164.38, 148.03, -0.91193, -0.08353, -0.31648, -0.24747
412, 15, 29.185, 25.531, 31.972, -554.99, 543.76, 527.34, 150.33, -190.03, 232.87, -0.89467, -0.17209, -0.29606, -0.28688
412, 16, 32.641, 16.793, 38.959, -212.34, 369.14, 442.14, 140.24, -151.94, 249.99, -0.87630, -0.24890, -0.25658, -0.32297
412, 15, 35.792, 6.501, 40.612, -25.39, 342.35, 845.03, 143.23, -103.18, 249.99, -0.85827, -0.29223, -0.19359, -0.37483
412, 16, 39.511, -2.988, 44.163, 385.19, 1021.36, 1139.65, 112.53, -41.58, 249.99, -0.82349, -0.34670, -0.14700, -0.42433
412, 16, 41.715, -9.577, 46.736, 419.80, 989.44, 974.49, 96.43, 1.38, 187.29, -0.79409, -0.38545, -0.11627, -0.45534
412, 15, 43.898, -10.900, 44.587, 237.49, 735.11, 1354.61, 71.53, 51.48, 120.29, -0.78938, -0.37317, -0.10523, -0.47598
412, 15, 44.331, -13.332, 45.344, 818.66, 1233.83, 1276.06, 49.73, 79.07, 55.89, -0.77933, -0.38667, -0.09237, -0.48435
412, 17, 43.541, -13.677, 43.489, 1012.33, 1130.43, 1482.67, -3.17, 99.42, -37.54, -0.78800, -0.37579, -0.07944, -0.48117
412, 15, 40.617, -11.891, 40.433, 947.33, 1083.13, 1530.03, -59.20, 95.51, -134.55, -0.81370, -0.35012, -0.07071, -0.45859
412, 16, 35.852, -7.487, 37.838, 647.58, 1279.36, 1438.96, -109.13, 99.60, -201.30, -0.84784, -0.31957, -0.07979, -0.41555
412, 16, 31.638, 0.634, 36.389, 12.27, 1442.87, 970.21, -178.74, 119.28, -236.21, -0.87695, -0.28598, -0.12544, -0.36531
412, 15, 28.435, 15.178, 31.984, -942.08, 643.68, 377.69, -221.79, 119.16, -231.14, -0.90200, -0.20901, -0.21682, -0.30937
412, 16, 25.862, 29.540, 23.710, -1477.17, -200.26, -16.66, -196.11, 93.81, -156.92, -0.90798, -0.10223, -0.30209, -0.27177
412, 15, 26.400, 40.522, 18.782, -1184.45, -70.13, 184.51, -121.48, 105.19, -51.28, -0.88860, -0.02634, -0.37345, -0.26501
412, 16, 33.834, 45.633, 25.648, -914.67, 1037.35, 250.31, -77.54, 108.83, -55.61, -0.85698, -0.03448, -0.42852, -0.28419
412, 16, 38.809, 50.420, 29.450, -779.91, 704.53, 344.24, -82.71, 118.68, -105.77, -0.83240, -0.02360, -0.47120, -0.29071
412, 15, 39.520, 55.863, 28.138, -908.69, 405.94, 456.91, -70.83, 118.97, -132.86, -0.81699, 0.01193, -0.50243, -0.28277
412, 16, 31.192, 59.602, 18.562, -839.84, 161.93, 666.14, -53.31, 112.37, -117.29, -0.82190, 0.05837, -0.50671, -0.25362
412, 16, 21.180, 65.397, 6.999, -884.34, -211.06, 328.13, -32.10, 105.53, -74.38, -0.81104, 0.11306, -0.52972, -0.22099
412, 16, 17.380, 61.824, 2.892, -790.71, -199.16, 1354.86, 18.60, 79.32, -14.79, -0.82961, 0.11716, -0.50048, -0.21802
412, 16, 20.115, 57.925, 6.385, -802.92, -250.43, 1291.87, 81.97, 50.13, 100.51, -0.84346, 0.09441, -0.47668, -0.22900
412, 15, 14.918, 56.451, 3.079, -693.05, -638.55, 731.02, 150.44, 18.42, 76.35, -0.85641, 0.09432, -0.46387, -0.20612
412, 15, 10.969, 53.404, 3.630, -856.99, -609.38, 723.57, 240.03, -68.28, 64.26, -0.87518, 0.06869, -0.44474, -0.17760
412, 16, 18.309, 41.147, 14.674, -183.41, -117.61, 884.70, 249.99, -153.27, 243.19, -0.90475, -0.01851, -0.36801, -0.21366
412, 15, 27.090, 25.968, 31.601, 227.60, 1445.80, 1137.33, 249.99, -205.99, 249.99, -0.89992, -0.17310, -0.29526, -0.27019
412, 15, 31.839, 9.567, 41.321, 729.37, 1999.94, 1596.80, 164.84, -184.72, 249.99, -0.87086, -0.29382, -0.20828, -0.33450
413, 8, 21.581, 24.392, 22.106, -679.02, 354.92, 918.40, -7.42, 31.11, -41.89, -0.92624, -0.11553, -0.25448, -0.25292
413, 28, 19.440, 30.997, 17.940, -865.72, 7.45, 712.46, 18.26, -35.35, -4.33, -0.92400, -0.06848, -0.29589, -0.23233
413, 15, 21.186, 35.297, 18.514, -1099.12, -183.59, 396.67, 69.08, -47.37, 94.08, -0.91169, -0.05626, -0.33147, -0.23620
413, 15, 26.701, 34.659, 24.100, -882.02, 111.39, 575.13, 113.18, -91.06, 201.97, -0.89739, -0.08614, -0.34228, -0.26480
413, 16, 33.476, 35.726, 32.713, -587.46, 84.47, 93.75, 140.41, -94.43, 249.99, -0.87128, -0.12754, -0.37710, -0.28704
413, 15, 36.070, 27.060, 37.623, -479.19, 422.67, 931.15, 166.11, -110.28, 249.99, -0.86633, -0.19092, -0.33299, -0.31958
413, 16, 37.860, 16.386, 43.327, -152.40, 696.17, 933.35, 172.93, -115.78, 249.99, -0.85090, -0.27117, -0.27841, -0.35344
413, 16, 40.821, 3.972, 48.587, 304.32, 1019.96, 956.05, 132.64, -90.31, 234.58, -0.81591, -0.35084, -0.21671, -0.40527
413, 16, 43.299, -5.039, 48.430, 640.75, 1022.28, 1496.70, 86.94, -23.22, 211.82, -0.79172, -0.37910, -0.16062, -0.45129
413, 16, 45.371, -10.889, 47.195, 997.13, 1142.70, 1509.83, 44.78, 44.84, 127.97, -0.77455, -0.38948, -0.12114, -0.48343
413, 15, 45.913, -11.504, 44.818, 964.90, 1233.34, 1544.07, -5.76, 112.02, -3.98, -0.77873, -0.37508, -0.10847, -0.49106
413, 15, 42.461, -7.799, 42.498, 1060.42, 1261.41, 1476.14, -56.91, 140.37, -209.47, -0.80840, -0.34875, -0.11458, -0.46014
413, 16, 38.424, -2.279, 40.436, 743.16, 1570.62, 1388.12, -117.64, 147.74, -250.00, -0.83942, -0.31847, -0.13532, -0.41910
413, 15, 34.552, 0.209, 33.535, 667.54, 768.49, 1027.89, -215.18, 123.08, -250.00, -0.87372, -0.26247, -0.11974, -0.39165
413, 16, 30.414, 2.564, 20.408, 328.31, -36.68, 710.69, -250.00, 126.63, -244.70, -0.91309, -0.15580, -0.08705, -0.36662
413, 16, 22.533, 12.429, 3.307, -270.94, -425.05, 412.41, -230.26, 134.64, -218.02, -0.94515, 0.00648, -0.11176, -0.30685
413, 16, 15.416, 23.580, -6.361, -1174.44, -386.29, 391.36, -151.23, 106.30, -179.70, -0.94294, 0.10401, -0.18372, -0.25747
413, 15, 12.398, 32.621, -8.670, -1537.60, 193.30, 356.69, -70.18, 49.47, -110.39, -0.92729, 0.13413, -0.25631, -0.23757
413, 16, 13.850, 39.753, -5.513, -1229.49, 640.14, 252.20, -46.51, 27.58, -67.82, -0.90822, 0.12506, -0.31896, -0.24034
413, 15, 18.775, 43.722, 1.308, -847.96, 836.98, 400.02, -49.67, 27.79, -50.32, -0.89198, 0.09426, -0.36036, -0.25619
413, 16, 22.900, 45.990, 5.059, -678.89, 456.18, 645.94, -76.94, 70.53, -28.04, -0.87831, 0.08430, -0.38322, -0.27316
413, 15, 25.975, 44.887, 8.401, -217.47, 362.79, 557.01, -66.79, 99.05, -54.56, -0.87631, 0.06586, -0.38107, -0.28727
413, 15, 23.907, 47.096, 4.604, -636.72, 73.55, 856.20, -63.77, 147.78, -50.72, -0.87203, 0.09415, -0.38968, -0.28081
413, 17, 15.749, 52.751, -4.287, -1310.18, -476.56, 827.70, -14.70, 113.37, -45.85, -0.86144, 0.14561, -0.42072, -0.24438
413, 16, 9.894, 52.821, -10.916, -599.18, -811.40, 530.94, 71.69, 34.02, 79.87, -0.86389, 0.17427, -0.41586, -0.22444
413, 15, 14.471, 48.839, -2.882, -351.62, -110.11, 685.36, 150.48, 12.06, 104.58, -0.88015, 0.12313, -0.39518, -0.23238
413, 16, 17.823, 43.429, 5.003, -327.45, -196.23, 1020.81, 217.77, -3.35, 134.77, -0.89743, 0.06170, -0.36669, -0.23736
413, 15, 24.834, 38.270, 16.391, -596.80, 23.13, 1007.32, 249.99, -46.43, 243.13, -0.89791, -0.01976, -0.35073, -0.26523
413, 16, 31.890, 26.807, 31.824, -200.38, 956.97, 933.47, 249.99, -159.81, 249.99, -0.88678, -0.15922, -0.30898, -0.30463
413, 15, 32.729, 11.659, 41.897, 347.84, 1337.10, 1040.10, 215.96, -222.37, 249.99, -0.86787, -0.28929, -0.22763, -0.33360
413, 16, 31.320, -1.730, 47.516, 536.19, 1618.41, 1286.74, 138.06, -194.21, 249.99, -0.84279, -0.37731, -0.14179, -0.35671
413, 16, 31.109, -9.597, 49.279, 317.57, 1460.51, 1275.94, 47.19, -131.82, 147.45, -0.82377, -0.41299, -0.08841, -0.37818
413, 16, 31.140, -11.319, 46.910, 33.39, 979.13, 1215.45, -0.49, -84.64, 91.13, -0.82859, -0.40059, -0.06779, -0.38518
414, 8, 29.300, 33.053, 29.312, -533.33, 616.88, 662.60, -42.14, -92.14, -26.09, -0.88910, -0.12452, -0.34506, -0.27374
414, 28, 24.829, 29.720, 23.621, -371.22, 300.78, 944.03, -5.06, 0.57, -44.43, -0.91021, -0.10367, -0.30233, -0.26339
414, 15, 23.171, 28.300, 20.874, -371.15, 188.78, 899.48, 8.13, 0.73, -21.81, -0.91845, -0.09037, -0.28370, -0.26036
414, 15, 21.561, 29.841, 19.392, -672.97, 108.52, 909.55, 53.50, -15.27, -17.51, -0.92066, -0.07797, -0.29124, -0.24796
414, 16, 23.018, 32.620, 22.374, -909.48, 271.48, 704.16, 76.52, -23.96, 29.91, -0.91055, -0.08967, -0.32020, -0.24563
414, 15, 24.694, 36.459, 24.177, -1217.35, -242.55, 304.20, 109.23, -71.50, 118.61, -0.89843, -0.08696, -0.35436, -0.24431
414, 16, 31.081, 33.234, 33.542, -973.08, 468.44, 605.41, 155.40, -120.50, 222.84, -0.87950, -0.15104, -0.35862, -0.27396
414, 15, 37.131, 28.217, 43.504, -499.76, 413.15, 289.25, 146.68, -125.05, 230.79, -0.85211, -0.22715, -0.35895, -0.30574
414, 17, 38.368, 16.554, 46.027, -91.98, 524.54, 864.81, 141.63, -125.66, 249.99, -0.84281, -0.28921, -0.28911, -0.34993
414, 16, 39.931, 4.947, 49.750, 205.93, 873.90, 872.74, 125.24, -94.71, 249.99, -0.81676, -0.35720, -0.22484, -0.39340
414, 15, 40.949, -5.247, 50.540, 579.41, 940.73, 1203.37, 105.25, -55.95, 224.59, -0.79322, -0.39772, -0.15932, -0.43272
414, 15, 42.668, -12.060, 49.985, 773.86, 1258.00, 1398.13, 60.44, 18.51, 182.10, -0.77311, -0.41521, -0.11488, -0.46551
414, 16, 43.673, -15.011, 47.900, 831.85, 1187.38, 1401.61, 20.87, 71.82, 84.29, -0.76899, -0.41029, -0.08882, -0.48212
414, 15, 43.791, -14.063, 44.708, 773.44, 1068.48, 1383.12, -18.04, 127.62, -16.98, -0.78197, -0.38533, -0.08261, -0.48294
414, 16, 41.141, -9.715, 42.644, 637.08, 1216.86, 1281.49, -58.04, 153.53, -133.07, -0.80935, -0.35784, -0.09714, -0.45549
414, 15, 37.976, -4.710, 38.888, 556.46, 1130.62, 1256.59, -117.47, 150.66, -183.23, -0.84165, -0.31614, -0.11036, -0.42367
414, 17, 34.539, -0.586, 35.840, 443.73, 1239.69, 1027.16, -184.80, 122.67, -199.14, -0.86742, -0.28271, -0.12154, -0.39100
414, 16, 30.891, 8.434, 31.800, -265.99, 717.96, 660.95, -209.03, 103.50, -216.76, -0.89477, -0.22581, -0.16928, -0.34602
414, 15, 25.099, 22.918, 22.459, -965.76, -77.39, 316.77, -185.25, 77.96, -250.00, -0.91933, -0.11508, -0.24730, -0.28361
414, 15, 20.846, 35.518, 12.806, -1201.48, -472.47, 86.85, -124.84, 98.26, -151.95, -0.91361, -0.01114, -0.32099, -0.24933
414, 16, 23.491, 44.431, 14.596, -1358.34, 559.20, 256.16, -54.29, 101.65, -94.46, -0.88543, 0.00847, -0.39295, -0.24807
414, 15, 29.842, 46.925, 20.388, -867.13, 843.44, 502.44, -54.78, 63.66, -64.02, -0.86434, -0.00505, -0.42413, -0.27018
414, 15, 34.188, 51.297, 23.605, -938.60, 581.85, 362.67, -60.32, 76.62, -84.37, -0.84216, 0.00384, -0.46206, -0.27793
414, 16, 31.482, 52.657, 20.057, -708.01, 258.73, 638.31, -47.45, 77.75, -66.09, -0.84429, 0.02408, -0.46316, -0.26847
414, 17, 27.479, 56.841, 15.777, -724.98, 131.84, 516.97, -18.29, 114.09, -92.56, -0.83827, 0.05322, -0.48372, -0.24594
414, 16, 18.769, 61.295, 6.564, -551.64, -112.85, 328.06, 12.72, 116.51, -89.32, -0.83263, 0.09543, -0.50231, -0.21283
414, 15, 18.083, 58.775, 6.215, -889.95, -80.26, 1267.27, 50.62, 83.58, -4.26, -0.84389, 0.08916, -0.48412, -0.21338
414, 15, 13.341, 59.623, 1.833, -820.01, -498.96, 556.58, 99.91, 49.69, 43.59, -0.84520, 0.10315, -0.48646, -0.19584
414, 16, 14.269, 54.629, 5.579, -717.16, -323.18, 955.14, 175.76, -23.32, 78.84, -0.86637, 0.06920, -0.45513, -0.19355
414, 15, 17.485, 47.144, 12.888, -426.09, -220.83, 810.30, 249.99, -78.34, 153.98, -0.88914, 0.00809, -0.41039, -0.20236
414, 15, 29.850, 33.913, 32.658, 3.36, 1536.99, 1117.92, 249.99, -142.43, 249.99, -0.88263, -0.14560, -0.35980, -0.26515
414, 16, 34.142, 17.861, 42.388, 126.40, 1203.13, 1157.29, 187.29, -186.11, 249.99, -0.86442, -0.26753, -0.27735, -0.32292
414, 17, 34.762, 3.518, 45.265, 440.37, 1037.60, 1336.30, 121.38, -180.02, 249.99, -0.84580, -0.33896, -0.18399, -0.36860
414, 15, 34.362, -5.765, 48.482, 79.77, 1109.99, 1108.03, 122.38, -155.50, 229.05, -0.82299, -0.39308, -0.12545, -0.39043
414, 16, 33.528, -12.085, 51.384, 71.84, 1327.76, 974.00, 66.88, -137.84, 221.37, -0.80246, -0.43295, -0.08616, -0.40148
415, 9, 22.273, 27.373, 22.225, -658.39, 442.75, 904.42, -31.17, 24.77, -97.23, -0.92066, -0.10618, -0.27874, -0.25183
415, 26, 21.457, 32.174, 23.876, -772.03, 560.30, 802.19, -10.62, -4.26, -92.03, -0.91327, -0.10732, -0.31857, -0.23007
415, 16, 19.446, 35.340, 23.036, -853.21, 440.73, 825.44, 2.75, -2.11, -128.33, -0.91195, -0.09722, -0.33942, -0.20901
415, 15, 17.411, 38.812, 19.889, -1014.53, -7.32, 662.72, 17.29, -33.23, -53.85, -0.91021, -0.06884, -0.35902, -0.19465
415, 15, 18.047, 40.493, 18.864, -914.98, -176.15, 577.94, 62.82, -51.41, 77.58, -0.90557, -0.05419, -0.37046, -0.19939
415, 17, 22.851, 38.530, 23.369, -675.78, 93.57, 592.90, 104.34, -71.84, 162.99, -0.89857, -0.07990, -0.36683, -0.22723
415, 15, 27.709, 40.914, 28.537, -1135.56, -310.12, 59.69, 140.50, -92.35, 229.59, -0.87963, -0.09590, -0.39857, -0.24122
415, 15, 32.957, 35.186, 37.455, -753.11, 369.93, 569.89, 178.73, -142.62, 249.99, -0.86715, -0.16734, -0.38419, -0.26914
415, 17, 34.450, 23.419, 43.290, -267.82, 528.38, 722.47, 177.99, -165.47, 249.99, -0.86125, -0.25253, -0.31979, -0.30368
415, 15, 35.697, 8.602, 49.519, 456.79, 818.79, 633.12, 150.10, -127.16, 249.99, -0.83550, -0.35076, -0.23668, -0.35056
415, 15, 36.319, -2.794, 50.310, 535.64, 918.46, 1266.66, 110.63, -77.51, 249.99, -0.81533, -0.39429, -0.16000, -0.39266
415, 16, 38.472, -12.698, 50.592, 977.36, 1291.32, 1427.37, 77.75, -5.89, 249.99, -0.78587, -0.42529, -0.09731, -0.43824
415, 15, 43.866, -18.547, 48.209, 997.50, 1307.25, 1454.83, 33.21, 77.25, 187.63, -0.75745, -0.42403, -0.06553, -0.49211
415, 17, 46.279, -19.186, 45.628, 1070.92, 1169.01, 1211.73, -16.28, 142.18, 26.95, -0.75445, -0.40787, -0.05841, -0.51092
415, 16, 45.383, -13.048, 42.397, 616.27, 1100.65, 1364.38, -39.18, 167.17, -129.30, -0.78519, -0.36471, -0.08529, -0.49314
415, 15, 43.668, -6.576, 40.040, 391.11, 1275.57, 1313.11, -94.61, 161.13, -136.70, -0.81308, -0.32560, -0.11706, -0.46817
415, 16, 41.487, -2.052, 36.408, 339.42, 945.86, 986.63, -156.98, 144.21, -165.82, -0.83879, -0.28459, -0.12985, -0.44563
415, 15, 38.409, 1.063, 34.224, 521.55, 1114.44, 756.90, -189.64, 132.64, -212.26, -0.85940, -0.26031, -0.13743, -0.41806
415, 15, 34.857, 8.714, 32.000, -91.49, 769.17, 574.46, -191.96, 123.79, -250.00, -0.88199, -0.22035, -0.17977, -0.37578
415, 16, 30.665, 23.100, 25.075, -876.46, 160.83, 469.06, -158.58, 120.63, -250.00, -0.90173, -0.12292, -0.26139, -0.32163
415, 15, 19.360, 35.596, 10.719, -1196.47, -618.53, 396.79, -117.47, 72.24, -244.67, -0.91671, 0.00161, -0.31705, -0.24315
415, 17, 15.340, 44.665, 7.928, -1556.03, 317.20, 237.37, -36.80, 54.76, -183.53, -0.89971, 0.03347, -0.38297, -0.20671
415, 16, 17.546, 47.989, 10.836, -983.64, 559.27, 476.75, -29.64, 23.01, -107.29, -0.88606, 0.02631, -0.41309, -0.20873
415, 15, 23.846, 47.192, 17.716, -388.49, 930.97, 566.59, -58.14, 63.06, -92.85, -0.87692, -0.00596, -0.41989, -0.23380
415, 16, 26.618, 50.438, 20.172, -628.30, 563.90, 437.56, -73.63, 95.97, -128.12, -0.86165, -0.00377, -0.44840, -0.23767
415, 15, 24.818, 52.346, 15.402, -719.73, 152.40, 638.85, -64.48, 90.16, -79.99, -0.85889, 0.03103, -0.45228, -0.23830
415, 15, 29.021, 56.751, 17.777, -732.12, 306.03, 408.14, -65.58, 128.50, -55.11, -0.83610, 0.04483, -0.48676, -0.24897
415, 16, 22.577, 56.426, 8.459, -907.53, -181.03, 1393.92, -57.66, 113.72, -41.14, -0.84577, 0.08542, -0.46819, -0.24119
415, 16, 14.693, 58.546, -0.680, -1042.60, -496.83, 713.44, 6.87, 71.80, -16.49, -0.84474, 0.12535, -0.47265, -0.21747
415, 15, 8.318, 54.542, -4.938, -717.96, -461.55, 1160.95, 100.93, 29.34, -48.45, -0.86775, 0.12539, -0.44193, -0.18971
415, 16, 5.053, 50.879, -5.295, -620.91, -665.83, 937.93, 182.50, 2.31, 33.15, -0.88664, 0.11143, -0.41647, -0.16732
415, 15, 11.875, 47.699, 3.637, -573.91, -508.85, 685.06, 249.99, -41.12, 249.99, -0.89415, 0.06149, -0.40048, -0.19060
415, 16, 25.396, 36.903, 23.908, -222.17, 722.11, 857.30, 249.99, -128.12, 249.99, -0.89625, -0.08124, -0.35760, -0.24952
415, 16, 31.489, 23.280, 37.920, 125.61, 1682.31, 1134.58, 216.19, -168.67, 249.99, -0.88013, -0.22022, -0.29863, -0.29614
415, 15, 32.587, 9.470, 43.954, 508.61, 1533.08, 1376.95, 133.72, -149.89, 249.99, -0.86164, -0.31267, -0.21724, -0.33558
416, 8, 25.173, 19.037, 34.590, -260.25, 694.70, 927.43, -33.17, -47.95, 11.05, -0.90411, -0.22373, -0.24665, -0.26777
416, 27, 25.478, 13.404, 32.613, -157.78, 758.24, 952.09, -71.41, -37.49, -9.87, -0.90878, -0.22499, -0.19922, -0.28951
416, 15, 24.577, 11.781, 30.011, -148.07, 599.49, 930.85, -85.59, -25.47, -44.76, -0.91615, -0.21066, -0.17827, -0.29070
416, 15, 22.165, 9.958, 20.272, 108.83, -212.10, 1481.45, -85.04, -3.71, -65.80, -0.93749, -0.14038, -0.13538, -0.28823
416, 17, 21.238, 15.157, 20.562, -493.10, 489.32, 930.54, -24.72, 47.45, -93.99, -0.93720, -0.12965, -0.17700, -0.27115
416, 15, 19.571, 19.994, 19.975, -561.34, 390.93, 829.90, -22.77, 19.79, -114.30, -0.93770, -0.11452, -0.21281, -0.24963
416, 16, 17.985, 24.015, 20.080, -541.20, 424.13, 749.88, -17.81, 14.64, -132.94, -0.93626, -0.10791, -0.24371, -0.22886
416, 15, 16.475, 29.678, 21.654, -817.20, 560.12, 637.94, 5.50, 19.65, -164.25, -0.92906, -0.10959, -0.29024, -0.20149
416, 15, 14.998, 34.320, 22.329, -1017.82, 628.42, 772.58, 2.58, 7.01, -171.68, -0.92216, -0.10722, -0.32637, -0.17777
416, 16, 13.609, 38.465, 17.597, -1000.06, -402.40, 534.91, 29.72, -27.71, -6.00, -0.91845, -0.06319, -0.35047, -0.17211
416, 15, 17.651, 42.048, 19.465, -1255.74, -505.68, 219.73, 107.53, -54.54, 141.88, -0.90200, -0.05606, -0.38312, -0.19097
416, 16, 25.940, 35.770, 29.710, -800.05, 424.32, 876.77, 152.37, -95.34, 202.44, -0.89186, -0.12856, -0.36210, -0.23860
416, 17, 31.752, 32.190, 37.208, -612.06, 271.61, 435.12, 142.59, -102.15, 249.99, -0.87383, -0.18091, -0.36092, -0.27097
416, 15, 36.032, 24.047, 44.948, -262.08, 404.42, 395.63, 144.55, -95.43, 249.99, -0.85321, -0.25799, -0.33208, -0.30854
416, 15, 36.748, 13.394, 46.492, -29.72, 618.41, 1117.13, 136.34, -94.49, 249.99, -0.84485, -0.30871, -0.26425, -0.34799
416, 16, 38.587, 1.827, 48.599, 546.33, 928.53, 1132.20, 104.51, -44.22, 249.99, -0.82061, -0.36278, -0.19466, -0.39636
416, 15, 40.681, -6.588, 48.533, 484.31, 1022.58, 1213.99, 63.13, 2.55, 236.64, -0.79839, -0.38877, -0.14123, -0.43759
416, 16, 42.676, -12.313, 46.217, 687.19, 980.77, 1391.97, 26.22, 49.37, 175.38, -0.78572, -0.39044, -0.09772, -0.46974
416, 16, 43.319, -14.328, 44.182, 761.66, 1306.58, 1476.50, -13.40, 95.29, 87.41, -0.78507, -0.38298, -0.07689, -0.48071
416, 15, 43.030, -12.630, 41.285, 910.40, 1316.59, 1434.45, -68.30, 134.01, -59.65, -0.79961, -0.35716, -0.07620, -0.47671
416, 17, 40.308, -8.346, 38.525, 747.19, 1238.10, 1241.94, -126.09, 151.86, -175.02, -0.82757, -0.32427, -0.08847, -0.44961
416, 15, 37.398, -3.581, 34.718, 446.04, 998.05, 1009.64, -182.19, 148.88, -193.58, -0.85632, -0.28182, -0.10195, -0.42060
416, 15, 34.805, 4.668, 31.232, -124.88, 849.00, 767.82, -212.17, 140.05, -189.25, -0.88153, -0.22899, -0.14644, -0.38604
416, 16, 30.299, 18.940, 23.369, -665.16, 213.56, 540.65, -200.13, 145.01, -250.00, -0.90779, -0.12467, -0.22433, -0.33173
416, 15, 21.371, 29.706, 8.157, -810.06, -722.72, 373.96, -146.14, 83.15, -245.60, -0.92459, 0.01172, -0.26451, -0.27392
416, 16, 18.980, 39.931, 4.386, -1322.27, 203.31, 218.87, -85.10, 83.54, -159.85, -0.90473, 0.06177, -0.33749, -0.25249
416, 16, 19.165, 46.182, 6.951, -1000.55, 623.05, 414.00, -47.74, 62.88, -113.74, -0.88721, 0.05759, -0.39120, -0.23771
416, 16, 23.617, 51.632, 12.851, -806.21, 775.51, 229.00, -60.26, 86.15, -92.00, -0.86291, 0.04339, -0.44220, -0.24077
416, 16, 22.528, 55.613, 12.133, -651.79, 285.46, 360.23, -49.67, 78.14, -132.05, -0.85111, 0.05579, -0.46990, -0.22735
416, 15, 14.681, 57.247, 2.940, -801.33, -123.29, 671.26, -20.97, 88.14, -98.14, -0.85356, 0.09598, -0.46972, -0.20395
416, 15, 10.557, 56.975, -1.822, -964.84, -267.46, 877.56, 26.31, 68.93, -32.01, -0.85743, 0.11427, -0.46322, -0.19280
416, 16, 14.486, 58.420, 1.173, -826.97, -130.74, 563.90, 46.84, 75.44, 82.92, -0.84755, 0.11057, -0.47538, -0.20842
416, 15, 23.402, 53.008, 11.245, -665.47, 311.16, 1402.22, 76.32, 27.54, 112.18, -0.85802, 0.05856, -0.44888, -0.24264
416, 15, 19.680, 49.456, 9.584, -482.97, -268.07, 741.21, 140.30, -12.70, 46.13, -0.87684, 0.04740, -0.42104, -0.22724
416, 16, 18.735, 44.922, 11.834, -542.36, -340.45, 902.71, 210.92, -32.77, 85.99, -0.89345, 0.01500, -0.39149, -0.21968
416, 16, 27.788, 35.670, 26.088, -447.39, 448.67, 1043.70, 249.99, -93.38, 231.70, -0.89151, -0.09494, -0.35521, -0.26460
416, 16, 33.328, 23.143, 38.650, -80.57, 1208.01, 1219.85, 242.08, -137.59, 249.99, -0.87392, -0.22150, -0.30311, -0.30874
417, 7, 28.425, 10.309, 34.529, -152.04, 682.43, 901.98, -47.42, -15.05, -39.59, -0.89685, -0.24484, -0.18650, -0.31771
417, 26, 26.461, 10.637, 30.944, -119.14, 587.10, 908.08, -50.09, 8.51, -83.34, -0.90950, -0.21865, -0.17529, -0.30704
417, 17, 25.908, 13.488, 29.211, -270.45, 543.58, 935.06, -46.78, 33.60, -84.88, -0.91393, -0.19694, -0.19193, -0.29852
417, 15, 25.342, 18.224, 28.446, -445.50, 546.88, 864.81, -38.13, 53.28, -100.78, -0.91485, -0.17716, -0.22591, -0.28395
417, 16, 24.993, 22.628, 28.110, -553.96, 554.32, 803.96, -36.98, 37.74, -96.37, -0.91305, -0.16141, -0.25860, -0.27096
417, 16, 24.933, 25.241, 28.545, -506.53, 607.97, 737.55, -40.27, 16.95, -97.30, -0.91007, -0.15675, -0.27954, -0.26279
417, 15, 24.486, 26.174, 28.478, -411.32, 603.76, 749.76, -47.75, 4.81, -111.40, -0.91016, -0.15436, -0.28590, -0.25698
417, 16, 23.400, 27.698, 27.028, -521.24, 539.98, 830.08, -49.60, -3.13, -119.08, -0.91258, -0.14081, -0.29295, -0.24810
417, 15, 21.618, 30.031, 24.158, -822.39, 446.23, 1158.08, -16.41, -1.66, -110.50, -0.91621, -0.11547, -0.30282, -0.23565
417, 15, 20.399, 31.956, 24.777, -579.35, 498.23, 780.21, -1.46, 10.19, -104.80, -0.91484, -0.11808, -0.31762, -0.21965
417, 17, 20.515, 32.176, 26.446, -593.75, 638.37, 829.10, -4.25, -5.17, -81.25, -0.91244, -0.13043, -0.32260, -0.21536
417, 15, 19.113, 33.095, 23.176, -604.80, 229.13, 837.10, -9.39, -3.83, -44.84, -0.91678, -0.10563, -0.32213, -0.21115
417, 15, 18.994, 35.262, 21.531, -839.36, 106.38, 772.64, 18.07, -17.87, 4.20, -0.91414, -0.08678, -0.33571, -0.21002
417, 16, 22.737, 34.329, 25.370, -855.22, 353.09, 814.94, 64.37, -57.46, 93.83, -0.90547, -0.10898, -0.33917, -0.23066
417, 15, 27.485, 32.448, 29.977, -817.99, 360.23, 718.08, 71.84, -74.37, 167.74, -0.89344, -0.13724, -0.34010, -0.25936
417, 15, 32.005, 34.334, 33.270, -889.34, -128.36, 158.20, 87.64, -83.62, 249.99, -0.87618, -0.14190, -0.36695, -0.27843
417, 17, 35.198, 29.309, 37.524, -789.18, 420.29, 831.54, 120.47, -113.06, 249.99, -0.86733, -0.18382, -0.34702, -0.30582
417, 15, 38.090, 20.020, 40.931, -250.24, 309.39, 509.58, 119.08, -120.40, 249.99, -0.85622, -0.23837, -0.29708, -0.34900
417, 17, 39.453, 9.239, 41.098, 39.06, 452.27, 1132.87, 106.62, -115.03, 249.99, -0.84702, -0.27896, -0.22421, -0.39302
417, 15, 41.774, -2.285, 43.072, 610.29, 842.83, 1216.61, 99.88, -69.53, 249.99, -0.81935, -0.33334, -0.15469, -0.44003
417, 15, 44.151, -10.693, 43.717, 711.12, 1036.62, 1391.60, 80.08, -13.56, 225.57, -0.79159, -0.36619, -0.10392, -0.47800
417, 16, 44.481, -14.829, 42.867, 1186.65, 1228.27, 1515.20, 16.05, 60.94, 71.00, -0.78326, -0.37499, -0.07154, -0.49067
417, 15, 42.337, -14.236, 41.336, 1186.16, 1217.41, 1501.65, -28.61, 113.46, -86.72, -0.79866, -0.36359, -0.06249, -0.47544
417, 16, 38.856, -10.037, 39.132, 954.04, 1096.37, 1310.36, -75.76, 168.78, -197.88, -0.82829, -0.33556, -0.07408, -0.44255
417, 16, 34.545, -3.089, 36.783, 477.42, 971.07, 935.18, -133.29, 184.41, -250.00, -0.86192, -0.29821, -0.10582, -0.39619
417, 16, 30.618, 9.594, 27.104, -430.36, 74.16, 870.24, -157.06, 160.64, -232.57, -0.90429, -0.18546, -0.16353, -0.34803
417, 16, 24.491, 21.340, 17.096, -551.57, -118.71, 534.61, -132.53, 110.38, -234.47, -0.92707, -0.07794, -0.22087, -0.29272
417, 15, 18.863, 29.130, 13.401, -1206.30, 382.57, 863.83, -57.94, 25.45, -244.82, -0.93072, -0.03814, -0.27144, -0.24214
417, 15, 15.088, 33.218, 9.556, -685.85, 213.62, 638.61, -59.26, 1.27, -201.45, -0.93070, -0.00625, -0.29575, -0.21514
417, 16, 18.137, 36.849, 13.070, -750.79, 754.52, 529.17, -63.94, 42.52, -114.18, -0.91610, -0.01742, -0.33159, -0.22473
417, 16, 21.305, 38.710, 15.060, -495.18, 528.93, 602.97, -82.86, 72.57, -100.91, -0.90490, -0.01880, -0.35055, -0.24067
417, 15, 21.883, 46.272, 13.242, -915.83, 289.31, 378.30, -91.86, 102.06, -120.39, -0.88339, 0.01865, -0.40401, -0.23674
417, 16, 23.375, 49.595, 13.590, -841.92, 342.22, 657.17, -66.92, 78.81, -51.15, -0.87022, 0.03094, -0.42898, -0.24029
417, 16, 24.722, 53.548, 13.704, -777.59, 197.45, 494.14, -48.94, 90.63, -30.69, -0.85453, 0.04699, -0.45736, -0.24167
417, 15, 23.213, 56.856, 10.705, -921.33, 7.69, 579.16, -22.19, 81.73, -15.09, -0.84440, 0.07266, -0.47551, -0.23581
417, 16, 25.369, 54.578, 11.342, -740.60, -8.54, 1029.97, 1.25, 70.88, 69.29, -0.84838, 0.07019, -0.45928, -0.25375
417, 15, 27.957, 55.820, 13.371, -761.60, -14.16, 558.78, 37.21, 66.22, 93.83, -0.83947, 0.06956, -0.47104, -0.26188
417, 16, 32.740, 50.543, 19.319, -565.43, 316.77, 1186.89, 67.64, 30.01, 102.14, -0.84725, 0.02688, -0.44656, -0.28639
417, 15, 32.196, 45.398, 21.267, -694.40, 98.57, 1030.82, 120.05, -52.12, 98.39, -0.86246, -0.00853, -0.41563, -0.28870
417, 15, 30.312, 38.538, 20.957, -186.58, -147.46, 754.39, 151.39, -53.35, 133.96, -0.88284, -0.03726, -0.36522, -0.29294
417, 16, 36.433, 27.532, 32.308, -279.60, 855.71, 1145.63, 180.11, -116.04, 205.53, -0.87282, -0.14766, -0.32165, -0.33605
417, 17, 39.354, 16.245, 39.860, 272.64, 1468.81, 1280.21, 123.37, -101.55, 197.44, -0.85388, -0.24237, -0.26977, -0.37332
418, 7, 15.684, 29.360, 19.923, -681.76, 193.36, 927.25, 3.63, 1.12, -36.36, -0.93256, -0.09832, -0.28397, -0.20006
418, 27, 17.825, 31.422, 20.156, -684.63, 233.52, 819.09, 21.03, -22.26, 2.56, -0.92483, -0.08943, -0.30242, -0.21267
418, 15, 21.264, 30.046, 24.499, -600.34, 484.62, 831.36, 39.14, -30.79, 47.07, -0.91656, -0.11909, -0.30326, -0.23188
418, 17, 23.813, 31.993, 26.411, -935.18, 197.39, 657.53, 52.54, -41.95, 101.99, -0.90619, -0.12139, -0.32476, -0.24210
418, 15, 27.748, 30.638, 30.245, -854.00, 258.12, 719.42, 91.65, -81.15, 187.98, -0.89498, -0.14480, -0.32770, -0.26580
418, 16, 32.277, 30.470, 35.656, -917.36, 205.38, 394.84, 111.70, -93.61, 237.55, -0.87675, -0.17394, -0.34581, -0.28543
418, 16, 35.198, 25.710, 41.389, -702.51, 499.39, 690.25, 143.52, -118.25, 249.99, -0.86252, -0.22720, -0.33225, -0.30665
418, 15, 37.670, 18.347, 49.047, -319.34, 631.04, 419.19, 138.82, -115.17, 249.99, -0.83780, -0.30613, -0.30858, -0.33038
418, 15, 37.028, 9.703, 49.406, -196.17, 620.12, 967.53, 120.82, -111.64, 249.99, -0.83280, -0.34315, -0.24811, -0.35656
418, 16, 37.630, -0.935, 49.126, 370.36, 765.87, 1246.70, 98.16, -71.75, 249.99, -0.81793, -0.37773, -0.17368, -0.39767
418, 15, 41.262, -10.460, 49.380, 705.51, 1056.52, 1335.27, 89.58, -14.62, 221.07, -0.78474, -0.40715, -0.11883, -0.45199
418, 17, 44.214, -15.316, 47.598, 1019.17, 1132.14, 1588.62, 54.43, 57.05, 124.45, -0.76698, -0.40889, -0.08730, -0.48675
418, 16, 43.769, -14.719, 45.711, 1147.40, 1317.63, 1515.63, -9.85, 109.29, -67.44, -0.77702, -0.39445, -0.08203, -0.48366
418, 15, 40.301, -9.870, 43.426, 991.82, 1356.38, 1486.51, -65.56, 135.30, -227.23, -0.80988, -0.36461, -0.09644, -0.44929
418, 16, 36.944, -4.679, 38.836, 671.33, 1053.16, 1298.89, -136.44, 144.37, -250.00, -0.84562, -0.31663, -0.10755, -0.41605
418, 15, 33.615, -1.550, 34.667, 771.36, 1029.91, 953.49, -196.25, 142.49, -250.00, -0.87233, -0.27796, -0.10796, -0.38746
418, 15, 30.851, 5.328, 32.966, 135.68, 1182.80, 555.24, -235.37, 157.51, -250.00, -0.89107, -0.24525, -0.14889, -0.35167
418, 16, 24.941, 24.121, 23.656, -1163.02, 45.53, 96.19, -238.96, 154.00, -250.00, -0.91719, -0.12128, -0.25941, -0.27706
418, 17, 17.689, 38.276, 13.431, -2000.00, -438.29, 68.85, -144.13, 108.41, -228.10, -0.91345, -0.01798, -0.34336, -0.21769
418, 15, 14.093, 46.463, 7.221, -1619.51, -425.11, 58.78, -39.25, 15.31, -75.61, -0.89604, 0.03872, -0.39601, -0.19693
418, 16, 22.446, 49.074, 15.653, -1069.34, 710.21, 432.31, -11.81, 24.02, 10.97, -0.87410, 0.01024, -0.42953, -0.22659
418, 15, 28.907, 50.099, 22.604, -688.35, 743.10, 444.70, -36.56, 51.90, -56.50, -0.85760, -0.01418, -0.45134, -0.24619
418, 16, 29.714, 51.567, 21.399, -793.52, 256.90, 636.72, -43.90, 65.22, -39.09, -0.85169, 0.00317, -0.45893, -0.25297
418, 15, 29.282, 59.290, 18.128, -621.77, -136.60, 102.05, -31.15, 100.40, 12.40, -0.82692, 0.05199, -0.50460, -0.24264
418, 15, 33.940, 55.171, 20.759, -556.03, 346.19, 1288.45, -15.92, 101.36, 48.88, -0.83101, 0.03830, -0.48115, -0.27650
418, 17, 33.489, 56.873, 17.951, -813.84, -150.15, 739.69, 2.95, 110.00, 79.53, -0.82546, 0.06296, -0.48589, -0.28030
418, 16, 30.158, 56.537, 15.157, -790.95, -160.64, 700.68, 71.56, 35.65, 45.34, -0.83297, 0.06799, -0.47882, -0.26883
418, 15, 26.010, 49.564, 14.939, -410.46, -149.29, 1233.09, 174.29, -35.51, 27.05, -0.86498, 0.03053, -0.43096, -0.25525
418, 16, 24.563, 43.770, 17.229, -331.42, -194.40, 720.70, 222.24, -50.74, 107.12, -0.88487, -0.01019, -0.39374, -0.24872
418, 15, 32.898, 33.839, 32.072, -329.47, 1171.20, 1174.68, 210.70, -93.18, 192.02, -0.87605, -0.13178, -0.36154, -0.29061
418, 15, 36.722, 23.217, 40.351, -270.39, 1121.95, 1034.97, 133.06, -123.35, 227.35, -0.86114, -0.22493, -0.31499, -0.32960
418, 17, 38.449, 13.304, 44.688, -53.41, 1235.23, 1021.79, 62.58, -93.46, 227.91, -0.84423, -0.29186, -0.26246, -0.36498
418, 15, 37.024, 10.341, 45.941, -399.05, 1163.33, 1013.43, 20.50, -63.96, 133.54, -0.84333, -0.31545, -0.24174, -0.36172
419, 7, 17.594, 23.069, 25.844, -690.73, 542.11, 1016.66, -31.54, 31.39, -36.74, -0.93147, -0.15821, -0.24691, -0.21533
419, 26, 20.192, 27.998, 27.862, -622.68, 528.32, 708.86, -26.21, 10.70, -37.91, -0.91765, -0.15477, -0.29282, -0.21959
419, 16, 20.324, 30.629, 27.514, -780.40, 522.83, 886.54, -17.68, 5.83, -56.77, -0.91402, -0.14400, -0.31255, -0.21483
419, 15, 16.178, 35.692, 19.431, -856.63, -409.73, 548.77, -19.56, -18.25, -45.29, -0.91969, -0.07705, -0.33333, -0.19270
419, 16, 16.160, 38.759, 16.667, -978.45, -374.63, 510.62, 52.15, -43.24, 63.48, -0.91409, -0.04721, -0.35250, -0.19481
419, 16, 24.046, 34.858, 25.511, -796.57, 550.29, 969.73, 102.49, -50.52, 157.75, -0.90170, -0.10454, -0.34466, -0.23921
419, 15, 30.754, 32.795, 32.423, -805.18, 377.14, 636.72, 93.96, -62.74, 197.35, -0.88230, -0.14508, -0.35237, -0.27627
419, 17, 35.270, 31.398, 36.880, -850.52, 168.70, 542.24, 117.98, -76.35, 249.99, -0.86635, -0.17043, -0.35996, -0.30138
419, 15, 38.132, 26.738, 41.609, -629.09, 395.75, 660.83, 143.52, -102.10, 249.99, -0.85362, -0.21604, -0.34562, -0.32436
419, 15, 39.786, 17.084, 46.055, -239.20, 639.83, 773.44, 141.18, -104.37, 249.99, -0.83859, -0.28368, -0.29639, -0.35839
419, 17, 41.297, 6.012, 50.136, 208.56, 971.80, 852.60, 111.47, -71.08, 249.99, -0.81228, -0.35317, -0.23780, -0.39866
419, 15, 42.075, -3.968, 49.610, 417.30, 837.28, 1222.41, 83.73, -57.37, 247.62, -0.79467, -0.38514, -0.16867, -0.43786
419, 15, 43.737, -11.896, 47.674, 690.37, 933.59, 1392.09, 47.53, -1.15, 214.09, -0.77733, -0.39796, -0.11037, -0.47456
419, 16, 44.479, -17.367, 46.101, 1097.96, 1143.31, 1423.58, 21.46, 44.10, 121.98, -0.76570, -0.40572, -0.06713, -0.49456
419, 15, 44.472, -17.414, 44.285, 1105.96, 1349.06, 1479.80, -11.51, 100.12, -20.71, -0.77194, -0.39369, -0.05892, -0.49562
419, 17, 41.087, -12.189, 43.301, 940.55, 1551.51, 1370.54, -73.44, 140.68, -192.77, -0.80214, -0.37106, -0.08150, -0.46070
419, 15, 37.875, -6.786, 38.949, 690.67, 1139.65, 1254.39, -152.16, 151.42, -232.98, -0.83846, -0.32385, -0.09482, -0.42793
419, 15, 35.267, -5.674, 32.218, 933.47, 647.52, 726.20, -248.15, 154.54, -221.44, -0.86722, -0.27185, -0.07181, -0.41093
419, 17, 31.787, 9.781, 26.842, -339.78, 288.57, 301.70, -239.20, 181.76, -250.00, -0.90113, -0.18107, -0.16604, -0.35722
419, 15, 26.593, 25.320, 18.004, -1231.26, -189.03, 438.96, -147.26, 142.13, -250.00, -0.91626, -0.06855, -0.25586, -0.30051
419, 15, 22.566, 35.598, 13.311, -1605.04, 156.31, 404.17, -70.48, 45.59, -201.29, -0.90955, -0.01010, -0.32289, -0.26146
419, 16, 22.844, 40.099, 11.173, -723.82, 196.11, 495.30, -64.48, 31.85, -100.20, -0.89803, 0.02045, -0.35266, -0.26222
419, 15, 25.895, 44.588, 16.832, -871.83, 866.64, 427.80, -38.37, 57.75, -85.15, -0.87977, 0.00003, -0.39896, -0.25853
419, 16, 25.215, 50.408, 16.051, -1207.95, 264.77, 423.83, -31.55, 44.46, -63.71, -0.86436, 0.02174, -0.43965, -0.24314
419, 17, 29.915, 49.212, 20.787, -575.20, 585.33, 672.06, -38.98, 53.59, -26.91, -0.85795, 0.00024, -0.44117, -0.26322
419, 15, 33.468, 48.140, 23.142, -424.38, 475.16, 759.83, -51.95, 114.95, -11.66, -0.85226, -0.00760, -0.43947, -0.28365
419, 16, 29.463, 55.951, 17.236, -1283.75, -288.39, 487.49, -19.26, 115.68, -23.63, -0.83760, 0.04795, -0.47992, -0.25654
419, 15, 27.526, 56.720, 14.178, -895.39, -165.16, 753.66, 28.39, 67.25, 47.05, -0.83776, 0.06472, -0.47938, -0.25330
419, 15, 33.413, 50.386, 21.078, -508.79, 466.92, 1488.53, 70.46, 35.81, 105.35, -0.84635, 0.01593, -0.44975, -0.28491
419, 16, 31.642, 46.525, 19.600, -368.84, -99.98, 899.78, 87.80, 40.49, 80.67, -0.86101, 0.00608, -0.41938, -0.28766
419, 16, 31.305, 41.033, 23.125, -584.47, 405.21, 1328.00, 134.14, -32.70, 41.42, -0.87434, -0.04168, -0.38910, -0.28704
419, 16, 30.434, 35.655, 23.841, -330.44, -9.70, 774.11, 141.98, -54.66, 121.94, -0.88672, -0.06939, -0.35154, -0.29210
419, 16, 35.264, 26.298, 32.143, -121.15, 872.25, 1169.56, 128.53, -68.13, 195.64, -0.87740, -0.15448, -0.31079, -0.33122
419, 15, 37.542, 18.760, 37.797, 32.53, 1347.35, 1166.44, 59.33, -40.57, 143.94, -0.86418, -0.22123, -0.27741, -0.35679
419, 15, 37.164, 15.117, 39.399, -229.31, 884.09, 943.79, 13.48, -17.93, 103.29, -0.86158, -0.24837, -0.25556, -0.36151
419, 16, 35.819, 16.100, 38.855, -493.47, 682.68, 874.51, 2.61, -12.75, 74.07, -0.86714, -0.24352, -0.25807, -0.34953
419, 15, 34.180, 16.744, 38.492, -455.08, 675.96, 844.54, 2.83, -22.69, 57.34, -0.87288, -0.24205, -0.25818, -0.33592
419, 16, 34.075, 17.270, 37.370, -444.52, 543.33, 818.24, -0.27, -24.54, 54.36, -0.87552, -0.23179, -0.25850, -0.33603
420, 7, 26.277, 27.168, 33.765, -822.88, -19.29, 346.50, 59.32, 0.28, 205.13, -0.89720, -0.18819, -0.30786, -0.25463
420, 27, 37.360, 21.751, 47.120, -567.44, 579.83, 404.30, 96.33, -50.77, 249.99, -0.84451, -0.27938, -0.32548, -0.32065
420, 15, 38.767, 15.406, 47.780, -377.38, 564.51, 840.64, 94.49, -65.95, 249.99, -0.83643, -0.30557, -0.28760, -0.35255
420, 16, 40.292, 5.093, 50.137, 117.80, 627.08, 685.30, 107.03, -57.74, 249.99, -0.81451, -0.35870, -0.22832, -0.39470
420, 15, 43.251, -4.121, 49.678, 233.34, 778.99, 1083.01, 86.26, -33.46, 249.99, -0.78960, -0.38442, -0.17181, -0.44636
420, 16, 46.122, -12.522, 48.142, 568.24, 1000.49, 1315.86, 55.21, -18.95, 249.99, -0.76410, -0.40098, -0.11621, -0.49180
420, 17, 46.812, -17.591, 46.390, 617.19, 1060.24, 1312.13, 34.35, -17.24, 150.44, -0.75383, -0.40696, -0.07507, -0.51037
420, 15, 47.917, -19.272, 41.860, 356.63, 598.39, 1190.61, 1.29, 3.06, 101.01, -0.75981, -0.38253, -0.04643, -0.52365
420, 16, 46.848, -20.026, 40.343, 595.89, 963.62, 1251.65, -0.28, 24.40, 39.12, -0.76763, -0.37552, -0.03057, -0.51845
420, 15, 42.420, -16.697, 41.156, 765.56, 1385.25, 1433.65, -24.58, 62.73, -125.72, -0.79297, -0.37078, -0.04395, -0.48145
420, 15, 37.452, -11.249, 39.586, 738.59, 1286.25, 1399.05, -93.03, 106.79, -232.96, -0.82993, -0.34373, -0.06260, -0.43491
420, 16, 33.956, -6.221, 36.514, 687.56, 1013.31, 1118.10, -138.66, 151.10, -250.00, -0.86022, -0.30690, -0.07951, -0.39939
420, 16, 30.346, -4.718, 31.346, 879.27, 560.73, 594.24, -200.26, 170.37, -250.00, -0.88731, -0.26503, -0.06471, -0.37181
420, 16, 26.460, 11.388, 16.990, -333.86, -309.39, 292.72, -211.54, 228.28, -250.00, -0.92908, -0.10424, -0.14272, -0.32494
420, 16, 21.728, 27.169, 10.117, -1637.70, -82.70, 261.84, -139.08, 170.22, -211.11, -0.92839, -0.01024, -0.24896, -0.27569
420, 15, 17.490, 35.944, 1.686, -1060.55, -235.53, 496.89, -107.80, 77.72, -123.86, -0.91709, 0.06973, -0.30086, -0.25212
420, 15, 20.680, 39.944, 6.861, -707.03, 787.29, 505.00, -46.02, 66.06, -106.35, -0.90208, 0.04734, -0.34230, -0.25853
420, 16, 21.231, 46.970, 7.817, -941.41, 400.27, 336.73, -39.87, 86.10, -125.53, -0.88078, 0.06004, -0.39796, -0.24949
420, 16, 21.435, 51.471, 6.619, -1004.64, 134.58, 473.51, -28.65, 52.20, -72.54, -0.86472, 0.08164, -0.42890, -0.24829
420, 16, 27.582, 51.949, 11.956, -792.18, 303.59, 645.69, -1.39, 53.02, 4.34, -0.85255, 0.06632, -0.44058, -0.27324
420, 15, 35.880, 49.847, 21.509, -329.10, 446.84, 524.35, 3.49, 81.68, 47.10, -0.84155, 0.02035, -0.44679, -0.30291
420, 16, 37.689, 48.620, 22.536, -817.44, 344.12, 1225.77, -0.19, 91.26, 68.98, -0.83999, 0.01497, -0.44101, -0.31576
420, 16, 33.795, 48.866, 18.413, -843.87, -109.25, 901.12, 35.54, 24.50, 47.10, -0.84901, 0.03147, -0.43236, -0.30208
420, 15, 26.088, 46.388, 12.153, -493.16, -351.14, 743.71, 105.83, -38.59, 15.66, -0.87342, 0.04212, -0.40133, -0.27258
420, 15, 26.502, 42.075, 16.882, -364.56, 87.89, 619.32, 163.90, -26.60, 56.85, -0.88487, -0.00629, -0.38056, -0.26858
420, 16, 29.604, 37.024, 26.112, -595.52, 412.54, 874.45, 203.09, -66.18, 104.06, -0.88479, -0.08466, -0.36658, -0.27494
420, 15, 35.832, 25.877, 37.296, -123.66, 1016.11, 1025.57, 174.38, -95.20, 249.99, -0.86822, -0.19382, -0.32336, -0.32259
420, 16, 37.659, 14.310, 43.272, 9.70, 1180.30, 1119.75, 122.05, -123.12, 249.99, -0.85080, -0.27931, -0.26312, -0.35902
420, 16, 39.027, 3.423, 46.505, 179.08, 1222.53, 1095.83, 68.18, -106.07, 222.01, -0.82774, -0.34121, -0.20012, -0.39797
420, 16, 36.755, 0.745, 46.672, -158.20, 1108.28, 1045.04, 17.50, -94.40, 95.47, -0.83136, -0.35564, -0.17454, -0.38974
420, 16, 33.853, -1.956, 44.288, -43.40, 825.68, 1046.14, -5.28, -110.20, 49.03, -0.84458, -0.35114, -0.13779, -0.38000
420, 15, 31.011, -3.099, 41.746, -132.20, 741.76, 1046.20, -19.02, -121.48, 23.90, -0.85985, -0.33891, -0.11240, -0.36492
420, 15, 28.234, -3.967, 38.350, -79.53, 616.52, 1082.70, -32.35, -117.74, -12.57, -0.87708, -0.31815, -0.08721, -0.34915
420, 16, 26.375, -5.038, 36.789, 101.38, 703.43, 952.09, -36.38, -64.06, -42.83, -0.88556, -0.31040, -0.06911, -0.33861
420, 15, 25.426, -4.066, 37.515, 148.93, 772.28, 780.46, -41.22, 18.07, -71.11, -0.88756, -0.31399, -0.07623, -0.32838
421, 9, 14.354, 30.694, 18.643, -604.19, 294.25, 826.90, -10.66, 7.80, -112.07, -0.93346, -0.08798, -0.29132, -0.18988
421, 26, 13.945, 34.073, 18.436, -719.48, 299.50, 837.28, 11.76, -5.76, -70.94, -0.92750, -0.07936, -0.31748, -0.18072
421, 16, 15.275, 35.143, 20.125, -745.73, 377.75, 796.02, 18.17, -12.81, -39.88, -0.92186, -0.08662, -0.32955, -0.18456
421, 15, 17.631, 35.762, 22.798, -748.84, 432.56, 746.03, 17.43, -17.17, -11.60, -0.91449, -0.09953, -0.34068, -0.19428
421, 15, 19.532, 37.994, 23.557, -1007.81, 136.17, 643.62, 32.03, -34.01, 52.26, -0.90580, -0.09351, -0.36064, -0.20181
421, 16, 23.272, 39.727, 25.608, -1082.15, -34.67, 490.91, 55.80, -53.70, 148.01, -0.89348, -0.09229, -0.38040, -0.22016
421, 15, 28.479, 38.126, 29.839, -810.00, 80.69, 537.41, 90.14, -74.42, 224.51, -0.88216, -0.11315, -0.38212, -0.25094
421, 16, 34.319, 38.589, 36.702, -900.27, 58.65, 216.61, 119.58, -82.69, 249.99, -0.86042, -0.14348, -0.40752, -0.27022
421, 17, 38.420, 30.204, 43.781, -453.61, 528.44, 594.18, 130.55, -92.96, 249.99, -0.84718, -0.21683, -0.37550, -0.30703
421, 15, 38.619, 21.253, 45.192, -387.08, 591.06, 1068.97, 123.00, -103.66, 249.99, -0.84540, -0.26363, -0.31953, -0.33718
421, 15, 39.793, 8.862, 49.424, 224.85, 713.38, 652.10, 115.12, -84.63, 249.99, -0.82300, -0.34041, -0.25055, -0.37949
421, 16, 39.830, -0.016, 48.680, 96.98, 674.80, 1135.80, 95.93, -79.93, 249.99, -0.81312, -0.36789, -0.18582, -0.41106
421, 15, 41.335, -9.472, 47.338, 501.65, 685.97, 1179.75, 73.83, -34.68, 249.99, -0.79378, -0.38966, -0.11812, -0.45180
421, 16, 43.114, -17.145, 45.725, 610.41, 830.51, 1286.50, 60.71, -15.74, 229.21, -0.77346, -0.40321, -0.06231, -0.48508
421, 15, 46.268, -21.338, 42.982, 905.58, 1015.44, 1458.98, 32.31, 40.09, 132.51, -0.75767, -0.39790, -0.03106, -0.51638
421, 16, 44.602, -19.190, 43.492, 1140.99, 1517.94, 1442.08, 0.08, 108.94, -76.51, -0.76932, -0.39442, -0.04308, -0.50072
421, 17, 40.661, -12.351, 42.802, 934.63, 1386.54, 1332.89, -60.24, 164.51, -250.00, -0.80510, -0.36840, -0.07694, -0.45845
421, 15, 37.417, -6.528, 40.471, 795.17, 1374.02, 1109.99, -145.97, 161.54, -250.00, -0.83623, -0.33449, -0.10108, -0.42264
421, 15, 34.750, -1.505, 35.158, 545.35, 972.96, 1001.28, -216.06, 162.57, -250.00, -0.86731, -0.28044, -0.11274, -0.39550
421, 16, 32.038, 3.365, 19.997, 228.27, -182.31, 486.88, -250.00, 194.99, -250.00, -0.90866, -0.14859, -0.09422, -0.37865
421, 15, 27.578, 19.060, 6.880, -1178.53, -857.24, -138.55, -220.18, 191.58, -199.39, -0.92445, 0.00303, -0.17551, -0.33850
421, 15, 25.576, 32.764, 0.722, -1632.57, -319.27, -40.65, -97.13, 143.43, -80.42, -0.90390, 0.08932, -0.26758, -0.32154
421, 16, 23.946, 42.485, 2.620, -1034.24, 531.07, 268.01, -47.87, 101.41, -97.84, -0.88439, 0.09701, -0.34964, -0.29358
421, 17, 22.785, 46.618, 4.009, -846.01, 418.21, 652.89, -28.57, 78.70, -106.29, -0.87579, 0.09362, -0.38555, -0.27493
421, 16, 21.336, 50.678, 3.705, -832.09, 114.81, 541.20, 2.35, 65.76, -57.14, -0.86536, 0.10126, -0.41662, -0.25946
421, 15, 22.077, 50.666, 6.280, -939.70, 192.02, 866.09, 35.84, 34.29, -33.78, -0.86583, 0.08449, -0.42172, -0.25566
421, 15, 24.412, 47.034, 10.374, -211.36, 99.43, 445.80, 60.97, 40.41, 19.58, -0.87469, 0.05174, -0.40263, -0.26481
421, 16, 28.037, 45.646, 14.796, -542.30, 110.78, 793.64, 73.85, 70.31, 92.16, -0.87162, 0.02648, -0.40168, -0.27969
421, 15, 27.212, 45.066, 16.942, -722.11, 74.77, 841.67, 134.17, 27.90, 34.01, -0.87547, 0.00534, -0.40268, -0.26716
421, 15, 29.434, 39.386, 23.637, -666.75, 333.44, 1006.77, 170.71, -71.46, 96.70, -0.88216, -0.05776, -0.37768, -0.27534
421, 16, 33.036, 29.800, 32.144, -279.54, 420.41, 804.08, 190.73, -103.06, 160.42, -0.88041, -0.14730, -0.33306, -0.30374
421, 16, 37.029, 17.733, 40.565, 52.61, 1257.45, 1181.09, 150.58, -122.61, 243.17, -0.86003, -0.24731, -0.27758, -0.34948
421, 15, 37.494, 8.856, 44.397, 31.49, 1292.97, 1154.30, 77.41, -98.53, 185.46, -0.84480, -0.30863, -0.22748, -0.37325
421, 17, 34.470, 5.691, 43.697, -179.32, 879.09, 1046.57, 35.26, -89.45, 76.24, -0.85354, -0.32036, -0.19403, -0.36219
421, 14, 32.800, 5.803, 42.200, -452.21, 708.44, 972.41, 10.45, -73.52, 85.88, -0.86298, -0.31153, -0.18559, -0.35181
421, 16, 31.705, 4.538, 40.480, -266.72, 728.33, 1021.67, 2.27, -61.68, 89.48, -0.86986, -0.30442, -0.16795, -0.34996
421, 15, 30.754, 4.407, 39.589, -193.79, 768.43, 999.69, 4.86, -23.95, 56.23, -0.87498, -0.29942, -0.16176, -0.34438
421, 15, 30.428, 7.277, 38.445, -390.99, 483.09, 814.15, 21.58, 0.53, 45.66, -0.88089, -0.28185, -0.17921, -0.33538
422, 7, 26.046, 20.845, 28.244, -423.95, 410.34, 1072.33, -24.00, -6.79, -56.99, -0.91174, -0.16582, -0.24670, -0.28351
422, 27, 24.081, 17.997, 27.292, -144.29, 601.01, 1033.63, -17.83, 15.08, -80.53, -0.91982, -0.17107, -0.21940, -0.27664
422, 16, 22.690, 18.505, 25.983, -271.67, 521.36, 1000.73, -27.75, 24.60, -101.91, -0.92469, -0.16168, -0.21826, -0.26677
422, 15, 20.777, 22.208, 23.724, -455.69, 351.87, 859.19, -22.10, 24.54, -111.98, -0.92870, -0.13658, -0.23990, -0.24759
422, 16, 19.076, 25.344, 22.098, -596.62, 367.68, 934.08, -8.01, 6.67, -108.57, -0.93031, -0.11841, -0.25941, -0.23065
422, 15, 17.518, 28.819, 21.992, -737.18, 418.21, 827.51, 1.90, -8.25, -87.46, -0.92828, -0.11195, -0.28508, -0.21091
422, 16, 16.832, 30.833, 22.193, -687.50, 369.14, 788.64, 13.02, -20.47, -65.23, -0.92591, -0.11004, -0.30061, -0.20053
422, 16, 16.447, 32.903, 22.036, -787.54, 262.33, 781.25, 30.17, -29.07, -35.89, -0.92290, -0.10442, -0.31618, -0.19336
422, 15, 16.926, 36.355, 21.540, -1091.98, -68.79, 581.48, 54.37, -46.53, 38.55, -0.91545, -0.09000, -0.34256, -0.19106
422, 15, 20.140, 37.112, 24.582, -958.62, 40.10, 509.70, 92.32, -87.49, 124.18, -0.90572, -0.10227, -0.35630, -0.20556
422, 16, 25.760, 37.161, 30.368, -834.35, 117.31, 339.90, 102.28, -89.16, 199.61, -0.88906, -0.12955, -0.37338, -0.23104
422, 15, 31.522, 31.828, 37.125, -663.82, 408.57, 639.83, 113.96, -98.61, 249.99, -0.87490, -0.18236, -0.35781, -0.27069
422, 16, 36.785, 29.948, 45.106, -356.75, 213.20, 132.14, 115.03, -77.25, 249.99, -0.84898, -0.23305, -0.37404, -0.29157
422, 16, 39.506, 19.547, 47.688, -266.85, 587.04, 912.17, 122.98, -77.99, 249.99, -0.83638, -0.28640, -0.31748, -0.34301
422, 16, 42.050, 9.064, 50.324, 79.59, 896.67, 929.63, 94.25, -54.31, 249.99, -0.81295, -0.34101, -0.26169, -0.39287
422, 16, 43.531, -1.050, 49.959, 467.65, 890.26, 1238.04, 76.97, -44.11, 238.12, -0.79347, -0.37451, -0.19528, -0.43820
422, 15, 44.023, -8.511, 48.763, 943.30, 1075.68, 1419.68, 45.37, -1.46, 137.55, -0.78029, -0.39304, -0.13986, -0.46594
422, 15, 42.069, -12.044, 46.900, 1168.40, 1203.06, 1553.71, 4.79, 13.19, -8.40, -0.78649, -0.39473, -0.10036, -0.46428
422, 16, 38.353, -10.964, 44.067, 1194.89, 1266.36, 1649.66, -50.13, 62.10, -160.46, -0.81305, -0.37435, -0.08461, -0.43779
422, 15, 34.037, -5.759, 42.360, 882.69, 1638.43, 1363.40, -112.40, 129.81, -250.00, -0.84394, -0.34885, -0.10348, -0.39416
422, 15, 31.088, -0.087, 37.474, 528.87, 1193.66, 1180.05, -194.40, 165.58, -250.00, -0.87518, -0.29717, -0.12198, -0.36177
422, 16, 27.622, 1.863, 23.492, 482.12, -73.18, 567.50, -250.00, 181.43, -236.20, -0.91684, -0.18477, -0.08687, -0.34311
422, 16, 22.410, 18.551, 9.617, -996.83, -790.28, -151.43, -243.75, 223.08, -211.98, -0.93896, -0.02872, -0.17837, -0.29277
422, 17, 17.703, 32.671, 0.106, -1830.87, -583.19, -293.09, -152.33, 146.35, -121.40, -0.92367, 0.07549, -0.27094, -0.26026
422, 15, 17.335, 41.733, -1.018, -1892.64, 88.75, 288.33, -30.81, 57.49, -38.23, -0.89925, 0.10359, -0.34088, -0.25381
422, 15, 23.307, 42.408, 8.152, -567.81, 755.13, 542.66, 8.32, 16.86, -35.45, -0.88979, 0.05197, -0.36311, -0.27153
422, 16, 25.063, 41.605, 12.175, -438.42, 510.80, 736.51, -2.20, 49.48, -82.42, -0.88912, 0.02399, -0.36601, -0.27372
422, 15, 24.164, 47.776, 12.294, -787.72, 184.69, 452.51, 10.92, 96.44, -91.15, -0.87375, 0.03838, -0.41257, -0.25469
422, 15, 25.483, 47.034, 13.057, -1039.67, 220.83, 1322.63, 23.91, 67.28, -2.21, -0.87324, 0.03507, -0.40841, -0.26349
422, 16, 30.644, 46.007, 18.908, -704.90, 254.27, 802.43, 42.99, 56.82, 99.43, -0.86481, 0.00582, -0.41403, -0.28397
422, 16, 31.385, 45.607, 19.113, -509.58, -86.36, 539.98, 75.11, 19.42, 143.77, -0.86401, 0.00553, -0.41166, -0.28982
422, 15, 30.853, 41.398, 20.995, -745.36, -37.66, 1137.76, 149.37, -50.37, 127.75, -0.87530, -0.02563, -0.38623, -0.28985
422, 17, 31.986, 34.663, 26.717, -437.19, 249.33, 905.52, 189.16, -81.54, 142.42, -0.88239, -0.09043, -0.35281, -0.29789
422, 15, 34.655, 23.487, 35.851, 193.73, 1241.58, 1309.63, 174.96, -104.56, 162.50, -0.87520, -0.19533, -0.30025, -0.32515
422, 16, 35.244, 15.634, 41.023, 17.76, 1104.00, 1077.39, 103.99, -61.93, 138.37, -0.86398, -0.26295, -0.25997, -0.34176
422, 15, 34.958, 11.127, 42.229, -342.77, 898.32, 1026.31, 41.53, -59.14, 180.21, -0.86010, -0.28924, -0.23037, -0.35143
422, 15, 34.479, 8.971, 41.603, -489.75, 679.26, 928.65, 23.72, -78.25, 178.92, -0.86181, -0.29318, -0.21150, -0.35579
422, 16, 35.819, 5.461, 42.763, -351.56, 845.21, 846.13, 9.80, -90.29, 175.73, -0.85156, -0.31194, -0.19307, -0.37451
422, 16, 35.486, 1.813, 42.425, -51.88, 801.94, 872.13, -4.33, -50.79, 100.40, -0.84962, -0.32269, -0.16425, -0.38346
422, 15, 34.334, 2.229, 41.075, -103.09, 727.11, 897.03, -5.78, -13.61, 24.41, -0.85766, -0.31284, -0.15967, -0.37559
