462, 7, 37.750, -3.982, 36.159, 34.55, 570.37, 988.53, -10.91, -55.89, 60.21, -0.85084, -0.29366, -0.10512, -0.42283
462, 28, 38.197, -9.862, 36.558, 223.82, 550.42, 791.81, 23.64, -24.18, 52.25, -0.83848, -0.31664, -0.06362, -0.43892
462, 15, 37.902, -10.642, 38.845, 201.17, 725.10, 757.69, 26.49, -2.25, 29.35, -0.83162, -0.33610, -0.06567, -0.43719
462, 16, 37.287, -9.158, 41.251, 101.20, 895.08, 780.52, 12.21, 15.27, 4.38, -0.82961, -0.34903, -0.08400, -0.42764
462, 15, 36.834, -5.842, 41.758, -69.03, 904.42, 887.02, -12.36, 23.21, -8.61, -0.83574, -0.34211, -0.10917, -0.41544
462, 15, 36.729, -2.529, 39.497, -160.64, 713.81, 1030.09, -25.50, 18.97, -5.14, -0.84777, -0.31436, -0.12540, -0.40834
462, 16, 36.616, -0.144, 36.702, -158.57, 571.29, 1068.30, -13.53, 9.85, -1.53, -0.85859, -0.28537, -0.13301, -0.40460
462, 15, 36.416, 1.144, 35.300, -67.87, 577.27, 953.92, 8.00, 3.35, -7.08, -0.86413, -0.27050, -0.13727, -0.40159
462, 15, 36.302, 0.789, 36.763, 27.95, 688.66, 833.13, 15.37, 5.64, -9.38, -0.86061, -0.28291, -0.13944, -0.39984
462, 16, 36.043, 0.343, 38.641, 69.15, 781.56, 778.87, 3.78, 8.09, -18.08, -0.85623, -0.29886, -0.14197, -0.39674
462, 15, 35.953, 0.330, 39.590, 41.02, 797.61, 814.21, -13.27, 12.66, -15.01, -0.85402, -0.30609, -0.14492, -0.39492
462, 15, 36.044, 0.690, 39.630, -2.08, 782.90, 848.08, -26.94, 13.08, -7.61, -0.85403, -0.30503, -0.14798, -0.39457
462, 16, 36.058, 1.288, 39.147, -13.37, 786.13, 881.53, -37.27, 16.74, -14.00, -0.85596, -0.29932, -0.15080, -0.39370
462, 15, 35.842, 3.491, 35.150, -104.31, 614.69, 1110.17, -56.18, 35.03, -35.00, -0.86872, -0.26175, -0.15305, -0.39166
462, 16, 36.394, 2.684, 33.949, 61.16, 832.52, 1308.47, -17.85, 30.49, -3.12, -0.86880, -0.25481, -0.14408, -0.39937
462, 15, 36.527, 1.588, 34.450, 615.48, 1073.55, 1192.99, -33.22, 103.00, -53.99, -0.86616, -0.26237, -0.13788, -0.40238
462, 16, 35.547, 4.576, 33.944, 509.64, 967.59, 997.56, -75.75, 187.82, -159.48, -0.87330, -0.24910, -0.15645, -0.38836
462, 16, 35.860, 9.566, 33.981, 394.65, 1106.57, 778.38, -124.92, 249.99, -168.80, -0.87516, -0.23079, -0.19465, -0.37809
462, 15, 34.995, 19.275, 30.717, -131.35, 450.44, 472.11, -176.56, 249.99, -213.77, -0.88410, -0.17112, -0.25488, -0.35231
462, 15, 32.622, 31.040, 22.116, -490.11, 116.39, 615.91, -160.10, 232.57, -167.70, -0.88933, -0.06635, -0.31419, -0.32553
462, 16, 27.112, 39.242, 11.626, -849.91, -112.06, 790.28, -129.96, 136.10, -152.90, -0.88988, 0.02737, -0.34635, -0.29563
462, 16, 21.108, 37.006, 5.045, -343.08, 27.10, 1033.81, -29.57, 41.49, -172.12, -0.90796, 0.05528, -0.31497, -0.27083
462, 15, 15.915, 35.229, 3.703, -549.07, 409.91, 1258.73, 20.83, 22.31, -250.00, -0.92328, 0.04779, -0.30023, -0.23481
462, 16, 6.064, 36.855, -2.819, -1293.21, -277.28, 1067.93, 40.47, -48.12, -221.20, -0.93288, 0.07749, -0.30725, -0.17124
462, 16, 1.921, 37.134, -5.699, -1394.35, -742.55, 769.29, 118.17, -109.58, -79.19, -0.93572, 0.09018, -0.30858, -0.14516
462, 16, 2.006, 34.365, -2.092, -1196.29, -479.74, 625.12, 227.78, -232.48, -11.34, -0.94540, 0.05789, -0.29016, -0.13668
462, 15, 10.450, 32.024, 12.528, -1003.30, 409.73, 324.71, 249.99, -250.00, 122.51, -0.94047, -0.04495, -0.29010, -0.17127
462, 15, 19.530, 21.994, 27.748, -365.48, 1004.58, 437.62, 156.20, -250.00, 214.88, -0.92609, -0.17239, -0.24492, -0.22947
462, 17, 21.562, 7.507, 34.226, 352.78, 908.02, 804.57, 90.39, -224.84, 179.05, -0.91448, -0.26075, -0.14879, -0.27129
462, 15, 23.469, -2.703, 37.401, 564.33, 983.70, 998.72, 46.27, -98.66, 171.62, -0.89488, -0.31087, -0.08125, -0.30974
463, 7, 34.323, 7.439, 38.778, -334.29, 768.19, 824.83, -29.05, -27.99, 36.94, -0.86829, -0.27755, -0.19094, -0.36412
463, 27, 35.005, 1.670, 32.490, 59.27, 562.13, 1304.57, -24.07, -30.71, 48.87, -0.87590, -0.24895, -0.12830, -0.39289
463, 15, 35.659, 1.857, 32.430, -75.99, 584.78, 904.17, -6.81, -0.66, 35.27, -0.87394, -0.24709, -0.13093, -0.39753
463, 15, 36.157, -0.596, 32.475, 130.86, 699.04, 1069.58, -4.95, 2.46, 31.54, -0.86968, -0.25557, -0.11355, -0.40675
463, 17, 36.909, -1.423, 33.161, 258.42, 981.51, 1256.59, -17.76, 54.63, 14.55, -0.86452, -0.26295, -0.11143, -0.41358
463, 15, 37.246, -0.742, 33.104, 630.68, 1153.81, 1270.51, -59.17, 141.51, -55.60, -0.86421, -0.25975, -0.11714, -0.41468
463, 15, 37.527, 3.099, 32.519, 645.87, 1090.76, 914.18, -117.98, 249.99, -128.98, -0.86827, -0.24103, -0.14461, -0.40878
463, 16, 35.153, 9.405, 31.178, 288.15, 767.76, 416.81, -200.32, 249.99, -250.00, -0.88283, -0.21104, -0.18283, -0.37768
463, 16, 33.615, 25.316, 27.177, -497.50, 380.31, 239.56, -222.33, 249.99, -225.70, -0.88905, -0.12425, -0.28719, -0.33418
463, 15, 27.633, 37.279, 12.394, -1280.88, -924.26, 891.72, -175.35, 194.13, -142.42, -0.89331, 0.01673, -0.33338, -0.30096
463, 16, 23.508, 39.532, 5.206, -765.08, -150.57, 1036.93, -46.84, 70.77, -84.57, -0.89564, 0.06756, -0.33376, -0.28614
463, 15, 18.226, 36.146, 7.882, -233.95, 966.80, 1235.90, 37.01, 18.24, -241.97, -0.91750, 0.02257, -0.31551, -0.24113
463, 17, 11.336, 32.880, 5.263, -413.70, 418.52, 1318.18, -5.78, -7.47, -250.00, -0.93798, 0.01853, -0.28552, -0.19580
463, 15, 1.960, 33.001, -3.196, -1047.00, -557.74, 1226.68, 22.43, -45.52, -236.82, -0.94831, 0.06541, -0.27756, -0.13925
463, 16, -3.610, 30.777, -5.394, -1451.05, -1380.37, 859.25, 230.25, -177.23, -135.65, -0.95817, 0.06873, -0.25999, -0.09797
463, 16, 1.706, 29.386, -0.543, -1290.22, -797.49, 326.23, 249.99, -250.00, 132.26, -0.95828, 0.03876, -0.25070, -0.13168
463, 15, 15.172, 26.340, 18.860, -954.71, 920.84, -65.98, 249.99, -250.00, 249.99, -0.93934, -0.09823, -0.25752, -0.20413
463, 15, 22.249, 13.731, 33.498, -73.73, 1156.19, 487.00, 187.00, -250.00, 249.99, -0.91471, -0.23665, -0.19738, -0.26142
463, 16, 23.349, -3.067, 37.294, 808.29, 830.87, 1213.01, 121.28, -250.00, 244.63, -0.89511, -0.31105, -0.07778, -0.30982
463, 16, 28.817, -13.460, 41.450, 1081.85, 1149.41, 1208.44, 119.77, -45.21, 197.30, -0.85028, -0.36725, -0.02560, -0.37617
463, 17, 33.874, -13.508, 44.204, 253.97, 963.87, 861.15, 78.47, 87.41, 123.80, -0.82372, -0.38581, -0.05133, -0.41232
463, 15, 38.099, -8.657, 44.549, -164.37, 640.87, 680.85, 49.26, 113.01, 94.47, -0.81719, -0.37042, -0.10259, -0.42949
464, 7, 35.082, 4.491, 36.167, -240.54, 610.17, 921.51, -4.59, -21.00, 54.13, -0.86979, -0.26695, -0.16224, -0.38195
464, 27, 38.186, -2.515, 35.619, 88.50, 688.17, 964.42, -6.42, -20.71, 103.49, -0.85263, -0.28401, -0.11523, -0.42319
464, 15, 38.998, -5.366, 34.998, 167.54, 695.92, 1003.48, -8.17, -6.61, 76.89, -0.84707, -0.28889, -0.09356, -0.43618
464, 15, 39.873, -3.956, 33.066, -65.49, 516.42, 929.32, -13.16, 13.54, 63.28, -0.85046, -0.26870, -0.09887, -0.44129
464, 16, 41.078, -2.577, 32.181, -153.93, 629.33, 1078.13, -3.12, 8.12, 87.91, -0.84965, -0.25587, -0.10851, -0.44818
464, 15, 41.045, -4.421, 33.640, 406.80, 1077.58, 1243.29, -7.43, 37.22, 29.00, -0.84389, -0.27366, -0.10039, -0.45043
464, 15, 40.111, -4.121, 33.928, 762.21, 1145.20, 1227.48, -45.89, 124.66, -68.94, -0.84727, -0.27549, -0.10152, -0.44264
464, 16, 39.308, 0.593, 32.334, 681.95, 1021.97, 1068.73, -108.99, 249.99, -144.84, -0.85977, -0.24684, -0.12891, -0.42807
464, 16, 37.786, 9.244, 35.003, 131.59, 1512.21, 371.15, -141.28, 249.99, -210.11, -0.86645, -0.23645, -0.19962, -0.39181
464, 16, 35.949, 21.048, 31.679, -190.86, 440.43, 374.33, -192.47, 249.99, -250.00, -0.87907, -0.16955, -0.27229, -0.35262
464, 15, 29.301, 32.573, 17.893, -348.82, -69.40, 522.89, -189.39, 219.22, -250.00, -0.89793, -0.03708, -0.31249, -0.30773
464, 15, 18.117, 39.796, 2.759, -775.09, -529.91, 823.18, -94.36, 133.39, -250.00, -0.90605, 0.07178, -0.33336, -0.25058
464, 17, 15.207, 40.867, 2.056, -633.18, 421.45, 1014.40, -10.80, 95.54, -222.15, -0.90864, 0.07114, -0.34215, -0.22858
464, 15, 12.508, 39.232, 1.880, -506.84, 579.83, 1011.72, -20.52, 35.20, -250.00, -0.91838, 0.06134, -0.33038, -0.20897
464, 15, 1.672, 38.511, -6.675, -923.77, -198.91, 1105.22, 6.84, -11.37, -250.00, -0.93129, 0.09877, -0.31883, -0.14589
464, 17, -4.806, 37.592, -12.300, -1571.35, -1533.87, 876.59, 128.46, -92.62, -112.70, -0.93562, 0.12622, -0.31140, -0.10821
464, 15, -2.422, 36.967, -7.257, -1269.59, -660.46, 439.21, 249.99, -184.76, 39.69, -0.93986, 0.09109, -0.30889, -0.11380
464, 15, 6.316, 36.434, 4.881, -988.22, -11.66, 157.23, 249.99, -250.00, 157.28, -0.93676, 0.01472, -0.31460, -0.15263
464, 17, 19.304, 27.659, 26.336, -522.09, 1285.28, 243.10, 249.99, -250.00, 249.99, -0.92181, -0.14573, -0.28612, -0.21716
464, 15, 23.008, 11.616, 37.483, 400.33, 1287.84, 684.45, 157.93, -250.00, 236.44, -0.90419, -0.27305, -0.19185, -0.26659
464, 16, 22.258, -1.479, 42.095, 1069.76, 1312.19, 964.17, 80.09, -158.15, 141.81, -0.88595, -0.34521, -0.09969, -0.29323
464, 15, 22.192, -3.368, 42.710, 79.22, 1078.00, 1083.68, -3.03, 1.05, 78.72, -0.88209, -0.35463, -0.08643, -0.29779
464, 15, 26.439, -1.424, 38.386, -303.04, 447.57, 961.00, -30.79, 13.20, 106.13, -0.88531, -0.31270, -0.10205, -0.32867
464, 17, 31.027, -3.186, 33.731, 16.97, 277.77, 861.94, -20.27, 25.67, 142.21, -0.88128, -0.27825, -0.08598, -0.37220
465, 7, 42.348, -5.147, 35.279, -38.70, 530.52, 974.49, -10.41, -37.28, 151.63, -0.83360, -0.28724, -0.10471, -0.46004
465, 28, 43.133, -9.897, 35.550, 156.43, 668.76, 952.15, 17.43, -24.71, 99.30, -0.82146, -0.30653, -0.07276, -0.47535
465, 15, 42.766, -10.949, 37.185, 167.72, 759.58, 877.26, 18.75, -16.30, 66.82, -0.81644, -0.32233, -0.07075, -0.47384
465, 15, 41.926, -11.455, 38.760, 183.17, 816.04, 859.56, 7.74, -12.01, 44.90, -0.81433, -0.33590, -0.07108, -0.46795
465, 16, 40.359, -10.996, 39.584, 187.01, 800.90, 874.63, -5.01, -7.51, 4.18, -0.81916, -0.34114, -0.07317, -0.45525
465, 15, 38.369, -9.533, 39.224, 194.58, 774.29, 934.33, -17.14, 4.35, -40.32, -0.83085, -0.33484, -0.07677, -0.43781
465, 15, 37.491, -7.035, 34.985, 90.94, 436.58, 1240.72, -18.37, 20.56, -57.73, -0.85020, -0.29579, -0.07710, -0.42863
465, 16, 36.094, -6.500, 33.972, 343.02, 744.87, 1270.94, 1.69, 31.45, -84.77, -0.85876, -0.28733, -0.07386, -0.41775
465, 16, 32.918, -3.159, 33.985, 480.04, 862.30, 1221.50, -19.21, 102.60, -216.13, -0.87443, -0.27864, -0.09163, -0.38643
465, 15, 31.618, 2.080, 31.698, 474.61, 796.75, 1312.32, -62.93, 199.09, -223.22, -0.88918, -0.24515, -0.12153, -0.36674
465, 16, 30.790, 8.287, 32.119, 445.01, 1127.14, 777.59, -119.67, 249.99, -248.50, -0.89439, -0.22895, -0.16892, -0.34512
465, 15, 31.151, 15.138, 32.379, 185.61, 880.37, 212.46, -217.75, 249.99, -250.00, -0.89371, -0.20704, -0.22254, -0.32999
465, 17, 33.111, 27.549, 32.859, -414.12, 963.56, -54.50, -250.00, 249.99, -250.00, -0.88141, -0.16110, -0.31885, -0.30903
465, 15, 27.638, 43.820, 17.171, -885.56, -378.30, 323.18, -250.00, 249.99, -227.63, -0.87775, 0.00099, -0.39411, -0.27245
465, 15, 17.030, 51.107, -1.034, -1035.64, -581.36, 747.92, -168.77, 165.94, -189.93, -0.86866, 0.12250, -0.41366, -0.24355
465, 16, 8.603, 51.974, -12.269, -1050.66, -351.81, 1011.23, -81.28, 92.78, -106.98, -0.86763, 0.17886, -0.40870, -0.21955
465, 16, 7.550, 47.291, -11.318, -501.77, 81.05, 953.00, 12.38, 12.58, -122.92, -0.88848, 0.16270, -0.37549, -0.20772
465, 15, 3.839, 42.556, -11.337, -645.02, 294.68, 1295.17, 10.19, 1.68, -224.22, -0.91082, 0.14632, -0.34274, -0.17759
465, 16, -3.291, 36.752, -17.765, -842.90, -971.92, 1246.22, 68.62, -81.02, -167.15, -0.92923, 0.17444, -0.29674, -0.13434
465, 16, -5.571, 34.843, -17.740, -1205.32, -1461.61, 641.42, 244.03, -117.45, -40.21, -0.93698, 0.16796, -0.28450, -0.11368
465, 16, 2.051, 36.201, -7.520, -1483.83, -237.00, 252.69, 249.99, -211.14, 104.73, -0.93660, 0.10448, -0.29846, -0.15096
465, 15, 15.870, 35.465, 10.502, -1278.63, 472.90, 79.22, 249.99, -250.00, 249.99, -0.92401, -0.00661, -0.31551, -0.21590
465, 15, 26.896, 27.482, 31.123, -460.27, 978.27, 0.37, 249.99, -250.00, 249.99, -0.89954, -0.16476, -0.30516, -0.26564
465, 16, 30.947, 7.884, 41.622, 873.54, 1288.02, 646.36, 160.13, -250.00, 249.99, -0.87164, -0.30330, -0.19434, -0.33238
465, 17, 33.378, -3.926, 44.578, 1050.17, 1557.37, 1187.13, 37.17, -92.05, 197.40, -0.84227, -0.36007, -0.12264, -0.38196
465, 15, 35.742, -5.043, 40.361, 22.58, 616.33, 999.39, -40.25, 17.65, 108.93, -0.84506, -0.33024, -0.10691, -0.40667
465, 16, 37.748, -5.710, 34.346, -11.41, 198.55, 935.36, -27.92, 5.74, 98.60, -0.85291, -0.28625, -0.08537, -0.42816
465, 15, 38.277, -8.046, 33.968, 330.44, 622.74, 1048.28, 20.45, 30.56, 48.19, -0.84820, -0.29127, -0.06762, -0.43721
465, 15, 38.331, -7.619, 35.791, 314.94, 929.26, 1047.55, 8.75, 75.97, 12.51, -0.84397, -0.30320, -0.07793, -0.43556
465, 16, 39.030, -1.774, 35.471, -255.92, 720.09, 918.09, -21.47, 96.34, 15.29, -0.85083, -0.27934, -0.12230, -0.42790
465, 14, 39.646, 4.895, 34.373, -576.54, 550.29, 857.36, -21.68, 71.95, 32.01, -0.85821, -0.24534, -0.16919, -0.41793
466, 9, 38.260, 5.120, 39.003, -56.82, 712.16, 877.50, -14.95, -57.37, 104.26, -0.85272, -0.28119, -0.18419, -0.39985
466, 27, 38.595, -1.664, 37.091, 119.93, 731.32, 955.87, -27.04, -25.77, 64.26, -0.84855, -0.29143, -0.12805, -0.42264
466, 15, 38.257, -3.123, 35.271, 97.41, 674.26, 985.72, -30.98, -0.97, 31.78, -0.85240, -0.28353, -0.10956, -0.42546
466, 16, 37.651, -2.051, 32.779, 12.94, 580.20, 1023.62, -29.02, 14.58, -0.06, -0.86195, -0.26161, -0.10699, -0.42091
466, 14, 37.363, -0.838, 30.772, -22.34, 538.27, 1080.32, -8.80, 17.72, 5.16, -0.86878, -0.24235, -0.10820, -0.41806
466, 15, 36.570, -1.188, 31.491, 139.89, 689.39, 1038.57, 0.24, 29.47, -24.64, -0.86974, -0.24980, -0.10644, -0.41210
466, 16, 34.770, -0.825, 32.709, 328.92, 860.29, 1102.48, -4.23, 60.62, -94.99, -0.87378, -0.25950, -0.10950, -0.39647
466, 15, 32.867, 1.960, 33.689, 360.35, 1045.04, 1157.47, -31.91, 121.70, -142.80, -0.88065, -0.25955, -0.12979, -0.37448
466, 16, 30.745, 7.974, 32.822, 360.05, 998.29, 992.86, -99.08, 222.65, -245.61, -0.89299, -0.23554, -0.16854, -0.34451
466, 16, 29.973, 14.789, 32.253, 259.22, 1290.65, 727.05, -174.97, 249.99, -250.00, -0.89732, -0.20951, -0.21740, -0.32195
466, 16, 30.196, 31.607, 26.277, -638.12, 237.79, 155.40, -250.00, 249.99, -181.55, -0.89198, -0.10345, -0.32783, -0.29358
466, 16, 32.597, 44.663, 23.366, -745.91, 525.94, 179.50, -250.00, 249.99, -178.40, -0.86290, -0.02559, -0.41579, -0.28611
466, 15, 22.011, 52.394, 4.031, -929.20, -490.05, 833.98, -217.51, 197.09, -175.90, -0.85807, 0.10561, -0.42952, -0.26092
466, 15, 16.843, 54.020, -5.684, -980.83, 0.73, 882.81, -135.96, 114.22, -146.44, -0.85225, 0.16246, -0.42580, -0.25684
466, 16, 12.724, 51.282, -12.462, -641.11, -66.71, 954.65, -94.70, 67.04, -133.13, -0.86152, 0.19392, -0.39626, -0.25130
466, 15, 6.580, 46.929, -18.578, -623.47, -258.42, 1053.59, -49.47, 31.74, -119.91, -0.87963, 0.21525, -0.36057, -0.22342
466, 16, 6.360, 43.371, -13.632, -347.41, 689.03, 1162.78, 2.65, 45.16, -181.61, -0.90074, 0.17280, -0.34193, -0.20467
466, 17, -2.026, 39.303, -21.347, -948.06, -1019.78, 1409.42, 22.38, -4.43, -158.71, -0.91419, 0.20740, -0.31085, -0.15688
466, 15, -5.969, 37.296, -22.681, -1459.78, -1526.43, 1146.85, 174.29, -60.65, -72.72, -0.92254, 0.20729, -0.30006, -0.12617
466, 15, -5.143, 37.225, -20.272, -1743.71, -1651.00, 98.69, 249.99, -165.38, 42.31, -0.92601, 0.19002, -0.30070, -0.12642
466, 16, 8.203, 39.178, -2.504, -1488.10, 534.06, -179.99, 249.99, -250.00, 180.74, -0.92319, 0.08418, -0.32510, -0.18694
466, 15, 21.969, 36.757, 18.350, -1061.40, 826.78, -111.82, 249.99, -250.00, 249.99, -0.90702, -0.04842, -0.34269, -0.23986
466, 17, 29.759, 24.114, 37.542, -38.33, 1053.53, 103.88, 247.60, -250.00, 249.99, -0.88477, -0.21884, -0.30042, -0.28114
466, 15, 31.580, 5.162, 46.104, 757.93, 1312.44, 638.92, 132.39, -250.00, 249.99, -0.85487, -0.34491, -0.18912, -0.33832
466, 16, 33.383, -8.186, 45.721, 915.95, 1189.58, 1284.55, 6.61, -128.53, 249.99, -0.83119, -0.38144, -0.09481, -0.39325
466, 16, 35.303, -11.532, 39.844, 206.73, 368.29, 968.81, -34.31, -18.27, 114.10, -0.83661, -0.34761, -0.05495, -0.41981
466, 15, 37.182, -16.030, 34.089, 477.97, 192.87, 1060.61, -18.38, -16.55, 88.56, -0.83698, -0.31937, -0.00458, -0.44434
466, 15, 39.577, -17.423, 33.506, 710.94, 798.65, 1302.31, 28.28, 95.66, 80.61, -0.82606, -0.31971, 0.00161, -0.46412
466, 16, 40.465, -13.849, 34.182, 373.72, 876.46, 1052.00, -10.77, 156.74, 24.94, -0.82829, -0.31220, -0.03049, -0.46426
466, 16, 42.166, -4.985, 31.916, -345.83, 579.53, 976.87, -40.22, 168.88, 31.42, -0.84264, -0.26218, -0.09196, -0.46126
467, 7, 39.974, 0.242, 36.288, 58.29, 792.48, 897.03, 5.13, -50.69, 140.85, -0.84785, -0.27684, -0.14262, -0.42916
467, 27, 38.897, -3.250, 37.671, 29.48, 732.60, 870.67, -2.00, -31.46, 65.25, -0.84372, -0.30111, -0.11918, -0.42810
467, 15, 38.000, -5.355, 38.614, 207.40, 833.98, 909.61, -3.30, -9.86, 28.37, -0.84129, -0.31635, -0.10461, -0.42568
467, 16, 36.540, -5.159, 38.956, 163.45, 848.69, 944.52, -17.94, 15.37, -18.49, -0.84601, -0.31952, -0.10327, -0.41414
467, 15, 35.034, -2.104, 37.033, 3.66, 663.02, 947.63, -27.64, 30.96, -52.62, -0.86087, -0.29632, -0.11541, -0.39722
467, 15, 34.215, 2.279, 35.340, -175.78, 588.07, 920.47, -22.09, 27.76, -59.17, -0.87268, -0.26952, -0.14078, -0.38207
467, 17, 33.334, 4.699, 34.836, -107.54, 641.66, 915.53, -13.73, 19.29, -69.11, -0.87874, -0.25850, -0.15544, -0.36992
467, 15, 32.399, 6.424, 33.183, -98.51, 575.56, 982.85, -8.28, 21.10, -78.22, -0.88642, -0.24117, -0.16124, -0.36069
467, 15, 31.661, 8.120, 33.266, -139.22, 620.06, 969.42, 12.19, 18.68, -80.71, -0.88936, -0.23713, -0.17289, -0.35061
467, 16, 31.291, 8.976, 34.292, -85.75, 716.19, 937.01, 5.00, 28.05, -81.16, -0.88867, -0.24277, -0.18175, -0.34394
467, 14, 31.112, 10.343, 34.811, -108.46, 794.86, 1021.55, -9.12, 46.37, -91.26, -0.88857, -0.24247, -0.19328, -0.33808
467, 15, 30.456, 10.544, 35.272, 398.13, 1134.28, 1137.94, -40.78, 96.95, -153.42, -0.88956, -0.24649, -0.19475, -0.33167
467, 17, 29.285, 13.478, 34.230, 603.94, 1212.71, 1020.20, -108.31, 186.29, -250.00, -0.89549, -0.23066, -0.21163, -0.31639
467, 15, 28.380, 19.104, 32.248, 326.29, 1013.55, 576.78, -200.87, 249.99, -250.00, -0.90047, -0.19816, -0.24728, -0.29789
467, 17, 29.402, 28.308, 32.328, -129.70, 1032.23, 124.69, -250.00, 249.99, -250.00, -0.89096, -0.16452, -0.31774, -0.27956
467, 15, 26.641, 46.321, 23.608, -1094.36, 143.80, 23.44, -250.00, 249.99, -250.00, -0.87231, -0.04342, -0.42627, -0.23556
467, 15, 15.084, 53.322, 1.700, -1147.09, -1187.93, 689.15, -236.43, 134.84, -117.52, -0.86700, 0.09906, -0.43779, -0.21641
467, 17, 10.211, 55.305, -7.666, -1165.34, -223.69, 867.00, -98.24, 91.33, -91.77, -0.85802, 0.15424, -0.44062, -0.21418
467, 15, 6.139, 51.501, -14.128, -789.79, -335.82, 1035.58, -43.46, 22.91, -92.68, -0.87111, 0.18374, -0.40547, -0.20737
467, 15, 9.751, 47.114, -9.044, -454.28, 265.38, 936.89, 12.89, 6.74, -83.68, -0.88815, 0.15206, -0.37528, -0.21734
467, 16, 7.015, 43.501, -10.076, -815.19, 46.45, 1258.12, 15.07, 2.59, -163.41, -0.90412, 0.14691, -0.34832, -0.19914
467, 15, 0.055, 38.437, -16.653, -788.39, -983.52, 1298.10, 43.86, -53.72, -82.82, -0.92175, 0.17503, -0.30683, -0.16001
467, 16, -1.828, 37.160, -16.780, -914.86, -1060.18, 861.15, 176.12, -57.54, 27.21, -0.92777, 0.17042, -0.29908, -0.14403
467, 16, 1.958, 37.526, -7.265, -1117.98, -202.51, 707.76, 249.99, -127.22, 50.59, -0.93324, 0.10343, -0.30975, -0.14972
467, 15, 8.479, 36.852, 4.883, -1236.21, 83.62, 521.18, 249.99, -201.00, 126.81, -0.93262, 0.02135, -0.31765, -0.16991
467, 16, 16.096, 35.115, 17.210, -1195.13, 74.22, 216.86, 249.99, -250.00, 247.48, -0.92242, -0.06089, -0.32497, -0.19955
467, 16, 24.350, 28.675, 35.945, -562.44, 783.63, -105.35, 249.99, -250.00, 249.99, -0.89595, -0.20556, -0.32032, -0.22896
467, 15, 25.216, 12.151, 46.498, 478.76, 1319.76, 384.64, 163.96, -250.00, 249.99, -0.87514, -0.33750, -0.22273, -0.26572
467, 16, 22.616, -3.819, 48.606, 796.88, 1311.22, 1038.15, 52.51, -235.88, 249.99, -0.86098, -0.40023, -0.09968, -0.29765
467, 15, 26.082, -13.847, 45.847, 503.17, 824.95, 1175.90, 3.01, -117.67, 191.56, -0.84348, -0.40134, -0.02750, -0.35597
467, 16, 30.840, -18.635, 40.673, 528.02, 498.78, 1233.76, -5.38, -24.02, 135.91, -0.83460, -0.37491, 0.01020, -0.40346
467, 16, 36.202, -19.510, 35.778, 548.03, 432.98, 1331.24, 17.23, 65.41, 91.37, -0.82802, -0.34252, 0.01819, -0.44355
468, 8, 38.666, -4.485, 41.344, 123.29, 812.19, 852.97, -34.13, -39.18, 53.17, -0.83250, -0.33259, -0.12308, -0.42564
468, 27, 38.515, -5.847, 33.902, 168.52, 563.48, 1164.31, -40.42, 2.75, 17.88, -0.85092, -0.28286, -0.08457, -0.43449
468, 15, 38.331, -2.736, 33.348, -144.23, 598.45, 924.50, -9.65, 14.35, 9.51, -0.85726, -0.26772, -0.10550, -0.42696
468, 15, 37.825, -0.271, 32.945, -95.64, 552.61, 888.55, 0.05, 6.56, -10.54, -0.86298, -0.25625, -0.12142, -0.41816
468, 16, 36.998, 0.391, 33.770, 32.41, 734.80, 1048.65, 9.48, 17.26, -37.20, -0.86482, -0.26097, -0.12753, -0.40953
468, 15, 35.443, 0.604, 35.088, 459.59, 1091.13, 1192.63, -10.48, 67.96, -112.27, -0.86744, -0.27194, -0.13015, -0.39579
468, 15, 32.382, 3.002, 35.047, 876.22, 1152.95, 1165.77, -51.72, 147.51, -247.28, -0.87999, -0.26708, -0.14103, -0.36661
468, 17, 31.526, 7.601, 33.317, 681.58, 957.21, 893.98, -123.68, 249.99, -250.00, -0.88944, -0.23948, -0.16881, -0.35079
468, 15, 31.867, 16.028, 34.084, 65.49, 1269.78, 268.25, -209.94, 249.99, -250.00, -0.88842, -0.21574, -0.23546, -0.32974
468, 16, 33.326, 30.682, 32.682, -554.44, 652.59, 38.15, -250.00, 249.99, -250.00, -0.87801, -0.14722, -0.34118, -0.30171
468, 15, 24.866, 45.764, 13.575, -906.86, -657.65, 434.69, -250.00, 245.51, -250.00, -0.87848, 0.02507, -0.40038, -0.25951
468, 15, 7.078, 51.943, -10.322, -1337.83, -1087.46, 762.21, -174.62, 120.40, -199.20, -0.87341, 0.15856, -0.41427, -0.20097
468, 18, 3.598, 50.540, -14.026, -1006.59, -201.35, 946.84, -8.60, 42.51, -105.70, -0.87933, 0.17322, -0.40212, -0.18727
468, 15, 7.501, 45.255, -5.846, -314.15, 684.39, 943.18, 35.74, -21.23, -138.62, -0.90232, 0.11727, -0.36892, -0.18965
468, 15, 5.728, 41.243, -3.024, -485.47, 646.06, 1217.53, 19.69, 8.34, -207.76, -0.92047, 0.08405, -0.34278, -0.16783
468, 16, 0.705, 38.189, -7.828, -816.28, -307.74, 1255.49, 16.30, -16.27, -147.08, -0.93241, 0.10519, -0.31561, -0.14117
468, 15, -2.704, 37.038, -12.456, -1115.17, -1312.19, 953.55, 102.68, -59.43, -32.50, -0.93488, 0.13291, -0.30432, -0.12543
468, 15, 0.402, 36.598, -7.613, -1164.49, -837.83, 651.06, 249.99, -132.19, 91.11, -0.93749, 0.10127, -0.30309, -0.13780
468, 16, 9.471, 36.167, 2.484, -1421.45, -442.08, 275.70, 249.99, -237.21, 233.97, -0.93221, 0.04241, -0.30810, -0.18509
468, 15, 21.802, 34.155, 20.322, -1056.03, 412.90, 1.53, 249.99, -250.00, 249.99, -0.91171, -0.07219, -0.32678, -0.23832
468, 18, 30.442, 23.613, 39.173, -192.87, 837.77, -65.73, 227.66, -250.00, 249.99, -0.88015, -0.23139, -0.30214, -0.28373
468, 15, 31.077, 6.463, 47.749, 684.14, 1374.94, 489.87, 132.20, -250.00, 249.99, -0.85257, -0.35382, -0.20189, -0.32739
468, 15, 29.021, -9.631, 49.381, 967.65, 1307.43, 1052.19, 38.05, -248.18, 249.99, -0.83009, -0.41536, -0.08094, -0.36315
468, 16, 30.589, -20.070, 46.534, 752.38, 1019.41, 1274.29, -10.58, -110.28, 245.80, -0.81159, -0.42062, 0.00129, -0.40545
468, 15, 34.589, -23.465, 40.322, 442.38, 445.98, 1354.00, 1.56, -5.13, 160.61, -0.80966, -0.38604, 0.03582, -0.44061
468, 15, 38.725, -23.165, 36.124, 310.73, 368.29, 1238.10, 55.21, 59.41, 120.96, -0.80768, -0.35685, 0.03678, -0.46794
469, 8, 34.093, 5.323, 36.259, -228.09, 757.69, 1037.05, -8.10, 4.31, 34.97, -0.87348, -0.26616, -0.16649, -0.37211
469, 27, 35.243, 4.384, 34.691, -85.21, 616.64, 929.75, -4.05, 5.00, 22.01, -0.87253, -0.25589, -0.15686, -0.38550
469, 15, 35.930, 3.658, 35.771, -12.70, 885.93, 1067.57, -5.23, 19.78, 17.52, -0.86714, -0.26574, -0.15663, -0.39106
469, 16, 35.987, 3.188, 36.283, 209.47, 1114.62, 1223.27, -30.49, 55.74, -31.08, -0.86531, -0.27120, -0.15499, -0.39200
469, 15, 35.693, 3.825, 35.731, 545.65, 1189.58, 1183.23, -74.88, 126.12, -99.71, -0.86818, -0.26516, -0.15720, -0.38890
469, 16, 35.942, 7.746, 34.434, 505.37, 1107.97, 939.21, -130.99, 232.04, -158.20, -0.87303, -0.24079, -0.18273, -0.38268
469, 16, 35.233, 15.840, 35.020, 150.09, 1524.11, 443.05, -189.91, 249.99, -250.00, -0.87661, -0.21661, -0.24321, -0.35424
469, 15, 35.446, 28.526, 32.633, -392.33, 679.20, 241.03, -250.00, 249.99, -250.00, -0.87440, -0.14901, -0.32839, -0.32461
469, 16, 23.500, 43.753, 11.829, -854.37, -500.79, 498.54, -250.00, 213.57, -237.79, -0.88686, 0.02792, -0.38174, -0.25880
469, 16, 8.555, 47.545, -9.044, -853.45, -866.94, 796.39, -162.71, 110.15, -201.82, -0.88884, 0.14868, -0.38024, -0.20803
469, 15, 2.836, 46.034, -15.665, -790.47, -256.59, 1021.48, -39.75, 75.01, -152.83, -0.89450, 0.18015, -0.36514, -0.18463
469, 17, 3.498, 40.847, -12.284, -254.39, 224.79, 955.08, 13.64, 24.44, -142.88, -0.91555, 0.15130, -0.32793, -0.17703
469, 15, 1.735, 37.599, -8.193, -473.88, 825.68, 1276.86, 27.21, 28.81, -250.00, -0.93246, 0.11045, -0.30935, -0.15043
469, 15, -5.905, 33.924, -14.953, -820.62, -573.97, 1368.96, 31.89, -12.66, -250.00, -0.94350, 0.14408, -0.28001, -0.10316
469, 16, -5.550, 32.892, -14.707, -1151.55, -1254.82, 1028.99, 191.86, -75.78, -6.29, -0.94613, 0.14264, -0.27122, -0.10456
469, 15, -1.097, 33.047, -11.050, -1381.59, -1257.39, 393.92, 249.99, -164.35, 112.53, -0.94536, 0.12306, -0.27114, -0.13278
469, 16, 11.788, 34.181, 4.146, -1149.23, 67.69, 31.07, 249.99, -250.00, 249.99, -0.93385, 0.03132, -0.29406, -0.20116
469, 17, 23.985, 29.128, 24.988, -653.44, 971.31, -158.02, 249.99, -250.00, 249.99, -0.91166, -0.11861, -0.30008, -0.25449
469, 15, 28.602, 14.560, 40.451, 181.82, 1210.82, 292.18, 224.14, -250.00, 249.99, -0.88362, -0.27672, -0.23488, -0.29576
469, 16, 27.535, -1.643, 47.056, 769.90, 1520.08, 865.91, 120.39, -250.00, 249.99, -0.85575, -0.37810, -0.12858, -0.32892
469, 15, 27.045, -13.654, 48.723, 669.13, 1362.85, 1036.25, 25.66, -156.93, 249.99, -0.83054, -0.42161, -0.04143, -0.36157
469, 15, 29.310, -18.907, 44.372, 265.14, 817.69, 1119.81, -30.88, -51.19, 221.22, -0.82673, -0.40231, 0.00460, -0.39326
469, 17, 33.119, -21.990, 38.436, 206.42, 395.39, 1018.80, -13.42, -12.42, 196.97, -0.82533, -0.36811, 0.03658, -0.42661
469, 15, 37.495, -23.614, 33.912, 380.00, 477.91, 1300.42, 21.94, 40.72, 184.22, -0.81821, -0.34205, 0.05288, -0.45905
469, 15, 45.755, -21.909, 31.190, 242.86, 640.63, 1170.78, 46.43, 84.99, 211.48, -0.79540, -0.31999, 0.02779, -0.51397
470, 8, 36.750, 3.961, 37.865, -130.68, 664.43, 879.09, -24.22, -9.48, 39.69, -0.85962, -0.27926, -0.16801, -0.39349
470, 27, 38.326, 2.106, 31.621, -35.16, 407.47, 1080.75, -9.32, 7.90, 56.84, -0.86638, -0.23694, -0.13557, -0.41817
470, 14, 39.320, 1.675, 32.616, -1.77, 976.26, 1195.37, -26.71, 28.38, 47.26, -0.86022, -0.24487, -0.13809, -0.42543
470, 16, 38.942, 1.608, 32.493, 368.71, 1112.12, 1260.99, -64.25, 85.56, -41.66, -0.86182, -0.24465, -0.13632, -0.42289
470, 15, 37.851, 2.586, 30.450, 795.41, 882.69, 1055.42, -109.60, 180.88, -134.03, -0.87090, -0.22683, -0.13397, -0.41490
470, 16, 35.893, 7.417, 31.139, 689.27, 1254.64, 620.36, -140.45, 249.99, -226.32, -0.87960, -0.21687, -0.16909, -0.38817
470, 16, 33.700, 14.920, 27.380, 53.65, 493.65, 471.50, -216.51, 249.99, -250.00, -0.89416, -0.16399, -0.20997, -0.35986
470, 15, 31.388, 30.418, 25.398, -689.09, 898.38, 122.50, -246.46, 249.99, -250.00, -0.89128, -0.09752, -0.31778, -0.30843
470, 16, 21.782, 42.836, 7.415, -1051.39, -556.76, 690.61, -237.90, 212.00, -205.08, -0.89178, 0.05403, -0.36537, -0.26137
470, 16, 10.558, 46.883, -7.121, -917.72, -288.94, 805.54, -121.76, 107.42, -220.09, -0.88987, 0.13946, -0.37609, -0.21733
470, 15, 3.296, 43.757, -13.931, -642.03, -163.09, 940.55, -16.04, 38.77, -219.80, -0.90418, 0.16627, -0.34905, -0.18160
470, 16, 1.077, 39.115, -12.472, -416.87, 421.69, 1105.35, 0.95, 16.67, -250.00, -0.92414, 0.14457, -0.31672, -0.15733
470, 16, -7.094, 34.736, -19.977, -728.82, -760.19, 1224.73, 49.22, -4.10, -250.00, -0.93530, 0.18246, -0.28380, -0.10666
470, 15, -8.940, 33.878, -20.996, -1365.78, -1210.14, 1022.83, 174.49, -60.65, -98.12, -0.93751, 0.18628, -0.27883, -0.09292
470, 16, -6.227, 35.357, -16.241, -1713.26, -1050.72, 351.62, 249.99, -150.20, 39.75, -0.93833, 0.15414, -0.29108, -0.10509
470, 16, 5.533, 37.005, -2.858, -1490.91, -92.29, 0.85, 249.99, -250.00, 222.90, -0.93323, 0.07658, -0.30877, -0.16699
470, 15, 18.495, 36.625, 15.814, -1210.08, 636.72, -434.02, 249.99, -250.00, 249.99, -0.91526, -0.03890, -0.33525, -0.22000
470, 17, 28.557, 28.152, 36.762, -251.53, 828.06, -287.54, 244.99, -250.00, 249.99, -0.88602, -0.20183, -0.32571, -0.26104
470, 15, 28.890, 9.499, 43.822, 1043.82, 1341.43, 793.33, 130.01, -250.00, 249.99, -0.87240, -0.31841, -0.20691, -0.30775
471, 7, 34.119, 10.405, 39.577, -7.08, 817.50, 911.62, -23.28, -9.95, 60.38, -0.86879, -0.27346, -0.21488, -0.35248
471, 26, 36.237, 11.504, 36.379, -355.47, 611.33, 961.98, -15.58, 5.97, 72.53, -0.86979, -0.24118, -0.21764, -0.37140
471, 17, 37.260, 9.597, 36.659, -132.69, 806.58, 1011.23, -16.61, 15.94, 55.27, -0.86491, -0.24856, -0.20671, -0.38395
471, 15, 37.529, 7.617, 36.599, 233.40, 1057.07, 1198.49, -36.67, 58.42, -5.78, -0.86291, -0.25507, -0.19253, -0.39149
471, 16, 38.391, 8.223, 35.641, 331.30, 1192.99, 1231.93, -88.32, 144.68, -43.02, -0.86243, -0.24410, -0.19557, -0.39798
471, 15, 39.754, 12.952, 33.443, 159.12, 1020.87, 976.68, -159.19, 249.99, -94.50, -0.86418, -0.20657, -0.22523, -0.39974
471, 15, 40.454, 19.858, 33.263, 116.70, 1509.09, 295.59, -250.00, 249.99, -177.90, -0.86249, -0.17558, -0.27559, -0.38642
471, 16, 40.853, 29.115, 33.462, -101.20, 1158.33, 68.48, -250.00, 249.99, -250.00, -0.85670, -0.13704, -0.34176, -0.36123
471, 15, 25.376, 42.073, 9.125, -417.66, -457.82, 410.16, -250.00, 195.76, -250.00, -0.88612, 0.05001, -0.36201, -0.28501
471, 17, 10.796, 47.525, -10.243, -961.49, -577.94, 718.99, -177.59, 129.39, -213.18, -0.88299, 0.16531, -0.37473, -0.22931
471, 16, 0.573, 47.529, -22.806, -1159.00, -585.94, 934.57, -88.20, 58.40, -177.49, -0.88013, 0.22894, -0.36928, -0.19128
471, 15, 0.002, 42.455, -21.942, -485.60, -15.08, 975.10, -19.52, 3.33, -150.10, -0.90020, 0.21883, -0.33156, -0.17837
471, 15, -1.160, 36.767, -17.350, -248.60, 619.38, 1154.11, 14.89, 6.55, -250.00, -0.92717, 0.17659, -0.29412, -0.15055
471, 16, -8.484, 31.442, -23.226, -666.50, -716.92, 1275.70, 32.52, -10.33, -250.00, -0.93934, 0.20587, -0.25613, -0.09821
471, 15, -11.051, 29.907, -25.427, -1209.96, -1643.74, 1045.23, 158.78, -49.87, -95.41, -0.94082, 0.21860, -0.24653, -0.07937
471, 16, -8.792, 30.071, -22.495, -1449.58, -1451.66, 652.65, 249.99, -121.25, 16.28, -0.94410, 0.19930, -0.24597, -0.09194
471, 16, 1.699, 33.492, -12.995, -1554.57, -535.22, -385.01, 249.99, -250.00, 222.99, -0.93835, 0.14598, -0.26905, -0.16060
471, 16, 16.768, 32.989, 8.523, -695.86, 866.94, -408.94, 249.99, -250.00, 249.99, -0.92794, 0.00590, -0.29191, -0.23170
471, 16, 26.070, 19.812, 28.616, 256.47, 1315.73, 163.21, 249.99, -250.00, 249.99, -0.91184, -0.17203, -0.23971, -0.28548
471, 15, 27.643, 2.884, 38.731, 1030.82, 1729.00, 848.94, 156.20, -250.00, 249.99, -0.88507, -0.30164, -0.13950, -0.32590
472, 7, 37.942, 3.665, 36.639, -67.93, 646.06, 1021.18, -6.38, -2.55, 67.73, -0.85813, -0.26942, -0.16440, -0.40497
472, 28, 39.204, -0.482, 35.947, 85.14, 683.41, 976.20, 1.91, 16.97, 63.10, -0.85066, -0.27794, -0.13411, -0.42561
472, 15, 39.164, -0.863, 35.804, 87.89, 761.72, 1057.80, 1.35, 42.83, 27.14, -0.85068, -0.27833, -0.13066, -0.42639
472, 16, 38.396, 0.628, 36.722, 217.04, 1098.57, 1220.64, -13.55, 90.55, -50.59, -0.85307, -0.28059, -0.14324, -0.41595
472, 15, 35.713, 4.976, 37.585, 609.74, 1568.97, 1191.41, -63.37, 169.82, -215.13, -0.86473, -0.27505, -0.17209, -0.38337
472, 15, 34.668, 10.803, 37.102, 595.95, 1424.32, 732.18, -152.71, 249.99, -250.00, -0.87295, -0.25219, -0.21139, -0.36010
472, 16, 34.854, 16.486, 36.251, 410.52, 1092.83, 137.63, -250.00, 249.99, -250.00, -0.87542, -0.22442, -0.25099, -0.34682
472, 16, 36.237, 32.266, 35.666, -542.05, 593.87, -164.25, -250.00, 249.99, -250.00, -0.86465, -0.15471, -0.36411, -0.30963
472, 16, 21.071, 47.074, 11.743, -1283.81, -1113.46, 539.37, -250.00, 167.90, -250.00, -0.88233, 0.02955, -0.40710, -0.23429
472, 16, 6.372, 49.469, -8.187, -1042.60, -974.06, 947.45, -134.27, 74.29, -178.78, -0.88671, 0.13692, -0.39954, -0.18806
472, 15, 0.122, 47.215, -14.642, -793.95, -264.16, 900.94, -5.91, 39.22, -160.18, -0.89596, 0.16404, -0.38013, -0.16080
472, 16, -0.305, 43.911, -11.824, -750.43, 364.87, 1103.64, 20.55, 1.43, -195.46, -0.91163, 0.13857, -0.35809, -0.14664
472, 16, -4.206, 37.106, -13.908, -448.61, -218.26, 1252.56, 36.09, -29.77, -190.66, -0.93454, 0.14079, -0.30514, -0.11708
472, 15, -5.948, 32.950, -15.485, -547.30, -621.52, 1143.80, 92.14, -24.63, -87.33, -0.94536, 0.14813, -0.27150, -0.10318
472, 16, -3.862, 31.504, -11.429, -845.58, -592.41, 1095.15, 211.12, -62.37, -1.46, -0.95172, 0.11887, -0.26081, -0.10988
472, 15, -0.201, 32.755, -5.620, -1460.21, -747.13, 582.89, 249.99, -149.32, 84.00, -0.94990, 0.08005, -0.27407, -0.12718
472, 16, 7.496, 32.959, 4.854, -1458.07, -145.08, 159.12, 249.99, -250.00, 178.26, -0.94378, 0.01246, -0.28604, -0.16522
472, 16, 16.703, 32.770, 19.316, -1368.59, 305.60, -326.35, 249.99, -250.00, 235.98, -0.92493, -0.08213, -0.31064, -0.20314
473, 8, 38.283, -0.755, 38.487, 158.63, 728.64, 1000.67, -30.92, 12.35, 22.44, -0.84730, -0.29885, -0.13910, -0.41644
473, 26, 37.884, 3.126, 36.661, -14.89, 913.39, 1174.62, -28.50, 68.20, -16.46, -0.85775, -0.27166, -0.16034, -0.40590
473, 16, 35.975, 5.162, 36.406, 476.81, 1125.24, 1130.00, -56.47, 131.37, -161.45, -0.86679, -0.26509, -0.17013, -0.38661
473, 15, 34.356, 10.138, 36.228, 602.36, 1266.78, 877.01, -107.03, 229.39, -250.00, -0.87555, -0.24849, -0.20302, -0.36117
473, 16, 34.347, 17.461, 36.014, 175.48, 1317.44, 490.78, -193.67, 249.99, -250.00, -0.87738, -0.22010, -0.25643, -0.34059
473, 16, 33.658, 30.965, 33.389, -393.98, 713.07, 226.38, -250.00, 249.99, -250.00, -0.87591, -0.15055, -0.34548, -0.30126
473, 16, 26.854, 46.886, 19.167, -733.83, -47.00, 325.44, -250.00, 249.99, -250.00, -0.87132, -0.00696, -0.42091, -0.25214
473, 15, 10.700, 55.217, -4.773, -1028.56, -544.01, 388.67, -239.67, 134.44, -244.85, -0.86111, 0.13430, -0.44465, -0.20671
473, 17, -3.332, 53.464, -23.775, -1043.82, -1034.30, 884.70, -105.24, 62.48, -170.99, -0.86187, 0.22336, -0.42155, -0.17200
473, 15, -2.503, 51.523, -23.104, -921.63, -104.92, 908.14, -2.31, 40.29, -113.81, -0.86952, 0.22139, -0.40601, -0.17346
473, 15, 2.324, 47.875, -15.352, -543.46, 559.75, 936.83, 26.47, -0.68, -151.60, -0.88925, 0.17727, -0.38101, -0.18069
473, 16, 2.367, 43.587, -13.214, -605.59, 259.46, 1088.20, 7.57, 0.44, -176.24, -0.90719, 0.15763, -0.35011, -0.17199
473, 15, -1.223, 38.370, -16.504, -636.60, -378.05, 1196.96, 28.69, -19.97, -158.66, -0.92389, 0.17037, -0.30841, -0.14926
473, 16, -5.067, 35.071, -19.615, -813.66, -1099.49, 1134.64, 108.49, -40.90, -49.48, -0.93296, 0.18456, -0.28366, -0.12271
473, 16, -4.137, 34.785, -15.721, -1103.15, -1014.83, 859.13, 248.72, -82.12, 46.90, -0.93851, 0.15498, -0.28407, -0.12035
473, 16, 2.235, 35.636, -8.431, -1462.52, -782.78, 231.20, 249.99, -209.40, 176.86, -0.93704, 0.11186, -0.29243, -0.15470
473, 16, 12.716, 36.631, 5.188, -1471.01, 2.20, -57.43, 249.99, -250.00, 249.99, -0.92635, 0.03018, -0.31541, -0.20365
474, 7, 35.959, 4.284, 37.990, 9.89, 742.92, 965.33, -22.52, 3.14, 66.32, -0.86231, -0.28020, -0.16890, -0.38649
474, 27, 37.261, 5.802, 36.113, -175.96, 843.99, 1112.92, -31.82, 38.14, 59.12, -0.86358, -0.25859, -0.17684, -0.39508
474, 15, 37.030, 5.745, 36.102, 116.52, 1226.75, 1300.60, -53.83, 67.92, -17.53, -0.86435, -0.25907, -0.17585, -0.39351
474, 16, 34.456, 7.968, 35.033, 504.58, 1255.31, 1100.71, -103.85, 137.08, -177.75, -0.87676, -0.24694, -0.18321, -0.36980
474, 16, 33.261, 13.040, 33.884, 683.35, 1407.17, 417.36, -221.44, 249.99, -250.00, -0.88459, -0.22208, -0.21518, -0.34910
474, 17, 33.314, 20.547, 33.703, 100.16, 777.95, 94.73, -250.00, 249.99, -250.00, -0.88390, -0.19325, -0.27046, -0.32898
474, 15, 28.896, 40.012, 21.740, -883.12, -259.58, -64.15, -250.00, 249.99, -236.57, -0.88297, -0.04273, -0.37743, -0.27584
474, 15, 17.935, 52.123, 2.163, -1571.66, -669.01, 488.89, -250.00, 194.80, -221.04, -0.86621, 0.10379, -0.42716, -0.23759
474, 16, 6.167, 53.813, -16.437, -1381.23, -1133.18, 967.16, -146.32, 89.18, -124.48, -0.85801, 0.20319, -0.41901, -0.21672
474, 15, 7.188, 52.296, -16.485, -962.10, -80.75, 880.00, -16.08, 27.80, -82.98, -0.86202, 0.20597, -0.40540, -0.22393
474, 15, 10.753, 48.227, -11.390, -508.54, 225.77, 872.50, 21.62, 0.80, -92.12, -0.87884, 0.17494, -0.37798, -0.23273
474, 16, 9.902, 44.686, -7.185, -544.07, 440.12, 970.09, 24.33, 0.73, -148.74, -0.89854, 0.13464, -0.35941, -0.21289
474, 16, 7.153, 41.884, -7.149, -674.19, 125.49, 1083.25, 4.07, 4.89, -128.18, -0.91253, 0.12213, -0.34019, -0.19141
474, 15, 3.236, 38.607, -10.714, -658.51, -377.44, 1102.42, 23.05, -13.55, -71.78, -0.92472, 0.13589, -0.31245, -0.16971
474, 16, 0.949, 35.986, -12.410, -769.59, -642.58, 1130.31, 88.02, -38.32, -23.09, -0.93342, 0.14137, -0.29136, -0.15447
474, 15, 0.956, 35.199, -9.894, -1037.96, -672.85, 940.43, 189.89, -87.70, 22.94, -0.93843, 0.12020, -0.28819, -0.14781
474, 17, 2.523, 34.179, -4.641, -1101.07, -562.99, 738.46, 249.99, -154.67, 56.46, -0.94370, 0.08000, -0.28516, -0.14736
474, 15, 8.779, 34.410, 4.228, -1269.71, -314.15, 114.07, 249.99, -242.77, 183.88, -0.93827, 0.02331, -0.29677, -0.17618
475, 7, 36.203, 6.583, 41.971, -64.21, 859.38, 776.79, -11.57, 5.46, 79.22, -0.85348, -0.30138, -0.19970, -0.37533
475, 26, 38.193, 3.351, 42.458, 71.66, 949.52, 801.21, -50.75, 35.02, 36.46, -0.84211, -0.31337, -0.18314, -0.39888
475, 17, 37.232, 7.287, 31.546, -297.18, -288.33, 1880.98, -106.89, 80.09, -45.09, -0.87417, -0.21847, -0.17204, -0.39811
475, 15, 37.557, 8.961, 31.661, 115.42, 1183.04, 1461.61, -53.36, 127.28, -54.45, -0.87364, -0.21253, -0.18558, -0.39641
475, 16, 37.398, 12.588, 32.564, 489.93, 1517.03, 884.52, -126.90, 213.51, -157.77, -0.87373, -0.20585, -0.21531, -0.38453
475, 15, 36.088, 16.258, 30.034, 725.65, 1107.12, 363.04, -250.00, 249.99, -250.00, -0.88241, -0.17498, -0.23201, -0.37002
475, 15, 36.720, 29.085, 30.536, -354.31, 792.85, -99.49, -250.00, 249.99, -239.28, -0.87272, -0.12716, -0.32785, -0.33868
475, 17, 28.292, 45.147, 12.587, -1191.77, -725.59, 392.21, -250.00, 249.99, -225.69, -0.87171, 0.04255, -0.39245, -0.29034
475, 15, 15.691, 54.171, -5.346, -1527.47, -372.31, 659.24, -192.86, 148.76, -167.98, -0.85466, 0.15592, -0.42928, -0.24690
475, 16, 8.552, 54.672, -14.502, -1289.00, -373.11, 927.61, -59.64, 49.74, -88.38, -0.85328, 0.19829, -0.42516, -0.22766
475, 16, 8.442, 49.987, -13.383, -549.32, 91.00, 909.36, -11.24, 4.23, -113.04, -0.87378, 0.18457, -0.39139, -0.22193
475, 15, 8.019, 45.098, -9.593, -432.86, 440.67, 996.64, 22.83, -2.69, -181.07, -0.89761, 0.14815, -0.36061, -0.20567
475, 15, 4.430, 40.825, -9.879, -537.48, 139.95, 1049.32, 14.50, -0.50, -194.80, -0.91718, 0.13473, -0.33031, -0.17757
475, 16, 2.021, 37.936, -11.450, -674.62, -185.73, 1058.72, 19.06, 1.68, -118.41, -0.92757, 0.13795, -0.30735, -0.16162
475, 15, -1.414, 36.245, -15.008, -948.55, -960.39, 1088.81, 96.86, -34.15, -59.31, -0.93237, 0.15666, -0.29319, -0.14203
475, 16, -1.260, 35.185, -12.204, -1200.13, -1016.66, 886.47, 242.44, -104.20, 11.18, -0.93865, 0.13354, -0.28767, -0.13545
475, 16, 2.967, 35.851, -6.581, -1440.67, -903.87, 196.72, 249.99, -195.25, 132.51, -0.93716, 0.09883, -0.29603, -0.15597
475, 16, 12.555, 36.941, 5.187, -1340.52, -204.16, -181.70, 249.99, -250.00, 249.99, -0.92583, 0.03036, -0.31794, -0.20205
475, 16, 25.131, 29.717, 27.603, -499.45, 1485.90, -326.66, 249.99, -250.00, 249.99, -0.90539, -0.13441, -0.31163, -0.25512
476, 8, 36.843, 8.773, 41.636, -43.15, 869.69, 858.89, -58.61, 38.37, 18.23, -0.85406, -0.28973, -0.21618, -0.37403
476, 26, 35.368, 13.273, 24.661, -353.58, -211.91, 1537.05, -80.15, 65.37, 6.61, -0.89269, -0.14592, -0.19092, -0.38127
476, 16, 38.117, 13.623, 27.220, -156.56, 1113.83, 1272.22, -45.29, 93.19, 52.36, -0.87991, -0.15962, -0.20592, -0.39733
476, 15, 38.097, 14.725, 28.798, 333.98, 1421.57, 1011.84, -106.15, 148.20, -89.23, -0.87771, -0.16745, -0.21952, -0.39167
476, 15, 36.873, 18.596, 27.660, 535.10, 1233.03, 616.46, -206.11, 242.45, -191.12, -0.88260, -0.14608, -0.24274, -0.37516
476, 18, 36.805, 30.447, 25.279, -423.10, 619.45, 298.77, -250.00, 249.99, -173.95, -0.87576, -0.08137, -0.32188, -0.35046
476, 15, 29.375, 46.327, 10.764, -953.74, -185.67, 237.00, -250.00, 238.49, -201.92, -0.86470, 0.06390, -0.39588, -0.30247
476, 15, 21.691, 54.335, -4.474, -1215.64, -248.96, 551.64, -240.76, 156.68, -115.94, -0.84126, 0.17214, -0.42395, -0.28793
476, 16, 19.954, 56.067, -11.736, -823.18, -0.37, 703.74, -199.23, 121.89, -68.09, -0.82628, 0.22209, -0.42119, -0.30089
476, 15, 15.706, 53.487, -18.457, -547.36, 64.94, 816.47, -156.26, 81.46, -155.08, -0.83403, 0.25161, -0.39306, -0.29426
476, 16, 8.951, 48.919, -26.636, -549.74, -279.72, 933.53, -105.39, 59.81, -156.84, -0.84956, 0.28503, -0.35364, -0.26822
476, 16, 4.357, 45.885, -29.388, -863.53, -287.48, 1051.03, -37.90, 35.71, -127.17, -0.86402, 0.29016, -0.33548, -0.23820
476, 16, 6.857, 43.468, -22.061, -519.65, 377.38, 909.42, 15.51, 1.97, -111.53, -0.88428, 0.24002, -0.32570, -0.23317
476, 16, 3.603, 39.316, -20.842, -613.65, 13.24, 1066.77, 15.61, -5.47, -177.03, -0.90632, 0.21843, -0.30128, -0.20027
476, 15, -1.551, 34.679, -24.160, -684.51, -781.19, 1185.73, 56.88, -22.44, -121.57, -0.92143, 0.22972, -0.26846, -0.16160
476, 15, -3.039, 33.253, -23.967, -889.77, -1025.02, 1050.35, 143.75, -32.27, -16.05, -0.92761, 0.22431, -0.26001, -0.14704
476, 16, 0.045, 32.993, -14.840, -807.62, -329.47, 877.01, 249.99, -78.23, 13.60, -0.93946, 0.15686, -0.26460, -0.15100
476, 15, 5.279, 33.438, -3.784, -960.14, -39.18, 740.97, 249.99, -121.51, 71.26, -0.94239, 0.07883, -0.27831, -0.16800
476, 15, 10.092, 34.439, 4.516, -1175.54, -262.57, 292.66, 249.99, -190.15, 151.96, -0.93618, 0.02441, -0.29719, -0.18614
476, 17, 19.844, 32.928, 18.276, -1077.76, 100.04, 124.27, 249.99, -250.00, 249.99, -0.91934, -0.06480, -0.31192, -0.23093
476, 16, 28.312, 22.066, 37.124, -256.23, 1070.98, 99.55, 244.61, -250.00, 249.99, -0.89022, -0.22640, -0.28156, -0.27745
476, 16, 29.269, 6.018, 46.077, 419.01, 1248.96, 542.91, 140.52, -250.00, 249.99, -0.86237, -0.34580, -0.18838, -0.31821
476, 15, 28.094, -7.966, 48.761, 504.88, 1112.85, 910.83, 65.98, -218.80, 249.99, -0.83832, -0.40720, -0.08813, -0.35162
476, 15, 28.135, -17.136, 48.412, 345.64, 976.75, 954.35, 25.67, -134.87, 231.49, -0.82032, -0.42722, -0.01820, -0.37977
476, 16, 29.850, -22.230, 44.991, 356.08, 795.78, 1130.98, 0.08, -77.55, 186.90, -0.81418, -0.41474, 0.02576, -0.40551
477, 7, 34.498, 6.125, 37.907, -171.26, 689.21, 902.16, -9.75, -5.68, -32.01, -0.86888, -0.27528, -0.17880, -0.37055
477, 28, 33.779, 5.605, 37.948, -66.89, 699.89, 893.68, 0.25, 0.48, -28.40, -0.87069, -0.27850, -0.17331, -0.36646
477, 15, 33.541, 5.851, 38.472, -78.86, 727.60, 870.36, 0.85, 7.49, -32.60, -0.87036, -0.28201, -0.17623, -0.36316
477, 16, 33.199, 6.961, 36.446, -149.29, 597.84, 985.90, -2.98, 9.96, -31.20, -0.87703, -0.26326, -0.17735, -0.36063
477, 14, 33.400, 6.927, 36.971, -100.28, 692.69, 889.83, 3.85, 8.77, -20.61, -0.87516, -0.26707, -0.17921, -0.36145
477, 15, 33.773, 7.142, 37.521, -118.96, 727.05, 900.63, -0.23, 13.48, -15.38, -0.87284, -0.26993, -0.18343, -0.36283
477, 16, 34.241, 7.265, 37.632, -111.51, 730.59, 926.51, -5.47, 20.21, -12.47, -0.87117, -0.26960, -0.18581, -0.36587
477, 15, 34.829, 7.181, 37.919, -78.74, 883.97, 1057.19, -12.71, 32.63, -13.97, -0.86854, -0.27111, -0.18749, -0.37010
477, 15, 34.719, 7.711, 38.242, 98.51, 1092.90, 1113.16, -37.57, 73.49, -64.47, -0.86849, -0.27186, -0.19220, -0.36725
477, 17, 34.833, 9.031, 37.280, 337.34, 1043.70, 1041.99, -79.13, 143.77, -113.36, -0.87117, -0.25964, -0.19919, -0.36604
477, 15, 35.906, 13.475, 35.911, 243.41, 1169.68, 984.74, -136.83, 230.09, -146.29, -0.87244, -0.23089, -0.22994, -0.36424
477, 15, 36.611, 19.464, 32.848, 99.98, 947.33, 570.98, -250.00, 249.99, -192.65, -0.87573, -0.18309, -0.26538, -0.35937
477, 17, 38.226, 30.190, 32.613, -329.53, 879.09, 133.12, -250.00, 249.99, -215.65, -0.86485, -0.13401, -0.34352, -0.34070
477, 15, 31.675, 43.517, 16.036, -754.76, -320.68, 504.58, -250.00, 229.30, -176.15, -0.86819, 0.02240, -0.38862, -0.30778
477, 15, 21.675, 50.879, -0.579, -1156.37, -463.68, 722.53, -180.41, 144.05, -158.71, -0.85944, 0.13521, -0.40774, -0.27718
477, 16, 13.542, 51.761, -12.261, -1087.34, -473.94, 928.77, -75.39, 70.21, -110.17, -0.85820, 0.19594, -0.39899, -0.25672
477, 16, 11.674, 49.601, -11.744, -751.59, 59.39, 850.22, 5.02, 20.48, -106.06, -0.87133, 0.18259, -0.38652, -0.24095
477, 17, 11.135, 45.609, -7.117, -487.12, 689.21, 1063.17, 25.25, 3.84, -191.16, -0.89316, 0.13938, -0.36537, -0.22211
477, 15, 3.021, 39.258, -12.135, -555.91, -386.60, 1274.96, 60.01, -36.60, -195.67, -0.92134, 0.14735, -0.31589, -0.17212
477, 15, -0.601, 34.647, -12.668, -686.10, -772.09, 1237.85, 166.21, -55.74, -80.64, -0.93875, 0.13863, -0.28188, -0.14167
477, 16, 0.137, 35.820, -7.880, -1372.99, -602.23, 552.92, 249.99, -125.89, -0.99, -0.93972, 0.10212, -0.29660, -0.13614
477, 15, 8.128, 36.259, 3.622, -1467.35, -66.35, 274.72, 249.99, -218.38, 151.47, -0.93441, 0.02967, -0.31105, -0.17100
477, 15, 19.723, 32.686, 22.039, -941.77, 643.25, 102.54, 249.99, -250.00, 238.10, -0.91739, -0.09598, -0.31736, -0.22013
477, 17, 28.290, 23.370, 40.319, -566.71, 915.71, 134.16, 248.69, -250.00, 249.99, -0.88303, -0.24671, -0.29864, -0.26498
477, 16, 29.412, 7.863, 49.755, 193.12, 1007.93, 463.13, 175.73, -250.00, 249.99, -0.85210, -0.36730, -0.21237, -0.30645
477, 16, 29.340, -4.971, 52.747, 376.77, 1157.29, 848.94, 79.48, -175.51, 249.99, -0.82531, -0.42701, -0.12702, -0.34698
477, 15, 30.779, -13.703, 51.252, 287.96, 1055.05, 1067.20, 28.53, -100.72, 249.99, -0.80874, -0.43811, -0.06334, -0.38728
477, 15, 34.367, -17.482, 46.508, 23.80, 534.79, 946.11, 11.70, -40.97, 231.86, -0.80456, -0.41323, -0.03177, -0.42534
477, 16, 39.546, -20.846, 40.838, 146.67, 371.95, 1174.62, 36.80, -3.75, 231.11, -0.79528, -0.38272, -0.00252, -0.47015
478, 7, 34.775, 6.067, 42.481, 40.22, 823.91, 823.12, -1.54, -20.34, 43.21, -0.85627, -0.30947, -0.19377, -0.36536
478, 27, 36.539, 2.517, 42.455, 7.45, 854.49, 842.04, -27.02, 9.41, 47.14, -0.84683, -0.31891, -0.17248, -0.38914
478, 15, 36.592, 3.462, 40.993, -130.13, 727.66, 834.05, -36.36, 6.46, 25.66, -0.85169, -0.30464, -0.17460, -0.38902
478, 15, 36.918, 3.942, 37.346, -133.24, 532.90, 960.08, -27.71, 5.43, 28.28, -0.86029, -0.27519, -0.16649, -0.39555
478, 16, 37.579, 4.911, 36.927, -189.33, 690.43, 951.60, -2.75, 6.92, 37.75, -0.85987, -0.26752, -0.17378, -0.39857
478, 15, 38.031, 3.396, 36.922, 32.96, 790.83, 1008.91, -10.89, 18.49, 22.67, -0.85688, -0.27241, -0.16362, -0.40593
478, 15, 38.091, 2.577, 36.984, 247.31, 1049.44, 1181.64, -31.72, 58.14, -23.18, -0.85569, -0.27580, -0.15791, -0.40841
478, 16, 37.349, 3.032, 36.359, 693.36, 1175.78, 1148.32, -71.91, 131.97, -116.42, -0.86026, -0.27048, -0.15731, -0.40255
478, 15, 35.830, 7.625, 33.952, 556.15, 890.01, 905.88, -126.21, 237.34, -229.44, -0.87435, -0.23773, -0.17999, -0.38289
478, 16, 35.381, 15.848, 35.359, 133.18, 1488.65, 331.54, -179.18, 249.99, -250.00, -0.87551, -0.21885, -0.24460, -0.35462
478, 16, 34.813, 29.439, 30.492, -423.95, 481.14, 336.12, -250.00, 249.99, -250.00, -0.87793, -0.13088, -0.32811, -0.32320
478, 15, 27.842, 46.973, 17.722, -709.47, 79.28, 222.35, -250.00, 247.44, -250.00, -0.86885, 0.00792, -0.41828, -0.26473
478, 17, 12.359, 53.993, -3.157, -1097.17, -713.20, 627.01, -151.87, 136.12, -203.96, -0.86476, 0.12660, -0.43644, -0.21375
478, 15, 3.664, 54.976, -14.326, -1250.67, -474.55, 840.03, -45.49, 66.17, -127.02, -0.86124, 0.17886, -0.43586, -0.19051
478, 16, 5.441, 51.012, -10.951, -694.82, 210.45, 907.29, 20.29, -0.31, -131.03, -0.87892, 0.15655, -0.40822, -0.19066
478, 16, 7.263, 44.772, -5.003, -152.04, 683.84, 936.16, 31.52, -7.10, -193.16, -0.90516, 0.10922, -0.36670, -0.18519
478, 15, 3.059, 39.011, -5.610, -277.16, 342.90, 1205.63, 14.69, 11.67, -250.00, -0.92891, 0.09452, -0.32313, -0.15418
478, 15, -2.658, 35.982, -10.928, -735.84, -455.44, 1230.22, 44.83, -4.36, -186.63, -0.93946, 0.11998, -0.29722, -0.12118
478, 16, -4.088, 36.641, -12.060, -1335.02, -809.81, 982.48, 131.45, -45.23, -68.68, -0.93788, 0.12583, -0.30303, -0.11282
478, 15, -2.335, 37.202, -7.210, -1389.47, -679.69, 711.18, 231.52, -120.53, 34.21, -0.93915, 0.09110, -0.31080, -0.11444
478, 17, 3.977, 36.384, 1.191, -1512.57, -490.23, 283.57, 249.99, -248.12, 159.36, -0.93906, 0.03848, -0.30996, -0.14358
478, 15, 12.944, 36.601, 13.065, -1236.02, -135.19, -183.59, 249.99, -250.00, 249.99, -0.92595, -0.03294, -0.32849, -0.18339
478, 16, 23.336, 25.310, 33.807, -151.18, 960.51, 71.78, 249.99, -250.00, 249.99, -0.90524, -0.20218, -0.28904, -0.23689
478, 16, 24.881, 8.343, 44.005, 659.12, 1409.55, 537.05, 159.48, -250.00, 249.99, -0.88155, -0.33023, -0.18738, -0.28054
478, 15, 24.089, -6.978, 47.148, 996.03, 1434.69, 1006.35, 50.56, -203.49, 249.99, -0.85739, -0.39568, -0.07684, -0.32003
478, 15, 26.138, -16.689, 45.776, 665.71, 1089.60, 1152.34, -2.33, -61.55, 249.99, -0.83744, -0.40733, -0.00576, -0.36435
479, 7, 38.075, 1.667, 43.348, -92.16, 745.00, 799.01, -5.58, -26.18, 103.96, -0.83795, -0.32617, -0.17368, -0.40159
479, 27, 39.016, -3.174, 43.768, 46.14, 883.61, 830.69, -15.73, -18.54, 93.28, -0.82620, -0.34514, -0.14269, -0.42180
479, 15, 38.899, -4.407, 42.986, 60.79, 826.05, 838.44, -27.70, -7.29, 69.55, -0.82692, -0.34396, -0.13044, -0.42530
479, 16, 38.676, -3.946, 41.685, -4.94, 783.33, 848.94, -35.85, -0.96, 51.42, -0.83236, -0.33318, -0.12835, -0.42392
479, 14, 37.711, -2.169, 39.985, -59.51, 719.12, 877.50, -34.48, -0.85, 6.19, -0.84342, -0.31561, -0.13252, -0.41410
479, 15, 36.176, -0.877, 37.832, 11.90, 670.17, 926.70, -28.14, 5.54, -33.49, -0.85637, -0.29689, -0.13038, -0.40185
479, 16, 35.591, 1.322, 34.992, -65.98, 620.73, 1207.46, -7.56, 23.45, -40.89, -0.86790, -0.26852, -0.13559, -0.39529
479, 16, 34.749, 2.075, 36.076, 257.02, 1199.58, 1340.58, -12.05, 58.95, -86.84, -0.86895, -0.27514, -0.14297, -0.38573
479, 15, 32.240, 5.103, 36.171, 614.26, 1292.97, 1180.30, -62.96, 138.53, -229.58, -0.87943, -0.26888, -0.16022, -0.35864
479, 16, 31.659, 9.161, 34.687, 775.88, 1100.52, 833.44, -136.97, 245.03, -250.00, -0.88679, -0.24462, -0.18512, -0.34568
479, 16, 32.313, 16.456, 35.339, 206.24, 1313.11, 269.41, -208.29, 249.99, -250.00, -0.88470, -0.22300, -0.24312, -0.32935
479, 16, 32.636, 30.251, 30.942, -337.10, 358.09, 222.23, -250.00, 249.99, -250.00, -0.88247, -0.13751, -0.33263, -0.30282
479, 15, 31.500, 46.773, 23.344, -796.39, 195.92, 82.28, -250.00, 249.99, -250.00, -0.86047, -0.02167, -0.43025, -0.27205
479, 15, 10.547, 56.584, -5.800, -942.08, -694.76, 419.43, -250.00, 164.17, -236.53, -0.85458, 0.14336, -0.45332, -0.20888
479, 17, -4.402, 56.410, -26.331, -1335.69, -994.75, 873.78, -161.64, 89.16, -158.20, -0.84640, 0.23774, -0.44221, -0.17758
479, 16, -8.604, 52.414, -32.041, -1145.02, -676.70, 1019.35, -31.18, 25.14, -113.06, -0.85595, 0.26660, -0.41281, -0.16084
479, 15, -3.518, 48.424, -22.859, -627.44, 539.18, 1001.28, 42.69, -12.71, -167.48, -0.88307, 0.21603, -0.38417, -0.16105
479, 16, -5.845, 41.531, -22.356, -594.48, -205.57, 1161.44, 44.38, -29.56, -183.95, -0.91033, 0.20495, -0.33440, -0.13219
479, 15, -5.785, 37.572, -21.034, -756.47, -564.09, 1199.89, 86.78, -20.35, -61.32, -0.92444, 0.19451, -0.30377, -0.12369
479, 15, -4.297, 35.348, -18.113, -1006.10, -1026.43, 1166.32, 192.86, -69.12, 30.63, -0.93373, 0.17429, -0.28636, -0.12557
479, 16, 0.848, 34.823, -12.657, -1149.72, -974.61, 440.67, 249.99, -181.37, 148.29, -0.93642, 0.14224, -0.28157, -0.15362
479, 16, 12.226, 35.633, 0.109, -1329.53, -231.81, 131.04, 249.99, -250.00, 249.99, -0.92766, 0.06801, -0.29831, -0.21409
479, 17, 24.847, 32.211, 20.389, -963.01, 909.97, -17.52, 249.99, -250.00, 249.99, -0.90856, -0.07012, -0.31392, -0.26656
479, 15, 32.005, 22.318, 38.730, -251.16, 950.01, -44.62, 231.37, -250.00, 249.99, -0.87760, -0.22862, -0.29479, -0.30109
480, 7, 39.793, -1.775, 42.344, 17.40, 836.43, 886.78, -9.96, -10.51, 85.90, -0.82974, -0.32886, -0.14991, -0.42534
480, 27, 39.038, -0.735, 39.494, -37.54, 673.03, 883.67, -7.29, -0.17, 28.76, -0.84192, -0.30526, -0.14492, -0.42070
480, 15, 38.060, -0.339, 39.383, -2.08, 695.25, 857.30, 4.65, -0.93, -1.75, -0.84630, -0.30425, -0.14483, -0.41260
480, 15, 37.115, -0.144, 40.521, 29.85, 791.32, 837.59, 7.46, 3.17, -18.65, -0.84685, -0.31317, -0.14778, -0.40364
480, 16, 36.245, -0.098, 41.531, 59.94, 835.88, 852.84, 1.28, 7.17, -27.86, -0.84715, -0.32160, -0.14923, -0.39577
480, 16, 35.504, 1.712, 41.559, -63.72, 773.01, 847.17, -6.13, 11.28, -35.89, -0.85186, -0.31657, -0.16065, -0.38511
480, 14, 34.607, 4.212, 40.686, -153.99, 653.08, 814.39, -4.42, 0.89, -42.68, -0.85987, -0.30274, -0.17386, -0.37249
480, 16, 33.867, 5.514, 40.653, -132.51, 696.23, 820.56, 3.30, -7.57, -41.95, -0.86352, -0.29915, -0.18146, -0.36319
480, 15, 33.101, 5.484, 41.514, -63.42, 789.25, 820.43, 3.93, -12.66, -48.99, -0.86362, -0.30696, -0.18191, -0.35614
480, 16, 32.333, 4.692, 42.073, 31.74, 832.95, 847.17, -4.01, -7.69, -58.19, -0.86377, -0.31502, -0.17568, -0.35186
480, 15, 31.954, 4.207, 42.386, 60.30, 858.83, 845.09, -17.15, 9.35, -60.28, -0.86361, -0.31955, -0.17197, -0.34999
480, 15, 31.696, 4.740, 41.530, 24.11, 806.88, 879.76, -34.21, 29.21, -75.06, -0.86724, -0.31173, -0.17263, -0.34773
480, 16, 31.665, 7.571, 35.416, -182.13, 281.86, 1179.44, -29.65, 49.69, -46.75, -0.88446, -0.25562, -0.17529, -0.34879
480, 16, 32.290, 7.799, 36.954, 228.94, 1265.08, 1161.13, -28.82, 83.35, -78.22, -0.87918, -0.26571, -0.18313, -0.35058
480, 15, 31.088, 10.209, 35.842, 481.81, 1070.07, 1075.93, -80.86, 157.49, -207.86, -0.88637, -0.25095, -0.19525, -0.33651
480, 16, 31.231, 14.967, 34.619, 457.64, 1076.90, 774.66, -146.83, 249.99, -240.84, -0.88927, -0.22490, -0.22783, -0.32668
480, 15, 32.251, 24.473, 33.839, -221.13, 1075.68, 426.27, -217.29, 249.99, -250.00, -0.88462, -0.18245, -0.29786, -0.30894
480, 15, 31.840, 36.558, 25.853, -478.45, 306.15, 468.57, -250.00, 249.99, -212.39, -0.88025, -0.07723, -0.36415, -0.29426
480, 17, 32.837, 49.473, 19.525, -923.22, 271.12, 226.01, -250.00, 226.94, -151.55, -0.85006, 0.02181, -0.43966, -0.28916
480, 15, 20.668, 53.397, -1.133, -846.01, -604.13, 871.09, -200.88, 134.57, -155.81, -0.85191, 0.14154, -0.42649, -0.26891
480, 16, 9.171, 52.431, -14.009, -934.63, -521.85, 872.86, -36.71, 40.15, -111.44, -0.86189, 0.19451, -0.40789, -0.23010
480, 16, 11.406, 49.586, -8.267, -694.27, 519.90, 1004.58, 21.61, 9.12, -124.53, -0.87706, 0.15512, -0.39389, -0.22706
480, 15, 10.630, 43.875, -6.263, -399.72, 315.06, 1120.54, 5.68, -11.99, -136.89, -0.90092, 0.12845, -0.35387, -0.21591
480, 16, 6.555, 38.828, -9.131, -479.92, -226.68, 1118.10, 24.14, -17.25, -110.37, -0.92068, 0.13244, -0.31286, -0.19217
480, 15, 2.974, 37.708, -11.769, -994.08, -656.98, 1050.17, 94.25, -38.29, -62.03, -0.92646, 0.14287, -0.30387, -0.17008
480, 16, 2.892, 37.683, -8.943, -1375.67, -757.51, 734.44, 212.51, -119.77, 9.35, -0.92989, 0.11974, -0.30785, -0.16187
480, 16, 6.801, 37.547, -1.759, -1689.21, -534.79, 279.30, 249.99, -226.54, 90.61, -0.93055, 0.07184, -0.31400, -0.17414
480, 15, 16.968, 37.830, 11.411, -1412.54, -64.58, -170.10, 249.99, -250.00, 217.88, -0.91613, -0.00510, -0.33595, -0.21865
480, 17, 29.352, 30.469, 32.865, -637.21, 1205.99, -252.20, 249.99, -250.00, 249.99, -0.88794, -0.16114, -0.33475, -0.27119
480, 15, 32.532, 12.636, 43.135, 615.54, 1227.84, 431.21, 136.48, -250.00, 249.99, -0.86572, -0.29564, -0.23782, -0.32644
480, 16, 31.509, -5.448, 43.039, 1163.39, 769.17, 1188.96, 44.66, -250.00, 249.99, -0.85083, -0.35516, -0.10033, -0.37400
481, 8, 38.779, 1.078, 42.840, -9.28, 752.69, 840.45, 2.03, -27.10, 134.58, -0.83613, -0.32353, -0.16960, -0.40922
481, 27, 40.522, -4.194, 43.127, 115.91, 907.71, 863.65, -17.94, -2.89, 95.47, -0.82076, -0.34232, -0.13739, -0.43622
481, 16, 40.704, -3.546, 42.474, -52.92, 807.37, 815.55, -28.03, 3.50, 67.40, -0.82310, -0.33507, -0.14015, -0.43656
481, 15, 40.574, -2.320, 40.866, -95.03, 704.28, 831.97, -30.95, -0.92, 51.73, -0.83015, -0.31915, -0.14260, -0.43435
481, 14, 39.919, -1.806, 38.140, -37.17, 598.69, 933.41, -22.16, -8.34, 25.33, -0.84073, -0.29817, -0.13430, -0.43155
481, 16, 38.699, -2.556, 37.341, 89.97, 714.72, 973.51, -4.28, -4.39, -1.53, -0.84631, -0.29639, -0.12260, -0.42530
481, 15, 37.710, -2.678, 37.970, 124.08, 761.66, 894.96, -3.94, 15.24, -21.52, -0.84813, -0.30252, -0.12142, -0.41762
481, 16, 36.430, 0.570, 37.236, -80.75, 622.74, 886.35, 2.01, 15.19, -52.48, -0.85874, -0.28707, -0.13977, -0.40078
481, 16, 34.831, 3.766, 37.720, -141.78, 681.46, 879.09, 13.88, 8.77, -80.09, -0.86627, -0.28162, -0.16137, -0.37977
481, 15, 34.041, 5.889, 38.127, -151.55, 724.18, 920.72, 11.09, 8.51, -61.98, -0.86964, -0.27848, -0.17664, -0.36739
481, 16, 33.535, 6.180, 38.863, 72.94, 1042.66, 1144.41, -5.80, 37.76, -82.99, -0.86967, -0.28385, -0.17991, -0.36159
481, 15, 32.778, 8.202, 38.649, 284.12, 1217.35, 1226.62, -46.40, 109.44, -159.28, -0.87391, -0.27650, -0.19249, -0.35040
481, 15, 32.517, 11.409, 38.010, 683.78, 1247.56, 904.79, -106.42, 206.51, -233.51, -0.87773, -0.26097, -0.21384, -0.34023
481, 16, 33.424, 17.738, 37.596, 237.37, 1213.01, 578.25, -172.40, 249.99, -250.00, -0.87693, -0.23326, -0.26126, -0.32912
481, 15, 35.095, 28.300, 35.811, -362.79, 929.93, 385.44, -233.81, 249.99, -250.00, -0.87107, -0.17512, -0.33515, -0.31344
481, 15, 34.062, 40.593, 30.738, -369.81, 473.02, 294.86, -250.00, 249.99, -247.15, -0.86392, -0.09153, -0.40655, -0.28282
481, 18, 31.453, 53.523, 22.774, -602.11, 251.83, 165.89, -250.00, 217.03, -231.82, -0.84214, 0.00710, -0.47526, -0.25469
481, 15, 16.628, 57.948, 1.047, -888.85, -454.59, 745.48, -187.26, 126.58, -171.81, -0.84530, 0.11940, -0.46951, -0.22530
481, 16, 8.035, 58.071, -11.425, -1192.87, -441.35, 874.27, -85.62, 66.25, -98.33, -0.84508, 0.17692, -0.45772, -0.21221
481, 15, 9.358, 54.646, -10.080, -785.77, 128.05, 889.77, -14.82, 12.33, -101.28, -0.85889, 0.16824, -0.43226, -0.21714
481, 15, 9.848, 48.700, -7.328, -421.88, 420.47, 1039.43, 3.41, -6.57, -167.84, -0.88449, 0.14130, -0.39080, -0.21208
481, 16, 8.390, 42.836, -7.118, -324.77, 234.07, 1085.69, -10.32, 3.23, -159.69, -0.90742, 0.12684, -0.34653, -0.20104
481, 15, 4.432, 40.360, -12.545, -845.46, -534.24, 1169.56, 4.59, -3.70, -87.39, -0.91524, 0.15558, -0.32232, -0.18503
481, 15, 0.744, 38.350, -15.047, -1037.35, -833.31, 1135.01, 99.32, -45.13, -37.52, -0.92341, 0.16389, -0.30736, -0.16119
481, 17, 0.682, 37.912, -11.807, -1239.81, -830.44, 797.79, 223.79, -105.46, 29.61, -0.92904, 0.13722, -0.30828, -0.15172
481, 16, 4.872, 37.439, -4.518, -1077.45, -466.49, 491.39, 249.99, -177.51, 119.63, -0.93178, 0.08886, -0.31038, -0.16600
481, 15, 13.856, 37.556, 8.434, -1322.02, 7.39, 19.35, 249.99, -250.00, 219.21, -0.92250, 0.00913, -0.32837, -0.20269
481, 16, 24.512, 34.202, 27.444, -809.08, 658.87, -202.82, 249.99, -250.00, 249.99, -0.89998, -0.12043, -0.34424, -0.23879
481, 15, 29.424, 21.345, 44.230, -41.32, 1222.78, 43.27, 231.61, -250.00, 249.99, -0.87208, -0.28075, -0.29576, -0.27050
481, 16, 27.295, 4.578, 49.415, 603.21, 1204.16, 629.39, 98.88, -250.00, 249.99, -0.85584, -0.37834, -0.18056, -0.30297
481, 15, 24.469, -11.086, 46.940, 879.21, 661.01, 1309.81, 33.05, -238.48, 249.99, -0.84993, -0.40355, -0.04623, -0.33561
481, 15, 31.182, -21.371, 43.122, 648.07, 457.76, 1445.19, 76.59, -104.41, 249.99, -0.81832, -0.39962, 0.02118, -0.41256
