1, 7, 8.827, 2.923, 2.839, -57.74, 50.29, 1159.42, 1.95, -0.04, 0.39, -0.98007, -0.01928, -0.02986, -0.19543
1, 25, 9.689, 2.811, 2.377, -56.40, 48.34, 1159.48, 3.46, 0.15, 0.89, -0.97866, -0.01531, -0.02823, -0.20294
1, 17, 9.886, 2.855, 2.748, -57.50, 54.81, 1158.26, 4.03, 0.49, 1.13, -0.97825, -0.01835, -0.02929, -0.20452
1, 14, 10.017, 2.584, 2.976, -50.78, 58.17, 1157.10, 4.68, 0.74, 1.12, -0.97802, -0.02076, -0.02741, -0.20565
1, 16, 10.131, 2.853, 3.660, -59.14, 76.05, 1160.28, 4.37, 0.94, 0.95, -0.97764, -0.02607, -0.03096, -0.20637
1, 14, 10.223, 2.879, 3.788, -57.50, 74.83, 1156.98, 3.59, 1.34, 1.00, -0.97744, -0.02709, -0.03143, -0.20711
1, 15, 10.287, 2.798, 3.977, -55.30, 79.16, 1156.62, 2.88, 1.79, 0.95, -0.97729, -0.02883, -0.03110, -0.20763
1, 16, 10.323, 3.059, 3.959, -61.46, 78.61, 1157.10, 2.17, 2.08, 0.95, -0.97718, -0.02819, -0.03330, -0.20786
1, 14, 10.308, 3.633, 3.617, -76.48, 69.15, 1154.66, 1.63, 1.56, 1.06, -0.97718, -0.02423, -0.03757, -0.20765
1, 15, 10.252, 3.700, 3.422, -74.52, 67.08, 1151.61, 1.61, 0.60, 0.80, -0.97731, -0.02247, -0.03778, -0.20721
1, 16, 9.903, 3.105, 3.730, -61.28, 74.52, 1160.10, 1.38, 0.31, 0.62, -0.97799, -0.02628, -0.03318, -0.20433
1, 15, 9.709, 3.125, 3.419, -63.48, 67.69, 1157.23, 0.56, 0.18, 0.40, -0.97840, -0.02364, -0.03276, -0.20275
1, 15, 9.572, 3.077, 2.666, -61.95, 47.79, 1157.71, 0.63, 0.28, 0.54, -0.97878, -0.01733, -0.03099, -0.20181
1, 15, 9.469, 2.925, 2.732, -58.96, 54.02, 1157.53, 1.56, 0.41, 0.63, -0.97898, -0.01820, -0.02980, -0.20095
1, 15, 9.421, 3.115, 2.599, -62.93, 50.66, 1154.79, 2.17, 0.69, 0.82, -0.97905, -0.01674, -0.03118, -0.20053
1, 14, 9.445, 2.949, 3.248, -58.47, 66.83, 1156.74, 2.85, 0.63, 0.87, -0.97893, -0.02257, -0.03090, -0.20060
1, 16, 9.506, 2.630, 3.735, -51.21, 75.93, 1156.80, 2.65, 0.93, 0.58, -0.97876, -0.02728, -0.02904, -0.20109
1, 15, 9.590, 2.465, 4.423, -47.12, 94.06, 1155.40, 0.96, 1.88, -0.05, -0.97845, -0.03342, -0.02887, -0.20169
1, 14, 9.354, 2.930, 3.710, -60.55, 71.23, 1162.54, -0.08, 2.30, 0.17, -0.97899, -0.02657, -0.03153, -0.19970
1, 17, 9.181, 3.619, 3.146, -78.55, 57.25, 1155.94, 0.45, 1.76, 0.34, -0.97927, -0.02060, -0.03639, -0.19818
1, 14, 8.993, 3.741, 2.624, -75.87, 50.42, 1157.29, 0.82, 0.75, 0.48, -0.97965, -0.01599, -0.03651, -0.19671
1, 16, 8.897, 3.488, 2.817, -70.37, 55.91, 1156.19, 1.46, 0.05, 0.54, -0.97985, -0.01810, -0.03466, -0.19589
1, 14, 8.911, 2.790, 3.286, -51.57, 68.91, 1162.78, 1.80, -0.27, 0.52, -0.97987, -0.02331, -0.02950, -0.19607
1, 15, 8.975, 2.457, 3.805, -47.91, 78.74, 1158.87, 1.11, 0.60, 0.42, -0.97969, -0.02830, -0.02756, -0.19659
1, 15, 8.978, 2.959, 3.039, -63.96, 52.98, 1157.17, 0.47, 1.43, 0.76, -0.97977, -0.02089, -0.03054, -0.19666
1, 15, 8.928, 3.564, 2.749, -74.89, 52.80, 1156.98, 1.36, 0.95, 0.72, -0.97979, -0.01738, -0.03520, -0.19616
1, 15, 8.667, 3.723, 3.036, -75.81, 59.63, 1159.06, 1.81, -0.04, 0.77, -0.98015, -0.01965, -0.03701, -0.19379
1, 16, 8.567, 3.286, 3.000, -66.59, 59.20, 1157.23, 1.87, -0.66, 0.76, -0.98042, -0.02011, -0.03320, -0.19307
1, 15, 8.528, 2.878, 2.795, -58.29, 54.75, 1157.35, 2.16, -0.83, 1.14, -0.98059, -0.01906, -0.02935, -0.19290
1, 14, 8.561, 2.837, 3.392, -57.56, 68.66, 1154.36, 2.30, -0.49, 1.22, -0.98043, -0.02423, -0.03001, -0.19304
1, 16, 8.608, 2.599, 3.599, -52.67, 71.90, 1157.04, 1.74, -0.31, 1.10, -0.98034, -0.02639, -0.02834, -0.19346
1, 14, 8.643, 2.696, 3.720, -54.69, 74.46, 1158.20, 1.55, 0.02, 0.80, -0.98024, -0.02725, -0.02937, -0.19369
1, 15, 8.616, 2.857, 3.252, -58.11, 64.03, 1156.43, 0.98, 0.12, 0.37, -0.98037, -0.02298, -0.02996, -0.19354
1, 16, 8.590, 2.820, 3.341, -56.88, 66.89, 1157.53, 1.01, 0.50, 0.40, -0.98040, -0.02381, -0.02979, -0.19331
1, 14, 8.971, 2.962, 3.002, -59.33, 60.12, 1157.29, 0.87, 0.90, 0.56, -0.97979, -0.02057, -0.03050, -0.19661
1, 17, 9.128, 2.803, 2.721, -55.36, 54.02, 1158.39, 1.09, 1.29, 0.55, -0.97960, -0.01840, -0.02868, -0.19807
1, 14, 9.220, 2.653, 3.110, -52.37, 63.35, 1159.67, 1.61, 1.43, 0.26, -0.97939, -0.02197, -0.02809, -0.19880
1, 15, 9.279, 3.022, 2.990, -60.97, 59.20, 1157.04, 1.60, 1.84, 0.58, -0.97925, -0.02028, -0.03104, -0.19924
1, 15, 9.310, 3.149, 3.148, -62.99, 63.11, 1160.46, 1.62, 1.96, 0.66, -0.97914, -0.02140, -0.03241, -0.19942
1, 15, 9.336, 3.401, 3.406, -68.60, 68.66, 1158.33, 1.47, 1.63, 0.39, -0.97900, -0.02316, -0.03502, -0.19949
1, 14, 9.361, 3.250, 3.535, -64.82, 71.11, 1157.10, 0.99, 1.24, 0.40, -0.97896, -0.02451, -0.03396, -0.19971
1, 16, 9.333, 3.176, 3.096, -63.42, 60.79, 1156.01, 0.73, 0.96, -0.08, -0.97911, -0.02090, -0.03256, -0.19962
1, 15, 9.078, 3.257, 2.414, -65.86, 45.35, 1157.29, 0.92, 0.89, 0.29, -0.97964, -0.01500, -0.03202, -0.19761
1, 15, 8.979, 2.833, 2.813, -55.66, 56.88, 1160.22, 1.54, 0.88, 0.69, -0.97983, -0.01917, -0.02907, -0.19677
1, 16, 8.964, 2.587, 2.991, -51.45, 59.63, 1159.36, 1.68, 1.34, 0.86, -0.97987, -0.02112, -0.02727, -0.19666
1, 14, 8.998, 2.812, 3.558, -56.70, 73.12, 1156.74, 1.67, 1.76, 0.47, -0.97966, -0.02557, -0.03017, -0.19674
1, 15, 8.996, 3.181, 3.186, -64.33, 62.50, 1157.10, 1.16, 1.93, 0.42, -0.97967, -0.02176, -0.03269, -0.19671
1, 15, 8.979, 3.035, 3.182, -60.36, 63.96, 1160.83, 0.79, 2.08, 0.50, -0.97973, -0.02198, -0.03143, -0.19661
1, 15, 8.981, 3.527, 3.288, -71.84, 66.59, 1158.20, 0.31, 1.94, 0.53, -0.97961, -0.02204, -0.03582, -0.19646
1, 15, 8.946, 3.440, 2.972, -68.73, 59.45, 1157.90, 0.21, 1.52, 0.47, -0.97975, -0.01950, -0.03453, -0.19628
1, 15, 9.245, 3.719, 2.689, -75.13, 53.83, 1156.80, 0.47, 1.05, 0.71, -0.97921, -0.01650, -0.03647, -0.19885
1, 16, 9.402, 3.360, 3.067, -65.86, 63.72, 1159.06, 0.80, 0.60, 0.50, -0.97896, -0.02031, -0.03409, -0.20016
1, 14, 9.479, 3.211, 2.803, -63.96, 55.79, 1155.40, 0.40, 0.67, 0.36, -0.97890, -0.01830, -0.03237, -0.20095
1, 16, 9.504, 3.199, 2.632, -64.27, 52.37, 1156.25, 0.79, 0.60, 0.38, -0.97888, -0.01685, -0.03196, -0.20120
1, 14, 9.491, 3.205, 2.350, -64.51, 45.96, 1158.02, 1.33, 0.66, 0.44, -0.97894, -0.01443, -0.03152, -0.20117
1, 16, 9.497, 3.208, 2.506, -64.58, 49.62, 1157.53, 2.02, 0.69, 0.78, -0.97891, -0.01576, -0.03182, -0.20118
1, 15, 9.538, 2.924, 3.014, -57.50, 61.52, 1156.74, 2.42, 0.60, 0.59, -0.97881, -0.02058, -0.03030, -0.20147
1, 14, 9.599, 2.963, 3.380, -59.57, 68.12, 1157.71, 2.26, 0.87, 0.43, -0.97863, -0.02363, -0.03129, -0.20188
1, 16, 9.620, 3.079, 3.159, -62.07, 62.50, 1159.48, 1.61, 1.05, 0.36, -0.97861, -0.02153, -0.03189, -0.20208
1, 14, 8.698, 3.405, 3.028, -70.13, 57.56, 1159.06, 1.43, 1.06, 0.41, -0.98017, -0.02011, -0.03428, -0.19415
1, 16, 8.215, 3.425, 2.495, -69.70, 47.00, 1158.87, 1.66, 0.52, 0.69, -0.98106, -0.01565, -0.03348, -0.19016
1, 16, 7.942, 3.278, 2.572, -66.59, 49.87, 1156.01, 2.33, 0.27, 0.90, -0.98153, -0.01663, -0.03231, -0.18784
1, 14, 7.850, 3.637, 2.640, -73.67, 51.27, 1154.17, 2.87, 0.02, 1.07, -0.98159, -0.01666, -0.03549, -0.18694
1, 15, 7.836, 2.881, 2.811, -55.60, 55.11, 1159.18, 3.43, -0.34, 1.27, -0.98174, -0.01937, -0.02929, -0.18697
1, 15, 7.888, 2.513, 3.491, -49.32, 70.74, 1155.94, 3.64, 0.11, 0.94, -0.98158, -0.02578, -0.02725, -0.18735
1, 15, 7.962, 2.468, 3.730, -49.50, 73.91, 1157.35, 2.75, 0.91, 0.80, -0.98141, -0.02789, -0.02728, -0.18794
1, 14, 7.977, 3.032, 3.554, -61.65, 69.89, 1154.79, 2.30, 1.57, 0.43, -0.98134, -0.02545, -0.03182, -0.18794
1, 16, 8.607, 3.457, 3.444, -71.04, 69.58, 1159.00, 1.98, 1.14, 0.30, -0.98023, -0.02361, -0.03541, -0.19323
1, 16, 8.911, 3.366, 2.947, -66.71, 56.64, 1158.33, 1.65, 0.76, 0.52, -0.97983, -0.01942, -0.03384, -0.19601
1, 14, 9.064, 3.393, 2.638, -68.18, 51.64, 1157.04, 1.91, 0.61, 0.61, -0.97961, -0.01669, -0.03357, -0.19740
1, 16, 9.182, 3.296, 3.186, -65.92, 65.31, 1156.19, 2.21, 0.48, 0.92, -0.97933, -0.02150, -0.03371, -0.19827
1, 14, 9.298, 3.000, 3.883, -58.17, 82.58, 1157.29, 1.82, 0.45, 0.63, -0.97903, -0.02794, -0.03241, -0.19915
1, 16, 9.380, 2.606, 3.729, -50.90, 74.77, 1156.25, 0.53, 0.98, 0.53, -0.97899, -0.02730, -0.02880, -0.20002
1, 14, 9.373, 2.982, 3.077, -61.65, 57.80, 1156.56, -0.02, 1.65, 0.45, -0.97908, -0.02107, -0.03087, -0.20002
1, 15, 9.326, 3.117, 2.908, -62.50, 58.29, 1159.00, 0.32, 1.61, 0.38, -0.97916, -0.01940, -0.03172, -0.19963
1, 15, 9.668, 3.345, 2.899, -67.14, 59.33, 1159.30, 0.48, 1.49, 0.13, -0.97852, -0.01882, -0.03371, -0.20250
1, 16, 9.799, 3.282, 2.469, -65.12, 47.97, 1159.24, 0.65, 1.35, 0.40, -0.97837, -0.01522, -0.03243, -0.20375
1, 15, 9.841, 3.510, 2.139, -71.29, 40.95, 1156.31, 1.37, 0.92, 0.72, -0.97828, -0.01199, -0.03379, -0.20415
1, 15, 9.876, 3.174, 2.372, -62.56, 47.24, 1158.26, 2.31, 0.83, 0.89, -0.97826, -0.01457, -0.03134, -0.20446
1, 15, 9.954, 3.062, 2.983, -60.85, 61.95, 1157.04, 2.62, 0.69, 0.94, -0.97805, -0.01997, -0.03149, -0.20498
1, 14, 10.047, 2.943, 3.704, -58.17, 79.16, 1160.03, 2.35, 0.77, 0.47, -0.97776, -0.02631, -0.03178, -0.20562
1, 16, 10.094, 3.233, 3.455, -65.73, 68.05, 1155.21, 1.29, 1.05, 0.29, -0.97768, -0.02365, -0.03382, -0.20600
1, 15, 10.090, 3.222, 3.113, -64.58, 61.16, 1155.82, 0.84, 0.88, 0.56, -0.97776, -0.02075, -0.03311, -0.20607
1, 14, 9.950, 2.772, 3.205, -54.87, 64.27, 1160.52, 0.66, 1.10, 0.60, -0.97807, -0.02238, -0.02942, -0.20497
1, 17, 9.892, 2.827, 3.096, -56.52, 62.01, 1159.42, 0.42, 1.69, 0.70, -0.97819, -0.02137, -0.02967, -0.20449
1, 14, 9.839, 3.075, 2.853, -61.58, 56.34, 1155.94, 0.65, 2.15, 0.61, -0.97828, -0.01886, -0.03135, -0.20404
1, 15, 9.786, 3.310, 2.599, -66.47, 51.09, 1157.84, 0.82, 2.09, 0.89, -0.97837, -0.01629, -0.03289, -0.20360
1, 16, 9.760, 3.623, 2.801, -73.00, 56.34, 1153.81, 0.85, 1.92, 0.79, -0.97831, -0.01746, -0.03592, -0.20324
1, 14, 9.725, 3.580, 2.632, -71.72, 51.88, 1158.39, 1.37, 1.29, 0.71, -0.97841, -0.01611, -0.03525, -0.20300
1, 16, 9.704, 3.609, 2.695, -72.57, 53.53, 1156.37, 1.49, 0.93, 0.51, -0.97843, -0.01660, -0.03561, -0.20280
1, 14, 9.711, 3.644, 2.849, -73.55, 56.95, 1157.04, 1.48, 0.55, 0.65, -0.97839, -0.01785, -0.03618, -0.20279
1, 15, 9.550, 3.617, 2.654, -73.36, 52.19, 1158.94, 1.68, 0.25, 0.75, -0.97871, -0.01629, -0.03558, -0.20149
1, 17, 9.496, 3.118, 2.810, -61.77, 55.85, 1159.00, 2.05, -0.24, 0.63, -0.97888, -0.01852, -0.03159, -0.20111
1, 14, 9.471, 3.096, 2.703, -62.62, 53.10, 1157.84, 2.12, 0.16, 0.59, -0.97895, -0.01765, -0.03121, -0.20093
1, 15, 9.466, 3.082, 2.823, -62.19, 55.66, 1155.64, 2.39, 0.21, 0.60, -0.97894, -0.01870, -0.03130, -0.20086
1, 15, 9.501, 2.848, 3.369, -56.15, 68.85, 1156.07, 2.56, 0.56, 0.28, -0.97882, -0.02377, -0.03027, -0.20107
1, 15, 9.551, 2.677, 3.513, -53.10, 70.31, 1155.82, 1.66, 1.05, 0.34, -0.97873, -0.02528, -0.02907, -0.20152
1, 14, 9.576, 3.021, 3.425, -61.34, 68.54, 1158.51, 0.89, 1.40, 0.36, -0.97865, -0.02391, -0.03186, -0.20165
1, 16, 9.537, 3.567, 2.778, -76.54, 48.46, 1153.44, 0.98, 1.25, 0.70, -0.97872, -0.01744, -0.03537, -0.20135
1, 15, 8.953, 3.564, 2.579, -72.39, 49.99, 1157.04, 1.21, 0.66, 0.98, -0.97977, -0.01591, -0.03492, -0.19642
1, 15, 8.685, 3.522, 2.372, -71.29, 46.26, 1156.43, 1.50, 0.43, 0.94, -0.98026, -0.01430, -0.03417, -0.19420
1, 16, 8.592, 3.293, 2.687, -66.59, 52.80, 1156.31, 2.36, -0.06, 1.02, -0.98042, -0.01741, -0.03273, -0.19337
1, 14, 8.577, 3.173, 2.885, -64.45, 56.82, 1159.30, 2.67, -0.12, 0.96, -0.98044, -0.01932, -0.03204, -0.19321
1, 15, 8.620, 3.021, 3.459, -60.67, 70.01, 1156.19, 2.48, 0.05, 0.76, -0.98029, -0.02447, -0.03171, -0.19347
1, 16, 8.659, 2.915, 3.526, -58.78, 70.31, 1156.80, 1.85, 0.32, 0.47, -0.98023, -0.02522, -0.03093, -0.19382
1, 14, 8.640, 3.356, 2.972, -70.13, 55.91, 1156.49, 1.26, 0.48, 0.63, -0.98028, -0.01973, -0.03376, -0.19368
1, 16, 8.571, 3.488, 2.304, -71.35, 41.69, 1157.96, 1.62, 0.11, 1.09, -0.98047, -0.01381, -0.03374, -0.19326
1, 14, 8.426, 2.771, 2.884, -52.80, 58.96, 1159.36, 2.49, -0.28, 0.67, -0.98077, -0.02003, -0.02857, -0.19203
1, 16, 8.407, 2.493, 3.435, -49.50, 69.46, 1158.14, 2.18, 0.53, 0.57, -0.98073, -0.02522, -0.02711, -0.19181
1, 15, 8.403, 3.001, 3.180, -61.40, 62.68, 1157.71, 1.41, 1.24, 0.59, -0.98071, -0.02218, -0.03103, -0.19169
1, 15, 8.383, 3.168, 3.296, -63.42, 65.80, 1156.49, 1.21, 1.37, 0.53, -0.98069, -0.02289, -0.03264, -0.19144
1, 14, 8.369, 3.131, 3.098, -62.81, 62.38, 1161.50, 0.72, 1.60, 0.84, -0.98076, -0.02127, -0.03200, -0.19139
1, 16, 8.357, 3.105, 3.184, -61.83, 63.72, 1153.93, 0.59, 1.68, 0.61, -0.98077, -0.02205, -0.03191, -0.19127
1, 15, 8.329, 3.095, 2.977, -61.77, 60.06, 1158.39, 0.29, 1.77, 0.20, -0.98086, -0.02031, -0.03148, -0.19109
1, 14, 8.284, 3.451, 2.582, -69.40, 51.15, 1156.86, 0.23, 1.95, 0.43, -0.98092, -0.01634, -0.03386, -0.19073
1, 16, 8.230, 3.504, 2.510, -70.01, 50.35, 1157.59, 0.41, 1.83, 0.43, -0.98101, -0.01564, -0.03419, -0.19027
1, 14, 8.317, 3.637, 2.650, -72.81, 53.34, 1158.51, 0.63, 1.34, 0.33, -0.98082, -0.01660, -0.03557, -0.19094
1, 16, 8.325, 3.529, 2.288, -70.86, 45.23, 1158.33, 1.06, 0.82, 0.45, -0.98088, -0.01367, -0.03404, -0.19114
1, 16, 8.326, 3.242, 2.368, -65.31, 46.94, 1158.20, 1.67, 0.43, 0.39, -0.98093, -0.01484, -0.03172, -0.19120
1, 14, 8.335, 2.959, 2.147, -59.33, 42.11, 1160.28, 1.95, 0.77, 0.85, -0.98100, -0.01342, -0.02893, -0.19139
1, 15, 8.367, 2.908, 2.491, -58.29, 49.19, 1158.69, 2.36, 1.09, 0.98, -0.98091, -0.01644, -0.02907, -0.19159
1, 15, 8.400, 3.062, 2.542, -61.28, 49.87, 1158.87, 2.80, 1.46, 1.04, -0.98081, -0.01662, -0.03048, -0.19183
1, 15, 8.414, 3.587, 2.532, -73.06, 49.07, 1156.68, 3.10, 1.51, 1.26, -0.98068, -0.01564, -0.03496, -0.19183
1, 16, 8.442, 3.648, 2.999, -73.43, 59.02, 1155.88, 3.57, 0.86, 1.17, -0.98055, -0.01953, -0.03626, -0.19190
1, 14, 8.761, 3.489, 3.596, -69.70, 73.36, 1160.28, 3.30, 0.54, 0.86, -0.97993, -0.02480, -0.03597, -0.19449
1, 16, 8.938, 3.319, 3.590, -66.65, 71.66, 1157.47, 2.19, 0.25, 0.70, -0.97967, -0.02499, -0.03455, -0.19606
1, 15, 8.963, 3.321, 2.926, -67.14, 54.14, 1157.29, 1.75, 0.09, 0.63, -0.97975, -0.01930, -0.03344, -0.19647
1, 15, 8.970, 2.992, 2.787, -60.12, 54.99, 1160.16, 1.95, 0.10, 0.96, -0.97982, -0.01868, -0.03038, -0.19666
1, 14, 8.966, 2.704, 2.569, -54.20, 50.54, 1161.80, 1.88, 0.47, 1.00, -0.97991, -0.01732, -0.02755, -0.19675
1, 16, 8.991, 3.048, 3.010, -62.50, 60.97, 1160.22, 2.30, 0.97, 0.89, -0.97974, -0.02048, -0.03125, -0.19676
1, 15, 8.994, 2.812, 2.955, -55.97, 58.29, 1157.23, 2.26, 1.14, 0.47, -0.97979, -0.02042, -0.02914, -0.19686
1, 14, 8.998, 3.421, 2.885, -70.74, 56.52, 1155.15, 1.92, 1.69, 0.76, -0.97968, -0.01877, -0.03423, -0.19676
1, 16, 8.946, 3.906, 2.982, -78.98, 59.02, 1156.07, 1.75, 1.45, 0.85, -0.97964, -0.01878, -0.03853, -0.19614
1, 15, 8.934, 3.485, 3.260, -69.15, 65.19, 1156.98, 2.11, 0.54, 0.67, -0.97971, -0.02188, -0.03541, -0.19607
1, 15, 8.947, 3.286, 3.316, -66.04, 66.10, 1156.68, 1.60, 0.53, 0.69, -0.97971, -0.02270, -0.03381, -0.19623
1, 16, 8.943, 3.253, 3.183, -65.73, 63.60, 1159.55, 1.24, 0.43, 0.45, -0.97975, -0.02162, -0.03329, -0.19624
1, 14, 8.927, 3.248, 3.115, -65.61, 62.38, 1158.02, 0.95, 0.40, 0.23, -0.97979, -0.02106, -0.03313, -0.19613
1, 15, 8.910, 2.804, 2.856, -55.18, 56.58, 1158.75, 0.72, 0.71, 0.40, -0.97995, -0.01961, -0.02889, -0.19617
1, 15, 8.902, 2.471, 2.859, -48.83, 57.25, 1158.02, 0.89, 1.21, 0.18, -0.98001, -0.02021, -0.02604, -0.19618
1, 15, 8.883, 2.881, 2.560, -58.11, 50.23, 1157.65, 1.05, 2.12, 0.18, -0.98003, -0.01695, -0.02903, -0.19599
1, 15, 9.016, 3.364, 2.895, -68.05, 58.90, 1157.41, 1.28, 2.14, 0.66, -0.97966, -0.01895, -0.03376, -0.19692
1, 16, 9.081, 3.842, 2.939, -78.19, 58.84, 1157.90, 1.23, 2.09, 0.82, -0.97943, -0.01847, -0.03793, -0.19733
1, 15, 9.092, 3.639, 2.642, -72.45, 52.06, 1160.16, 1.16, 1.57, 1.18, -0.97950, -0.01629, -0.03569, -0.19757
1, 15, 9.097, 3.687, 2.814, -74.04, 56.09, 1155.76, 1.46, 1.09, 0.76, -0.97946, -0.01767, -0.03639, -0.19755
1, 15, 9.101, 3.328, 2.831, -66.35, 56.21, 1157.84, 1.66, 0.55, 0.63, -0.97953, -0.01844, -0.03335, -0.19768
1, 15, 9.126, 2.999, 3.087, -59.45, 62.13, 1157.17, 1.44, 0.72, 0.40, -0.97950, -0.02119, -0.03099, -0.19791
1, 15, 9.129, 2.779, 2.731, -54.69, 53.47, 1156.01, 1.21, 1.43, 0.42, -0.97960, -0.01853, -0.02849, -0.19808
1, 15, 9.105, 3.387, 2.269, -71.59, 41.08, 1154.91, 1.46, 1.84, 0.90, -0.97959, -0.01353, -0.03289, -0.19785
1, 14, 8.573, 3.635, 2.207, -73.24, 41.81, 1158.20, 2.52, 1.48, 0.96, -0.98044, -0.01273, -0.03484, -0.19327
1, 17, 8.402, 3.588, 2.710, -72.14, 52.86, 1156.43, 3.20, 1.07, 1.01, -0.98068, -0.01717, -0.03526, -0.19167
1, 14, 8.369, 3.354, 3.069, -67.02, 60.55, 1158.69, 2.85, 1.47, 1.05, -0.98072, -0.02064, -0.03385, -0.19133
1, 15, 8.378, 3.912, 3.239, -80.14, 64.03, 1152.65, 2.54, 1.08, 0.95, -0.98055, -0.02116, -0.03891, -0.19120
1, 16, 8.326, 4.100, 2.617, -83.37, 47.67, 1151.73, 2.51, 0.39, 1.27, -0.98069, -0.01553, -0.03947, -0.19092
1, 14, 8.295, 3.963, 2.898, -80.51, 56.58, 1155.33, 3.17, -0.56, 0.99, -0.98073, -0.01818, -0.03877, -0.19059
1, 15, 8.273, 3.681, 2.788, -75.32, 54.69, 1161.19, 3.02, -1.05, 0.61, -0.98086, -0.01771, -0.03617, -0.19052
1, 15, 8.280, 3.219, 2.910, -65.37, 56.76, 1154.30, 3.43, -1.38, 0.59, -0.98093, -0.01954, -0.03242, -0.19066
1, 15, 8.754, 2.876, 3.362, -57.19, 68.73, 1156.92, 3.46, -1.25, 0.59, -0.98011, -0.02386, -0.03033, -0.19468
1, 17, 9.047, 2.704, 3.446, -54.44, 69.21, 1160.34, 2.61, -0.40, 0.95, -0.97961, -0.02479, -0.02907, -0.19722
1, 14, 9.203, 2.508, 3.676, -49.99, 74.04, 1156.07, 1.86, 0.26, 0.41, -0.97932, -0.02706, -0.02783, -0.19856
1, 15, 9.248, 2.535, 3.047, -50.66, 57.31, 1158.02, 1.67, 1.08, 0.56, -0.97937, -0.02162, -0.02698, -0.19908
1, 15, 9.250, 2.329, 2.908, -45.65, 57.37, 1158.94, 2.07, 2.09, 0.61, -0.97942, -0.02080, -0.02497, -0.19918
1, 15, 9.282, 2.375, 3.413, -46.26, 69.58, 1157.59, 1.66, 3.11, 0.47, -0.97926, -0.02503, -0.02625, -0.19933
1, 14, 9.321, 3.005, 3.456, -60.91, 69.58, 1157.71, 0.75, 3.88, 0.74, -0.97909, -0.02428, -0.03172, -0.19947
1, 16, 9.308, 3.596, 3.230, -72.75, 63.90, 1155.03, 0.28, 3.75, 0.77, -0.97904, -0.02132, -0.03637, -0.19925
1, 14, 9.651, 3.951, 2.795, -78.74, 54.50, 1154.48, 0.53, 3.49, 0.92, -0.97843, -0.01687, -0.03870, -0.20222
1, 16, 9.824, 4.009, 2.743, -79.59, 55.24, 1158.39, 0.66, 2.66, 0.82, -0.97812, -0.01626, -0.03912, -0.20370
1, 16, 9.889, 4.053, 2.636, -80.69, 52.37, 1156.62, 1.05, 2.22, 0.47, -0.97800, -0.01524, -0.03932, -0.20428
1, 14, 9.947, 3.666, 2.876, -71.47, 58.35, 1159.06, 1.49, 1.60, 0.72, -0.97796, -0.01797, -0.03646, -0.20480
1, 15, 10.016, 3.236, 3.411, -60.91, 72.08, 1156.25, 1.40, 1.56, 0.18, -0.97783, -0.02328, -0.03376, -0.20534
1, 15, 10.034, 3.661, 3.046, -74.83, 59.33, 1154.97, 0.35, 2.01, 0.03, -0.97778, -0.01940, -0.03673, -0.20548
1, 15, 9.990, 4.335, 2.514, -93.93, 44.25, 1155.76, 0.51, 1.59, 0.34, -0.97776, -0.01366, -0.04152, -0.20511
1, 15, 9.925, 4.329, 2.297, -87.59, 44.62, 1155.88, 1.40, 0.05, 0.42, -0.97790, -0.01184, -0.04107, -0.20464
1, 15, 9.929, 3.918, 2.615, -77.88, 52.73, 1155.88, 2.02, -0.63, 0.63, -0.97797, -0.01529, -0.03813, -0.20466
1, 15, 9.431, 3.205, 2.938, -62.81, 58.11, 1161.32, 1.95, -0.57, 0.48, -0.97896, -0.01947, -0.03254, -0.20050
1, 16, 9.227, 2.655, 3.347, -51.64, 67.81, 1158.75, 1.60, -0.09, 0.53, -0.97933, -0.02398, -0.02852, -0.19880
1, 15, 9.132, 3.287, 2.947, -70.19, 55.91, 1156.98, 0.79, 1.00, 1.17, -0.97946, -0.01949, -0.03321, -0.19792
1, 14, 9.035, 3.935, 2.857, -83.13, 55.97, 1156.74, 1.22, 0.50, 0.84, -0.97950, -0.01762, -0.03858, -0.19694
1, 16, 8.980, 3.573, 3.223, -71.72, 65.00, 1156.01, 1.37, -0.53, 0.39, -0.97961, -0.02140, -0.03610, -0.19645
1, 15, 8.919, 3.578, 2.730, -72.69, 52.73, 1155.03, 1.21, -0.52, 0.13, -0.97980, -0.01720, -0.03529, -0.19608
1, 14, 8.864, 3.196, 2.382, -64.21, 46.14, 1157.96, 1.53, -0.71, 0.47, -0.98003, -0.01490, -0.03142, -0.19581
1, 16, 8.896, 2.457, 2.905, -43.21, 62.13, 1161.93, 2.01, -0.21, 0.79, -0.98002, -0.02063, -0.02600, -0.19612
1, 14, 8.965, 2.406, 3.492, -48.10, 71.66, 1164.92, 1.39, 1.21, 0.60, -0.97979, -0.02572, -0.02658, -0.19660
1, 16, 8.947, 3.095, 2.673, -72.33, 39.73, 1162.05, 0.89, 1.95, 0.52, -0.97986, -0.01753, -0.03106, -0.19646
1, 15, 8.891, 3.823, 2.296, -83.37, 41.08, 1159.61, 2.11, 1.21, 0.95, -0.97985, -0.01307, -0.03664, -0.19592
1, 15, 8.918, 3.560, 3.173, -69.21, 70.43, 1158.08, 2.59, 0.58, 0.91, -0.97973, -0.02102, -0.03589, -0.19595
1, 15, 8.939, 3.337, 3.226, -66.89, 64.39, 1157.04, 1.43, 0.72, 0.78, -0.97973, -0.02184, -0.03408, -0.19617
1, 15, 8.931, 3.295, 2.964, -66.35, 58.90, 1158.45, 1.19, 0.71, 0.62, -0.97980, -0.01968, -0.03328, -0.19619
1, 15, 8.894, 3.254, 2.602, -65.31, 51.21, 1159.91, 1.22, 1.11, 0.57, -0.97993, -0.01666, -0.03229, -0.19599
1, 14, 8.880, 3.406, 2.658, -68.48, 52.80, 1157.90, 1.46, 1.24, 0.92, -0.97992, -0.01688, -0.03369, -0.19581
1, 16, 9.254, 3.601, 2.638, -72.51, 52.98, 1159.61, 1.86, 1.11, 0.69, -0.97923, -0.01627, -0.03538, -0.19897
1, 16, 9.440, 3.452, 2.816, -68.97, 56.70, 1160.22, 2.00, 0.76, 0.53, -0.97891, -0.01799, -0.03444, -0.20054
1, 15, 9.555, 3.166, 3.076, -62.38, 62.07, 1155.88, 1.81, 0.84, 0.40, -0.97873, -0.02068, -0.03247, -0.20153
1, 15, 9.616, 3.119, 3.031, -62.32, 60.42, 1158.87, 1.59, 1.19, 0.11, -0.97864, -0.02037, -0.03200, -0.20207
1, 14, 9.638, 3.332, 2.849, -66.96, 56.34, 1158.08, 1.30, 1.79, 0.36, -0.97859, -0.01843, -0.03351, -0.20225
1, 16, 9.620, 3.779, 2.524, -77.64, 48.52, 1159.48, 1.27, 1.86, 0.66, -0.97856, -0.01486, -0.03675, -0.20209
1, 15, 9.607, 3.873, 2.699, -78.06, 53.65, 1158.20, 1.98, 1.15, 0.60, -0.97854, -0.01619, -0.03786, -0.20189
1, 14, 9.628, 3.724, 2.899, -74.52, 57.80, 1156.01, 1.87, 0.76, 0.97, -0.97851, -0.01816, -0.03694, -0.20205
1, 16, 9.135, 3.176, 2.883, -63.42, 55.54, 1156.07, 1.88, 0.78, 1.10, -0.97949, -0.01913, -0.03215, -0.19799
1, 15, 8.938, 2.808, 3.157, -55.85, 62.62, 1160.10, 1.88, 1.29, 0.93, -0.97985, -0.02217, -0.02944, -0.19633
1, 15, 8.855, 2.803, 3.350, -56.03, 66.89, 1162.23, 1.62, 1.91, 0.37, -0.97995, -0.02385, -0.02971, -0.19557
1, 15, 8.804, 3.457, 3.106, -71.53, 60.49, 1156.74, 1.33, 2.49, 0.21, -0.97996, -0.02065, -0.03488, -0.19502
1, 15, 8.712, 4.115, 2.379, -89.72, 37.78, 1156.92, 0.85, 2.29, 0.47, -0.98007, -0.01334, -0.03926, -0.19430
1, 15, 8.629, 4.416, 2.403, -89.29, 46.94, 1156.56, 2.22, 1.11, 0.96, -0.98012, -0.01306, -0.04186, -0.19350
1, 15, 8.639, 3.907, 2.959, -76.29, 60.85, 1156.98, 2.56, 0.17, 0.73, -0.98016, -0.01868, -0.03845, -0.19352
1, 15, 8.694, 3.243, 3.342, -61.46, 68.54, 1156.92, 1.89, 0.17, 0.79, -0.98015, -0.02307, -0.03343, -0.19407
1, 14, 8.875, 3.210, 3.516, -64.21, 70.62, 1154.42, 1.31, 0.81, 0.34, -0.97981, -0.02457, -0.03348, -0.19557
1, 17, 8.896, 3.281, 2.738, -66.35, 49.56, 1164.67, 0.59, 1.27, 0.69, -0.97990, -0.01778, -0.03276, -0.19596
1, 14, 8.908, 3.516, 2.814, -70.37, 56.21, 1154.24, 0.89, 1.69, 0.97, -0.97982, -0.01802, -0.03490, -0.19598
1, 16, 8.864, 3.635, 2.424, -72.94, 47.12, 1154.72, 1.27, 1.30, 0.50, -0.97992, -0.01450, -0.03525, -0.19569
1, 15, 8.802, 4.141, 2.074, -85.75, 38.88, 1158.39, 1.67, 1.08, 0.54, -0.97994, -0.01066, -0.03897, -0.19516
1, 14, 8.773, 4.189, 2.333, -84.59, 45.78, 1154.42, 2.39, 0.27, 0.67, -0.97995, -0.01280, -0.03981, -0.19482
1, 16, 8.812, 3.773, 2.712, -75.32, 54.20, 1157.90, 2.69, -0.17, 1.09, -0.97994, -0.01674, -0.03691, -0.19512
1, 14, 8.871, 3.716, 3.104, -75.56, 61.95, 1159.55, 2.85, -0.40, 0.89, -0.97979, -0.02017, -0.03710, -0.19552
1, 15, 8.905, 3.287, 3.034, -66.59, 59.45, 1155.64, 2.88, -0.84, 0.56, -0.97984, -0.02030, -0.03331, -0.19595
1, 17, 8.951, 2.862, 3.302, -57.31, 66.10, 1161.68, 2.62, -0.43, 0.56, -0.97979, -0.02331, -0.03015, -0.19639
1, 14, 8.975, 3.171, 3.079, -64.58, 60.36, 1156.07, 2.08, 0.50, 0.69, -0.97973, -0.02086, -0.03242, -0.19657
1, 15, 8.964, 3.608, 2.905, -74.16, 56.76, 1156.68, 1.95, 0.55, 0.85, -0.97969, -0.01862, -0.03585, -0.19641
1, 15, 8.942, 3.491, 2.881, -70.62, 57.01, 1160.10, 2.10, 0.35, 0.85, -0.97976, -0.01863, -0.03481, -0.19626
1, 15, 8.944, 3.422, 3.037, -69.15, 60.18, 1158.08, 2.29, 0.29, 0.76, -0.97974, -0.02009, -0.03449, -0.19624
1, 14, 8.951, 3.308, 3.043, -66.71, 60.30, 1157.04, 2.00, 0.31, 0.72, -0.97975, -0.02033, -0.03352, -0.19633
1, 16, 8.971, 3.358, 3.073, -67.69, 61.04, 1156.98, 1.76, 0.66, 1.14, -0.97970, -0.02049, -0.03400, -0.19648
1, 15, 9.359, 3.153, 2.982, -62.19, 59.81, 1154.91, 1.46, 0.85, 1.19, -0.97909, -0.01996, -0.03216, -0.19988
1, 15, 9.519, 3.098, 2.794, -61.77, 55.60, 1161.56, 1.44, 1.34, 0.64, -0.97885, -0.01840, -0.03139, -0.20131
1, 16, 9.591, 3.361, 2.880, -67.57, 57.50, 1156.43, 1.70, 1.78, 0.31, -0.97866, -0.01866, -0.03380, -0.20184
1, 14, 9.600, 4.012, 2.659, -84.90, 50.72, 1158.14, 1.89, 1.56, 0.47, -0.97852, -0.01561, -0.03897, -0.20181
1, 16, 9.598, 4.479, 2.635, -92.77, 51.51, 1157.23, 2.20, 0.40, 0.98, -0.97840, -0.01458, -0.04292, -0.20168
1, 15, 9.631, 3.919, 3.113, -75.81, 64.39, 1157.90, 2.39, -0.27, 0.79, -0.97842, -0.01964, -0.03898, -0.20195
1, 14, 9.689, 3.233, 3.684, -58.84, 78.98, 1158.20, 1.97, -0.60, 0.17, -0.97835, -0.02572, -0.03414, -0.20248
1, 16, 9.701, 3.168, 3.139, -63.72, 60.55, 1157.10, 0.63, 0.07, 0.08, -0.97846, -0.02118, -0.03263, -0.20276
1, 14, 9.651, 3.332, 2.297, -68.48, 36.68, 1155.94, 0.79, 0.76, 0.54, -0.97864, -0.01371, -0.03253, -0.20252
1, 15, 8.879, 3.331, 2.563, -68.05, 49.19, 1161.80, 1.82, 0.69, 1.06, -0.97995, -0.01620, -0.03289, -0.19586
1, 16, 8.524, 3.214, 2.689, -65.37, 52.31, 1161.44, 2.40, 0.54, 0.93, -0.98056, -0.01758, -0.03205, -0.19281
1, 15, 8.414, 3.078, 3.156, -62.01, 62.81, 1161.44, 2.50, 0.85, 0.65, -0.98069, -0.02184, -0.03165, -0.19178
1, 15, 8.434, 2.788, 3.890, -53.34, 82.70, 1157.96, 1.39, 1.60, 0.34, -0.98054, -0.02860, -0.03040, -0.19183
1, 15, 8.423, 3.131, 3.258, -62.93, 62.74, 1154.42, 0.18, 2.74, 0.65, -0.98064, -0.02262, -0.03227, -0.19181
1, 15, 8.354, 3.540, 2.628, -71.90, 49.56, 1156.49, 0.23, 2.69, 0.72, -0.98078, -0.01656, -0.03471, -0.19129
1, 14, 8.270, 4.220, 2.278, -88.44, 42.54, 1156.01, 1.30, 1.85, 0.75, -0.98079, -0.01245, -0.03993, -0.19053
1, 16, 8.215, 3.909, 2.406, -78.00, 47.30, 1154.17, 1.85, 1.38, 0.97, -0.98095, -0.01409, -0.03748, -0.19008
1, 14, 8.901, 3.996, 2.713, -80.02, 56.76, 1156.07, 2.21, 0.84, 0.89, -0.97973, -0.01634, -0.03883, -0.19582
1, 16, 9.305, 4.114, 3.097, -83.07, 64.15, 1152.77, 2.01, 0.45, 0.97, -0.97895, -0.01927, -0.04056, -0.19911
1, 16, 9.522, 3.693, 3.064, -72.57, 61.22, 1156.37, 1.55, 0.04, 0.55, -0.97868, -0.01966, -0.03694, -0.20110
1, 14, 9.612, 3.777, 2.663, -76.78, 51.21, 1156.68, 1.59, -0.13, 0.66, -0.97856, -0.01606, -0.03697, -0.20198
1, 16, 9.664, 3.155, 2.817, -60.67, 56.52, 1158.81, 2.01, -0.30, 0.44, -0.97858, -0.01846, -0.03195, -0.20253
1, 14, 9.711, 3.028, 2.778, -60.79, 55.05, 1158.33, 1.82, 0.38, 0.56, -0.97853, -0.01834, -0.03080, -0.20298
1, 15, 9.744, 2.946, 2.809, -58.96, 55.85, 1160.10, 1.87, 1.02, 0.69, -0.97848, -0.01875, -0.03015, -0.20327
1, 16, 9.748, 2.922, 2.694, -58.23, 52.92, 1157.71, 2.08, 1.43, 0.45, -0.97849, -0.01780, -0.02974, -0.20334
1, 14, 9.043, 2.961, 3.094, -59.63, 60.30, 1161.50, 1.84, 2.11, 0.41, -0.97965, -0.02134, -0.03066, -0.19720
1, 16, 8.735, 3.510, 2.839, -71.47, 54.63, 1158.08, 1.81, 2.66, 0.66, -0.98011, -0.01830, -0.03486, -0.19450
1, 15, 8.555, 3.884, 2.912, -77.70, 57.37, 1156.98, 1.81, 2.65, 0.70, -0.98032, -0.01835, -0.03815, -0.19283
1, 15, 8.483, 4.249, 3.089, -85.33, 61.58, 1155.27, 1.28, 2.19, 0.76, -0.98031, -0.01927, -0.04156, -0.19205
1, 14, 8.407, 4.755, 2.587, -98.27, 47.97, 1152.22, 1.18, 1.15, 0.93, -0.98037, -0.01415, -0.04504, -0.19145
1, 16, 8.363, 4.407, 2.678, -88.87, 52.67, 1153.69, 2.01, -0.20, 1.22, -0.98053, -0.01553, -0.04221, -0.19113
1, 15, 8.381, 3.574, 2.923, -67.08, 59.39, 1159.06, 1.90, -0.84, 1.08, -0.98068, -0.01902, -0.03549, -0.19142
1, 14, 8.422, 2.842, 3.319, -52.98, 68.73, 1160.58, 1.79, -0.45, 0.50, -0.98068, -0.02363, -0.02990, -0.19186
1, 16, 8.571, 3.058, 2.712, -62.38, 52.55, 1161.87, 1.24, 0.41, 0.52, -0.98050, -0.01803, -0.03075, -0.19325
1, 15, 8.630, 3.515, 2.727, -71.66, 54.14, 1156.01, 1.65, 1.00, 0.75, -0.98031, -0.01736, -0.03470, -0.19363
1, 15, 8.625, 3.504, 2.480, -70.56, 49.01, 1160.16, 1.65, 0.95, 0.62, -0.98035, -0.01528, -0.03419, -0.19366
1, 15, 8.627, 3.250, 2.532, -64.88, 49.87, 1156.68, 2.14, 1.21, 0.83, -0.98040, -0.01615, -0.03210, -0.19373
1, 15, 8.661, 2.905, 2.793, -57.19, 55.36, 1156.98, 2.47, 1.69, 0.88, -0.98037, -0.01896, -0.02960, -0.19403
1, 16, 8.754, 2.877, 3.546, -56.15, 75.01, 1156.62, 1.97, 2.63, 1.06, -0.98007, -0.02543, -0.03065, -0.19464
1, 14, 8.807, 3.309, 3.319, -65.61, 66.16, 1155.88, 0.72, 3.63, 0.98, -0.97995, -0.02273, -0.03397, -0.19502
1, 15, 8.780, 4.273, 2.753, -98.63, 45.47, 1154.85, 0.42, 3.78, 1.37, -0.97986, -0.01624, -0.04125, -0.19471
1, 15, 8.859, 5.168, 2.347, -112.55, 41.69, 1152.34, 1.21, 1.89, 1.48, -0.97949, -0.01121, -0.04822, -0.19531
1, 16, 8.878, 4.842, 2.382, -97.78, 46.94, 1159.00, 2.14, -0.26, 0.58, -0.97957, -0.01206, -0.04549, -0.19553
1, 15, 8.905, 4.105, 2.443, -79.59, 47.49, 1153.75, 2.91, -1.19, 0.72, -0.97973, -0.01384, -0.03930, -0.19592
1, 15, 8.971, 3.549, 2.849, -70.07, 57.25, 1154.79, 3.14, -1.36, 0.76, -0.97970, -0.01825, -0.03525, -0.19650
1, 15, 9.045, 2.906, 3.132, -55.97, 62.74, 1156.49, 3.02, -0.74, 0.71, -0.97965, -0.02176, -0.03026, -0.19723
1, 14, 9.084, 3.289, 2.916, -67.69, 56.58, 1156.25, 2.56, 0.18, 0.59, -0.97955, -0.01924, -0.03316, -0.19751
1, 16, 9.046, 3.701, 2.482, -77.03, 45.47, 1153.87, 2.88, 0.04, 0.36, -0.97959, -0.01482, -0.03594, -0.19722
1, 14, 9.063, 3.559, 3.051, -71.84, 61.16, 1156.49, 3.68, -0.40, 0.58, -0.97951, -0.01993, -0.03570, -0.19722
1, 15, 9.112, 2.846, 3.869, -49.56, 85.14, 1158.33, 2.83, -0.07, 0.37, -0.97938, -0.02814, -0.03103, -0.19762
1, 17, 9.142, 3.073, 3.551, -61.95, 70.37, 1158.14, 1.31, 1.36, 0.37, -0.97937, -0.02502, -0.03242, -0.19789
1, 14, 9.122, 3.760, 3.038, -81.18, 55.85, 1157.65, 0.78, 1.91, 1.05, -0.97936, -0.01945, -0.03741, -0.19767
1, 15, 9.062, 4.068, 2.775, -82.52, 54.69, 1157.84, 0.85, 1.30, 1.10, -0.97943, -0.01669, -0.03958, -0.19716
1, 15, 9.014, 4.017, 2.691, -80.93, 53.34, 1156.31, 1.17, 0.69, 1.22, -0.97954, -0.01608, -0.03899, -0.19679
1, 15, 8.997, 3.803, 2.875, -76.60, 57.31, 1156.07, 1.46, 0.13, 0.80, -0.97959, -0.01802, -0.03747, -0.19664
1, 15, 8.985, 3.517, 2.810, -70.74, 55.48, 1155.27, 1.78, -0.09, 0.53, -0.97969, -0.01797, -0.03491, -0.19664
1, 15, 8.990, 3.458, 2.799, -70.07, 55.54, 1160.10, 1.87, 0.14, 0.78, -0.97969, -0.01797, -0.03439, -0.19670
1, 15, 8.965, 3.449, 2.490, -69.70, 48.40, 1157.65, 2.11, 0.27, 0.62, -0.97978, -0.01535, -0.03378, -0.19659
1, 15, 9.062, 3.762, 2.831, -76.84, 56.58, 1161.68, 2.55, 0.27, 0.62, -0.97950, -0.01770, -0.03705, -0.19722
1, 16, 9.148, 3.429, 3.393, -67.75, 69.34, 1155.64, 2.90, -0.04, 0.47, -0.97932, -0.02305, -0.03519, -0.19788
1, 14, 9.195, 3.268, 3.135, -65.49, 61.77, 1157.90, 2.01, 0.52, 0.42, -0.97932, -0.02111, -0.03338, -0.19841
1, 16, 9.224, 3.607, 3.052, -73.12, 60.36, 1155.21, 1.59, 1.05, 1.05, -0.97922, -0.01980, -0.03614, -0.19859
1, 15, 9.227, 3.595, 3.139, -72.27, 62.32, 1154.17, 1.69, 0.66, 0.78, -0.97920, -0.02057, -0.03619, -0.19859
1, 14, 9.230, 3.467, 3.140, -69.52, 62.56, 1156.01, 1.34, 0.84, 0.67, -0.97922, -0.02080, -0.03510, -0.19865
1, 16, 9.197, 3.515, 2.700, -70.62, 52.49, 1156.37, 1.11, 1.05, 0.56, -0.97934, -0.01696, -0.03474, -0.19848
1, 14, 9.144, 3.972, 2.315, -81.67, 43.40, 1153.02, 1.61, 1.15, 0.91, -0.97937, -0.01289, -0.03797, -0.19805
1, 15, 9.064, 3.579, 2.952, -71.23, 60.12, 1163.02, 2.30, 0.57, 1.07, -0.97952, -0.01904, -0.03570, -0.19725
1, 16, 9.014, 3.739, 2.720, -75.68, 53.10, 1157.78, 2.20, 0.69, 0.94, -0.97960, -0.01680, -0.03666, -0.19686
1, 15, 8.987, 3.748, 2.899, -75.87, 57.01, 1155.88, 2.61, 0.07, 0.74, -0.97962, -0.01833, -0.03704, -0.19656
1, 15, 9.023, 3.454, 3.506, -68.54, 71.84, 1155.21, 2.61, -0.08, 0.29, -0.97951, -0.02401, -0.03558, -0.19677
1, 15, 9.034, 3.307, 3.076, -66.22, 59.81, 1157.04, 1.95, 0.48, 0.45, -0.97961, -0.02059, -0.03359, -0.19703
1, 15, 9.014, 3.658, 2.786, -74.77, 54.26, 1159.12, 1.85, 0.80, 0.79, -0.97961, -0.01751, -0.03608, -0.19686
1, 15, 8.992, 3.338, 2.786, -67.08, 54.93, 1158.63, 2.17, 0.37, 0.93, -0.97972, -0.01807, -0.03334, -0.19676
1, 15, 9.030, 3.304, 3.288, -66.35, 66.53, 1158.08, 2.16, 0.89, 0.84, -0.97957, -0.02241, -0.03392, -0.19694
1, 14, 9.113, 3.966, 3.389, -82.21, 67.81, 1157.47, 1.73, 1.30, 0.96, -0.97926, -0.02209, -0.03977, -0.19741
1, 17, 9.144, 3.854, 3.367, -77.45, 67.26, 1155.70, 1.14, 0.71, 1.05, -0.97924, -0.02209, -0.03878, -0.19772
1, 15, 9.162, 3.597, 3.489, -72.08, 70.25, 1156.07, 0.66, 0.52, 0.63, -0.97924, -0.02358, -0.03680, -0.19792
1, 14, 9.136, 3.455, 2.951, -69.09, 57.31, 1156.74, 0.51, 0.56, 0.61, -0.97942, -0.01923, -0.03465, -0.19791
1, 16, 9.081, 3.655, 2.552, -74.10, 49.74, 1154.11, 0.72, 0.50, 0.64, -0.97953, -0.01549, -0.03566, -0.19750
1, 14, 9.055, 3.174, 2.811, -62.44, 56.76, 1158.39, 1.26, 0.53, 0.26, -0.97964, -0.01855, -0.03200, -0.19733
1, 15, 9.043, 3.468, 2.629, -70.13, 51.94, 1154.60, 1.08, 0.86, 0.29, -0.97963, -0.01649, -0.03419, -0.19720
1, 16, 9.025, 3.377, 2.580, -67.93, 50.96, 1158.75, 1.90, 0.82, 0.53, -0.97969, -0.01623, -0.03333, -0.19709
1, 14, 9.181, 3.502, 3.266, -70.92, 68.36, 1158.94, 1.94, 0.79, -0.02, -0.97928, -0.02183, -0.03560, -0.19818
1, 16, 9.260, 3.516, 2.918, -70.43, 57.56, 1157.96, 1.06, 1.17, 0.40, -0.97920, -0.01881, -0.03513, -0.19896
1, 15, 9.260, 3.800, 2.390, -77.58, 44.25, 1156.13, 1.57, 1.19, 0.97, -0.97921, -0.01379, -0.03665, -0.19905
1, 15, 9.281, 3.685, 2.711, -73.97, 54.20, 1160.40, 2.19, 1.02, 1.23, -0.97916, -0.01674, -0.03622, -0.19915
1, 15, 9.331, 3.842, 3.207, -77.76, 65.37, 1154.30, 1.91, 0.85, 0.92, -0.97895, -0.02068, -0.03844, -0.19938
1, 15, 9.304, 3.818, 2.548, -77.03, 45.41, 1157.96, 2.32, 0.28, 0.99, -0.97911, -0.01510, -0.03708, -0.19937
1, 15, 9.288, 3.685, 2.633, -74.16, 51.27, 1154.66, 3.02, 0.25, 1.03, -0.97915, -0.01607, -0.03609, -0.19924
1, 15, 9.333, 3.743, 3.222, -76.11, 65.92, 1155.15, 2.61, -0.14, 0.92, -0.97897, -0.02098, -0.03761, -0.19942
1, 15, 9.499, 4.007, 3.405, -82.09, 68.24, 1156.43, 2.05, -0.69, 0.53, -0.97858, -0.02202, -0.04022, -0.20069
1, 15, 9.529, 3.351, 2.972, -63.29, 54.93, 1153.99, 2.20, -1.19, 0.42, -0.97875, -0.01947, -0.03387, -0.20128
1, 16, 9.566, 2.602, 3.035, -47.97, 60.30, 1160.10, 2.34, -0.53, 0.28, -0.97881, -0.02133, -0.02759, -0.20178
1, 15, 9.616, 2.716, 3.014, -54.69, 59.75, 1157.78, 2.08, 0.80, 0.53, -0.97871, -0.02094, -0.02853, -0.20219
1, 14, 9.682, 3.001, 3.654, -61.28, 76.42, 1153.02, 2.02, 1.63, 0.62, -0.97841, -0.02587, -0.03211, -0.20250
1, 16, 9.681, 3.663, 3.131, -78.92, 57.31, 1157.04, 1.01, 2.13, 0.69, -0.97839, -0.02023, -0.03684, -0.20244
1, 14, 9.633, 4.013, 2.705, -81.91, 51.39, 1155.76, 1.36, 1.52, 1.21, -0.97846, -0.01599, -0.03906, -0.20208
1, 15, 9.601, 3.934, 2.897, -78.92, 57.56, 1154.17, 1.62, 0.81, 1.08, -0.97851, -0.01778, -0.03872, -0.20176
1, 15, 9.465, 3.440, 3.065, -68.60, 60.73, 1159.42, 1.75, 0.85, 1.01, -0.97883, -0.02013, -0.03478, -0.20069
1, 16, 9.409, 3.219, 3.037, -64.21, 60.24, 1157.84, 1.50, 1.28, 0.77, -0.97898, -0.02030, -0.03283, -0.20028
1, 15, 9.399, 3.112, 3.201, -62.19, 64.21, 1160.58, 1.37, 1.50, 0.66, -0.97899, -0.02189, -0.03220, -0.20017
1, 15, 9.384, 3.532, 3.022, -71.66, 59.69, 1157.17, 1.14, 1.91, 0.60, -0.97896, -0.01963, -0.03547, -0.19998
1, 15, 9.319, 3.922, 2.641, -79.96, 50.60, 1156.62, 1.47, 1.68, 0.31, -0.97904, -0.01571, -0.03813, -0.19945
1, 14, 9.247, 4.019, 2.406, -80.81, 46.57, 1154.24, 2.04, 1.06, 0.43, -0.97917, -0.01355, -0.03855, -0.19888
1, 16, 9.232, 3.818, 2.755, -76.29, 54.69, 1152.83, 2.45, 0.46, 0.24, -0.97920, -0.01689, -0.03743, -0.19869
1, 14, 9.258, 3.470, 2.845, -69.15, 56.09, 1155.58, 2.48, 0.37, 0.67, -0.97922, -0.01827, -0.03462, -0.19897
1, 16, 8.710, 3.186, 3.501, -63.84, 69.52, 1157.41, 2.36, 0.68, 0.78, -0.98010, -0.02453, -0.03321, -0.19417
1, 16, 8.406, 3.261, 3.273, -65.98, 64.58, 1160.16, 1.82, 1.04, 1.04, -0.98064, -0.02254, -0.03341, -0.19162
1, 14, 8.256, 3.521, 3.061, -70.92, 60.61, 1158.63, 1.48, 1.30, 1.24, -0.98088, -0.02033, -0.03525, -0.19032
1, 16, 8.140, 3.776, 2.599, -76.48, 50.17, 1157.29, 1.68, 1.11, 1.15, -0.98108, -0.01598, -0.03665, -0.18941
1, 14, 8.099, 3.803, 2.989, -76.54, 59.08, 1155.33, 2.04, 0.89, 1.27, -0.98109, -0.01930, -0.03752, -0.18892
1, 15, 8.069, 3.727, 2.938, -75.13, 58.17, 1156.43, 1.99, 0.71, 0.75, -0.98116, -0.01899, -0.03678, -0.18871
1, 16, 8.031, 3.966, 2.587, -80.26, 50.11, 1155.21, 2.40, 0.55, 0.93, -0.98122, -0.01560, -0.03824, -0.18843
1, 14, 8.018, 3.939, 2.778, -79.96, 54.32, 1157.47, 2.90, -0.12, 1.18, -0.98122, -0.01728, -0.03832, -0.18827
1, 15, 8.083, 3.557, 3.462, -70.56, 70.98, 1153.63, 2.91, -0.70, 1.15, -0.98108, -0.02375, -0.03619, -0.18870
1, 15, 8.520, 2.521, 3.526, -37.60, 72.08, 1165.34, 2.30, -0.75, 0.76, -0.98052, -0.02592, -0.02752, -0.19275
1, 16, 8.828, 2.961, 3.134, -62.87, 59.88, 1157.41, 2.25, -0.27, 0.97, -0.98001, -0.02174, -0.03069, -0.19536
1, 14, 9.023, 2.523, 3.181, -49.32, 63.72, 1159.73, 2.04, 0.45, 1.23, -0.97974, -0.02285, -0.02706, -0.19713
1, 16, 9.116, 3.010, 3.003, -61.77, 59.08, 1158.02, 1.71, 1.53, 1.24, -0.97953, -0.02046, -0.03093, -0.19784
1, 15, 9.164, 3.528, 3.313, -72.75, 67.26, 1156.68, 1.64, 1.74, 1.05, -0.97929, -0.02219, -0.03590, -0.19801
1, 14, 9.192, 3.499, 3.639, -69.70, 73.18, 1154.05, 1.48, 1.55, 0.42, -0.97918, -0.02502, -0.03623, -0.19816
1, 16, 9.177, 4.011, 3.198, -82.82, 61.58, 1155.15, 0.53, 1.77, 0.56, -0.97918, -0.02036, -0.03984, -0.19801
1, 14, 9.101, 4.118, 2.504, -82.95, 45.29, 1153.14, 0.84, 1.24, 0.77, -0.97939, -0.01427, -0.03954, -0.19758
1, 16, 9.267, 3.874, 2.789, -77.76, 56.15, 1157.29, 1.61, 0.21, 0.82, -0.97912, -0.01708, -0.03797, -0.19896
1, 15, 9.359, 3.697, 2.880, -74.46, 57.50, 1157.35, 1.71, -0.06, 0.76, -0.97899, -0.01813, -0.03663, -0.19976
1, 15, 9.406, 3.222, 2.872, -64.03, 56.76, 1156.92, 2.02, -0.62, 0.68, -0.97901, -0.01888, -0.03257, -0.20030
1, 16, 9.473, 2.662, 3.298, -50.29, 67.99, 1157.29, 1.97, 0.08, 0.63, -0.97891, -0.02349, -0.02854, -0.20091
1, 14, 9.531, 2.656, 3.268, -52.98, 65.55, 1160.22, 1.24, 1.46, 0.54, -0.97882, -0.02324, -0.02845, -0.20142
1, 15, 9.536, 3.280, 3.094, -68.36, 60.85, 1159.24, 1.15, 2.30, 0.36, -0.97873, -0.02064, -0.03347, -0.20132
1, 15, 9.508, 3.863, 2.867, -79.71, 55.79, 1155.33, 0.98, 2.34, 0.61, -0.97869, -0.01768, -0.03805, -0.20099
1, 15, 9.443, 4.121, 2.442, -83.44, 46.69, 1158.39, 1.16, 1.85, 0.81, -0.97880, -0.01361, -0.03950, -0.20052
1, 14, 9.263, 4.215, 2.755, -85.02, 54.32, 1158.33, 1.69, 1.24, 0.94, -0.97905, -0.01619, -0.04083, -0.19885
1, 17, 9.223, 3.626, 2.886, -70.62, 57.37, 1159.42, 1.97, 0.88, 1.28, -0.97924, -0.01835, -0.03601, -0.19862
1, 15, 9.228, 3.677, 3.070, -74.04, 60.97, 1156.25, 1.92, 0.91, 1.32, -0.97919, -0.01984, -0.03677, -0.19859
1, 14, 9.219, 3.617, 2.921, -72.69, 57.50, 1155.46, 1.88, 0.71, 1.27, -0.97925, -0.01867, -0.03599, -0.19858
1, 16, 9.245, 3.596, 3.328, -72.39, 66.96, 1157.65, 2.01, 0.82, 1.12, -0.97913, -0.02217, -0.03653, -0.19867
1, 14, 9.236, 3.557, 3.070, -71.72, 60.55, 1158.87, 1.78, 0.66, 0.81, -0.97920, -0.02004, -0.03575, -0.19869
1, 15, 9.216, 3.802, 3.015, -77.15, 59.57, 1156.98, 1.86, 0.63, 0.67, -0.97919, -0.01915, -0.03774, -0.19847
1, 16, 9.212, 3.510, 3.216, -70.13, 64.03, 1154.11, 1.88, 0.34, 0.43, -0.97923, -0.02138, -0.03559, -0.19846
1, 14, 9.494, 3.019, 3.372, -58.90, 68.60, 1160.52, 1.54, 0.38, 0.48, -0.97880, -0.02349, -0.03173, -0.20096
1, 17, 9.614, 3.009, 2.907, -59.88, 56.40, 1158.39, 1.02, 1.32, 0.53, -0.97868, -0.01950, -0.03085, -0.20212
1, 14, 9.674, 3.185, 2.884, -63.72, 57.86, 1158.69, 0.87, 1.98, 0.69, -0.97855, -0.01898, -0.03232, -0.20259
1, 15, 9.683, 3.847, 2.724, -80.51, 53.10, 1155.03, 0.97, 2.31, 0.80, -0.97841, -0.01643, -0.03769, -0.20255
1, 15, 9.653, 4.390, 2.487, -90.64, 47.79, 1155.82, 1.24, 1.90, 0.98, -0.97835, -0.01345, -0.04190, -0.20223
1, 15, 9.672, 4.398, 2.964, -88.75, 60.49, 1156.68, 1.86, 0.67, 1.18, -0.97825, -0.01750, -0.04281, -0.20221
1, 15, 9.726, 3.826, 3.478, -73.06, 72.88, 1155.15, 1.69, -0.14, 0.93, -0.97821, -0.02289, -0.03885, -0.20266
1, 15, 9.748, 3.276, 3.394, -63.66, 67.81, 1157.65, 0.72, 0.17, 0.37, -0.97830, -0.02315, -0.03401, -0.20305
1, 15, 9.233, 3.669, 2.740, -76.23, 50.54, 1155.82, 0.48, 0.64, 0.28, -0.97924, -0.01703, -0.03613, -0.19874
1, 15, 8.905, 3.725, 2.125, -75.62, 38.57, 1157.23, 1.35, 0.53, 0.55, -0.97987, -0.01177, -0.03551, -0.19612
1, 16, 8.713, 3.793, 2.254, -76.97, 43.70, 1157.84, 2.51, 0.15, 0.75, -0.98016, -0.01282, -0.03629, -0.19442
1, 15, 8.697, 3.592, 2.907, -72.08, 59.14, 1157.23, 3.14, -0.12, 0.83, -0.98015, -0.01875, -0.03568, -0.19413
1, 14, 8.739, 3.240, 3.535, -63.96, 72.81, 1156.98, 2.69, -0.21, 0.52, -0.98003, -0.02472, -0.03374, -0.19440
1, 16, 8.787, 2.939, 3.628, -58.72, 72.51, 1156.68, 1.69, 0.58, 0.53, -0.97998, -0.02601, -0.03133, -0.19487
1, 14, 8.818, 2.973, 3.542, -59.39, 71.04, 1156.13, 0.82, 1.39, 0.67, -0.97994, -0.02521, -0.03148, -0.19515
1, 15, 8.789, 3.518, 3.061, -73.30, 59.02, 1159.85, 0.27, 1.72, 0.55, -0.97998, -0.02017, -0.03532, -0.19489
1, 15, 8.910, 4.094, 2.280, -87.22, 37.84, 1156.01, 0.47, 1.59, 0.84, -0.97975, -0.01247, -0.03893, -0.19603
1, 16, 9.003, 4.108, 2.483, -83.07, 49.62, 1159.30, 1.89, 0.41, 0.85, -0.97956, -0.01415, -0.03940, -0.19675
1, 16, 9.074, 4.144, 2.727, -83.62, 54.32, 1154.42, 1.95, 0.29, 0.95, -0.97940, -0.01614, -0.04014, -0.19727
1, 14, 9.108, 3.591, 2.718, -70.92, 53.34, 1157.84, 2.43, -0.29, 0.80, -0.97947, -0.01701, -0.03540, -0.19770
1, 15, 9.157, 3.710, 3.040, -75.56, 60.79, 1156.43, 2.30, -0.30, 0.57, -0.97931, -0.01955, -0.03699, -0.19798
1, 15, 9.198, 3.432, 3.197, -69.15, 63.78, 1157.35, 1.98, -0.30, 0.51, -0.97927, -0.02136, -0.03490, -0.19837
1, 15, 9.214, 3.378, 3.025, -68.18, 59.57, 1153.93, 1.93, -0.10, 0.50, -0.97929, -0.01997, -0.03414, -0.19857
1, 15, 9.213, 2.970, 2.845, -58.96, 55.73, 1158.51, 2.08, 0.24, 0.61, -0.97940, -0.01915, -0.03034, -0.19872
1, 15, 9.194, 3.376, 2.832, -68.60, 56.03, 1159.97, 1.92, 0.79, 0.72, -0.97936, -0.01834, -0.03378, -0.19846
1, 16, 9.170, 3.388, 2.692, -68.42, 52.73, 1159.42, 2.42, 0.65, 0.95, -0.97942, -0.01712, -0.03364, -0.19829
1, 14, 9.210, 3.348, 3.393, -66.89, 70.86, 1156.62, 2.40, 0.99, 0.74, -0.97923, -0.02317, -0.03452, -0.19843
1, 16, 9.245, 3.677, 3.395, -74.40, 67.44, 1154.30, 1.63, 1.20, 0.95, -0.97910, -0.02260, -0.03733, -0.19863
1, 15, 9.253, 3.602, 3.386, -72.20, 67.50, 1155.64, 1.31, 1.01, 0.89, -0.97911, -0.02266, -0.03668, -0.19873
1, 14, 9.235, 3.451, 3.167, -68.91, 62.93, 1153.87, 0.79, 0.95, 0.58, -0.97921, -0.02106, -0.03501, -0.19868
1, 16, 9.185, 3.717, 2.609, -75.87, 49.38, 1157.41, 0.69, 1.11, 0.70, -0.97933, -0.01584, -0.03631, -0.19836
1, 14, 9.119, 3.844, 2.464, -77.45, 48.46, 1155.27, 1.39, 0.87, 0.45, -0.97943, -0.01439, -0.03713, -0.19781
1, 15, 9.086, 3.768, 2.466, -75.93, 48.58, 1156.13, 1.81, 0.43, 0.62, -0.97951, -0.01456, -0.03648, -0.19755
1, 15, 9.009, 3.578, 2.563, -72.45, 50.35, 1158.69, 2.10, 0.37, 0.81, -0.97967, -0.01574, -0.03502, -0.19690
1, 16, 9.019, 3.212, 2.969, -63.90, 59.81, 1159.30, 2.32, 0.17, 0.70, -0.97967, -0.01984, -0.03258, -0.19696
1, 16, 9.052, 3.123, 3.157, -62.68, 62.74, 1157.90, 2.30, 0.80, 0.63, -0.97959, -0.02160, -0.03215, -0.19722
1, 14, 9.068, 3.360, 3.085, -67.81, 61.22, 1159.91, 1.91, 1.29, 0.60, -0.97953, -0.02056, -0.03406, -0.19731
1, 15, 9.049, 3.714, 2.843, -75.26, 55.48, 1156.07, 1.83, 1.44, 0.66, -0.97953, -0.01789, -0.03666, -0.19712
1, 15, 9.046, 3.756, 2.998, -75.56, 59.57, 1159.00, 2.00, 1.25, 0.97, -0.97950, -0.01914, -0.03729, -0.19704
1, 15, 9.038, 3.942, 3.012, -79.59, 59.69, 1157.29, 1.89, 0.99, 0.64, -0.97947, -0.01894, -0.03890, -0.19691
1, 15, 9.024, 3.966, 2.887, -79.90, 56.82, 1154.85, 1.93, 0.60, 0.82, -0.97950, -0.01783, -0.03889, -0.19682
1, 15, 8.755, 3.952, 2.986, -80.44, 58.53, 1159.97, 2.17, 0.17, 0.81, -0.97995, -0.01880, -0.03890, -0.19450
1, 16, 8.673, 3.445, 3.087, -68.97, 61.10, 1157.29, 2.00, -0.20, 0.76, -0.98019, -0.02055, -0.03471, -0.19391
1, 14, 8.656, 3.251, 3.294, -65.67, 65.61, 1156.25, 1.71, 0.00, 0.50, -0.98022, -0.02266, -0.03340, -0.19376
1, 16, 8.658, 3.091, 3.336, -62.44, 66.65, 1157.84, 1.45, 0.22, 0.32, -0.98024, -0.02329, -0.03211, -0.19381
1, 14, 8.661, 2.913, 3.279, -58.65, 65.98, 1161.44, 0.92, 0.83, 0.21, -0.98028, -0.02310, -0.03049, -0.19390
1, 15, 8.622, 3.484, 2.625, -74.65, 46.51, 1158.45, 0.75, 1.42, 0.56, -0.98034, -0.01655, -0.03426, -0.19360
1, 16, 8.563, 3.898, 2.574, -78.86, 50.78, 1154.11, 1.30, 1.21, 0.53, -0.98035, -0.01542, -0.03771, -0.19301
1, 14, 8.519, 3.932, 2.488, -79.16, 49.07, 1156.13, 1.69, 0.82, 0.74, -0.98043, -0.01465, -0.03785, -0.19265
1, 15, 8.692, 4.036, 2.680, -81.54, 53.22, 1158.75, 2.27, 0.44, 1.00, -0.98008, -0.01605, -0.03908, -0.19404
1, 16, 8.770, 3.713, 2.689, -74.77, 52.98, 1159.00, 2.58, -0.09, 1.05, -0.98003, -0.01666, -0.03635, -0.19478
1, 15, 8.861, 3.113, 3.258, -58.90, 68.18, 1159.48, 2.70, -0.20, 1.12, -0.97990, -0.02253, -0.03220, -0.19556
1, 16, 8.939, 2.832, 3.437, -56.46, 68.60, 1157.10, 2.17, 0.60, 0.66, -0.97978, -0.02452, -0.03012, -0.19626
1, 14, 9.006, 2.907, 3.810, -58.23, 76.84, 1157.59, 1.88, 1.34, 0.39, -0.97957, -0.02757, -0.03142, -0.19671
1, 15, 9.003, 3.520, 3.394, -73.67, 65.37, 1156.74, 0.83, 2.07, 0.15, -0.97955, -0.02295, -0.03595, -0.19662
1, 15, 8.937, 4.010, 2.713, -84.05, 47.97, 1156.13, 0.80, 1.84, 0.48, -0.97967, -0.01630, -0.03895, -0.19613
1, 15, 8.860, 4.181, 2.527, -84.29, 49.68, 1154.85, 1.34, 0.92, 0.63, -0.97978, -0.01445, -0.04008, -0.19550
1, 14, 8.771, 4.060, 2.494, -82.46, 49.19, 1161.25, 1.95, 0.36, 0.67, -0.97997, -0.01439, -0.03899, -0.19478
1, 17, 8.797, 3.543, 2.967, -69.15, 60.67, 1156.13, 2.11, 0.05, 0.98, -0.97998, -0.01932, -0.03538, -0.19497
1, 15, 8.826, 3.377, 2.942, -68.30, 58.53, 1159.36, 1.70, 0.15, 1.03, -0.97997, -0.01938, -0.03392, -0.19528
1, 14, 8.859, 3.199, 3.094, -64.45, 61.89, 1159.42, 1.48, 0.53, 1.11, -0.97992, -0.02097, -0.03266, -0.19556
1, 16, 8.868, 3.101, 3.058, -62.26, 60.91, 1157.10, 1.45, 0.83, 0.64, -0.97993, -0.02084, -0.03176, -0.19568
1, 14, 8.837, 3.390, 2.601, -68.79, 49.80, 1157.23, 1.66, 1.34, 0.61, -0.98000, -0.01644, -0.03344, -0.19546
1, 15, 8.836, 3.644, 3.014, -73.79, 60.61, 1158.08, 2.11, 1.28, 0.65, -0.97988, -0.01953, -0.03632, -0.19526
1, 15, 8.834, 3.686, 3.063, -73.91, 60.49, 1154.66, 2.22, 1.10, 0.46, -0.97987, -0.01988, -0.03677, -0.19523
1, 15, 8.881, 3.588, 2.886, -71.96, 57.19, 1156.80, 1.92, 1.04, 0.60, -0.97984, -0.01852, -0.03563, -0.19571
1, 16, 8.913, 3.550, 3.065, -71.41, 61.04, 1158.20, 2.01, 0.85, 0.62, -0.97976, -0.02011, -0.03562, -0.19594
1, 15, 8.943, 3.486, 3.188, -69.95, 63.42, 1155.76, 1.84, 0.88, 0.60, -0.97970, -0.02126, -0.03529, -0.19617
1, 15, 8.948, 3.436, 3.009, -68.97, 59.81, 1158.63, 1.43, 1.11, 0.63, -0.97974, -0.01982, -0.03456, -0.19629
1, 15, 8.951, 3.849, 2.975, -78.06, 58.84, 1153.75, 1.49, 1.30, 0.90, -0.97964, -0.01881, -0.03803, -0.19620
1, 15, 8.957, 3.890, 3.103, -78.19, 61.77, 1154.05, 1.39, 0.87, 1.11, -0.97960, -0.01983, -0.03860, -0.19621
1, 15, 8.965, 3.613, 3.227, -72.45, 64.58, 1155.70, 1.19, 0.39, 0.76, -0.97963, -0.02137, -0.03645, -0.19631
1, 15, 8.942, 3.540, 2.877, -71.17, 56.88, 1153.81, 0.68, 0.34, 0.53, -0.97975, -0.01851, -0.03522, -0.19625
1, 15, 9.067, 3.394, 2.569, -68.12, 51.27, 1155.76, 0.86, 0.34, 0.65, -0.97961, -0.01610, -0.03346, -0.19744
1, 15, 9.106, 3.480, 2.515, -70.43, 50.29, 1160.28, 1.11, 0.50, 0.43, -0.97953, -0.01547, -0.03411, -0.19777
1, 16, 9.126, 3.269, 2.454, -65.61, 48.71, 1158.57, 1.41, 0.56, 0.78, -0.97955, -0.01531, -0.03221, -0.19801
1, 15, 9.179, 3.196, 3.056, -63.72, 62.87, 1154.91, 2.13, 0.82, 0.50, -0.97938, -0.02057, -0.03263, -0.19831
1, 14, 9.203, 3.488, 2.854, -70.62, 56.09, 1156.68, 1.75, 1.11, 0.46, -0.97931, -0.01832, -0.03478, -0.19850
1, 16, 9.205, 3.664, 2.767, -73.67, 54.75, 1156.86, 1.56, 1.38, 0.84, -0.97928, -0.01727, -0.03613, -0.19850
1, 14, 9.208, 3.717, 2.915, -74.83, 58.11, 1159.67, 1.77, 1.22, 0.70, -0.97924, -0.01844, -0.03684, -0.19846
1, 15, 9.214, 3.813, 2.887, -76.54, 56.95, 1153.69, 1.85, 1.05, 0.95, -0.97921, -0.01803, -0.03761, -0.19850
1, 16, 8.840, 3.735, 2.988, -75.50, 58.23, 1154.42, 1.86, 0.67, 0.76, -0.97986, -0.01915, -0.03705, -0.19528
1, 15, 8.689, 3.790, 2.853, -76.66, 56.27, 1157.35, 1.69, 0.51, 0.79, -0.98013, -0.01796, -0.03727, -0.19402
1, 15, 8.623, 3.545, 2.904, -71.41, 57.43, 1155.70, 1.72, 0.41, 0.76, -0.98028, -0.01883, -0.03526, -0.19351
1, 15, 8.582, 3.362, 2.648, -67.93, 52.00, 1159.06, 2.06, 0.18, 0.79, -0.98043, -0.01697, -0.03325, -0.19328
1, 15, 8.586, 3.396, 3.024, -68.85, 60.30, 1159.36, 2.26, 0.25, 0.61, -0.98036, -0.02012, -0.03418, -0.19319
1, 16, 8.607, 3.226, 3.307, -64.88, 65.92, 1155.52, 2.00, 0.27, 0.15, -0.98030, -0.02283, -0.03320, -0.19334
1, 14, 8.615, 3.179, 2.934, -63.66, 57.68, 1157.35, 1.74, 1.05, 0.64, -0.98037, -0.01971, -0.03217, -0.19352
1, 15, 8.584, 3.532, 2.541, -72.02, 48.83, 1160.83, 2.08, 1.31, 0.89, -0.98041, -0.01576, -0.03453, -0.19329
1, 15, 8.585, 3.726, 3.001, -75.26, 60.18, 1156.49, 2.26, 1.11, 0.78, -0.98029, -0.01937, -0.03696, -0.19311
1, 15, 8.905, 4.009, 2.828, -81.30, 56.03, 1159.36, 2.16, 0.81, 0.90, -0.97971, -0.01730, -0.03914, -0.19581
1, 16, 9.063, 3.857, 2.967, -77.45, 59.14, 1156.56, 2.25, 0.31, 0.82, -0.97945, -0.01869, -0.03811, -0.19716
1, 15, 9.181, 3.561, 3.356, -70.98, 67.87, 1156.19, 2.14, 0.04, 1.01, -0.97925, -0.02249, -0.03626, -0.19813
1, 15, 9.248, 3.556, 3.314, -71.96, 66.35, 1159.85, 1.36, 0.37, 0.89, -0.97914, -0.02212, -0.03617, -0.19872
1, 14, 9.235, 3.518, 2.837, -70.98, 54.81, 1158.69, 1.43, 0.34, 0.68, -0.97925, -0.01812, -0.03501, -0.19877
1, 16, 9.236, 3.193, 3.078, -63.48, 61.77, 1157.78, 1.64, 0.66, 0.40, -0.97928, -0.02075, -0.03265, -0.19879
1, 15, 9.234, 3.546, 2.953, -72.33, 58.41, 1157.23, 1.43, 0.76, 0.33, -0.97923, -0.01906, -0.03545, -0.19871
1, 14, 9.195, 3.621, 2.563, -73.00, 49.50, 1154.79, 1.59, 0.65, 0.48, -0.97934, -0.01561, -0.03541, -0.19848
1, 16, 8.910, 3.425, 3.022, -69.21, 59.69, 1159.67, 1.73, 0.73, 0.68, -0.97980, -0.01996, -0.03448, -0.19596
1, 15, 8.805, 3.525, 3.182, -71.17, 63.29, 1157.29, 1.41, 0.78, 0.52, -0.97993, -0.02119, -0.03559, -0.19498
1, 15, 8.755, 3.627, 3.123, -72.88, 62.01, 1154.30, 1.33, 0.94, 0.53, -0.98001, -0.02052, -0.03635, -0.19454
1, 15, 8.704, 3.664, 2.745, -73.73, 54.20, 1158.57, 0.98, 1.13, 0.72, -0.98014, -0.01724, -0.03602, -0.19422
1, 15, 8.656, 3.901, 2.489, -78.67, 49.01, 1155.46, 1.05, 1.07, 1.01, -0.98020, -0.01467, -0.03760, -0.19383
1, 16, 8.657, 3.445, 2.888, -68.05, 58.72, 1160.22, 1.63, 0.54, 0.82, -0.98025, -0.01886, -0.03438, -0.19383
1, 14, 8.680, 3.197, 3.077, -63.90, 61.46, 1155.46, 1.43, 0.75, 0.50, -0.98023, -0.02088, -0.03258, -0.19404
1, 15, 8.677, 3.686, 2.816, -75.44, 55.05, 1154.85, 1.22, 1.21, 0.49, -0.98017, -0.01782, -0.03632, -0.19396
1, 15, 9.033, 3.961, 2.664, -80.26, 53.34, 1160.40, 1.59, 0.92, 0.60, -0.97952, -0.01593, -0.03846, -0.19698
1, 16, 9.208, 4.055, 2.734, -81.97, 54.69, 1157.17, 1.80, 0.40, 0.66, -0.97919, -0.01631, -0.03941, -0.19843
1, 15, 9.298, 3.746, 2.810, -75.13, 55.85, 1157.90, 2.16, -0.12, 0.53, -0.97910, -0.01747, -0.03692, -0.19925
1, 15, 9.369, 3.349, 3.060, -66.53, 61.22, 1154.54, 2.22, -0.31, 0.42, -0.97902, -0.02028, -0.03398, -0.19989
1, 15, 9.434, 2.994, 3.161, -59.27, 62.93, 1155.27, 2.01, 0.43, 0.53, -0.97895, -0.02175, -0.03114, -0.20052
1, 14, 9.479, 3.072, 3.121, -61.58, 62.13, 1156.92, 1.53, 1.17, 0.62, -0.97887, -0.02125, -0.03173, -0.20089
1, 16, 9.491, 3.564, 3.079, -72.94, 61.22, 1156.01, 1.14, 1.69, 0.62, -0.97876, -0.02003, -0.03587, -0.20087
1, 14, 9.461, 4.032, 2.786, -83.19, 54.20, 1159.24, 1.00, 1.30, 0.76, -0.97875, -0.01671, -0.03934, -0.20058
1, 15, 8.699, 4.099, 2.772, -83.44, 53.28, 1157.96, 1.53, 0.72, 0.63, -0.98004, -0.01674, -0.03978, -0.19405
1, 17, 8.417, 3.613, 3.007, -72.57, 59.33, 1158.39, 1.75, 0.26, 0.82, -0.98060, -0.01966, -0.03598, -0.19170
1, 14, 8.279, 3.421, 2.911, -69.34, 57.68, 1157.78, 1.50, 0.37, 0.78, -0.98089, -0.01920, -0.03415, -0.19059
1, 15, 8.232, 3.210, 3.060, -64.76, 60.91, 1157.29, 1.33, 0.62, 0.61, -0.98098, -0.02085, -0.03258, -0.19021
1, 15, 8.188, 3.492, 2.707, -70.74, 53.41, 1159.18, 1.30, 0.89, 0.39, -0.98106, -0.01737, -0.03440, -0.18986
1, 15, 8.116, 3.573, 2.183, -72.08, 41.81, 1158.51, 1.59, 0.91, 0.69, -0.98122, -0.01277, -0.03422, -0.18938
1, 16, 8.106, 3.535, 2.681, -71.04, 53.16, 1155.03, 2.35, 0.69, 0.75, -0.98119, -0.01709, -0.03472, -0.18915
1, 14, 8.131, 3.196, 2.870, -63.96, 56.52, 1155.03, 2.56, 0.76, 0.70, -0.98118, -0.01927, -0.03213, -0.18940
1, 15, 8.472, 3.443, 2.910, -69.03, 58.17, 1157.90, 2.34, 1.22, 0.58, -0.98056, -0.01910, -0.03437, -0.19224
1, 16, 8.596, 3.994, 2.714, -82.70, 52.61, 1158.75, 2.32, 1.30, 0.92, -0.98025, -0.01645, -0.03877, -0.19322
1, 15, 8.698, 3.911, 3.146, -78.49, 62.99, 1156.19, 2.66, 0.75, 1.20, -0.98003, -0.02026, -0.03881, -0.19397
1, 15, 8.766, 3.544, 3.399, -70.74, 68.18, 1158.63, 2.07, 0.42, 0.79, -0.97995, -0.02303, -0.03611, -0.19458
1, 15, 8.816, 3.422, 3.519, -69.03, 70.25, 1156.74, 1.79, 0.23, 0.61, -0.97987, -0.02424, -0.03528, -0.19501
1, 15, 8.807, 3.431, 3.136, -69.40, 61.83, 1158.39, 1.43, 0.27, 0.32, -0.97996, -0.02096, -0.03470, -0.19504
1, 14, 8.757, 3.561, 2.614, -72.39, 50.42, 1160.52, 1.07, 0.61, 0.40, -0.98010, -0.01628, -0.03492, -0.19474
1, 16, 8.720, 3.495, 2.489, -70.43, 49.01, 1155.82, 1.72, 0.44, 0.85, -0.98019, -0.01534, -0.03414, -0.19448
1, 14, 8.351, 3.067, 2.949, -61.71, 57.43, 1154.54, 2.38, 0.28, 0.47, -0.98083, -0.02011, -0.03119, -0.19129
1, 16, 8.222, 3.061, 3.225, -61.83, 63.78, 1161.07, 2.10, 0.93, 0.57, -0.98100, -0.02251, -0.03158, -0.19011
1, 16, 8.170, 3.589, 3.051, -73.12, 60.06, 1159.42, 1.82, 1.64, 0.72, -0.98101, -0.02016, -0.03580, -0.18957
1, 14, 8.147, 3.708, 3.290, -74.28, 65.37, 1154.48, 1.54, 1.37, 0.83, -0.98097, -0.02201, -0.03721, -0.18926
1, 15, 8.102, 3.972, 2.806, -80.14, 54.69, 1157.71, 1.20, 1.66, 0.89, -0.98107, -0.01744, -0.03866, -0.18897
1, 15, 8.026, 4.248, 2.448, -85.94, 47.55, 1155.27, 1.72, 0.85, 0.73, -0.98117, -0.01395, -0.04043, -0.18836
1, 15, 8.046, 3.753, 3.107, -73.18, 65.06, 1158.81, 2.32, -0.01, 0.69, -0.98116, -0.02040, -0.03727, -0.18844
1, 15, 8.075, 3.404, 3.173, -68.54, 63.11, 1155.15, 1.70, 0.23, 0.62, -0.98118, -0.02154, -0.03441, -0.18877
1, 15, 8.781, 3.263, 3.004, -63.96, 60.49, 1156.07, 1.56, 0.51, 0.83, -0.98006, -0.02013, -0.03304, -0.19490
1, 16, 9.166, 3.313, 2.910, -66.35, 58.47, 1158.20, 1.52, 0.84, 0.63, -0.97941, -0.01912, -0.03337, -0.19821
1, 15, 9.342, 3.395, 2.603, -68.18, 51.09, 1158.69, 1.46, 1.09, 0.63, -0.97913, -0.01630, -0.03356, -0.19979
1, 15, 9.403, 3.945, 2.496, -81.79, 48.52, 1153.56, 1.86, 1.14, 0.45, -0.97891, -0.01441, -0.03808, -0.20020
1, 14, 9.443, 4.089, 2.636, -82.76, 52.31, 1157.41, 2.11, 0.69, 0.72, -0.97878, -0.01533, -0.03957, -0.20046
1, 16, 9.528, 3.840, 3.394, -75.62, 73.24, 1157.41, 2.33, 0.14, 0.78, -0.97857, -0.02221, -0.03878, -0.20100
1, 15, 9.577, 3.678, 3.377, -74.10, 67.38, 1155.15, 1.30, -0.18, 0.47, -0.97853, -0.02234, -0.03738, -0.20147
1, 14, 9.580, 3.408, 3.029, -68.18, 59.39, 1156.37, 1.01, -0.18, 0.55, -0.97864, -0.01985, -0.03446, -0.20168
1, 16, 9.567, 3.124, 2.769, -62.26, 54.44, 1154.66, 0.95, 0.10, 0.62, -0.97877, -0.01813, -0.03157, -0.20173
1, 14, 9.384, 3.311, 3.196, -67.08, 63.66, 1158.33, 1.59, 0.89, 0.66, -0.97898, -0.02150, -0.03389, -0.19999
1, 16, 9.271, 3.192, 2.344, -62.38, 36.44, 1156.80, 1.95, 1.28, 0.79, -0.97933, -0.01447, -0.03137, -0.19930
1, 15, 9.219, 3.654, 2.842, -75.93, 58.11, 1157.59, 2.48, 1.09, 0.66, -0.97925, -0.01793, -0.03617, -0.19860
1, 15, 9.188, 3.489, 2.835, -70.01, 55.97, 1158.94, 2.11, 1.04, 0.89, -0.97934, -0.01817, -0.03475, -0.19837
1, 15, 9.164, 3.917, 2.752, -80.51, 53.71, 1157.96, 2.35, 0.56, 0.76, -0.97930, -0.01671, -0.03826, -0.19808
1, 15, 9.140, 3.658, 2.733, -73.61, 53.83, 1159.00, 2.20, 0.38, 0.72, -0.97940, -0.01701, -0.03601, -0.19795
1, 15, 9.128, 3.455, 2.674, -69.52, 52.31, 1155.52, 2.50, 0.11, 0.68, -0.97948, -0.01687, -0.03417, -0.19792
1, 15, 9.153, 3.498, 3.042, -70.98, 60.91, 1161.01, 2.54, 0.34, 0.59, -0.97937, -0.01993, -0.03518, -0.19801
1, 15, 8.982, 3.339, 2.999, -68.05, 59.02, 1162.48, 2.53, 0.25, 0.74, -0.97970, -0.01989, -0.03372, -0.19661
1, 16, 8.952, 3.617, 3.374, -73.79, 67.81, 1156.74, 1.92, 0.50, 0.69, -0.97962, -0.02263, -0.03673, -0.19615
1, 15, 8.944, 3.570, 3.506, -72.08, 69.95, 1154.66, 1.42, 0.15, 0.58, -0.97962, -0.02384, -0.03655, -0.19606
1, 15, 8.928, 3.362, 3.358, -68.05, 67.02, 1159.42, 1.35, -0.06, 0.34, -0.97972, -0.02294, -0.03452, -0.19603
1, 14, 8.915, 2.861, 3.122, -56.03, 61.95, 1160.28, 0.79, 0.70, 0.47, -0.97988, -0.02178, -0.02983, -0.19613
1, 16, 8.890, 2.953, 2.737, -59.20, 54.20, 1159.24, 0.72, 1.43, 0.63, -0.97998, -0.01834, -0.02995, -0.19599
1, 14, 8.858, 3.039, 2.647, -60.61, 52.80, 1159.67, 1.08, 2.01, 0.71, -0.98003, -0.01743, -0.03053, -0.19572
1, 15, 8.836, 3.702, 2.598, -76.66, 51.03, 1154.17, 1.35, 2.04, 0.76, -0.97993, -0.01588, -0.03611, -0.19539
1, 16, 8.902, 4.158, 2.531, -84.23, 50.11, 1158.87, 1.63, 1.46, 0.84, -0.97971, -0.01450, -0.03990, -0.19586
1, 15, 8.975, 3.837, 3.193, -75.07, 67.50, 1156.43, 1.75, 0.75, 0.60, -0.97957, -0.02069, -0.03831, -0.19634
1, 15, 9.031, 3.578, 3.237, -71.84, 65.19, 1161.68, 1.11, 0.72, 0.48, -0.97952, -0.02149, -0.03618, -0.19688
1, 15, 9.042, 3.593, 3.029, -72.39, 60.36, 1156.62, 0.95, 0.60, 0.27, -0.97954, -0.01969, -0.03595, -0.19704
1, 15, 9.055, 2.913, 3.178, -54.87, 64.58, 1160.52, 0.98, 0.59, 0.10, -0.97962, -0.02213, -0.03039, -0.19730
1, 14, 9.032, 3.076, 2.437, -62.13, 43.70, 1157.84, 0.61, 1.70, 0.43, -0.97975, -0.01553, -0.03051, -0.19726
1, 16, 8.973, 3.451, 1.989, -70.01, 37.17, 1155.88, 1.39, 2.03, 0.79, -0.97983, -0.01106, -0.03294, -0.19679
1, 15, 8.923, 3.654, 2.112, -73.36, 41.14, 1160.03, 2.61, 1.86, 0.82, -0.97985, -0.01178, -0.03488, -0.19629
1, 15, 9.288, 3.874, 2.372, -77.51, 47.67, 1158.87, 2.78, 2.01, 1.23, -0.97914, -0.01351, -0.03725, -0.19928
1, 16, 9.467, 4.396, 2.585, -90.94, 51.33, 1154.97, 3.29, 1.33, 1.40, -0.97866, -0.01435, -0.04210, -0.20061
1, 14, 9.620, 4.131, 3.447, -80.87, 76.11, 1156.92, 3.49, -0.03, 1.19, -0.97833, -0.02212, -0.04138, -0.20168
1, 16, 9.704, 3.969, 3.283, -79.71, 64.39, 1155.76, 2.40, 0.12, 0.98, -0.97825, -0.02098, -0.03972, -0.20250
1, 14, 9.707, 3.764, 2.765, -75.26, 51.33, 1158.63, 2.47, -0.08, 1.10, -0.97838, -0.01692, -0.03706, -0.20275
1, 15, 9.706, 3.637, 2.874, -73.24, 56.27, 1151.79, 2.78, -0.29, 0.71, -0.97840, -0.01808, -0.03617, -0.20275
1, 16, 9.726, 3.191, 2.977, -63.23, 58.53, 1157.96, 3.05, -0.18, 0.85, -0.97844, -0.01975, -0.03254, -0.20300
1, 14, 9.768, 3.346, 3.402, -68.18, 68.36, 1155.46, 3.00, 0.16, 0.50, -0.97825, -0.02309, -0.03463, -0.20320
1, 15, 9.217, 3.457, 3.332, -70.50, 64.70, 1159.12, 2.40, 0.40, 0.66, -0.97921, -0.02246, -0.03534, -0.19848
1, 16, 8.974, 3.594, 2.901, -73.30, 56.03, 1160.03, 1.79, 0.42, 0.91, -0.97968, -0.01862, -0.03572, -0.19649
1, 15, 8.848, 3.324, 3.069, -67.14, 60.61, 1157.47, 2.00, 0.24, 0.83, -0.97992, -0.02056, -0.03368, -0.19544
1, 14, 8.855, 2.778, 3.687, -51.64, 78.00, 1157.23, 1.63, 0.59, 0.38, -0.97988, -0.02678, -0.03008, -0.19549
1, 16, 8.850, 3.128, 3.280, -63.23, 64.70, 1156.19, 0.61, 1.67, 0.42, -0.97992, -0.02269, -0.03237, -0.19545
1, 15, 8.798, 3.627, 2.885, -74.10, 56.34, 1156.31, 0.27, 2.07, 0.50, -0.97997, -0.01847, -0.03596, -0.19499
1, 14, 8.728, 3.700, 2.687, -74.10, 53.89, 1159.42, 0.32, 1.91, 0.53, -0.98010, -0.01668, -0.03623, -0.19443
1, 16, 8.682, 4.015, 2.580, -80.81, 51.33, 1157.41, 0.82, 1.74, 0.69, -0.98012, -0.01524, -0.03874, -0.19400
1, 14, 8.942, 3.796, 2.987, -75.50, 61.34, 1159.48, 1.24, 1.09, 0.52, -0.97967, -0.01901, -0.03760, -0.19614
1, 17, 9.067, 3.916, 2.935, -78.92, 59.08, 1158.57, 0.86, 0.97, 0.21, -0.97943, -0.01832, -0.03855, -0.19720
1, 15, 9.098, 3.940, 2.544, -79.04, 49.99, 1157.96, 0.74, 1.30, 0.56, -0.97943, -0.01492, -0.03809, -0.19758
1, 14, 9.079, 4.278, 2.270, -87.16, 44.13, 1156.37, 1.11, 0.87, 0.62, -0.97941, -0.01200, -0.04050, -0.19743
1, 16, 9.108, 3.656, 2.801, -68.97, 59.57, 1161.38, 1.86, 0.41, 0.40, -0.97945, -0.01761, -0.03610, -0.19765
1, 14, 9.115, 3.716, 2.560, -75.07, 50.05, 1156.92, 2.03, 0.38, 0.27, -0.97946, -0.01545, -0.03620, -0.19778
1, 15, 9.125, 3.718, 2.587, -75.01, 50.78, 1155.70, 2.38, 0.32, 0.72, -0.97943, -0.01566, -0.03627, -0.19786
1, 15, 9.182, 3.330, 3.108, -65.25, 63.84, 1155.09, 2.01, 0.29, 0.83, -0.97934, -0.02078, -0.03386, -0.19828
1, 15, 9.224, 3.372, 3.040, -67.75, 60.36, 1154.91, 1.56, 0.76, 0.73, -0.97927, -0.02011, -0.03411, -0.19865
1, 15, 8.928, 3.464, 2.370, -70.13, 43.76, 1157.71, 1.80, 0.96, 0.75, -0.97986, -0.01431, -0.03370, -0.19630
1, 16, 8.781, 3.592, 2.744, -72.57, 53.96, 1157.17, 2.56, 0.89, 0.67, -0.98003, -0.01734, -0.03541, -0.19489
1, 15, 8.757, 3.475, 3.160, -69.46, 62.93, 1156.43, 2.40, 1.25, 0.74, -0.98003, -0.02110, -0.03512, -0.19459
1, 14, 8.731, 3.879, 2.784, -79.22, 53.34, 1156.49, 2.07, 1.29, 0.99, -0.98004, -0.01720, -0.03793, -0.19438
1, 16, 8.728, 4.262, 3.116, -86.98, 62.38, 1154.60, 2.11, 0.77, 0.92, -0.97989, -0.01939, -0.04176, -0.19413
1, 15, 8.701, 3.935, 2.916, -79.10, 57.37, 1156.49, 1.82, 0.11, 0.77, -0.98006, -0.01824, -0.03862, -0.19406
1, 14, 8.697, 3.792, 3.008, -76.97, 59.75, 1159.18, 1.96, -0.15, 0.70, -0.98009, -0.01928, -0.03755, -0.19404
1, 16, 8.707, 3.542, 3.032, -71.72, 60.00, 1155.70, 2.04, -0.42, 0.82, -0.98012, -0.01991, -0.03546, -0.19419
1, 14, 8.880, 2.976, 3.440, -58.59, 70.50, 1162.41, 1.79, -0.41, 0.66, -0.97986, -0.02432, -0.03134, -0.19571
1, 17, 8.951, 2.660, 2.978, -52.37, 58.11, 1160.89, 1.18, 0.52, 0.41, -0.97988, -0.02089, -0.02787, -0.19653
1, 14, 8.968, 2.871, 2.639, -57.43, 52.00, 1157.65, 1.07, 1.85, 0.69, -0.97987, -0.01762, -0.02910, -0.19670
1, 15, 8.960, 3.182, 2.651, -63.48, 52.67, 1158.87, 1.46, 2.53, 0.79, -0.97983, -0.01719, -0.03178, -0.19656
1, 16, 8.944, 3.835, 2.588, -78.67, 50.60, 1155.94, 1.75, 2.91, 0.88, -0.97972, -0.01553, -0.03725, -0.19628
1, 14, 8.929, 4.438, 2.691, -90.88, 52.98, 1153.87, 2.21, 2.27, 1.03, -0.97957, -0.01538, -0.04257, -0.19595
1, 15, 8.938, 4.469, 3.138, -89.60, 62.74, 1153.63, 2.46, 1.34, 0.71, -0.97947, -0.01914, -0.04360, -0.19586
1, 15, 8.943, 4.340, 3.038, -87.16, 59.69, 1153.08, 2.19, 0.58, 0.94, -0.97952, -0.01851, -0.04233, -0.19597
1, 15, 8.690, 4.140, 3.249, -84.29, 63.72, 1157.23, 2.14, -0.04, 0.79, -0.97997, -0.02075, -0.04094, -0.19379
1, 16, 8.583, 3.790, 3.042, -76.90, 59.81, 1156.68, 1.90, -0.79, 0.73, -0.98027, -0.01961, -0.03757, -0.19306
1, 15, 8.573, 3.045, 3.354, -57.74, 68.66, 1161.62, 1.68, -0.61, 0.50, -0.98039, -0.02355, -0.03173, -0.19308
1, 15, 8.540, 2.918, 2.839, -58.72, 55.42, 1157.90, 1.15, 0.15, 0.18, -0.98056, -0.01936, -0.02977, -0.19298
1, 14, 8.506, 3.202, 2.651, -64.70, 52.43, 1157.96, 1.46, 0.87, 0.57, -0.98059, -0.01729, -0.03187, -0.19267
1, 16, 8.490, 3.201, 2.835, -64.03, 56.15, 1155.33, 1.75, 1.27, 0.55, -0.98059, -0.01886, -0.03217, -0.19248
1, 14, 8.485, 3.606, 2.777, -72.45, 54.75, 1155.21, 1.87, 1.85, 0.64, -0.98052, -0.01769, -0.03554, -0.19235
1, 15, 8.481, 3.840, 2.938, -77.15, 58.47, 1157.71, 1.69, 1.57, 0.56, -0.98045, -0.01867, -0.03781, -0.19220
1, 16, 8.758, 4.390, 2.752, -89.90, 54.20, 1154.85, 1.66, 1.35, 0.61, -0.97986, -0.01604, -0.04224, -0.19448
1, 15, 8.907, 4.330, 2.677, -87.34, 52.92, 1156.92, 2.10, 0.22, 1.21, -0.97964, -0.01545, -0.04162, -0.19580
1, 16, 9.001, 3.930, 2.985, -78.74, 60.00, 1156.13, 2.08, -0.75, 1.04, -0.97954, -0.01874, -0.03875, -0.19661
1, 14, 9.069, 3.384, 3.159, -67.14, 63.35, 1158.94, 2.05, -0.82, 0.74, -0.97951, -0.02116, -0.03439, -0.19729
1, 15, 9.095, 3.114, 2.887, -62.81, 56.70, 1158.87, 1.94, -0.49, 0.49, -0.97957, -0.01929, -0.03162, -0.19766
1, 15, 9.131, 2.890, 3.222, -57.92, 64.76, 1159.12, 2.04, 0.27, 0.36, -0.97949, -0.02253, -0.03029, -0.19794
1, 15, 9.140, 3.358, 2.947, -69.09, 57.56, 1156.68, 1.36, 1.07, 0.37, -0.97943, -0.01936, -0.03381, -0.19796
1, 15, 9.097, 3.756, 2.580, -76.90, 49.13, 1152.89, 1.73, 0.86, 0.46, -0.97948, -0.01555, -0.03658, -0.19760
1, 15, 9.011, 4.158, 2.226, -85.02, 42.36, 1156.49, 2.15, 0.38, 0.49, -0.97956, -0.01185, -0.03939, -0.19689
1, 16, 9.020, 3.587, 2.759, -69.52, 57.07, 1163.27, 2.94, -0.04, 0.80, -0.97962, -0.01740, -0.03543, -0.19693
1, 14, 9.064, 3.502, 2.945, -70.74, 58.11, 1156.86, 2.75, 0.11, 1.05, -0.97954, -0.01912, -0.03503, -0.19728
1, 16, 9.132, 3.038, 3.388, -59.27, 68.73, 1158.57, 2.71, 0.42, 1.08, -0.97943, -0.02370, -0.03184, -0.19786
1, 15, 9.210, 2.683, 3.833, -51.88, 78.55, 1158.87, 1.63, 1.50, 0.51, -0.97925, -0.02810, -0.02960, -0.19852
1, 14, 9.219, 3.463, 3.285, -77.82, 58.96, 1157.59, 0.94, 2.04, 0.63, -0.97921, -0.02205, -0.03531, -0.19851
1, 16, 9.146, 4.053, 2.544, -89.11, 39.12, 1154.17, 1.86, 1.01, 0.85, -0.97932, -0.01471, -0.03906, -0.19797
1, 14, 9.081, 4.172, 2.748, -84.53, 53.77, 1154.17, 2.72, 0.11, 0.87, -0.97937, -0.01627, -0.04042, -0.19730
1, 15, 8.670, 3.580, 3.213, -71.04, 63.29, 1156.25, 2.77, -0.02, 0.74, -0.98014, -0.02140, -0.03608, -0.19380
1, 16, 8.464, 3.673, 3.375, -74.58, 66.28, 1155.09, 2.41, -0.15, 0.51, -0.98044, -0.02269, -0.03712, -0.19196
1, 15, 8.401, 3.777, 3.530, -76.66, 70.19, 1157.29, 1.77, 0.03, 0.92, -0.98049, -0.02387, -0.03825, -0.19134
1, 15, 8.378, 3.670, 3.547, -74.77, 71.23, 1160.46, 1.01, -0.22, 0.96, -0.98055, -0.02420, -0.03736, -0.19117
1, 15, 8.332, 3.654, 3.072, -74.52, 60.73, 1158.57, 0.82, -0.63, 0.89, -0.98072, -0.02018, -0.03642, -0.19094
1, 15, 8.295, 3.129, 2.997, -63.23, 59.88, 1159.85, 0.98, -0.86, 0.67, -0.98090, -0.02043, -0.03180, -0.19078
1, 15, 8.260, 2.520, 2.553, -47.73, 48.10, 1157.65, 1.49, 0.10, 0.51, -0.98114, -0.01765, -0.02584, -0.19075
1, 15, 8.245, 2.385, 2.456, -47.49, 48.71, 1160.64, 1.79, 1.81, 0.87, -0.98120, -0.01705, -0.02452, -0.19067
1, 14, 8.818, 3.116, 2.328, -66.59, 46.08, 1157.84, 2.23, 2.59, 1.03, -0.98013, -0.01459, -0.03063, -0.19544
1, 17, 9.101, 3.962, 2.257, -88.38, 43.03, 1159.91, 3.11, 2.09, 1.19, -0.97946, -0.01243, -0.03778, -0.19770
1, 15, 9.326, 4.244, 2.861, -86.98, 59.51, 1158.02, 3.88, 1.08, 0.89, -0.97891, -0.01702, -0.04127, -0.19934
1, 14, 9.509, 4.167, 3.688, -83.44, 79.47, 1155.76, 3.71, 0.18, 0.72, -0.97847, -0.02416, -0.04209, -0.20062
1, 16, 9.652, 3.707, 3.965, -73.12, 80.20, 1158.94, 2.49, -0.24, 0.71, -0.97826, -0.02728, -0.03868, -0.20191
1, 14, 9.757, 3.206, 4.160, -62.56, 84.17, 1156.07, 1.50, -0.13, 0.65, -0.97812, -0.02981, -0.03477, -0.20292
1, 15, 9.804, 2.707, 3.938, -52.25, 78.80, 1156.25, -0.04, 0.39, 0.14, -0.97818, -0.02880, -0.03014, -0.20356
1, 15, 9.783, 2.891, 3.217, -58.65, 60.79, 1156.80, -0.78, 1.46, 0.08, -0.97835, -0.02232, -0.03042, -0.20351
1, 15, 9.704, 3.340, 2.349, -71.66, 36.87, 1158.57, -0.69, 2.03, 0.45, -0.97854, -0.01413, -0.03270, -0.20297
1, 14, 9.570, 3.625, 1.776, -73.30, 33.08, 1158.94, 0.51, 1.97, 0.90, -0.97877, -0.00877, -0.03411, -0.20192
1, 17, 9.497, 4.035, 1.921, -82.03, 37.66, 1157.84, 1.95, 1.85, 1.21, -0.97878, -0.00930, -0.03786, -0.20118
1, 15, 9.531, 3.857, 2.698, -76.11, 57.98, 1158.26, 2.95, 1.08, 1.23, -0.97868, -0.01624, -0.03771, -0.20125
1, 15, 9.603, 3.849, 3.369, -77.09, 69.89, 1152.83, 2.76, 0.82, 0.95, -0.97844, -0.02196, -0.03883, -0.20165
1, 15, 9.667, 3.721, 3.568, -74.95, 71.72, 1162.17, 2.04, 0.70, 0.94, -0.97832, -0.02386, -0.03810, -0.20217
1, 14, 9.662, 4.076, 3.239, -83.86, 62.87, 1155.33, 1.40, 0.40, 0.54, -0.97831, -0.02042, -0.04055, -0.20212
1, 16, 9.608, 3.839, 2.794, -77.27, 53.65, 1160.03, 1.55, -0.40, 0.41, -0.97853, -0.01707, -0.03773, -0.20188
1, 15, 9.550, 4.006, 2.483, -82.28, 47.49, 1157.59, 2.26, -0.72, 0.43, -0.97864, -0.01413, -0.03861, -0.20145
1, 14, 9.537, 3.357, 2.920, -66.28, 59.02, 1161.13, 2.82, -1.39, 0.50, -0.97875, -0.01902, -0.03382, -0.20137
1, 17, 9.577, 2.842, 3.209, -55.79, 64.58, 1157.78, 2.40, -0.72, 0.65, -0.97872, -0.02239, -0.02995, -0.20176
1, 14, 9.642, 2.523, 3.506, -49.99, 70.86, 1160.03, 1.96, 0.23, 0.82, -0.97859, -0.02548, -0.02776, -0.20234
1, 15, 9.669, 2.664, 3.170, -53.47, 62.32, 1157.84, 1.30, 1.43, 0.80, -0.97859, -0.02234, -0.02838, -0.20261
1, 15, 9.682, 2.911, 3.307, -58.35, 66.47, 1159.55, 1.23, 2.20, 0.95, -0.97850, -0.02307, -0.03073, -0.20262
1, 15, 9.664, 3.365, 3.037, -68.18, 59.57, 1158.94, 1.05, 2.94, 0.86, -0.97850, -0.01997, -0.03413, -0.20241
1, 14, 9.642, 4.179, 2.989, -89.48, 58.47, 1152.95, 1.34, 2.82, 1.03, -0.97836, -0.01812, -0.04098, -0.20201
1, 16, 9.606, 4.810, 3.010, -99.67, 59.27, 1148.62, 1.42, 1.72, 0.93, -0.97824, -0.01719, -0.04640, -0.20151
1, 15, 9.120, 4.354, 2.870, -87.89, 55.66, 1156.01, 1.56, 0.21, 0.76, -0.97924, -0.01698, -0.04219, -0.19755
1, 15, 8.892, 3.933, 2.715, -79.65, 53.04, 1158.57, 1.76, -0.64, 0.50, -0.97976, -0.01647, -0.03830, -0.19577
1, 16, 8.801, 3.321, 2.702, -66.35, 52.80, 1159.85, 2.50, -1.11, 0.60, -0.98006, -0.01744, -0.03302, -0.19515
1, 14, 8.805, 2.931, 3.175, -58.90, 63.90, 1160.03, 2.86, -0.94, 0.56, -0.98005, -0.02215, -0.03050, -0.19515
1, 16, 8.839, 2.494, 3.310, -49.74, 65.86, 1160.22, 2.52, -0.03, 0.47, -0.98003, -0.02404, -0.02699, -0.19554
1, 14, 8.872, 2.700, 3.329, -54.14, 66.22, 1156.68, 1.91, 1.15, 0.43, -0.97994, -0.02384, -0.02880, -0.19576
1, 15, 8.881, 3.078, 3.274, -61.89, 65.43, 1159.36, 1.27, 2.02, 0.52, -0.97987, -0.02272, -0.03194, -0.19573
1, 16, 8.848, 3.601, 2.904, -73.43, 56.15, 1155.64, 1.14, 2.51, 0.66, -0.97989, -0.01867, -0.03577, -0.19542
1, 14, 8.645, 4.392, 2.609, -91.37, 49.32, 1154.36, 1.47, 2.48, 1.07, -0.98007, -0.01486, -0.04200, -0.19357
1, 16, 8.497, 4.482, 2.601, -90.09, 50.84, 1154.11, 2.04, 1.21, 1.36, -0.98030, -0.01469, -0.04274, -0.19229
1, 15, 8.494, 3.998, 3.129, -78.61, 63.96, 1157.53, 2.30, 0.31, 1.34, -0.98036, -0.02003, -0.03949, -0.19220
1, 15, 8.508, 3.596, 3.366, -72.14, 67.08, 1157.65, 2.21, 0.05, 0.96, -0.98038, -0.02273, -0.03644, -0.19236
1, 14, 8.493, 3.280, 3.053, -65.86, 60.00, 1158.02, 1.91, 0.11, 0.57, -0.98053, -0.02059, -0.03322, -0.19242
1, 16, 8.489, 3.213, 3.071, -64.76, 60.79, 1154.85, 1.98, 0.34, 0.63, -0.98055, -0.02087, -0.03267, -0.19240
1, 15, 8.494, 3.203, 3.178, -64.64, 63.05, 1157.23, 2.09, 0.43, 0.50, -0.98052, -0.02179, -0.03277, -0.19242
1, 14, 8.493, 2.949, 3.173, -58.90, 62.81, 1153.69, 1.96, 0.87, 0.19, -0.98057, -0.02218, -0.03059, -0.19248
1, 16, 9.006, 2.992, 2.894, -59.08, 57.74, 1158.20, 1.79, 1.43, 0.40, -0.97974, -0.01958, -0.03058, -0.19694
1, 15, 9.273, 3.230, 2.966, -64.33, 59.81, 1157.65, 1.74, 2.43, 0.50, -0.97923, -0.01971, -0.03278, -0.19913
