282, 8, 31.604, -2.957, 32.652, 50.29, 781.25, 899.41, 9.95, -10.77, 10.38, -0.88223, -0.26880, -0.08561, -0.37695
282, 27, 31.282, -0.075, 35.168, -100.83, 790.53, 848.33, -23.44, -7.45, -16.69, -0.88038, -0.27926, -0.11523, -0.36561
282, 15, 31.260, 2.501, 35.532, -256.53, 771.00, 839.23, -40.73, -13.66, -8.84, -0.88197, -0.27381, -0.13608, -0.35866
282, 17, 30.708, 4.733, 33.946, -258.30, 673.16, 958.74, -51.23, -21.15, -27.28, -0.88901, -0.25499, -0.14701, -0.35076
282, 15, 30.037, 5.996, 30.784, -217.77, 567.93, 1108.40, -48.05, -22.33, -31.88, -0.89840, -0.22708, -0.14572, -0.34653
282, 15, 29.537, 5.866, 27.563, -131.35, 499.63, 1217.59, -33.18, -18.65, -29.15, -0.90590, -0.20275, -0.13403, -0.34681
282, 16, 29.132, 5.143, 24.909, -57.74, 428.34, 1273.50, -11.96, -11.52, -30.38, -0.91136, -0.18447, -0.11961, -0.34797
282, 15, 29.134, 4.250, 25.364, -23.86, 542.60, 1119.63, 9.94, -5.06, -30.58, -0.91028, -0.19093, -0.11395, -0.34922
282, 14, 29.273, 3.889, 27.485, -22.22, 647.77, 981.75, 13.33, -0.56, -28.15, -0.90600, -0.20875, -0.11782, -0.34888
282, 16, 29.297, 4.540, 29.770, -93.14, 679.81, 885.38, 7.26, -0.22, -34.30, -0.90193, -0.22468, -0.12988, -0.34522
282, 15, 29.193, 5.999, 30.993, -164.43, 631.29, 889.83, -2.41, -3.40, -35.33, -0.90051, -0.22978, -0.14469, -0.33963
282, 17, 29.186, 7.264, 30.912, -181.82, 578.49, 939.76, -5.97, -5.10, -31.66, -0.90120, -0.22510, -0.15426, -0.33672
282, 15, 29.198, 7.970, 31.208, -153.63, 649.23, 1035.83, 1.82, 6.97, -40.39, -0.90082, -0.22513, -0.16062, -0.33473
282, 15, 29.433, 10.325, 30.581, -319.95, 490.05, 912.66, 3.05, -0.67, -16.18, -0.90186, -0.21220, -0.17744, -0.33185
282, 16, 29.971, 11.865, 30.335, -344.36, 475.28, 893.74, 11.57, -14.76, 6.36, -0.90089, -0.20431, -0.18957, -0.33275
282, 15, 30.317, 12.380, 30.890, -292.72, 490.60, 846.25, 22.71, -27.11, 4.38, -0.89891, -0.20635, -0.19575, -0.33326
282, 15, 31.201, 11.134, 31.713, -244.57, 565.49, 954.53, 29.08, -32.75, 30.14, -0.89467, -0.21553, -0.19028, -0.34191
282, 16, 32.831, 11.047, 32.021, -320.43, 484.80, 893.49, 29.66, -26.37, 72.45, -0.88913, -0.21549, -0.19362, -0.35430
282, 15, 35.757, 10.652, 32.944, -313.84, 488.16, 861.57, 36.16, -15.91, 106.80, -0.87794, -0.21903, -0.19915, -0.37627
282, 16, 38.762, 8.244, 35.413, -174.32, 633.85, 870.30, 41.20, -2.05, 125.40, -0.86163, -0.24167, -0.19572, -0.40110
282, 16, 40.859, 5.072, 36.001, -64.64, 703.31, 1079.53, 34.31, 10.80, 118.10, -0.85035, -0.25494, -0.17912, -0.42406
282, 15, 42.284, 2.435, 35.233, 21.85, 624.69, 1111.33, 26.43, 20.08, 100.11, -0.84405, -0.25754, -0.16012, -0.44229
282, 16, 43.842, -0.467, 34.219, 198.97, 557.62, 1050.84, 16.64, 47.84, 90.29, -0.83677, -0.25963, -0.13841, -0.46179
282, 15, 45.272, -1.645, 33.295, 243.71, 679.99, 1184.94, 3.20, 92.05, 67.67, -0.83146, -0.25601, -0.12925, -0.47584
282, 15, 45.866, -1.316, 33.458, 391.42, 863.10, 1173.71, -16.12, 141.55, 9.35, -0.82907, -0.25515, -0.13365, -0.47926
282, 16, 44.858, 1.809, 33.497, 317.63, 893.62, 1068.85, -46.08, 182.01, -80.67, -0.83696, -0.24380, -0.15431, -0.46502
282, 15, 42.462, 6.350, 31.278, 253.72, 736.21, 1004.94, -88.86, 205.68, -135.15, -0.85496, -0.21222, -0.17394, -0.44017
282, 16, 39.537, 11.981, 28.163, 59.94, 600.95, 894.84, -119.29, 214.99, -171.44, -0.87343, -0.17079, -0.19906, -0.41028
282, 16, 35.339, 20.080, 22.401, -218.26, 389.59, 834.23, -136.97, 204.79, -189.31, -0.89255, -0.10284, -0.23506, -0.37083
282, 15, 31.595, 27.969, 17.068, -449.10, 350.40, 827.33, -140.44, 169.33, -173.22, -0.89914, -0.04063, -0.27604, -0.33720
282, 15, 25.346, 30.690, 6.870, -354.00, -54.63, 1045.84, -131.81, 122.00, -163.03, -0.91230, 0.03406, -0.26824, -0.30755
282, 16, 20.463, 32.665, 3.828, -456.73, 333.80, 933.53, -84.92, 90.88, -218.73, -0.91932, 0.05216, -0.27802, -0.27355
282, 16, 14.545, 32.133, -1.633, -499.21, 105.47, 1050.17, -71.35, 45.36, -226.70, -0.93063, 0.08103, -0.26495, -0.23908
282, 16, 9.851, 35.235, -5.735, -930.30, 25.88, 927.06, -34.65, 29.30, -194.22, -0.92860, 0.10861, -0.28609, -0.20989
282, 15, 3.443, 34.000, -11.149, -812.44, -353.94, 1065.67, 8.32, -29.64, -134.07, -0.93677, 0.13547, -0.27378, -0.17076
282, 16, 0.908, 34.335, -11.337, -1026.55, -272.22, 954.96, 72.52, -58.02, -94.98, -0.93922, 0.13119, -0.27923, -0.15061
282, 16, 0.877, 35.957, -7.644, -1152.71, -66.16, 662.72, 126.36, -91.87, -64.11, -0.93865, 0.10222, -0.29735, -0.14163
282, 15, 3.141, 36.826, -0.934, -1167.91, 119.32, 550.96, 157.07, -137.74, -25.97, -0.93805, 0.05417, -0.31127, -0.14230
282, 15, 6.599, 35.664, 7.469, -862.00, 184.81, 525.70, 177.60, -166.57, 15.63, -0.93846, -0.00691, -0.31172, -0.14858
282, 16, 12.414, 35.172, 17.714, -834.05, 269.23, 329.53, 178.63, -162.61, 106.36, -0.92791, -0.07525, -0.32404, -0.16829
282, 16, 20.089, 30.289, 30.481, -605.77, 633.79, 410.77, 153.82, -152.62, 177.12, -0.91091, -0.16926, -0.31507, -0.20573
282, 15, 27.187, 21.230, 39.629, -289.43, 785.34, 621.03, 98.48, -106.62, 201.04, -0.88804, -0.25141, -0.27897, -0.26525
282, 17, 31.572, 11.925, 40.665, -74.34, 515.26, 920.41, 63.97, -60.01, 249.45, -0.87439, -0.28128, -0.22316, -0.32639
282, 15, 35.767, 4.325, 40.130, 19.47, 615.54, 1180.97, 50.39, -24.28, 249.99, -0.85761, -0.29641, -0.17589, -0.38171
282, 16, 39.917, -3.696, 39.693, 284.85, 586.06, 950.93, 38.29, 2.15, 246.25, -0.83375, -0.31642, -0.12624, -0.43450
282, 15, 43.689, -7.706, 37.666, 140.08, 684.45, 1227.72, 25.41, 28.93, 228.21, -0.81752, -0.31298, -0.09913, -0.47315
283, 8, 34.228, 11.413, 31.556, -249.15, 595.70, 957.09, -10.73, -2.34, 56.82, -0.88568, -0.20820, -0.19751, -0.36499
283, 27, 35.228, 13.395, 30.375, -401.06, 515.56, 941.22, -9.57, -7.97, 57.53, -0.88477, -0.19004, -0.21036, -0.36990
283, 15, 35.864, 12.904, 28.508, -271.06, 330.14, 820.80, -5.49, -14.35, 82.03, -0.88565, -0.17631, -0.20159, -0.37934
283, 15, 37.335, 11.875, 30.155, -242.68, 543.46, 887.39, 12.74, 2.88, 91.77, -0.87796, -0.19029, -0.20176, -0.39021
283, 16, 38.871, 10.042, 32.785, -115.48, 749.45, 946.72, 14.51, 26.28, 79.75, -0.86744, -0.21471, -0.19996, -0.40182
283, 15, 39.798, 8.596, 33.241, -79.96, 699.77, 1070.74, 3.23, 48.29, 57.53, -0.86256, -0.22221, -0.19270, -0.41168
283, 16, 39.396, 7.514, 33.185, 139.77, 681.46, 1039.12, -3.15, 74.42, -12.70, -0.86347, -0.22668, -0.18373, -0.41143
283, 15, 38.278, 8.425, 32.869, 122.38, 750.12, 1069.40, -22.76, 108.14, -68.21, -0.86858, -0.22259, -0.18717, -0.40124
283, 15, 36.994, 10.894, 33.499, 229.68, 1014.59, 986.33, -57.77, 153.08, -131.50, -0.87286, -0.22018, -0.20516, -0.38413
283, 17, 34.839, 15.370, 31.746, 90.03, 829.04, 936.22, -102.78, 184.14, -194.94, -0.88371, -0.19402, -0.22884, -0.35924
283, 15, 32.044, 21.030, 28.549, -104.31, 712.22, 858.40, -139.99, 181.96, -228.87, -0.89513, -0.15440, -0.25731, -0.32967
283, 15, 26.292, 26.885, 17.927, -294.49, 142.88, 1003.23, -158.34, 156.46, -226.40, -0.91494, -0.06364, -0.26766, -0.29529
283, 16, 19.496, 31.886, 6.197, -538.88, -166.87, 1019.17, -136.47, 121.70, -190.24, -0.92414, 0.02878, -0.27767, -0.26084
283, 16, 12.942, 35.215, -0.848, -642.03, 91.31, 941.89, -112.03, 76.12, -169.02, -0.92677, 0.07681, -0.29266, -0.22259
283, 16, 8.058, 33.894, -5.281, -545.78, 76.23, 1077.64, -83.63, 36.88, -178.05, -0.93568, 0.09848, -0.27754, -0.19435
283, 16, 5.666, 34.488, -6.789, -707.89, 129.15, 963.38, -60.49, 16.11, -147.27, -0.93669, 0.10576, -0.28210, -0.17847
283, 15, 2.300, 31.046, -10.853, -458.01, -199.65, 1083.62, -37.05, -5.46, -129.87, -0.94621, 0.12753, -0.25104, -0.15939
283, 16, 1.085, 33.042, -11.004, -978.21, -25.02, 926.76, 1.29, -16.51, -111.03, -0.94273, 0.12781, -0.26876, -0.15065
283, 15, 1.761, 30.059, -8.730, -566.47, -7.81, 1038.45, 31.88, -54.26, -86.65, -0.95145, 0.10783, -0.24624, -0.14992
283, 15, 1.486, 28.240, -9.246, -610.90, -298.71, 1015.93, 67.97, -56.53, -51.21, -0.95543, 0.10981, -0.23060, -0.14805
283, 16, 3.695, 29.669, -4.872, -892.27, -51.09, 818.97, 115.96, -74.89, -9.97, -0.95291, 0.07951, -0.24657, -0.15764
283, 15, 6.811, 31.674, 2.203, -1089.23, 129.76, 667.36, 141.85, -107.83, 33.15, -0.94729, 0.03061, -0.27176, -0.16691
283, 16, 10.385, 31.696, 9.559, -830.99, 145.26, 587.95, 157.84, -133.44, 72.85, -0.94214, -0.02136, -0.28289, -0.17858
283, 16, 16.311, 31.236, 19.519, -910.58, 437.44, 481.93, 144.42, -135.30, 135.98, -0.92842, -0.08873, -0.29863, -0.20247
283, 15, 22.114, 27.403, 29.655, -638.55, 693.79, 571.72, 117.23, -119.88, 164.54, -0.91213, -0.16592, -0.29447, -0.23190
283, 16, 25.065, 24.820, 34.173, -480.10, 329.83, 503.17, 88.26, -96.16, 183.77, -0.90136, -0.20226, -0.28918, -0.25104
283, 16, 27.417, 19.950, 35.017, -426.70, 251.89, 773.56, 88.71, -79.72, 244.16, -0.89749, -0.21919, -0.25892, -0.28182
283, 15, 30.143, 12.824, 37.772, -302.19, 685.97, 1107.48, 88.88, -60.66, 249.99, -0.88548, -0.25877, -0.21834, -0.31826
283, 16, 32.327, 6.672, 37.470, -154.85, 399.78, 1012.39, 78.26, -46.99, 249.99, -0.87716, -0.27343, -0.17632, -0.35317
283, 15, 37.240, -0.146, 38.571, 9.64, 597.60, 972.23, 79.84, -21.94, 239.37, -0.85161, -0.29857, -0.14120, -0.40703
283, 16, 39.981, -4.734, 38.164, 137.70, 648.86, 1133.91, 63.35, -5.22, 179.15, -0.83604, -0.30898, -0.11293, -0.43911
283, 16, 41.578, -7.749, 37.093, 178.34, 699.95, 1217.90, 43.10, 2.19, 137.58, -0.82759, -0.31077, -0.09074, -0.45857
283, 15, 42.200, -10.402, 36.274, 299.56, 756.41, 1165.22, 19.33, 16.55, 101.19, -0.82238, -0.31417, -0.06948, -0.46922
283, 15, 42.145, -11.093, 33.648, 237.30, 528.56, 1165.28, 3.89, 16.85, 49.82, -0.82829, -0.29781, -0.05342, -0.47158
283, 16, 41.019, -9.933, 31.635, 144.41, 510.80, 1117.86, 1.18, 20.68, 6.52, -0.84005, -0.27941, -0.05106, -0.46220
284, 7, 31.996, 14.969, 31.566, -370.36, 557.98, 934.20, -6.87, -4.68, 35.35, -0.89270, -0.19965, -0.22040, -0.33859
284, 28, 33.795, 14.744, 30.608, -358.40, 524.35, 935.67, -7.54, -12.89, 60.81, -0.88890, -0.18957, -0.21886, -0.35499
284, 16, 35.226, 14.308, 29.315, -321.17, 374.69, 853.58, -2.33, -9.27, 98.91, -0.88648, -0.17845, -0.21379, -0.36960
284, 15, 37.530, 12.656, 31.370, -204.96, 645.51, 936.95, 4.21, 27.67, 97.24, -0.87540, -0.19623, -0.21203, -0.38758
284, 15, 39.183, 10.795, 32.936, -31.07, 793.33, 1035.64, -7.58, 60.55, 66.49, -0.86637, -0.21235, -0.20662, -0.40201
284, 15, 39.898, 9.885, 33.508, 135.56, 882.39, 1103.64, -30.00, 101.71, 12.15, -0.86237, -0.21897, -0.20331, -0.40870
284, 15, 39.091, 10.815, 32.768, 263.85, 890.38, 1111.82, -61.00, 147.67, -77.11, -0.86702, -0.21117, -0.20602, -0.40156
284, 16, 37.168, 14.765, 32.077, 173.71, 934.69, 871.77, -106.74, 192.15, -171.36, -0.87565, -0.19420, -0.22936, -0.37803
284, 16, 33.301, 22.349, 27.615, -199.71, 620.06, 815.55, -159.77, 199.84, -203.74, -0.89182, -0.13944, -0.26607, -0.33826
284, 17, 27.159, 28.903, 16.585, -375.61, 122.25, 945.31, -174.48, 164.02, -194.56, -0.91026, -0.04443, -0.28021, -0.30154
284, 15, 20.304, 32.517, 5.932, -502.87, -66.47, 1071.53, -135.16, 116.19, -170.59, -0.92082, 0.03449, -0.28187, -0.26729
284, 15, 15.773, 33.811, 0.060, -581.91, 82.70, 1022.03, -95.19, 75.58, -157.05, -0.92514, 0.07373, -0.28129, -0.24404
284, 16, 10.507, 31.113, -5.294, -397.64, -21.73, 1113.77, -66.07, 22.80, -183.01, -0.93816, 0.09990, -0.25253, -0.21471
284, 16, 7.135, 30.610, -6.964, -583.19, 92.65, 1003.05, -38.09, 8.98, -189.11, -0.94382, 0.10548, -0.24844, -0.19068
284, 15, 4.207, 26.240, -8.502, -263.98, 12.63, 1143.19, -18.01, -9.06, -174.77, -0.95662, 0.10673, -0.21228, -0.16861
284, 16, 3.138, 27.844, -7.887, -738.53, 100.89, 988.16, 2.75, -1.86, -141.43, -0.95533, 0.10137, -0.22758, -0.15897
284, 15, 0.548, 27.945, -8.431, -705.87, -110.47, 1043.76, 21.54, -35.75, -116.40, -0.95799, 0.10085, -0.23001, -0.13847
284, 17, -1.248, 30.979, -8.473, -1158.20, -205.99, 850.83, 61.66, -38.90, -87.42, -0.95313, 0.09988, -0.25695, -0.12467
284, 15, -1.025, 33.609, -6.053, -1263.37, -149.84, 711.36, 106.92, -78.22, -44.86, -0.94833, 0.08235, -0.28129, -0.12152
284, 15, 2.435, 35.418, -0.118, -1275.63, -40.04, 617.31, 150.05, -118.10, 36.48, -0.94302, 0.04392, -0.30100, -0.13482
284, 16, 8.343, 37.231, 8.042, -1223.08, -61.58, 276.61, 186.12, -153.78, 137.26, -0.93205, -0.00406, -0.32526, -0.15957
284, 15, 18.385, 35.393, 22.431, -951.78, 564.76, 341.74, 171.79, -152.54, 203.27, -0.91426, -0.09539, -0.33785, -0.20222
284, 16, 25.706, 28.640, 33.730, -496.64, 587.16, 477.48, 129.67, -143.75, 236.72, -0.89695, -0.18457, -0.31777, -0.24585
284, 16, 28.288, 19.118, 37.249, -197.39, 378.36, 685.30, 111.36, -109.70, 249.99, -0.89119, -0.23741, -0.25996, -0.28606
284, 15, 33.089, 8.412, 41.017, 13.49, 300.96, 421.88, 99.53, -69.14, 249.99, -0.86721, -0.29323, -0.20203, -0.34806
284, 16, 36.704, 1.135, 41.102, 31.13, 627.87, 1294.25, 97.38, -38.45, 249.99, -0.84832, -0.31352, -0.15814, -0.39629
284, 16, 40.440, -5.898, 40.767, 224.30, 686.83, 1194.58, 76.17, -12.54, 249.99, -0.82505, -0.33158, -0.11564, -0.44270
284, 15, 43.166, -10.418, 39.857, 215.94, 771.85, 1195.31, 53.68, 6.00, 211.50, -0.80816, -0.33906, -0.08685, -0.47369
285, 8, 33.993, 12.346, 31.788, -253.36, 572.14, 951.97, -7.69, 2.33, 25.19, -0.88616, -0.20703, -0.20485, -0.36042
285, 27, 34.168, 13.447, 31.452, -309.63, 571.59, 942.14, -3.89, -2.58, 18.43, -0.88631, -0.20012, -0.21238, -0.35958
285, 15, 34.508, 13.784, 31.301, -323.55, 568.79, 943.60, -5.80, -5.08, 29.98, -0.88552, -0.19709, -0.21502, -0.36163
285, 16, 34.651, 13.774, 31.125, -303.47, 565.67, 943.12, -5.62, -7.39, 27.02, -0.88537, -0.19550, -0.21463, -0.36309
285, 14, 34.290, 14.906, 29.835, -389.95, 455.44, 937.74, -2.36, -12.65, 19.79, -0.88860, -0.18203, -0.21847, -0.35991
285, 16, 34.019, 14.801, 28.085, -295.59, 381.90, 937.01, 9.79, -6.41, 26.94, -0.89214, -0.16933, -0.21176, -0.36134
285, 16, 35.034, 13.457, 30.812, -102.60, 784.36, 992.74, 13.26, 35.10, 11.92, -0.88466, -0.19354, -0.21191, -0.36744
285, 15, 35.863, 13.209, 32.758, 34.67, 928.77, 1036.44, -15.11, 91.00, -26.50, -0.87856, -0.20788, -0.21778, -0.37080
285, 16, 36.676, 13.747, 34.290, 252.62, 1112.85, 960.33, -55.99, 143.25, -70.21, -0.87318, -0.21597, -0.22824, -0.37259
285, 15, 36.550, 17.264, 34.206, 81.79, 1024.35, 885.93, -99.62, 184.40, -139.79, -0.87397, -0.20212, -0.25351, -0.36202
285, 16, 35.440, 23.293, 32.205, -151.31, 907.96, 815.12, -149.73, 200.04, -198.28, -0.87877, -0.16615, -0.28949, -0.34111
285, 16, 31.528, 31.113, 23.407, -513.79, 385.68, 854.13, -187.81, 154.63, -188.43, -0.89146, -0.07914, -0.31763, -0.31329
285, 15, 24.966, 34.628, 10.500, -513.24, -135.44, 1062.19, -166.50, 104.16, -149.53, -0.90584, 0.01595, -0.30855, -0.28983
285, 15, 17.867, 35.494, 0.855, -541.81, -77.82, 1085.88, -113.98, 71.93, -117.16, -0.91687, 0.07633, -0.29518, -0.25766
285, 18, 15.007, 33.968, -1.878, -467.65, 184.51, 1128.05, -91.56, 42.30, -105.74, -0.92501, 0.08783, -0.27899, -0.24250
285, 15, 10.969, 30.926, -4.811, -363.77, 109.92, 1166.20, -69.56, 18.68, -144.36, -0.93815, 0.09664, -0.25150, -0.21745
285, 16, 7.991, 29.966, -5.901, -549.38, 118.23, 1006.35, -52.90, -2.39, -147.54, -0.94482, 0.09763, -0.24414, -0.19542
285, 15, 4.299, 27.074, -8.772, -472.66, -123.72, 1132.51, -22.65, -11.44, -146.91, -0.95449, 0.11013, -0.21879, -0.17015
285, 15, 1.668, 28.800, -10.381, -947.39, -235.47, 906.56, 29.29, -44.17, -115.80, -0.95281, 0.12016, -0.23363, -0.15211
285, 16, 0.038, 28.223, -11.152, -749.45, -364.75, 1002.87, 79.37, -55.97, -85.61, -0.95535, 0.12278, -0.22954, -0.13979
285, 15, 1.097, 30.734, -8.192, -1152.59, -224.06, 694.82, 128.57, -86.81, -28.64, -0.95122, 0.10256, -0.25316, -0.14345
285, 15, 4.843, 32.890, 0.332, -1136.11, 143.80, 589.05, 164.51, -119.82, 34.67, -0.94656, 0.04311, -0.27980, -0.15454
285, 18, 9.263, 33.998, 9.189, -1099.18, 157.65, 429.14, 185.91, -154.72, 89.05, -0.93868, -0.01680, -0.30085, -0.16761
285, 15, 15.256, 33.026, 20.895, -839.66, 386.96, 346.01, 192.28, -163.74, 136.24, -0.92564, -0.09817, -0.31419, -0.18663
285, 16, 20.533, 28.072, 32.308, -554.93, 567.75, 441.04, 170.31, -159.51, 169.84, -0.91024, -0.18913, -0.30224, -0.21056
285, 15, 23.674, 21.728, 39.030, -397.34, 439.58, 547.42, 139.74, -135.15, 223.96, -0.89683, -0.25361, -0.27362, -0.23772
285, 15, 25.647, 13.739, 41.359, -333.80, 668.27, 1034.79, 104.61, -93.61, 245.41, -0.88861, -0.29227, -0.22366, -0.27371
285, 17, 27.602, 6.483, 40.864, -138.61, 453.49, 1069.52, 86.58, -65.49, 249.99, -0.88216, -0.30730, -0.17277, -0.31226
285, 15, 33.310, -2.316, 43.977, 96.13, 610.11, 647.83, 78.45, -38.63, 249.99, -0.84680, -0.35064, -0.13242, -0.37742
285, 16, 37.599, -6.894, 41.907, 17.46, 646.24, 1277.40, 60.49, -23.06, 227.01, -0.83065, -0.34600, -0.10420, -0.42362
285, 16, 40.797, -12.514, 40.087, 385.25, 621.09, 1125.49, 48.00, -8.12, 180.05, -0.81270, -0.34971, -0.06527, -0.46148
285, 15, 42.714, -15.823, 38.163, 495.42, 772.09, 1303.47, 28.23, 13.45, 118.85, -0.80321, -0.34680, -0.03872, -0.48279
286, 7, 32.281, 15.447, 31.328, -272.64, 576.11, 954.28, -8.50, -4.88, 32.91, -0.89222, -0.19556, -0.22379, -0.34004
286, 27, 33.997, 15.359, 28.596, -343.93, 433.59, 930.73, -8.64, -5.41, 55.90, -0.89137, -0.17130, -0.21754, -0.35888
286, 16, 35.566, 15.369, 28.087, -354.98, 411.25, 905.88, 2.90, -2.30, 87.65, -0.88711, -0.16434, -0.21829, -0.37199
286, 16, 38.103, 13.900, 30.338, -282.10, 648.62, 965.33, 4.46, 13.02, 105.35, -0.87532, -0.18245, -0.21868, -0.39079
286, 15, 40.060, 12.042, 32.455, -102.84, 785.52, 989.99, -6.55, 47.13, 77.15, -0.86459, -0.20216, -0.21566, -0.40632
286, 15, 41.233, 10.505, 33.020, 41.32, 784.97, 1060.42, -23.99, 81.22, 45.48, -0.85876, -0.21043, -0.20858, -0.41803
286, 16, 41.552, 10.212, 32.568, 148.44, 783.02, 1100.34, -41.22, 121.10, -5.19, -0.85828, -0.20766, -0.20537, -0.42197
286, 15, 40.783, 11.902, 32.325, 231.93, 896.24, 1008.61, -69.58, 166.05, -87.35, -0.86219, -0.20038, -0.21544, -0.41237
286, 15, 38.373, 17.159, 30.754, -0.55, 819.09, 897.77, -111.37, 199.03, -151.62, -0.87369, -0.17224, -0.24449, -0.38371
286, 17, 33.933, 24.752, 23.584, -312.93, 402.53, 912.35, -147.44, 194.84, -178.41, -0.89211, -0.09765, -0.27263, -0.34681
286, 15, 28.211, 31.390, 14.930, -492.19, 246.09, 923.28, -152.82, 154.13, -181.58, -0.90372, -0.02062, -0.29523, -0.30936
286, 17, 20.828, 33.303, 3.971, -485.66, -138.37, 1077.51, -125.04, 83.74, -162.83, -0.91706, 0.05354, -0.28328, -0.27548
286, 15, 16.253, 32.198, -0.921, -428.83, 76.35, 1170.10, -74.69, 61.22, -154.82, -0.92732, 0.07935, -0.26580, -0.25124
286, 15, 12.417, 29.532, -3.094, -363.46, 237.43, 1213.13, -60.55, 21.15, -185.49, -0.93987, 0.08321, -0.24222, -0.22592
286, 16, 8.421, 27.901, -5.063, -484.50, 133.42, 1119.38, -41.50, 6.40, -205.52, -0.94933, 0.08848, -0.22807, -0.19728
286, 15, 5.463, 25.021, -6.797, -408.94, 31.01, 1120.42, -25.36, -20.00, -185.19, -0.95865, 0.09323, -0.20350, -0.17571
286, 15, 0.230, 27.309, -9.405, -857.06, -154.66, 959.84, 5.68, -16.33, -164.31, -0.95885, 0.10781, -0.22378, -0.13749
286, 17, -2.075, 29.772, -11.087, -1061.10, -286.87, 799.93, 31.22, -50.89, -94.26, -0.95435, 0.11898, -0.24482, -0.12294
286, 15, -1.656, 30.769, -8.154, -841.86, -33.51, 871.09, 74.46, -55.11, -65.27, -0.95434, 0.09616, -0.25589, -0.12049
286, 16, -0.018, 32.291, -3.563, -1044.80, -15.93, 737.06, 127.03, -94.38, -23.37, -0.95212, 0.06300, -0.27235, -0.12378
286, 15, 4.691, 33.301, 4.516, -1094.67, 202.03, 655.21, 151.24, -121.30, 50.92, -0.94670, 0.00875, -0.28865, -0.14267
286, 15, 9.359, 33.297, 12.781, -890.81, 156.92, 467.96, 172.58, -152.56, 93.50, -0.93915, -0.04731, -0.30033, -0.15988
286, 17, 15.917, 29.649, 23.150, -688.05, 398.93, 599.18, 164.99, -153.88, 170.12, -0.92855, -0.12321, -0.29201, -0.19324
286, 15, 22.128, 25.289, 32.678, -559.51, 517.03, 493.84, 128.27, -128.95, 216.87, -0.90969, -0.19633, -0.28448, -0.23020
286, 15, 26.950, 19.645, 34.749, -410.58, 190.37, 632.08, 111.49, -115.68, 249.99, -0.89928, -0.21914, -0.25507, -0.27965
286, 17, 31.237, 10.795, 36.900, -144.96, 541.75, 1147.34, 104.21, -83.18, 249.99, -0.88379, -0.25688, -0.20310, -0.33419
286, 15, 35.221, 1.455, 36.836, 185.06, 324.34, 913.88, 88.08, -50.15, 249.99, -0.86487, -0.28245, -0.14202, -0.38993
286, 15, 39.079, -5.338, 37.352, 152.77, 702.70, 1177.55, 71.66, -27.89, 249.99, -0.84070, -0.30606, -0.10292, -0.43470
286, 16, 41.109, -11.312, 36.841, 391.30, 616.82, 1105.65, 51.38, -14.57, 171.62, -0.82346, -0.32214, -0.06200, -0.46293
286, 16, 41.791, -13.472, 35.564, 307.92, 660.34, 1248.29, 37.09, 6.94, 101.33, -0.81984, -0.32037, -0.04262, -0.47267
286, 16, 41.074, -13.322, 34.502, 211.91, 692.93, 1217.10, 14.27, 7.95, 50.86, -0.82602, -0.31247, -0.03741, -0.46761
287, 7, 33.021, 12.272, 31.409, -240.60, 585.21, 958.86, -7.47, -4.43, 11.92, -0.88986, -0.20609, -0.20135, -0.35375
287, 26, 32.770, 13.279, 29.748, -268.55, 472.47, 862.37, -7.66, -8.50, 5.97, -0.89355, -0.19003, -0.20344, -0.35224
287, 16, 33.305, 14.756, 30.163, -408.08, 516.91, 862.98, 1.73, -8.58, 23.35, -0.89114, -0.18700, -0.21677, -0.35200
287, 15, 34.181, 15.132, 31.274, -383.06, 590.94, 891.60, 4.71, -12.95, 36.83, -0.88657, -0.19256, -0.22448, -0.35570
287, 15, 34.792, 15.122, 31.831, -334.90, 549.26, 887.88, 8.72, -10.07, 37.90, -0.88372, -0.19569, -0.22718, -0.35935
287, 16, 35.335, 15.337, 31.797, -320.37, 497.31, 880.86, 16.73, -0.49, 38.91, -0.88206, -0.19355, -0.22959, -0.36304
287, 16, 36.890, 14.755, 33.803, -224.12, 581.48, 819.15, 23.17, 33.95, 46.49, -0.87353, -0.20797, -0.23445, -0.37245
287, 16, 38.450, 14.850, 34.504, -267.40, 608.64, 932.37, 15.21, 56.93, 58.78, -0.86713, -0.20970, -0.24030, -0.38258
287, 15, 40.396, 11.676, 35.028, 47.18, 665.22, 1037.05, 12.13, 61.10, 77.07, -0.85850, -0.22233, -0.22272, -0.40489
287, 15, 41.046, 9.813, 35.183, 202.76, 800.29, 1130.92, -4.87, 90.75, 13.27, -0.85493, -0.22973, -0.21105, -0.41447
287, 16, 40.679, 9.611, 33.888, 299.80, 843.75, 1287.11, -34.66, 125.85, -45.72, -0.85869, -0.22153, -0.20417, -0.41460
287, 15, 39.610, 11.460, 33.304, 319.21, 1084.53, 1185.73, -74.19, 162.84, -113.82, -0.86445, -0.21172, -0.21358, -0.40284
287, 15, 36.645, 15.500, 30.284, 124.63, 783.39, 979.00, -123.25, 180.00, -199.58, -0.88028, -0.17868, -0.22806, -0.37572
287, 17, 31.302, 21.556, 22.386, -201.11, 423.40, 1004.03, -154.03, 170.41, -186.82, -0.90391, -0.10576, -0.24255, -0.33605
287, 16, 26.279, 26.666, 13.989, -413.09, 237.49, 1018.07, -157.27, 134.03, -152.15, -0.91696, -0.03288, -0.25564, -0.30456
287, 16, 19.078, 28.530, 3.849, -437.07, -61.77, 1033.02, -133.61, 62.13, -174.86, -0.93137, 0.03848, -0.24541, -0.26618
287, 15, 14.236, 28.957, -2.226, -476.38, -0.37, 1001.77, -88.55, 49.20, -149.41, -0.93805, 0.07880, -0.23797, -0.23920
287, 15, 9.905, 26.169, -6.590, -345.52, -80.99, 1147.28, -57.23, 10.92, -156.52, -0.94902, 0.10122, -0.20970, -0.21247
287, 16, 7.351, 27.303, -7.292, -654.54, 78.55, 948.55, -26.54, -8.13, -153.05, -0.95055, 0.10398, -0.22020, -0.19274
287, 15, 5.666, 24.946, -7.350, -448.49, -12.45, 1085.63, 5.86, -24.21, -139.47, -0.95803, 0.09812, -0.20185, -0.17837
287, 15, 4.848, 27.576, -6.909, -1006.53, -41.50, 927.92, 37.89, -41.34, -98.73, -0.95428, 0.09629, -0.22528, -0.17123
287, 16, 3.400, 26.699, -4.334, -691.10, -30.94, 997.44, 85.17, -81.01, -91.57, -0.96005, 0.07088, -0.22263, -0.15402
287, 16, 3.258, 29.068, -1.207, -1085.51, -71.84, 720.64, 128.91, -93.48, -43.43, -0.95685, 0.04730, -0.24666, -0.14617
287, 15, 6.514, 30.634, 6.212, -996.40, 201.60, 544.49, 157.40, -127.14, 24.75, -0.95049, -0.00492, -0.26885, -0.15575
287, 16, 11.314, 29.991, 15.300, -892.82, 329.77, 527.53, 165.01, -160.75, 87.04, -0.94194, -0.06975, -0.27827, -0.17452
287, 16, 16.765, 26.873, 25.621, -601.32, 468.14, 480.77, 157.58, -154.17, 134.20, -0.92846, -0.14831, -0.27541, -0.20028
287, 16, 22.258, 20.495, 35.381, -386.47, 785.95, 610.35, 123.16, -116.84, 187.23, -0.90821, -0.23189, -0.25372, -0.23875
287, 15, 25.107, 15.509, 40.379, -297.67, 579.10, 600.59, 79.74, -79.77, 176.88, -0.89239, -0.28027, -0.23330, -0.26581
287, 15, 27.502, 11.555, 39.767, -364.44, 353.58, 855.29, 70.20, -52.27, 230.31, -0.88757, -0.28325, -0.20792, -0.29793
288, 8, 32.318, 14.803, 31.783, -278.69, 597.23, 942.32, -2.81, -2.32, 11.25, -0.89138, -0.20131, -0.22035, -0.34112
288, 27, 33.733, 12.924, 32.284, -251.59, 608.64, 942.63, -5.50, -4.24, 24.33, -0.88614, -0.20926, -0.21028, -0.35603
288, 16, 33.995, 12.414, 32.295, -249.76, 609.19, 949.04, -6.44, -5.33, 17.40, -0.88523, -0.21071, -0.20696, -0.35935
288, 15, 34.025, 13.266, 32.269, -346.07, 609.44, 940.98, -7.33, -9.86, 12.14, -0.88529, -0.20736, -0.21332, -0.35742
288, 16, 34.116, 14.355, 32.105, -388.92, 545.78, 865.30, -6.88, -18.27, 20.59, -0.88536, -0.20196, -0.22113, -0.35560
288, 15, 34.434, 15.413, 30.823, -399.66, 374.27, 827.33, 6.53, -17.73, 45.60, -0.88651, -0.18754, -0.22560, -0.35782
288, 15, 35.988, 15.284, 31.487, -323.18, 452.03, 800.90, 20.62, -5.60, 78.80, -0.88049, -0.19006, -0.22930, -0.36882
288, 16, 38.679, 13.359, 34.723, -178.41, 766.30, 891.36, 21.40, 32.59, 89.34, -0.86563, -0.21675, -0.23061, -0.38798
288, 15, 41.265, 11.480, 36.096, -47.73, 834.84, 1095.09, 5.09, 78.22, 69.31, -0.85321, -0.22940, -0.22682, -0.40983
288, 16, 43.187, 8.990, 36.578, 346.25, 886.72, 1129.70, -11.76, 114.14, 39.51, -0.84364, -0.23945, -0.21464, -0.42995
288, 16, 43.485, 8.362, 37.042, 683.59, 1089.90, 1045.41, -43.81, 164.41, -64.06, -0.84106, -0.24490, -0.21253, -0.43298
288, 15, 42.664, 12.327, 36.180, 391.11, 1180.79, 1018.55, -105.26, 224.06, -160.19, -0.84842, -0.22371, -0.23595, -0.41769
288, 16, 40.854, 19.211, 32.376, 7.39, 890.56, 932.19, -174.74, 248.44, -212.84, -0.86257, -0.17064, -0.26856, -0.39336
288, 15, 36.915, 27.986, 26.096, -369.63, 631.77, 729.74, -228.81, 189.88, -249.52, -0.87758, -0.09708, -0.30668, -0.35550
288, 15, 26.747, 34.110, 7.922, -533.63, -512.33, 950.74, -214.47, 117.77, -207.92, -0.90168, 0.03944, -0.29734, -0.31147
288, 17, 20.162, 36.385, -1.994, -613.71, -79.04, 994.87, -132.51, 91.29, -158.49, -0.90687, 0.10698, -0.29372, -0.28261
288, 15, 13.239, 34.209, -7.254, -487.55, 98.51, 1187.50, -98.30, 41.34, -173.69, -0.92307, 0.12741, -0.27126, -0.24108
288, 16, 7.866, 34.099, -9.088, -688.42, 253.54, 1015.01, -70.92, 19.32, -212.46, -0.93170, 0.12933, -0.27283, -0.20194
288, 16, 2.992, 28.904, -12.486, -304.26, -48.40, 1156.56, -62.28, -14.78, -187.61, -0.94834, 0.14040, -0.23005, -0.16741
288, 15, -1.701, 30.272, -16.684, -935.73, -322.02, 989.38, -25.73, -5.46, -163.51, -0.94578, 0.16650, -0.24215, -0.13833
288, 15, -3.914, 28.807, -19.004, -766.60, -539.86, 1017.27, 44.50, -52.90, -99.36, -0.94819, 0.18044, -0.23065, -0.12322
288, 16, -3.783, 29.753, -17.261, -1061.28, -433.65, 941.35, 106.99, -67.54, -58.14, -0.94853, 0.16664, -0.24020, -0.12180
288, 15, -1.775, 31.608, -12.670, -1183.23, -295.04, 681.95, 163.61, -107.34, -13.77, -0.94791, 0.13394, -0.25808, -0.13005
288, 17, 2.047, 34.216, -5.395, -1286.87, -189.45, 429.57, 200.33, -144.31, 55.44, -0.94367, 0.08506, -0.28484, -0.14532
288, 16, 9.858, 35.510, 7.154, -932.13, 221.92, 305.48, 213.57, -156.62, 133.29, -0.93423, 0.00424, -0.31007, -0.17623
288, 15, 20.570, 31.173, 24.001, -635.93, 842.47, 453.25, 185.51, -138.31, 205.28, -0.91662, -0.11368, -0.31026, -0.22500
288, 16, 26.982, 28.466, 32.660, -465.27, 264.22, 352.05, 135.21, -95.85, 249.99, -0.89600, -0.17325, -0.31612, -0.25930
289, 8, 37.043, 4.360, 34.616, 648.07, 1227.97, 1093.38, -63.61, 181.87, -145.07, -0.86651, -0.25292, -0.16042, -0.39932
289, 27, 30.007, 21.422, 21.969, -277.28, 417.79, 965.45, -154.12, 197.09, -233.60, -0.90816, -0.10565, -0.23912, -0.32698
289, 15, 26.275, 27.642, 15.822, -394.41, 421.14, 916.87, -174.48, 157.84, -218.44, -0.91485, -0.04449, -0.26809, -0.29866
289, 17, 20.434, 28.916, 6.700, -209.29, 209.66, 1000.73, -180.51, 119.28, -233.38, -0.92815, 0.01928, -0.25485, -0.27058
289, 15, 16.948, 30.249, 0.202, -379.27, 236.63, 922.06, -191.89, 91.02, -190.89, -0.93094, 0.06754, -0.25203, -0.25549
289, 15, 11.986, 31.406, -6.814, -470.09, 59.63, 819.15, -152.38, 54.93, -218.70, -0.93316, 0.11605, -0.25060, -0.23011
289, 16, 6.308, 27.702, -14.457, -256.84, -163.70, 1049.50, -122.28, 33.00, -216.61, -0.94315, 0.16175, -0.21252, -0.19782
289, 15, 1.664, 28.438, -15.749, -590.33, 156.19, 936.10, -98.91, 30.72, -183.36, -0.94697, 0.16434, -0.22323, -0.16253
289, 17, -4.198, 30.303, -20.692, -806.46, -243.77, 859.62, -67.11, 25.65, -188.41, -0.94228, 0.19426, -0.24171, -0.12625
289, 16, -9.240, 30.315, -25.408, -918.15, -515.44, 941.96, -21.23, -7.85, -177.55, -0.93855, 0.22224, -0.24642, -0.09492
289, 15, -12.036, 32.113, -27.545, -1119.20, -557.80, 792.11, 34.87, -8.67, -123.76, -0.93224, 0.23289, -0.26508, -0.08020
289, 15, -11.888, 35.106, -25.961, -1434.75, -504.82, 809.57, 91.14, -24.75, -60.50, -0.92781, 0.21903, -0.29027, -0.08323
289, 16, -8.739, 37.162, -21.013, -1317.32, -508.12, 693.30, 162.76, -82.95, 18.33, -0.92851, 0.18651, -0.30537, -0.09920
289, 15, -3.456, 39.373, -13.594, -1229.68, -415.53, 488.22, 207.91, -116.07, 92.22, -0.92753, 0.14114, -0.32310, -0.12399
289, 17, 7.197, 41.314, 1.149, -952.70, 117.25, 345.09, 227.07, -130.46, 173.07, -0.92064, 0.05505, -0.34856, -0.16701
289, 15, 18.872, 37.686, 17.254, -736.21, 295.29, 563.60, 210.77, -142.00, 217.18, -0.91155, -0.04641, -0.34636, -0.21669
289, 16, 22.449, 38.001, 22.434, -730.71, -367.49, 97.78, 220.37, -156.96, 249.99, -0.90114, -0.07545, -0.36073, -0.22832
289, 16, 27.123, 25.891, 31.923, -290.71, 458.56, 920.90, 220.15, -180.21, 249.99, -0.89943, -0.17580, -0.29549, -0.26984
289, 15, 29.166, 11.056, 37.252, 294.37, 429.99, 870.36, 185.04, -163.96, 249.99, -0.88896, -0.26238, -0.20137, -0.31680
289, 15, 31.769, -0.554, 43.540, 409.42, 971.13, 815.12, 129.13, -95.41, 249.99, -0.85551, -0.34368, -0.13949, -0.36130
289, 16, 34.299, -9.819, 43.397, 462.65, 776.79, 1290.95, 83.69, -55.03, 249.99, -0.83248, -0.36879, -0.07750, -0.40615
289, 15, 37.695, -18.581, 42.455, 702.33, 720.21, 1214.97, 74.51, -19.77, 249.99, -0.80320, -0.38722, -0.01968, -0.45227
289, 17, 40.068, -23.923, 41.784, 739.99, 987.98, 1263.61, 49.40, 19.10, 191.97, -0.78135, -0.39873, 0.01461, -0.47989
289, 15, 43.457, -24.736, 39.062, 644.10, 840.52, 1225.59, 23.64, 35.93, 86.38, -0.77373, -0.38336, 0.02072, -0.50393
289, 16, 43.888, -21.934, 38.154, 461.06, 806.52, 1080.57, 6.86, 55.91, 4.03, -0.78272, -0.36780, 0.00269, -0.50207
290, 9, 36.939, 4.891, 37.999, -151.79, 675.78, 888.31, -10.71, -0.10, 33.71, -0.85951, -0.27661, -0.17581, -0.39219
290, 26, 38.358, 5.334, 37.585, -213.20, 674.32, 876.71, -7.46, -18.90, 48.82, -0.85598, -0.26966, -0.18103, -0.40226
290, 16, 39.112, 3.819, 36.998, -103.64, 616.09, 835.88, -7.84, -21.36, 66.14, -0.85326, -0.26983, -0.16957, -0.41279
290, 16, 40.932, 3.336, 35.879, -185.91, 536.99, 823.30, -8.23, -15.36, 116.57, -0.84868, -0.26069, -0.16612, -0.42918
290, 15, 43.284, -1.163, 35.522, 122.07, 617.55, 924.44, 5.10, 0.76, 141.04, -0.83508, -0.27258, -0.13725, -0.45772
291, 7, 45.157, -5.349, 37.573, 816.22, 953.80, 1112.55, -13.07, 195.88, -99.09, -0.81587, -0.30178, -0.11985, -0.47845
292, 7, 39.513, 8.281, 34.876, -212.89, 516.85, 858.40, 2.28, -12.06, 102.10, -0.86012, -0.23622, -0.19566, -0.40757
292, 27, 43.234, 2.392, 38.069, 64.27, 846.19, 945.19, 8.94, 22.73, 112.82, -0.83370, -0.27709, -0.17301, -0.44523
292, 15, 44.559, 0.037, 37.725, 158.14, 770.02, 1020.63, -1.10, 56.17, 89.87, -0.82626, -0.28212, -0.15789, -0.46127
292, 15, 46.465, -2.041, 35.926, 338.81, 670.59, 1099.12, -9.51, 95.83, 71.91, -0.81982, -0.27519, -0.14014, -0.48220
292, 17, 48.142, -2.526, 35.899, 622.38, 979.92, 1173.95, -19.27, 163.70, 32.52, -0.81200, -0.27497, -0.14058, -0.49526
292, 15, 48.743, -0.380, 36.199, 711.91, 1071.23, 996.89, -49.90, 231.11, -52.82, -0.81189, -0.26717, -0.15857, -0.49428
292, 16, 47.275, 5.974, 35.028, 224.49, 831.36, 840.27, -97.15, 249.99, -150.39, -0.82822, -0.23359, -0.19550, -0.47039
292, 15, 44.303, 15.270, 32.540, -123.78, 700.20, 828.49, -116.39, 235.98, -209.16, -0.84981, -0.18081, -0.24634, -0.42947
292, 15, 38.430, 22.723, 24.397, -230.22, 396.73, 920.78, -148.75, 175.98, -250.00, -0.87876, -0.10126, -0.26408, -0.38443
292, 16, 33.142, 27.541, 19.091, -314.94, 487.00, 935.12, -132.25, 141.08, -250.00, -0.89428, -0.05425, -0.27946, -0.34527
292, 16, 24.932, 29.314, 7.518, -245.12, -1.46, 1033.63, -144.76, 99.28, -250.00, -0.91626, 0.02389, -0.25923, -0.30447
292, 15, 13.910, 32.055, -2.497, -518.31, 47.61, 871.89, -129.44, 64.29, -250.00, -0.93150, 0.08644, -0.26299, -0.23595
292, 17, 4.293, 35.124, -11.687, -946.53, -230.77, 846.74, -82.63, 35.43, -250.00, -0.93181, 0.14305, -0.28117, -0.17947
292, 15, -3.379, 33.884, -19.755, -828.13, -471.56, 945.25, -38.25, -7.80, -222.47, -0.93399, 0.18949, -0.27100, -0.13537
292, 15, -7.846, 36.204, -23.047, -1467.41, -449.46, 726.01, 34.71, -15.58, -179.19, -0.92686, 0.20544, -0.29418, -0.11036
293, 8, 32.650, 16.606, 45.938, -99.43, 523.62, 324.40, 143.46, -156.65, 249.99, -0.85946, -0.30242, -0.27446, -0.30748
294, 8, 37.051, 4.497, 38.113, -148.86, 682.92, 894.04, -9.84, -3.23, 22.55, -0.85849, -0.27873, -0.17356, -0.39393
294, 26, 37.318, 2.918, 38.127, -64.33, 715.70, 885.19, -8.30, -12.32, 20.40, -0.85598, -0.28417, -0.16258, -0.40014
294, 16, 37.816, 3.950, 37.456, -198.18, 606.08, 839.84, -4.67, -11.41, 39.33, -0.85690, -0.27467, -0.16909, -0.40210
294, 15, 39.101, 3.827, 36.960, -158.02, 564.33, 801.82, 1.97, -11.10, 78.13, -0.85339, -0.26953, -0.16946, -0.41274
294, 15, 40.816, 1.902, 37.783, -50.48, 647.71, 817.81, 13.11, 0.02, 100.30, -0.84304, -0.28045, -0.16247, -0.42922
294, 16, 42.329, -0.780, 38.591, 117.92, 760.68, 931.34, 17.80, 25.96, 88.15, -0.83177, -0.29460, -0.14978, -0.44601
294, 14, 43.435, -2.956, 39.020, 261.96, 790.28, 1000.55, 20.52, 49.81, 44.10, -0.82303, -0.30472, -0.13856, -0.45887
294, 16, 44.008, -4.252, 39.594, 425.11, 822.02, 997.01, 22.06, 83.40, 3.72, -0.81705, -0.31317, -0.13303, -0.46546
294, 16, 44.292, -3.571, 39.901, 404.72, 829.77, 978.88, 11.72, 124.91, -38.24, -0.81621, -0.31237, -0.13997, -0.46545
294, 15, 43.712, 1.140, 38.407, 121.28, 759.22, 1039.37, -7.01, 158.56, -91.51, -0.82943, -0.28383, -0.16647, -0.45142
294, 16, 42.827, 6.694, 35.726, 10.31, 688.05, 1111.08, -26.99, 170.22, -116.87, -0.84499, -0.24323, -0.19416, -0.43489
294, 15, 41.296, 10.569, 33.818, 221.56, 808.59, 1091.92, -65.58, 185.60, -170.12, -0.85708, -0.21603, -0.21207, -0.41687
294, 15, 38.730, 15.149, 32.334, 285.22, 1075.26, 1049.93, -107.73, 195.52, -243.47, -0.87002, -0.19149, -0.23567, -0.38840
294, 17, 35.635, 19.926, 27.636, 22.40, 678.10, 906.49, -158.83, 181.85, -250.00, -0.88607, -0.14343, -0.25097, -0.36238
294, 15, 30.132, 27.544, 22.532, -374.08, 603.15, 795.96, -168.21, 147.39, -250.00, -0.90078, -0.08865, -0.28750, -0.31316
294, 16, 21.567, 28.899, 8.880, -134.22, -79.28, 1015.32, -182.56, 102.56, -232.93, -0.92571, 0.00415, -0.25979, -0.27487
294, 16, 16.305, 30.639, 3.679, -331.24, 343.69, 813.11, -162.36, 91.80, -250.00, -0.93310, 0.03869, -0.26305, -0.24216
294, 16, 8.939, 32.690, -6.348, -512.08, -30.94, 763.18, -151.88, 52.98, -250.00, -0.93624, 0.10748, -0.26500, -0.20415
294, 15, 1.898, 30.731, -15.640, -485.23, -235.84, 968.26, -112.33, 35.87, -250.00, -0.94141, 0.16582, -0.24214, -0.16617
294, 16, -3.484, 34.222, -21.209, -1421.02, -334.84, 686.28, -24.16, 1.74, -215.44, -0.93074, 0.20117, -0.27222, -0.13838
294, 15, -5.563, 34.249, -24.937, -1171.51, -777.59, 838.44, 45.54, -46.59, -109.90, -0.92615, 0.22645, -0.27195, -0.13043
294, 16, -5.837, 35.863, -22.295, -1191.59, -439.21, 697.75, 127.63, -68.51, -55.76, -0.92709, 0.20447, -0.28857, -0.12419
294, 16, -2.004, 37.821, -13.962, -1160.40, -87.65, 556.70, 192.96, -110.57, 6.15, -0.93000, 0.14743, -0.30817, -0.13567
295, 7, 37.297, 4.503, 36.980, -226.87, 625.43, 854.86, -2.28, -6.55, 1.79, -0.86036, -0.26984, -0.17028, -0.39746
295, 27, 37.317, 7.316, 36.615, -271.91, 585.63, 840.76, 8.65, -19.94, 11.81, -0.86339, -0.25667, -0.18989, -0.39068
295, 15, 38.411, 5.915, 36.816, -127.14, 572.75, 802.49, 14.41, -19.85, 56.43, -0.85807, -0.26165, -0.18273, -0.40232
295, 15, 40.388, 3.033, 38.230, 40.41, 688.60, 848.08, 26.46, 14.93, 79.85, -0.84482, -0.28004, -0.17136, -0.42247
295, 16, 41.360, 1.585, 40.085, 133.24, 837.95, 895.87, 28.34, 45.95, 29.75, -0.83480, -0.29773, -0.17017, -0.43070
295, 15, 41.916, 1.996, 40.521, 28.81, 854.92, 1025.09, 19.41, 59.78, 11.13, -0.83210, -0.29847, -0.17624, -0.43297
295, 17, 42.138, 1.682, 39.826, 147.40, 698.12, 953.37, 13.83, 70.66, -11.15, -0.83265, -0.29430, -0.17191, -0.43649
295, 14, 42.548, 1.531, 39.700, 306.21, 777.59, 981.69, 7.77, 106.35, -33.97, -0.83121, -0.29337, -0.17138, -0.44006
295, 15, 42.687, 3.214, 39.041, 330.32, 911.62, 1158.26, -10.19, 146.51, -75.74, -0.83442, -0.28174, -0.18135, -0.43759
295, 16, 42.271, 6.066, 38.180, 331.48, 941.65, 1080.87, -42.19, 172.61, -124.08, -0.84108, -0.26477, -0.19764, -0.42827
295, 16, 41.511, 11.283, 36.738, 28.02, 840.58, 939.33, -76.91, 185.26, -152.99, -0.85093, -0.23448, -0.22820, -0.41093
295, 15, 40.771, 17.018, 34.303, -161.62, 700.32, 870.18, -99.42, 174.88, -148.61, -0.85987, -0.19439, -0.25935, -0.39444
295, 16, 39.318, 20.541, 30.468, -139.83, 649.41, 977.23, -112.13, 149.23, -152.73, -0.87016, -0.15435, -0.26948, -0.38259
295, 15, 33.621, 23.268, 24.864, -36.19, 587.77, 985.53, -125.57, 129.33, -210.75, -0.89321, -0.11387, -0.26510, -0.34487
295, 16, 28.852, 25.993, 20.628, -220.40, 615.66, 894.90, -149.15, 101.57, -216.67, -0.90764, -0.08204, -0.26955, -0.31112
296, 7, -3.643, 31.798, -15.568, -953.31, -201.23, 858.15, 1.37, -27.65, -202.12, -0.94586, 0.15377, -0.25882, -0.12131
296, 27, -5.828, 34.886, -11.661, -1023.38, 13.55, 796.39, 63.26, -42.15, -137.63, -0.94467, 0.11741, -0.29075, -0.09635
296, 17, -3.995, 35.700, -6.933, -950.26, 114.38, 741.58, 85.75, -72.61, -73.60, -0.94506, 0.08349, -0.29993, -0.09966
296, 16, -1.157, 35.867, -1.110, -880.00, 180.54, 753.48, 98.39, -78.41, -43.30, -0.94526, 0.04306, -0.30501, -0.10772
296, 15, 2.903, 36.985, 5.082, -915.95, 120.12, 632.81, 117.66, -77.87, 27.85, -0.93943, 0.00442, -0.31961, -0.12370
296, 15, 9.360, 37.997, 13.245, -1054.38, 182.31, 552.67, 131.13, -90.32, 117.99, -0.92764, -0.04191, -0.33868, -0.15175
296, 16, 16.199, 36.540, 21.552, -958.07, 238.34, 641.60, 131.04, -106.67, 180.40, -0.91623, -0.09180, -0.34342, -0.18481
296, 15, 22.305, 35.958, 28.190, -817.26, 54.87, 356.75, 131.36, -106.90, 249.99, -0.90041, -0.12747, -0.35642, -0.21441
296, 16, 25.732, 27.831, 32.944, -425.84, 286.50, 709.96, 139.29, -120.51, 249.99, -0.89903, -0.18102, -0.31010, -0.25061
296, 15, 30.365, 18.398, 37.226, -147.09, 190.37, 398.25, 139.56, -109.22, 249.99, -0.88606, -0.23500, -0.25884, -0.30441
297, 9, 37.036, 4.008, 36.520, -104.13, 643.80, 911.19, -10.93, -0.45, 6.57, -0.86190, -0.26857, -0.16440, -0.39746
297, 26, 36.897, 7.071, 36.058, -229.31, 576.23, 839.48, 7.52, -5.74, 6.76, -0.86588, -0.25407, -0.18525, -0.38908
297, 15, 37.339, 6.767, 37.074, -148.56, 685.18, 857.67, 11.07, -5.45, 21.52, -0.86187, -0.26213, -0.18745, -0.39157
297, 15, 37.645, 6.832, 38.337, -141.48, 713.32, 841.49, 15.01, 4.54, 11.47, -0.85794, -0.27086, -0.19295, -0.39160
297, 15, 38.190, 8.131, 39.621, -216.13, 777.77, 871.40, 14.69, 23.90, 8.05, -0.85404, -0.27462, -0.20812, -0.38972
297, 16, 38.724, 7.804, 38.901, -83.74, 722.41, 991.52, 7.92, 43.77, 6.59, -0.85367, -0.26954, -0.20454, -0.39594
297, 15, 39.566, 5.911, 38.717, 221.98, 775.45, 1030.03, 4.26, 71.30, -5.79, -0.84954, -0.27394, -0.19212, -0.40783
297, 16, 39.980, 5.318, 38.693, 419.68, 910.89, 1076.84, -11.77, 116.43, -55.35, -0.84756, -0.27535, -0.18871, -0.41257
297, 16, 40.314, 7.402, 37.985, 302.49, 895.45, 1006.96, -46.13, 170.30, -99.62, -0.84987, -0.26146, -0.20209, -0.41051
297, 15, 40.218, 12.018, 35.206, 67.50, 750.98, 1020.63, -84.08, 206.67, -133.02, -0.85893, -0.22264, -0.22548, -0.40228
297, 16, 39.485, 18.702, 33.473, -136.05, 873.60, 844.67, -131.50, 206.14, -181.30, -0.86557, -0.18420, -0.26650, -0.38190
297, 15, 37.074, 23.667, 27.274, -218.38, 520.69, 920.29, -152.56, 170.43, -180.00, -0.87972, -0.12279, -0.27908, -0.36488
297, 15, 33.589, 28.406, 19.228, -369.45, 284.36, 920.65, -148.08, 138.50, -157.76, -0.89171, -0.05104, -0.28658, -0.34658
297, 17, 30.570, 31.334, 13.389, -453.74, 321.11, 920.35, -141.12, 101.76, -153.89, -0.89738, -0.00266, -0.29073, -0.33194
297, 15, 23.303, 30.435, 5.611, -230.77, 184.02, 1058.78, -129.58, 71.06, -160.92, -0.91779, 0.03863, -0.26357, -0.29446
297, 16, 19.705, 32.339, 4.526, -473.75, 596.56, 901.37, -123.08, 73.02, -175.01, -0.92213, 0.04389, -0.27738, -0.26609
297, 16, 14.122, 32.529, -0.344, -480.90, 250.49, 977.72, -131.75, 52.04, -202.50, -0.93142, 0.07036, -0.27110, -0.23242
297, 15, 6.418, 30.201, -8.472, -461.30, -103.70, 1044.19, -102.36, 14.13, -228.00, -0.94451, 0.11581, -0.24325, -0.18794
297, 15, -1.377, 30.055, -15.453, -738.89, -317.20, 936.58, -33.13, -4.78, -250.00, -0.94764, 0.15688, -0.24137, -0.13820
297, 16, -5.992, 29.007, -20.191, -820.43, -571.78, 980.04, 21.80, -30.56, -179.59, -0.94794, 0.18610, -0.23443, -0.10869
297, 16, -7.346, 31.360, -19.966, -1163.82, -356.08, 785.89, 82.99, -31.75, -124.31, -0.94407, 0.18162, -0.25636, -0.10015
297, 16, -5.513, 33.197, -15.203, -1049.99, -102.42, 779.66, 129.62, -54.38, -76.21, -0.94470, 0.14690, -0.27325, -0.10632
297, 15, -2.444, 35.401, -7.651, -1212.22, 30.76, 725.59, 157.85, -86.65, -16.71, -0.94386, 0.09326, -0.29559, -0.11423
297, 16, 1.282, 37.666, -0.704, -1176.70, -65.00, 494.87, 178.32, -108.36, 46.73, -0.93800, 0.04813, -0.31925, -0.12617
297, 16, 7.689, 38.631, 9.842, -951.72, 151.92, 352.23, 195.34, -136.08, 107.07, -0.92904, -0.01810, -0.33886, -0.14741
297, 15, 16.279, 37.288, 23.116, -833.25, 374.76, 286.07, 186.61, -148.75, 180.94, -0.91313, -0.10207, -0.35174, -0.17902
297, 16, 23.276, 30.814, 34.256, -630.37, 548.58, 577.33, 160.74, -142.86, 241.74, -0.89838, -0.18847, -0.33098, -0.21873
297, 16, 25.910, 24.284, 39.768, -320.13, 289.06, 415.59, 137.91, -131.16, 249.99, -0.88899, -0.24556, -0.29897, -0.24496
297, 15, 26.793, 14.011, 41.559, -98.39, 392.76, 805.97, 131.07, -117.60, 249.99, -0.88536, -0.29071, -0.22910, -0.28131
297, 15, 28.196, 3.757, 44.632, 77.27, 546.69, 695.31, 119.86, -91.18, 249.99, -0.86767, -0.34344, -0.16430, -0.31970
297, 16, 32.641, -5.008, 44.439, 114.93, 808.17, 1395.94, 98.18, -79.90, 249.99, -0.84343, -0.36314, -0.11179, -0.37983
298, 8, 36.786, 7.401, 35.933, -181.46, 695.43, 904.42, -0.02, -5.63, 20.78, -0.86676, -0.25208, -0.18702, -0.38757
298, 26, 37.339, 7.393, 36.292, -200.93, 691.22, 893.74, -10.51, -8.59, 36.48, -0.86408, -0.25391, -0.18941, -0.39117
298, 16, 37.602, 7.849, 35.834, -234.80, 616.82, 869.02, -9.00, -11.43, 43.37, -0.86449, -0.24831, -0.19178, -0.39270
298, 15, 37.839, 8.269, 35.304, -236.69, 554.99, 827.88, -2.05, -15.06, 47.97, -0.86508, -0.24233, -0.19357, -0.39427
298, 15, 38.433, 7.212, 36.177, -137.21, 618.16, 828.98, 12.03, -6.18, 42.80, -0.86043, -0.25192, -0.19009, -0.40008
298, 17, 39.410, 4.891, 38.002, 80.81, 786.13, 876.65, 18.03, 27.01, 37.27, -0.85085, -0.27278, -0.18175, -0.41063
298, 14, 40.319, 4.653, 38.772, 32.17, 836.43, 1016.05, 12.02, 70.99, 16.37, -0.84548, -0.27793, -0.18498, -0.41677
298, 15, 41.369, 4.393, 39.647, 180.36, 856.93, 936.71, 0.96, 104.31, -2.91, -0.83921, -0.28366, -0.18887, -0.42377
298, 16, 41.610, 5.795, 38.797, 193.42, 756.35, 986.76, -13.56, 141.71, -58.29, -0.84183, -0.27151, -0.19643, -0.42310
298, 15, 41.305, 8.618, 36.704, 180.60, 666.02, 1023.99, -30.17, 174.47, -100.95, -0.85006, -0.24537, -0.20845, -0.41682
298, 15, 40.801, 12.116, 34.703, 137.57, 734.92, 1030.15, -59.91, 193.29, -123.57, -0.85788, -0.21733, -0.22553, -0.40737
298, 16, 38.887, 17.361, 30.904, -78.19, 643.25, 1074.46, -86.98, 196.24, -165.43, -0.87171, -0.17147, -0.24724, -0.38678
298, 16, 34.885, 22.926, 28.441, -123.17, 848.94, 979.61, -114.05, 177.22, -213.87, -0.88568, -0.13994, -0.27476, -0.34711
298, 17, 29.618, 26.608, 21.589, -258.30, 502.01, 1058.11, -144.66, 134.70, -212.95, -0.90408, -0.08572, -0.27743, -0.31356
298, 15, 24.624, 30.294, 14.291, -459.66, 323.79, 976.38, -138.82, 108.09, -184.86, -0.91512, -0.02807, -0.28434, -0.28447
298, 15, 19.987, 29.437, 7.121, -196.35, 273.07, 1045.04, -162.64, 77.04, -184.89, -0.92825, 0.01622, -0.26009, -0.26542
298, 17, 15.569, 30.123, 3.740, -307.43, 487.37, 839.05, -152.47, 68.72, -244.35, -0.93576, 0.03535, -0.25923, -0.23646
298, 15, 10.735, 28.286, -2.427, -233.40, 165.65, 972.29, -145.81, 52.67, -220.05, -0.94624, 0.07197, -0.23434, -0.21104
298, 15, 7.287, 26.711, -8.162, -349.12, 22.64, 979.98, -138.45, 33.13, -185.48, -0.95110, 0.11023, -0.21385, -0.19374
298, 16, 1.903, 29.027, -15.812, -732.54, -302.19, 827.33, -89.20, 28.06, -195.06, -0.94519, 0.16582, -0.22771, -0.16514
298, 15, -4.614, 31.554, -22.531, -1063.84, -555.73, 803.89, -35.98, 11.85, -158.01, -0.93650, 0.20875, -0.25074, -0.12852
298, 17, -8.201, 32.853, -24.624, -1116.09, -497.99, 889.71, 34.35, -11.20, -137.54, -0.93306, 0.21778, -0.26596, -0.10600
298, 16, -9.207, 33.898, -22.217, -1031.68, -276.43, 828.55, 98.92, -35.13, -117.62, -0.93564, 0.19562, -0.27845, -0.09374
298, 15, -7.358, 36.046, -17.173, -1264.65, -195.37, 786.93, 135.61, -60.06, -47.44, -0.93619, 0.15894, -0.29747, -0.09896
298, 16, -2.767, 38.994, -10.316, -1361.21, -245.30, 513.67, 175.93, -96.92, 55.80, -0.93161, 0.11631, -0.32272, -0.12012
298, 15, 3.458, 40.620, -1.280, -1198.24, -133.30, 431.82, 199.04, -132.45, 110.22, -0.92657, 0.06243, -0.34158, -0.14453
298, 15, 12.126, 41.157, 11.374, -898.74, 130.43, 265.08, 206.00, -149.09, 167.53, -0.91566, -0.01195, -0.36165, -0.17503
298, 17, 21.209, 36.380, 25.349, -660.52, 336.67, 436.83, 202.27, -168.37, 235.12, -0.90456, -0.10719, -0.35316, -0.21346
298, 15, 26.874, 27.522, 34.628, -462.16, 321.78, 583.74, 187.88, -170.26, 249.99, -0.89409, -0.19213, -0.31340, -0.25589
298, 16, 28.855, 19.813, 38.791, -239.69, 218.32, 404.11, 167.37, -157.95, 249.99, -0.88633, -0.24571, -0.27014, -0.28472
298, 16, 30.121, 8.625, 40.683, 10.01, 375.00, 906.62, 151.96, -138.08, 249.99, -0.87692, -0.29511, -0.19502, -0.32541
298, 15, 32.192, -2.575, 43.583, 339.42, 713.62, 946.59, 119.05, -95.28, 249.99, -0.85128, -0.34980, -0.12578, -0.37034
299, 7, 36.456, 11.669, 36.588, -396.18, 678.59, 871.15, -6.16, -16.62, 41.53, -0.86870, -0.24173, -0.21999, -0.37220
299, 27, 38.249, 10.729, 33.715, -283.39, 442.93, 810.12, -1.34, -23.17, 89.03, -0.86812, -0.22019, -0.20708, -0.39370
299, 16, 40.065, 7.940, 35.255, -137.51, 592.47, 791.44, 14.42, -15.08, 114.19, -0.85714, -0.23945, -0.19566, -0.41194
299, 15, 41.609, 4.143, 37.869, 104.19, 874.88, 887.27, 19.58, 9.45, 96.49, -0.84235, -0.27120, -0.18103, -0.42908
299, 16, 42.413, 1.645, 39.162, 213.01, 908.39, 990.78, 11.92, 48.92, 57.98, -0.83324, -0.28921, -0.16980, -0.43958
299, 15, 42.672, 0.911, 39.861, 294.56, 925.05, 993.77, 0.53, 94.44, 4.92, -0.82950, -0.29677, -0.16785, -0.44237
299, 14, 42.337, 2.214, 40.442, 321.84, 958.74, 975.46, -8.27, 137.21, -58.27, -0.83099, -0.29640, -0.17860, -0.43555
299, 16, 41.541, 6.139, 38.663, 207.03, 828.67, 1024.60, -45.98, 187.59, -119.80, -0.84273, -0.26929, -0.19825, -0.42188
299, 15, 39.948, 11.882, 34.841, 17.03, 718.08, 1109.68, -75.66, 201.88, -154.16, -0.86053, -0.22097, -0.22269, -0.40134
299, 15, 36.857, 18.374, 32.892, 26.98, 977.36, 952.39, -117.09, 205.12, -229.16, -0.87511, -0.18711, -0.25797, -0.36418
299, 18, 33.187, 23.557, 28.686, -89.42, 765.69, 897.58, -156.13, 175.67, -250.00, -0.88997, -0.14357, -0.27805, -0.33171
299, 15, 28.475, 28.048, 22.003, -294.49, 551.39, 939.94, -173.70, 139.26, -250.00, -0.90496, -0.08691, -0.28863, -0.30029
299, 16, 21.804, 31.375, 11.185, -395.14, 214.36, 865.42, -191.54, 94.11, -245.39, -0.92035, -0.00706, -0.28490, -0.26785
299, 15, 15.740, 32.355, 2.654, -467.90, 185.97, 922.42, -163.31, 57.79, -250.00, -0.93006, 0.04950, -0.27501, -0.23854
299, 15, 10.532, 32.389, -6.424, -548.65, -0.24, 969.97, -164.45, 39.28, -216.26, -0.93398, 0.11129, -0.26087, -0.21734
299, 16, 6.170, 31.632, -14.393, -562.81, -121.83, 873.90, -144.00, 7.85, -201.03, -0.93418, 0.16559, -0.24541, -0.19914
299, 16, -2.740, 30.412, -23.174, -737.61, -428.71, 904.05, -81.36, -6.94, -223.22, -0.93585, 0.21768, -0.23707, -0.14354
299, 16, -7.296, 27.279, -27.832, -668.88, -569.21, 1008.97, -26.66, -34.42, -174.00, -0.93854, 0.24632, -0.21527, -0.11013
299, 16, -8.327, 27.036, -26.831, -727.84, -360.29, 889.34, 36.46, -37.38, -119.51, -0.94210, 0.23618, -0.21635, -0.09932
299, 15, -7.831, 27.790, -22.108, -760.13, -104.06, 888.79, 83.04, -29.93, -100.66, -0.94904, 0.19815, -0.22568, -0.09559
299, 16, -7.059, 30.711, -17.564, -1116.03, -70.56, 797.18, 108.99, -39.05, -80.35, -0.94897, 0.16236, -0.25260, -0.09639
299, 15, -4.940, 33.609, -12.955, -1193.79, -187.68, 710.63, 133.86, -63.58, -20.48, -0.94582, 0.12986, -0.27806, -0.10599
299, 15, -0.080, 35.981, -5.923, -1178.77, -140.63, 630.31, 164.99, -94.75, 64.25, -0.94113, 0.08563, -0.30037, -0.12930
299, 17, 7.854, 37.525, 4.844, -993.47, 45.96, 430.60, 195.14, -124.46, 153.92, -0.93173, 0.02107, -0.32315, -0.16435
299, 15, 18.269, 37.052, 18.901, -876.28, 245.79, 313.72, 199.03, -144.68, 214.37, -0.91333, -0.06306, -0.34423, -0.20821
299, 16, 25.971, 28.619, 31.176, -541.14, 581.42, 736.69, 188.52, -158.33, 247.21, -0.90028, -0.16388, -0.31244, -0.25501
299, 16, 28.306, 23.917, 35.195, -295.84, 96.19, 321.66, 166.89, -151.50, 249.99, -0.89277, -0.20507, -0.29057, -0.27653
299, 15, 30.018, 13.456, 38.742, -139.40, 428.89, 912.54, 162.81, -139.13, 249.99, -0.88373, -0.26437, -0.22545, -0.31354
299, 16, 32.104, 1.265, 44.849, 191.53, 487.67, 437.99, 140.92, -110.51, 249.99, -0.85279, -0.34727, -0.15814, -0.35658
299, 16, 33.833, -7.350, 45.106, 190.49, 622.01, 1150.09, 122.07, -83.56, 249.99, -0.83322, -0.37406, -0.10041, -0.39465
299, 15, 36.329, -15.090, 45.311, 395.39, 859.99, 1247.92, 103.13, -45.17, 249.99, -0.80727, -0.39723, -0.05201, -0.43338
300, 7, 36.484, 12.454, 34.496, -357.06, 533.75, 824.65, 0.29, -19.60, 58.52, -0.87311, -0.22282, -0.21901, -0.37425
300, 27, 38.935, 8.457, 36.917, -167.42, 637.45, 824.40, 13.98, -13.15, 82.70, -0.85792, -0.25184, -0.20290, -0.39922
300, 15, 39.971, 5.949, 38.125, -46.45, 719.54, 893.37, 20.16, 10.28, 74.58, -0.84953, -0.26873, -0.19124, -0.41172
300, 15, 41.042, 2.895, 40.210, 236.45, 886.17, 869.08, 19.86, 45.32, 51.70, -0.83729, -0.29410, -0.17931, -0.42461
300, 16, 41.790, 2.444, 41.233, 238.71, 968.44, 964.72, 0.90, 100.78, 4.59, -0.83128, -0.30211, -0.18182, -0.42970
300, 15, 42.333, 3.887, 39.811, 199.89, 843.44, 1095.03, -19.72, 145.89, -31.25, -0.83464, -0.28526, -0.18824, -0.43194
300, 15, 42.079, 6.944, 38.431, 221.68, 890.20, 1056.27, -44.52, 183.46, -77.95, -0.84203, -0.26344, -0.20444, -0.42402
300, 17, 40.526, 12.077, 36.708, 115.48, 898.01, 940.80, -91.90, 206.09, -162.30, -0.85489, -0.23302, -0.23179, -0.40143
300, 15, 37.509, 18.826, 30.595, -156.86, 548.34, 995.97, -124.60, 197.11, -183.64, -0.87646, -0.16632, -0.25489, -0.37308
300, 15, 33.197, 24.437, 22.769, -262.57, 390.87, 1028.69, -146.89, 168.33, -191.84, -0.89532, -0.09419, -0.26719, -0.34371
300, 16, 28.518, 28.937, 15.899, -411.19, 380.00, 990.48, -148.17, 136.92, -199.27, -0.90680, -0.03557, -0.27910, -0.31393
300, 16, 24.367, 32.176, 8.009, -466.06, 192.81, 873.47, -161.51, 101.10, -160.48, -0.91214, 0.02697, -0.28318, -0.29508
300, 16, 21.018, 35.051, 3.072, -615.23, 234.80, 911.50, -132.13, 77.03, -162.52, -0.91199, 0.06567, -0.29488, -0.27750
300, 15, 17.596, 33.953, -1.758, -472.53, 191.65, 1055.48, -124.03, 46.61, -165.46, -0.91943, 0.09311, -0.27708, -0.26306
300, 15, 11.804, 34.875, -4.734, -624.08, 280.88, 889.16, -100.59, 28.31, -193.46, -0.92679, 0.10477, -0.28323, -0.22329
300, 17, 4.433, 29.851, -11.534, -300.17, -207.58, 1146.79, -70.92, -7.22, -202.15, -0.94513, 0.13647, -0.23764, -0.17788
300, 15, -0.023, 29.429, -13.287, -685.61, -58.23, 1007.51, -26.40, -12.13, -197.43, -0.95025, 0.14135, -0.23705, -0.14440
300, 16, -4.083, 26.015, -16.180, -539.86, -277.47, 1041.50, 5.20, -37.79, -192.15, -0.95850, 0.15549, -0.21042, -0.11326
300, 16, -6.359, 27.792, -16.559, -836.79, -224.79, 803.22, 45.46, -26.97, -142.98, -0.95635, 0.15491, -0.22809, -0.09684
300, 15, -6.683, 29.436, -14.799, -847.60, -197.63, 811.28, 84.68, -35.64, -100.47, -0.95525, 0.13995, -0.24373, -0.09218
300, 15, -5.325, 32.713, -10.962, -1169.86, -95.58, 779.05, 114.19, -36.20, -58.90, -0.95054, 0.11211, -0.27278, -0.09740
300, 16, -1.362, 35.561, -4.946, -1234.74, -43.21, 727.48, 138.85, -62.73, 14.49, -0.94432, 0.07389, -0.29884, -0.11616
300, 15, 5.501, 36.851, 4.948, -1130.31, 115.48, 635.50, 170.83, -107.46, 99.32, -0.93673, 0.01256, -0.31817, -0.14544
300, 17, 12.767, 36.528, 16.988, -929.02, 403.32, 412.84, 179.70, -132.59, 118.46, -0.92472, -0.06529, -0.33389, -0.17075
301, 9, 32.035, 14.273, 34.402, -434.51, 526.86, 868.71, 3.29, -10.89, -19.93, -0.88736, -0.22406, -0.22357, -0.33527
301, 26, 33.175, 15.192, 34.720, -366.46, 552.25, 845.95, 12.58, -16.05, 31.08, -0.88341, -0.22097, -0.23359, -0.34088
301, 17, 34.199, 13.316, 35.577, -208.37, 647.71, 907.10, 14.29, 1.09, 37.46, -0.87841, -0.23230, -0.22428, -0.35231
301, 15, 35.501, 10.831, 36.863, 33.33, 841.55, 1003.05, 3.92, 41.04, 25.39, -0.87084, -0.24873, -0.21266, -0.36680
301, 14, 36.156, 9.454, 37.580, 254.64, 961.67, 1044.37, -17.62, 89.33, -29.46, -0.86645, -0.25804, -0.20627, -0.37435
301, 16, 36.472, 10.588, 37.991, 241.03, 1168.64, 1074.22, -53.59, 135.93, -82.62, -0.86511, -0.25636, -0.21665, -0.37274
301, 16, 36.591, 13.950, 37.429, 164.12, 1180.54, 935.61, -110.25, 178.44, -134.97, -0.86726, -0.23922, -0.23966, -0.36496
301, 15, 35.094, 20.272, 33.926, -83.98, 889.10, 814.82, -176.12, 203.99, -181.29, -0.87840, -0.19179, -0.27209, -0.34293
301, 17, 32.335, 28.843, 27.579, -430.30, 540.28, 740.72, -201.64, 180.70, -187.32, -0.88863, -0.11762, -0.31299, -0.31391
301, 15, 24.931, 32.640, 12.284, -350.52, -211.36, 1021.06, -205.70, 120.35, -162.10, -0.91018, -0.00423, -0.29763, -0.28804
301, 16, 18.604, 34.496, 0.930, -456.30, -213.44, 953.80, -139.92, 92.79, -126.98, -0.91774, 0.07529, -0.28689, -0.26416
301, 16, 14.553, 32.935, -5.044, -395.39, -66.65, 1161.50, -95.50, 65.60, -123.09, -0.92582, 0.11027, -0.26424, -0.24673
301, 15, 12.453, 34.046, -5.196, -688.84, 345.15, 993.16, -65.39, 37.94, -159.73, -0.92723, 0.10863, -0.27497, -0.22985
301, 16, 9.358, 31.428, -8.086, -521.85, 40.71, 1161.93, -64.45, 4.98, -160.92, -0.93685, 0.12072, -0.25104, -0.21145
301, 15, 6.570, 33.729, -8.935, -1071.17, 209.59, 849.12, -28.21, -24.12, -179.24, -0.93505, 0.12451, -0.27149, -0.19095
301, 15, 0.398, 29.574, -12.175, -609.80, -167.66, 1054.38, -1.24, -49.67, -187.52, -0.95071, 0.13311, -0.23917, -0.14567
301, 17, -2.815, 32.240, -12.498, -1021.73, -45.47, 661.87, 30.56, -45.39, -150.96, -0.94770, 0.13051, -0.26472, -0.12149
301, 15, -4.338, 27.605, -10.204, -353.76, -10.99, 916.44, 57.26, -53.34, -144.16, -0.96223, 0.10567, -0.22970, -0.10092
301, 15, -4.936, 27.663, -7.011, -621.58, 45.47, 897.03, 73.65, -33.34, -123.66, -0.96516, 0.07763, -0.23332, -0.08947
301, 16, -3.439, 29.861, -1.633, -874.76, 267.52, 826.17, 87.99, -33.49, -78.53, -0.96186, 0.03697, -0.25533, -0.09089
301, 15, -2.217, 31.669, 1.233, -931.09, -11.41, 841.43, 98.95, -52.95, -37.38, -0.95739, 0.01723, -0.27249, -0.09415
301, 16, 0.728, 33.090, 5.584, -919.37, -2.87, 748.60, 124.72, -69.70, 24.68, -0.95153, -0.01035, -0.28805, -0.10730
301, 15, 5.416, 34.205, 11.843, -856.38, 66.53, 612.06, 143.97, -78.33, 87.41, -0.94241, -0.04840, -0.30486, -0.12876
301, 15, 11.746, 34.051, 19.891, -846.07, 161.56, 566.65, 154.07, -98.63, 140.19, -0.92968, -0.09730, -0.31777, -0.15890
301, 18, 18.207, 31.827, 28.337, -885.38, 371.09, 648.74, 145.91, -109.78, 190.89, -0.91479, -0.15298, -0.32044, -0.19255
301, 15, 22.982, 27.636, 34.175, -550.54, 310.36, 557.43, 120.38, -116.38, 222.64, -0.90293, -0.19873, -0.30666, -0.22625
301, 15, 25.734, 23.366, 37.367, -536.62, 228.94, 586.36, 130.84, -125.71, 249.99, -0.89495, -0.23034, -0.28661, -0.25270
301, 16, 29.207, 17.291, 43.978, -300.84, 448.97, 408.08, 118.99, -107.65, 249.99, -0.87354, -0.29331, -0.26538, -0.28367
