1, 8, 48.555, 6.089, 6.852, -126.04, 133.06, 1146.24, 2.20, 1.14, 0.89, -0.85447, -0.02361, -0.07625, -0.51332
1, 26, 48.791, 6.147, 6.964, -122.07, 138.98, 1145.26, 2.23, 0.70, 1.02, -0.85339, -0.02402, -0.07723, -0.51496
1, 16, 48.864, 6.176, 6.971, -123.66, 136.23, 1143.19, 2.30, 0.53, 0.50, -0.85305, -0.02390, -0.07750, -0.51549
1, 14, 48.938, 6.165, 7.105, -122.86, 145.63, 1144.71, 2.24, 0.08, 0.52, -0.85270, -0.02490, -0.07803, -0.51595
1, 16, 48.998, 6.086, 7.075, -118.71, 137.88, 1147.34, 1.64, -0.17, 0.89, -0.85244, -0.02499, -0.07732, -0.51647
1, 15, 49.048, 5.947, 6.974, -113.22, 132.26, 1148.32, 1.65, -0.27, 1.05, -0.85225, -0.02484, -0.07585, -0.51701
1, 15, 49.091, 5.825, 6.879, -111.27, 129.52, 1146.97, 2.11, -0.10, 1.04, -0.85209, -0.02466, -0.07453, -0.51748
1, 15, 49.135, 5.681, 6.874, -106.26, 132.45, 1145.14, 2.76, 0.37, 0.87, -0.85190, -0.02525, -0.07345, -0.51791
1, 15, 49.175, 5.585, 7.084, -106.08, 146.85, 1146.18, 2.75, 1.20, 0.55, -0.85169, -0.02723, -0.07370, -0.51813
1, 16, 49.204, 5.684, 7.204, -115.91, 146.18, 1144.47, 2.31, 1.98, 0.25, -0.85152, -0.02764, -0.07498, -0.51820
1, 16, 49.223, 5.939, 7.287, -130.25, 147.52, 1151.18, 1.91, 1.95, 0.34, -0.85139, -0.02708, -0.07724, -0.51810
1, 14, 49.233, 6.195, 7.332, -136.41, 146.73, 1142.76, 1.14, 1.28, 0.75, -0.85131, -0.02625, -0.07934, -0.51797
1, 16, 49.202, 6.303, 7.109, -133.00, 129.39, 1143.92, 0.65, 0.36, 0.96, -0.85148, -0.02411, -0.07913, -0.51781
1, 15, 49.152, 6.219, 6.802, -123.11, 118.71, 1149.05, 1.01, -0.17, 1.05, -0.85178, -0.02225, -0.07711, -0.51771
1, 15, 49.118, 6.071, 6.624, -116.27, 119.93, 1146.36, 1.76, -0.01, 1.08, -0.85199, -0.02162, -0.07520, -0.51768
1, 15, 49.114, 5.937, 6.649, -113.59, 128.78, 1143.74, 2.66, 0.19, 1.13, -0.85202, -0.02242, -0.07433, -0.51772
1, 15, 48.818, 5.834, 6.917, -119.32, 140.87, 1145.75, 3.14, 0.68, 0.85, -0.85331, -0.02508, -0.07470, -0.51541
1, 16, 48.617, 5.842, 7.207, -123.23, 150.39, 1146.48, 3.05, 0.51, 0.62, -0.85415, -0.02734, -0.07602, -0.51372
1, 16, 48.447, 5.920, 7.390, -127.56, 150.27, 1144.78, 2.53, 0.12, 0.27, -0.85486, -0.02846, -0.07738, -0.51227
1, 14, 48.300, 5.946, 7.392, -125.55, 143.37, 1145.20, 1.79, -0.31, 0.47, -0.85551, -0.02846, -0.07755, -0.51116
1, 15, 48.184, 5.879, 7.258, -120.18, 135.01, 1146.18, 1.44, -0.85, 1.08, -0.85607, -0.02784, -0.07642, -0.51043
1, 16, 48.091, 5.587, 7.048, -103.45, 127.56, 1152.47, 1.66, -0.89, 1.33, -0.85656, -0.02764, -0.07329, -0.51007
1, 15, 48.028, 5.292, 6.944, -95.03, 129.70, 1152.47, 2.33, -0.11, 0.97, -0.85689, -0.02823, -0.07061, -0.50987
1, 14, 47.997, 5.189, 7.005, -98.51, 137.21, 1144.35, 2.98, 1.21, 0.56, -0.85702, -0.02917, -0.07011, -0.50966
1, 16, 48.305, 5.426, 7.145, -110.53, 147.83, 1146.97, 3.00, 2.17, 0.31, -0.85559, -0.02896, -0.07258, -0.51172
1, 16, 48.531, 5.780, 7.272, -126.53, 150.76, 1146.67, 2.27, 2.24, 0.39, -0.85452, -0.02816, -0.07583, -0.51308
1, 16, 48.697, 6.136, 7.336, -136.11, 148.56, 1143.92, 1.81, 1.77, 0.56, -0.85373, -0.02691, -0.07881, -0.51402
1, 14, 48.805, 6.337, 7.284, -134.95, 142.46, 1145.63, 1.08, 0.85, 0.73, -0.85323, -0.02553, -0.08008, -0.51472
1, 15, 48.862, 6.326, 6.994, -125.73, 124.33, 1147.28, 1.04, 0.26, 1.10, -0.85304, -0.02338, -0.07871, -0.51535
1, 16, 48.909, 6.207, 6.813, -118.53, 124.51, 1146.97, 1.79, 0.17, 1.17, -0.85288, -0.02254, -0.07702, -0.51590
1, 15, 48.965, 6.054, 6.832, -113.77, 133.24, 1147.83, 2.73, 0.27, 1.09, -0.85264, -0.02335, -0.07599, -0.51641
1, 14, 49.039, 5.927, 7.025, -111.76, 146.00, 1148.62, 2.82, 0.71, 0.98, -0.85228, -0.02531, -0.07593, -0.51692
1, 16, 49.156, 5.912, 7.283, -115.23, 154.60, 1145.69, 2.44, 1.13, 0.60, -0.85170, -0.02722, -0.07701, -0.51763
1, 16, 49.251, 5.915, 7.465, -116.76, 157.04, 1148.13, 1.73, 1.12, 0.54, -0.85122, -0.02849, -0.07788, -0.51821
1, 15, 49.322, 5.911, 7.455, -116.09, 148.44, 1145.32, 0.65, 1.17, 0.71, -0.85090, -0.02839, -0.07782, -0.51875
1, 15, 49.364, 5.909, 7.261, -116.88, 135.07, 1149.23, 0.72, 1.15, 0.89, -0.85076, -0.02693, -0.07694, -0.51919
1, 15, 49.386, 5.968, 7.086, -120.97, 131.04, 1144.29, 1.05, 1.20, 0.85, -0.85070, -0.02535, -0.07659, -0.51943
1, 15, 49.395, 5.996, 6.948, -120.73, 129.03, 1145.69, 1.61, 1.05, 0.90, -0.85068, -0.02419, -0.07617, -0.51957
1, 16, 49.403, 6.050, 6.938, -123.41, 134.34, 1145.69, 2.13, 1.06, 0.78, -0.85064, -0.02386, -0.07653, -0.51960
1, 14, 49.407, 6.140, 7.000, -127.32, 138.67, 1143.55, 2.31, 0.90, 0.61, -0.85060, -0.02391, -0.07748, -0.51953
1, 16, 49.447, 6.187, 7.067, -126.10, 140.44, 1143.13, 2.24, 0.42, 0.76, -0.85040, -0.02417, -0.07813, -0.51975
1, 16, 49.471, 6.243, 7.117, -128.60, 140.99, 1144.96, 2.23, 0.24, 0.60, -0.85027, -0.02426, -0.07878, -0.51985
1, 15, 49.491, 6.204, 7.153, -124.27, 141.48, 1147.58, 2.14, -0.24, 0.71, -0.85018, -0.02469, -0.07866, -0.52000
1, 15, 49.512, 6.087, 7.180, -117.98, 141.54, 1147.22, 2.17, -0.37, 0.69, -0.85009, -0.02542, -0.07792, -0.52022
1, 15, 49.543, 5.957, 7.207, -114.44, 143.07, 1148.44, 1.74, -0.22, 0.79, -0.84996, -0.02619, -0.07709, -0.52053
1, 15, 49.581, 5.885, 7.213, -114.75, 142.27, 1145.63, 1.48, 0.27, 0.94, -0.84979, -0.02653, -0.07660, -0.52085
1, 16, 49.608, 5.857, 7.197, -115.17, 140.50, 1143.68, 1.55, 0.79, 0.71, -0.84967, -0.02653, -0.07633, -0.52108
1, 14, 49.631, 5.833, 7.179, -114.56, 140.44, 1147.28, 1.51, 1.17, 0.66, -0.84958, -0.02649, -0.07607, -0.52128
1, 15, 49.535, 5.869, 7.217, -121.03, 142.94, 1146.79, 1.23, 1.24, 0.89, -0.85000, -0.02667, -0.07649, -0.52052
1, 17, 49.461, 5.903, 7.175, -122.01, 138.92, 1148.50, 1.04, 1.00, 1.16, -0.85034, -0.02625, -0.07652, -0.51998
1, 15, 49.392, 5.947, 7.140, -123.72, 138.43, 1148.13, 1.18, 0.69, 0.99, -0.85066, -0.02584, -0.07668, -0.51945
1, 15, 49.327, 5.971, 7.098, -123.11, 136.72, 1144.96, 1.30, 0.46, 0.91, -0.85096, -0.02546, -0.07665, -0.51899
1, 15, 49.270, 5.916, 7.081, -117.98, 137.70, 1146.12, 1.43, 0.35, 0.69, -0.85123, -0.02563, -0.07615, -0.51861
1, 15, 49.224, 5.817, 7.100, -113.22, 139.47, 1146.24, 1.75, 0.43, 0.45, -0.85144, -0.02625, -0.07550, -0.51832
1, 16, 49.187, 5.866, 7.093, -121.28, 138.24, 1147.58, 1.82, 0.56, 0.40, -0.85161, -0.02600, -0.07582, -0.51802
1, 14, 49.150, 5.915, 7.036, -122.01, 134.28, 1146.18, 1.88, 0.59, 0.51, -0.85178, -0.02538, -0.07592, -0.51775
1, 15, 49.107, 5.989, 7.002, -125.18, 134.58, 1147.22, 1.98, 0.46, 0.77, -0.85197, -0.02482, -0.07630, -0.51740
1, 17, 49.079, 5.967, 7.039, -120.91, 139.34, 1151.79, 2.00, 0.32, 0.82, -0.85209, -0.02521, -0.07630, -0.51718
1, 15, 49.068, 5.959, 7.101, -120.61, 141.48, 1145.08, 1.82, 0.33, 0.97, -0.85213, -0.02571, -0.07652, -0.51706
1, 15, 49.064, 5.892, 7.166, -116.03, 143.31, 1143.86, 1.63, 0.28, 0.95, -0.85214, -0.02651, -0.07631, -0.51703
1, 15, 49.047, 5.928, 7.130, -121.64, 138.12, 1147.03, 1.53, 0.50, 0.68, -0.85222, -0.02608, -0.07641, -0.51691
1, 15, 49.027, 5.932, 7.088, -120.06, 136.41, 1144.78, 1.69, 0.41, 0.59, -0.85232, -0.02576, -0.07625, -0.51679
1, 15, 49.007, 6.006, 7.057, -125.55, 135.86, 1145.63, 1.98, 0.21, 0.63, -0.85241, -0.02521, -0.07665, -0.51661
1, 16, 48.993, 6.066, 7.088, -127.08, 139.22, 1143.55, 2.04, -0.34, 0.73, -0.85246, -0.02518, -0.07724, -0.51644
1, 14, 48.867, 5.904, 7.199, -117.25, 144.10, 1148.01, 2.09, -0.75, 0.92, -0.85302, -0.02683, -0.07651, -0.51554
1, 16, 48.785, 5.723, 7.207, -110.96, 140.26, 1147.28, 1.93, -0.73, 1.11, -0.85340, -0.02776, -0.07518, -0.51506
1, 16, 48.735, 5.552, 7.244, -106.57, 143.07, 1146.42, 1.74, -0.37, 1.04, -0.85363, -0.02885, -0.07407, -0.51478
1, 15, 48.698, 5.446, 7.242, -105.90, 141.48, 1147.03, 1.72, 0.27, 0.79, -0.85381, -0.02934, -0.07326, -0.51457
1, 15, 48.677, 5.389, 7.273, -105.16, 143.98, 1145.32, 1.56, 1.04, 0.69, -0.85390, -0.02984, -0.07297, -0.51444
1, 15, 48.653, 5.494, 7.258, -114.81, 142.21, 1149.48, 1.44, 1.48, 0.48, -0.85400, -0.02926, -0.07368, -0.51420
1, 15, 48.621, 5.679, 7.186, -121.70, 137.15, 1142.33, 1.33, 1.62, 0.56, -0.85415, -0.02791, -0.07472, -0.51387
1, 16, 48.581, 5.845, 7.109, -124.51, 135.13, 1144.29, 1.49, 1.59, 0.70, -0.85433, -0.02661, -0.07559, -0.51352
1, 14, 48.535, 6.035, 7.037, -131.16, 133.79, 1144.90, 1.53, 0.97, 0.83, -0.85453, -0.02525, -0.07667, -0.51309
1, 15, 48.642, 6.140, 6.976, -126.53, 134.95, 1147.40, 1.75, 0.45, 0.87, -0.85405, -0.02425, -0.07721, -0.51385
1, 17, 48.728, 6.052, 7.014, -116.58, 140.32, 1147.58, 1.69, 0.14, 0.90, -0.85367, -0.02487, -0.07674, -0.51453
1, 15, 48.806, 5.915, 7.086, -110.35, 143.07, 1145.14, 1.75, 0.56, 0.66, -0.85332, -0.02598, -0.07606, -0.51516
1, 14, 48.879, 5.814, 7.172, -109.62, 146.30, 1146.79, 1.46, 0.92, 0.47, -0.85298, -0.02703, -0.07572, -0.51572
1, 16, 48.941, 5.815, 7.190, -114.32, 143.19, 1142.40, 1.15, 1.03, 0.46, -0.85270, -0.02711, -0.07582, -0.51616
1, 15, 48.989, 5.822, 7.129, -115.60, 138.92, 1146.42, 0.85, 0.95, 0.66, -0.85250, -0.02660, -0.07561, -0.51655
1, 15, 49.022, 5.833, 7.062, -116.21, 136.78, 1146.91, 1.02, 1.02, 0.63, -0.85236, -0.02603, -0.07540, -0.51684
1, 16, 49.052, 5.823, 7.030, -114.99, 137.02, 1145.02, 1.27, 1.06, 0.77, -0.85223, -0.02581, -0.07519, -0.51709
1, 14, 49.137, 5.782, 7.011, -111.33, 137.88, 1147.40, 1.46, 1.27, 0.79, -0.85186, -0.02581, -0.07481, -0.51776
1, 17, 49.204, 5.786, 7.065, -112.98, 142.40, 1146.30, 1.44, 1.71, 0.53, -0.85154, -0.02615, -0.07511, -0.51822
1, 15, 49.258, 5.872, 7.105, -119.08, 142.88, 1148.86, 1.27, 1.91, 0.56, -0.85128, -0.02601, -0.07593, -0.51854
1, 15, 49.294, 6.017, 7.143, -125.00, 143.31, 1144.17, 1.05, 1.85, 0.43, -0.85109, -0.02561, -0.07719, -0.51868
1, 15, 49.313, 6.146, 7.131, -127.38, 140.81, 1142.76, 0.71, 1.68, 0.51, -0.85100, -0.02491, -0.07809, -0.51873
1, 15, 49.320, 6.251, 7.112, -129.58, 140.38, 1143.98, 0.53, 1.22, 0.62, -0.85096, -0.02429, -0.07878, -0.51873
1, 15, 49.319, 6.158, 7.027, -118.71, 136.17, 1147.46, 0.31, 0.97, 0.77, -0.85099, -0.02408, -0.07771, -0.51884
1, 16, 49.322, 6.025, 6.970, -113.22, 135.93, 1144.71, 0.42, 1.14, 0.67, -0.85101, -0.02427, -0.07647, -0.51899
1, 15, 49.272, 6.037, 6.975, -121.70, 139.34, 1148.99, 0.27, 1.50, 0.45, -0.85123, -0.02428, -0.07657, -0.51861
1, 15, 49.227, 6.241, 6.942, -135.44, 136.78, 1144.96, 0.03, 1.34, 0.50, -0.85141, -0.02314, -0.07792, -0.51816
1, 16, 49.179, 6.358, 6.890, -134.95, 134.77, 1146.67, 0.07, 0.72, 0.72, -0.85163, -0.02224, -0.07854, -0.51775
1, 15, 49.133, 6.182, 6.820, -117.74, 132.51, 1149.78, 0.31, 0.20, 0.79, -0.85187, -0.02256, -0.07691, -0.51758
1, 15, 49.102, 5.991, 6.695, -112.12, 126.83, 1147.71, 0.47, 0.40, 0.92, -0.85206, -0.02253, -0.07493, -0.51757
1, 15, 49.089, 5.886, 6.671, -113.34, 130.98, 1148.07, 0.76, 0.79, 0.76, -0.85213, -0.02283, -0.07404, -0.51756
1, 15, 49.078, 5.809, 6.635, -111.82, 129.21, 1147.58, 1.06, 1.32, 0.54, -0.85220, -0.02292, -0.07331, -0.51755
1, 16, 49.083, 5.786, 6.691, -113.28, 134.09, 1148.07, 1.53, 1.67, 0.61, -0.85217, -0.02345, -0.07339, -0.51756
1, 15, 48.771, 5.849, 6.863, -125.61, 139.53, 1147.64, 1.17, 1.56, 0.47, -0.85353, -0.02464, -0.07457, -0.51509
1, 15, 48.533, 6.017, 6.912, -133.79, 136.41, 1145.32, 0.82, 1.01, 0.57, -0.85457, -0.02440, -0.07598, -0.51316
1, 16, 48.342, 5.907, 7.004, -117.74, 141.30, 1145.14, 0.59, 0.64, 0.54, -0.85542, -0.02571, -0.07553, -0.51176
1, 15, 48.180, 5.898, 6.880, -120.73, 129.82, 1146.61, 0.19, 1.06, 0.68, -0.85617, -0.02493, -0.07488, -0.51064
1, 15, 48.049, 5.850, 6.739, -117.13, 126.46, 1148.25, 0.23, 1.24, 0.89, -0.85679, -0.02418, -0.07387, -0.50978
1, 15, 47.938, 5.807, 6.612, -115.48, 123.84, 1146.36, 0.61, 1.40, 0.80, -0.85731, -0.02349, -0.07295, -0.50906
1, 15, 47.855, 5.828, 6.652, -118.29, 132.45, 1147.22, 0.99, 1.66, 0.55, -0.85767, -0.02375, -0.07328, -0.50840
1, 15, 47.778, 6.028, 6.664, -130.31, 131.04, 1145.63, 1.10, 1.82, 0.41, -0.85798, -0.02299, -0.07481, -0.50768
1, 16, 47.931, 6.342, 6.666, -137.76, 133.61, 1144.41, 0.84, 1.20, 0.61, -0.85726, -0.02150, -0.07719, -0.50861
1, 15, 48.020, 6.480, 6.594, -135.25, 128.11, 1144.47, 0.71, 0.42, 0.63, -0.85686, -0.02028, -0.07791, -0.50923
1, 15, 48.077, 6.442, 6.496, -127.38, 124.45, 1146.55, 0.86, -0.09, 0.63, -0.85662, -0.01967, -0.07720, -0.50975
1, 16, 48.135, 6.248, 6.472, -115.97, 127.26, 1146.61, 1.05, -0.18, 0.69, -0.85640, -0.02034, -0.07565, -0.51033
1, 15, 48.198, 6.117, 6.465, -116.15, 127.56, 1146.12, 1.20, 0.01, 0.82, -0.85614, -0.02083, -0.07466, -0.51089
1, 15, 48.259, 6.046, 6.513, -117.25, 130.86, 1146.97, 1.46, 0.36, 0.68, -0.85587, -0.02147, -0.07436, -0.51136
1, 15, 48.317, 5.979, 6.581, -115.60, 133.00, 1146.00, 1.49, 0.58, 0.63, -0.85561, -0.02224, -0.07417, -0.51180
1, 15, 48.370, 5.870, 6.538, -110.17, 126.28, 1141.97, 1.39, 1.00, 0.88, -0.85540, -0.02238, -0.07318, -0.51229
1, 16, 48.601, 5.935, 6.702, -116.27, 143.25, 1152.10, 1.16, 1.52, 0.37, -0.85432, -0.02316, -0.07444, -0.51387
1, 15, 48.757, 6.082, 6.553, -122.86, 123.84, 1142.88, 0.63, 2.04, 0.75, -0.85363, -0.02128, -0.07490, -0.51503
1, 15, 48.861, 6.293, 6.465, -133.24, 124.27, 1148.50, 1.14, 1.50, 0.53, -0.85315, -0.01960, -0.07609, -0.51572
1, 16, 48.945, 6.399, 6.447, -131.71, 127.50, 1147.89, 0.89, 1.05, 0.83, -0.85275, -0.01892, -0.07681, -0.51629
1, 15, 49.016, 6.442, 6.508, -130.68, 132.51, 1147.89, 0.94, 0.62, 0.82, -0.85242, -0.01913, -0.07741, -0.51674
1, 14, 49.069, 6.360, 6.541, -122.31, 130.80, 1142.33, 1.06, 0.55, 0.70, -0.85218, -0.01972, -0.07696, -0.51717
1, 16, 49.113, 6.184, 6.497, -114.01, 127.20, 1147.58, 0.72, 0.76, 0.63, -0.85202, -0.02017, -0.07547, -0.51764
1, 15, 49.149, 6.177, 6.443, -121.46, 125.24, 1147.03, 0.85, 1.30, 0.50, -0.85187, -0.01977, -0.07518, -0.51795
1, 15, 48.775, 6.090, 6.495, -125.79, 126.59, 1149.84, 1.05, 1.24, 0.63, -0.85356, -0.02080, -0.07470, -0.51520
1, 16, 48.504, 6.043, 6.523, -124.39, 127.20, 1148.93, 0.97, 1.28, 0.60, -0.85477, -0.02140, -0.07443, -0.51319
1, 15, 48.294, 6.040, 6.547, -124.94, 127.69, 1146.73, 1.05, 1.28, 0.75, -0.85571, -0.02172, -0.07447, -0.51161
1, 16, 48.124, 6.017, 6.545, -122.68, 126.83, 1146.42, 1.11, 1.23, 0.76, -0.85647, -0.02193, -0.07426, -0.51035
1, 15, 47.988, 6.066, 6.557, -125.85, 127.87, 1145.32, 1.15, 1.42, 0.69, -0.85707, -0.02188, -0.07465, -0.50929
1, 15, 47.879, 6.127, 6.625, -127.81, 132.45, 1146.55, 1.17, 1.15, 0.60, -0.85753, -0.02219, -0.07538, -0.50839
1, 15, 47.787, 6.205, 6.643, -130.00, 130.80, 1144.71, 0.95, 0.94, 0.69, -0.85792, -0.02204, -0.07603, -0.50764
1, 15, 47.704, 6.167, 6.624, -123.54, 128.85, 1144.47, 0.95, 0.72, 0.61, -0.85830, -0.02212, -0.07565, -0.50706
1, 15, 47.823, 6.267, 6.529, -127.50, 126.46, 1146.73, 0.88, 0.63, 0.53, -0.85778, -0.02088, -0.07599, -0.50794
1, 17, 47.900, 6.338, 6.419, -129.64, 123.47, 1150.70, 0.69, 0.43, 0.63, -0.85744, -0.01969, -0.07605, -0.50855
1, 14, 47.954, 6.334, 6.320, -125.92, 120.67, 1145.81, 0.96, 0.37, 0.68, -0.85722, -0.01893, -0.07559, -0.50902
1, 15, 47.999, 6.274, 6.238, -122.74, 119.93, 1150.27, 1.06, 0.39, 0.75, -0.85704, -0.01856, -0.07479, -0.50945
1, 16, 48.047, 6.217, 6.280, -121.64, 126.04, 1147.52, 1.29, 0.40, 0.66, -0.85683, -0.01909, -0.07455, -0.50982
1, 15, 48.097, 6.129, 6.333, -117.92, 127.75, 1148.56, 1.31, 0.69, 0.73, -0.85661, -0.01986, -0.07415, -0.51022
1, 14, 48.140, 6.154, 6.348, -122.80, 126.10, 1145.02, 1.10, 1.17, 0.68, -0.85642, -0.01983, -0.07440, -0.51051
1, 16, 48.163, 6.233, 6.285, -127.26, 121.15, 1146.91, 1.05, 1.29, 0.66, -0.85631, -0.01899, -0.07471, -0.51067
1, 15, 48.261, 6.416, 6.124, -134.22, 113.46, 1146.06, 1.55, 0.87, 0.72, -0.85587, -0.01690, -0.07537, -0.51139
1, 17, 48.336, 6.485, 6.131, -133.24, 120.61, 1150.09, 1.95, 0.28, 0.89, -0.85552, -0.01659, -0.07593, -0.51190
1, 14, 48.401, 6.511, 6.224, -132.20, 125.55, 1144.65, 2.15, -0.14, 0.82, -0.85521, -0.01712, -0.07655, -0.51231
1, 15, 48.462, 6.457, 6.396, -127.81, 131.90, 1143.31, 2.66, -0.50, 0.65, -0.85492, -0.01861, -0.07693, -0.51268
1, 16, 48.538, 6.330, 6.654, -121.83, 142.03, 1147.77, 2.66, -0.39, 0.63, -0.85456, -0.02105, -0.07716, -0.51316
1, 15, 48.620, 6.129, 6.827, -112.85, 143.62, 1145.02, 1.36, -0.08, 0.67, -0.85418, -0.02320, -0.07645, -0.51380
1, 15, 48.667, 6.098, 6.651, -119.93, 124.63, 1148.99, 0.51, 0.48, 0.63, -0.85401, -0.02200, -0.07544, -0.51428
1, 15, 48.688, 6.101, 6.396, -121.70, 114.69, 1148.13, 0.77, 0.60, 0.66, -0.85397, -0.02007, -0.07432, -0.51460
1, 15, 48.720, 6.161, 6.133, -125.18, 109.31, 1150.82, 1.27, 0.86, 0.82, -0.85385, -0.01782, -0.07359, -0.51498
1, 16, 48.753, 6.152, 6.072, -121.46, 115.11, 1147.46, 1.99, 1.17, 0.98, -0.85372, -0.01738, -0.07326, -0.51527
1, 16, 48.797, 6.331, 6.238, -135.31, 128.66, 1149.90, 2.65, 1.17, 0.93, -0.85347, -0.01778, -0.07534, -0.51536
1, 14, 48.831, 6.431, 6.388, -134.95, 131.23, 1149.05, 2.34, 0.46, 1.05, -0.85327, -0.01842, -0.07676, -0.51545
1, 15, 48.833, 6.570, 6.384, -141.17, 123.72, 1149.48, 2.18, -0.20, 0.88, -0.85324, -0.01775, -0.07778, -0.51538
1, 16, 48.824, 6.645, 6.444, -141.36, 127.08, 1145.26, 2.48, -1.34, 0.67, -0.85326, -0.01786, -0.07860, -0.51522
1, 15, 48.824, 6.535, 6.485, -131.29, 127.50, 1144.59, 2.17, -2.14, 0.95, -0.85327, -0.01867, -0.07797, -0.51527
1, 16, 48.834, 6.286, 6.503, -119.26, 127.38, 1145.20, 1.99, -2.29, 0.92, -0.85326, -0.01993, -0.07620, -0.51550
1, 14, 48.786, 5.876, 6.491, -105.47, 125.49, 1148.38, 1.96, -1.90, 0.86, -0.85354, -0.02174, -0.07310, -0.51542
1, 16, 48.789, 5.387, 6.521, -85.63, 129.21, 1151.31, 1.79, -0.15, 0.79, -0.85357, -0.02418, -0.06960, -0.51574
1, 16, 48.824, 5.346, 6.611, -103.27, 134.16, 1146.06, 1.57, 1.37, 0.69, -0.85340, -0.02501, -0.06971, -0.51597
1, 15, 48.845, 5.596, 6.651, -121.83, 133.36, 1146.85, 1.14, 2.08, 0.50, -0.85327, -0.02416, -0.07175, -0.51594
1, 14, 48.835, 5.933, 6.570, -134.34, 125.67, 1145.69, 0.85, 1.66, 0.64, -0.85330, -0.02203, -0.07388, -0.51570
1, 16, 48.795, 6.164, 6.412, -135.80, 118.77, 1147.34, 0.72, 0.95, 0.84, -0.85347, -0.01983, -0.07488, -0.51535
1, 15, 48.739, 6.248, 6.223, -131.71, 112.37, 1145.63, 1.10, 0.11, 1.04, -0.85374, -0.01808, -0.07464, -0.51500
1, 15, 48.687, 6.159, 6.148, -122.80, 115.78, 1148.74, 1.72, -0.47, 0.85, -0.85400, -0.01796, -0.07364, -0.51472
1, 16, 48.587, 6.020, 6.172, -119.20, 119.63, 1151.25, 2.26, -0.34, 0.79, -0.85447, -0.01883, -0.07269, -0.51405
1, 15, 48.534, 5.931, 6.319, -117.74, 128.11, 1147.03, 2.60, -0.08, 0.69, -0.85469, -0.02036, -0.07269, -0.51361
1, 15, 48.501, 5.917, 6.489, -120.12, 133.48, 1148.07, 2.42, 0.21, 0.47, -0.85481, -0.02172, -0.07334, -0.51327
1, 16, 48.481, 5.933, 6.622, -121.64, 135.74, 1149.29, 1.88, 0.26, 0.44, -0.85487, -0.02265, -0.07405, -0.51302
1, 15, 48.463, 5.934, 6.647, -120.36, 131.77, 1146.55, 1.31, 0.29, 0.52, -0.85495, -0.02284, -0.07416, -0.51287
1, 15, 48.458, 5.906, 6.638, -117.92, 130.68, 1144.65, 0.79, 0.37, 0.88, -0.85498, -0.02290, -0.07391, -0.51286
1, 15, 48.448, 5.817, 6.576, -112.73, 127.81, 1149.17, 0.57, 0.72, 0.72, -0.85504, -0.02285, -0.07297, -0.51289
1, 15, 48.440, 5.797, 6.473, -114.93, 123.66, 1149.54, 0.62, 1.15, 0.81, -0.85510, -0.02218, -0.07237, -0.51290
1, 16, 48.417, 5.807, 6.296, -116.03, 116.76, 1150.51, 0.82, 1.50, 0.77, -0.85524, -0.02083, -0.07164, -0.51284
1, 15, 48.388, 5.921, 6.179, -123.66, 114.93, 1150.15, 1.61, 1.52, 0.71, -0.85537, -0.01946, -0.07196, -0.51262
1, 15, 48.353, 6.120, 6.185, -132.75, 119.87, 1145.63, 1.97, 1.00, 0.47, -0.85550, -0.01862, -0.07346, -0.51223
1, 16, 48.321, 6.298, 6.240, -137.15, 122.92, 1145.45, 2.16, 0.18, 0.71, -0.85561, -0.01825, -0.07503, -0.51184
1, 15, 48.287, 6.319, 6.282, -130.68, 123.17, 1145.08, 2.15, -0.37, 0.76, -0.85574, -0.01849, -0.07536, -0.51155
1, 15, 48.249, 6.411, 6.256, -137.15, 118.96, 1146.48, 2.40, -0.89, 0.78, -0.85590, -0.01791, -0.07593, -0.51122
1, 15, 48.213, 6.522, 6.227, -142.09, 117.86, 1145.51, 2.53, -1.81, 1.01, -0.85605, -0.01722, -0.07662, -0.51089
1, 15, 48.201, 6.306, 6.377, -122.01, 129.33, 1144.41, 2.71, -2.20, 0.92, -0.85612, -0.01931, -0.07568, -0.51085
1, 15, 48.226, 5.981, 6.487, -110.47, 130.86, 1148.56, 2.42, -2.18, 0.78, -0.85603, -0.02159, -0.07375, -0.51118
1, 17, 48.270, 5.652, 6.516, -100.71, 128.85, 1150.63, 2.18, -1.59, 0.87, -0.85587, -0.02326, -0.07144, -0.51170
1, 15, 48.336, 5.349, 6.642, -93.14, 136.60, 1147.83, 1.94, -0.54, 0.60, -0.85558, -0.02553, -0.06976, -0.51231
1, 15, 48.408, 5.224, 6.701, -96.44, 136.05, 1149.05, 1.29, 0.97, 0.50, -0.85525, -0.02649, -0.06911, -0.51289
1, 15, 48.468, 5.329, 6.641, -107.91, 129.03, 1147.22, 0.95, 2.18, 0.63, -0.85499, -0.02553, -0.06964, -0.51331
1, 15, 48.500, 5.500, 6.501, -114.44, 122.07, 1147.46, 0.85, 2.56, 0.72, -0.85486, -0.02369, -0.07029, -0.51353
1, 15, 48.498, 5.859, 6.344, -131.77, 116.76, 1145.75, 1.17, 2.64, 0.72, -0.85486, -0.02090, -0.07226, -0.51338
1, 15, 48.467, 6.143, 6.199, -136.29, 113.28, 1147.22, 1.66, 1.72, 0.91, -0.85499, -0.01855, -0.07371, -0.51305
1, 15, 48.506, 6.357, 6.180, -137.15, 119.45, 1148.32, 2.04, 0.59, 0.95, -0.85478, -0.01742, -0.07522, -0.51322
1, 17, 48.528, 6.414, 6.236, -133.06, 123.35, 1145.69, 2.27, -0.20, 0.90, -0.85466, -0.01756, -0.07591, -0.51331
1, 15, 48.549, 6.314, 6.294, -124.45, 124.33, 1146.06, 2.43, -0.82, 0.95, -0.85457, -0.01844, -0.07542, -0.51349
1, 14, 48.582, 6.102, 6.413, -114.87, 129.88, 1146.12, 2.45, -1.06, 0.82, -0.85444, -0.02026, -0.07439, -0.51380
1, 16, 48.629, 5.828, 6.517, -105.65, 132.14, 1149.23, 2.32, -0.88, 0.71, -0.85424, -0.02225, -0.07283, -0.51427
1, 15, 48.682, 5.659, 6.518, -105.71, 127.56, 1149.29, 2.14, -0.15, 0.76, -0.85402, -0.02298, -0.07159, -0.51477
1, 15, 48.738, 5.580, 6.537, -106.14, 129.15, 1147.83, 1.89, 0.98, 0.61, -0.85378, -0.02345, -0.07109, -0.51523
1, 15, 48.789, 5.592, 6.546, -110.23, 129.58, 1148.74, 1.53, 1.50, 0.61, -0.85355, -0.02343, -0.07124, -0.51559
1, 15, 48.921, 5.722, 6.477, -115.97, 125.37, 1147.46, 1.42, 1.72, 0.82, -0.85295, -0.02225, -0.07192, -0.51654
1, 17, 49.011, 5.922, 6.432, -125.37, 125.12, 1150.21, 1.40, 1.75, 0.92, -0.85253, -0.02094, -0.07321, -0.51710
1, 15, 49.065, 6.064, 6.356, -126.16, 121.40, 1148.62, 1.45, 1.63, 0.92, -0.85228, -0.01969, -0.07393, -0.51746
1, 14, 49.102, 6.170, 6.361, -128.11, 125.06, 1148.38, 1.59, 1.06, 0.89, -0.85210, -0.01922, -0.07475, -0.51766
1, 16, 49.121, 6.179, 6.365, -124.51, 124.69, 1148.56, 1.75, 0.57, 0.74, -0.85201, -0.01920, -0.07483, -0.51780
1, 15, 49.138, 6.110, 6.369, -119.38, 124.45, 1148.25, 1.89, 0.50, 0.76, -0.85194, -0.01953, -0.07434, -0.51797
1, 15, 49.154, 6.037, 6.378, -117.43, 124.15, 1145.32, 2.17, 0.43, 0.63, -0.85188, -0.01993, -0.07385, -0.51812
1, 16, 49.168, 6.007, 6.380, -119.14, 123.78, 1149.35, 2.39, 0.56, 0.57, -0.85182, -0.02006, -0.07364, -0.51825
1, 14, 49.192, 6.012, 6.471, -120.79, 129.82, 1147.09, 2.27, 0.51, 0.50, -0.85169, -0.02071, -0.07409, -0.51837
1, 16, 49.228, 5.990, 6.575, -119.38, 133.73, 1149.35, 1.98, 0.47, 0.80, -0.85151, -0.02156, -0.07440, -0.51858
1, 16, 49.260, 5.925, 6.617, -115.36, 132.26, 1147.16, 1.40, 0.65, 0.82, -0.85137, -0.02214, -0.07412, -0.51883
1, 15, 49.296, 5.871, 6.632, -114.14, 132.14, 1147.22, 0.96, 1.01, 0.98, -0.85121, -0.02248, -0.07380, -0.51913
1, 15, 49.314, 5.885, 6.541, -117.25, 125.24, 1147.77, 0.79, 1.34, 0.83, -0.85114, -0.02173, -0.07349, -0.51931
1, 15, 49.317, 5.927, 6.425, -119.26, 121.09, 1146.85, 0.95, 1.55, 0.78, -0.85115, -0.02067, -0.07328, -0.51938
1, 15, 49.310, 6.009, 6.321, -123.35, 118.59, 1148.13, 1.47, 1.51, 0.84, -0.85118, -0.01953, -0.07341, -0.51934
1, 16, 49.290, 6.170, 6.270, -131.59, 119.57, 1147.64, 1.70, 1.17, 0.63, -0.85126, -0.01842, -0.07437, -0.51912
1, 15, 49.040, 6.210, 6.367, -133.18, 125.12, 1149.78, 2.11, 0.43, 0.70, -0.85237, -0.01913, -0.07506, -0.51717
1, 15, 48.856, 6.092, 6.437, -123.05, 125.85, 1150.51, 2.42, -0.10, 0.72, -0.85320, -0.02031, -0.07447, -0.51583
1, 16, 48.726, 5.970, 6.514, -119.26, 128.30, 1147.46, 2.24, -0.24, 0.88, -0.85379, -0.02152, -0.07389, -0.51489
1, 15, 48.639, 5.834, 6.630, -114.87, 133.73, 1149.41, 2.00, -0.15, 0.85, -0.85418, -0.02305, -0.07338, -0.51426
1, 15, 48.583, 5.667, 6.705, -108.22, 134.40, 1149.66, 1.64, 0.35, 0.85, -0.85443, -0.02440, -0.07246, -0.51391
1, 15, 48.543, 5.582, 6.693, -108.89, 131.23, 1149.29, 1.13, 0.85, 0.75, -0.85462, -0.02473, -0.07177, -0.51368
1, 15, 48.501, 5.567, 6.538, -109.92, 120.97, 1144.78, 0.98, 1.55, 0.75, -0.85484, -0.02367, -0.07096, -0.51347
1, 15, 48.458, 5.722, 6.407, -121.15, 119.02, 1147.09, 1.27, 1.88, 0.79, -0.85504, -0.02201, -0.07152, -0.51313
1, 16, 48.413, 6.010, 6.311, -132.87, 118.29, 1146.36, 1.65, 1.65, 0.76, -0.85522, -0.02003, -0.07322, -0.51267
1, 15, 48.362, 6.227, 6.311, -136.90, 122.19, 1148.50, 1.90, 0.94, 0.72, -0.85542, -0.01907, -0.07482, -0.51215
1, 15, 48.309, 6.338, 6.325, -135.50, 122.74, 1146.55, 2.05, -0.02, 0.79, -0.85564, -0.01872, -0.07570, -0.51166
1, 16, 48.273, 6.231, 6.428, -123.41, 129.27, 1146.61, 2.08, -0.54, 0.80, -0.85580, -0.01999, -0.07536, -0.51140
1, 15, 48.261, 5.965, 6.554, -109.13, 133.30, 1142.40, 1.82, -0.54, 0.61, -0.85587, -0.02213, -0.07394, -0.51140
1, 16, 48.265, 5.875, 6.634, -114.07, 133.18, 1139.83, 1.61, 0.01, 0.48, -0.85584, -0.02314, -0.07363, -0.51144
1, 14, 48.247, 5.744, 6.301, -109.07, 107.30, 1149.60, 1.52, 0.50, 0.93, -0.85601, -0.02126, -0.07116, -0.51160
1, 15, 48.261, 5.644, 6.385, -106.87, 127.14, 1147.09, 2.63, 1.37, 0.64, -0.85594, -0.02233, -0.07079, -0.51172
1, 16, 48.492, 5.929, 6.577, -125.67, 139.16, 1149.72, 2.40, 2.03, 0.59, -0.85484, -0.02233, -0.07382, -0.51314
1, 16, 48.659, 6.097, 6.681, -125.61, 137.70, 1143.43, 1.51, 1.59, 0.82, -0.85404, -0.02223, -0.07557, -0.51420
1, 14, 48.763, 6.305, 6.606, -134.22, 127.62, 1148.01, 1.20, 1.11, 0.69, -0.85356, -0.02066, -0.07679, -0.51489
1, 16, 48.840, 6.380, 6.585, -131.41, 130.68, 1149.41, 0.72, 0.27, 0.76, -0.85321, -0.02011, -0.07726, -0.51542
1, 15, 48.874, 6.320, 6.352, -124.39, 114.07, 1148.32, 1.12, -0.20, 0.85, -0.85310, -0.01862, -0.07578, -0.51587
1, 15, 48.899, 6.138, 6.180, -114.26, 112.30, 1148.50, 1.80, 0.04, 0.76, -0.85305, -0.01815, -0.07365, -0.51629
1, 15, 48.943, 5.945, 6.154, -109.13, 118.71, 1151.92, 2.21, 0.59, 0.81, -0.85288, -0.01881, -0.07212, -0.51676
1, 15, 48.995, 5.929, 6.226, -116.33, 123.23, 1144.59, 2.76, 0.96, 0.76, -0.85264, -0.01939, -0.07233, -0.51711
1, 15, 49.058, 6.028, 6.467, -124.45, 137.51, 1144.10, 2.35, 0.99, 0.66, -0.85230, -0.02069, -0.07417, -0.51736
1, 16, 48.994, 6.033, 6.629, -122.92, 136.29, 1147.03, 1.56, 0.89, 0.64, -0.85256, -0.02191, -0.07492, -0.51678
1, 16, 48.940, 6.057, 6.633, -124.08, 130.13, 1147.03, 1.22, 0.83, 0.72, -0.85280, -0.02187, -0.07511, -0.51635
1, 15, 48.881, 6.090, 6.520, -125.06, 122.38, 1146.79, 1.05, 0.73, 0.76, -0.85307, -0.02092, -0.07483, -0.51597
1, 15, 48.824, 6.064, 6.354, -122.31, 116.58, 1149.60, 1.11, 0.46, 0.92, -0.85337, -0.01983, -0.07388, -0.51567
1, 15, 48.778, 5.980, 6.268, -117.13, 117.74, 1144.41, 1.46, 0.43, 0.84, -0.85360, -0.01961, -0.07286, -0.51544
1, 16, 48.746, 5.879, 6.218, -113.89, 117.86, 1147.52, 2.04, 0.64, 0.83, -0.85377, -0.01972, -0.07188, -0.51529
1, 14, 48.742, 5.867, 6.334, -117.31, 128.42, 1147.22, 2.08, 0.92, 0.83, -0.85377, -0.02064, -0.07231, -0.51520
1, 15, 48.735, 6.016, 6.441, -128.05, 130.19, 1146.85, 2.08, 1.04, 0.63, -0.85376, -0.02076, -0.07390, -0.51498
1, 16, 48.552, 6.082, 6.577, -129.58, 132.26, 1147.52, 1.80, 0.68, 0.55, -0.85454, -0.02159, -0.07497, -0.51349
1, 16, 48.405, 6.109, 6.573, -128.42, 126.71, 1145.94, 1.55, 0.10, 0.61, -0.85520, -0.02154, -0.07512, -0.51237
1, 14, 48.282, 5.954, 6.481, -116.46, 121.70, 1148.99, 1.37, -0.09, 0.76, -0.85579, -0.02163, -0.07353, -0.51162
1, 16, 48.191, 5.784, 6.373, -110.66, 118.29, 1147.83, 1.72, 0.34, 0.85, -0.85624, -0.02165, -0.07177, -0.51112
1, 15, 48.135, 5.719, 6.408, -112.55, 125.12, 1144.29, 2.07, 0.86, 0.73, -0.85649, -0.02224, -0.07144, -0.51071
1, 15, 48.106, 5.732, 6.493, -116.64, 131.53, 1157.65, 1.75, 1.39, 0.87, -0.85660, -0.02283, -0.07191, -0.51044
1, 15, 48.078, 5.829, 6.530, -120.48, 128.78, 1142.03, 1.46, 1.59, 0.79, -0.85670, -0.02269, -0.07278, -0.51014
1, 15, 48.028, 6.130, 6.440, -137.39, 120.36, 1141.24, 1.58, 1.29, 0.76, -0.85690, -0.02069, -0.07462, -0.50963
1, 16, 48.155, 6.272, 6.360, -130.98, 122.80, 1152.65, 1.53, 0.43, 0.91, -0.85633, -0.01938, -0.07535, -0.51054
1, 16, 48.231, 6.337, 6.273, -129.58, 118.10, 1145.51, 2.08, 0.05, 0.81, -0.85599, -0.01838, -0.07545, -0.51112
1, 14, 48.308, 6.215, 6.393, -119.26, 130.07, 1147.64, 2.59, -0.39, 0.69, -0.85565, -0.01978, -0.07509, -0.51170
1, 16, 48.387, 6.051, 6.466, -113.71, 130.13, 1148.93, 2.16, -0.29, 0.89, -0.85531, -0.02101, -0.07420, -0.51235
1, 15, 48.460, 5.955, 6.506, -114.44, 129.58, 1147.22, 1.93, 0.07, 0.76, -0.85499, -0.02170, -0.07369, -0.51293
1, 15, 48.529, 5.893, 6.581, -114.20, 132.87, 1146.61, 1.85, 0.41, 0.67, -0.85467, -0.02250, -0.07358, -0.51344
1, 16, 48.592, 5.865, 6.583, -114.81, 130.31, 1148.86, 1.34, 0.95, 0.85, -0.85439, -0.02259, -0.07339, -0.51392
1, 14, 48.630, 5.946, 6.466, -120.97, 122.01, 1146.48, 1.11, 1.43, 0.83, -0.85423, -0.02133, -0.07348, -0.51423
1, 15, 48.575, 6.053, 6.339, -126.46, 118.29, 1150.88, 1.44, 1.43, 0.75, -0.85449, -0.01994, -0.07369, -0.51383
1, 17, 48.532, 6.151, 6.297, -127.62, 119.26, 1140.75, 1.80, 1.30, 0.89, -0.85468, -0.01920, -0.07422, -0.51347
1, 15, 48.486, 6.301, 6.288, -135.01, 120.61, 1148.80, 2.32, 0.92, 0.83, -0.85486, -0.01849, -0.07529, -0.51304
1, 14, 48.463, 6.357, 6.494, -132.69, 134.77, 1148.86, 2.76, 0.31, 0.81, -0.85492, -0.01979, -0.07662, -0.51269
1, 16, 48.443, 6.335, 6.595, -128.66, 132.51, 1142.52, 1.95, -0.37, 0.85, -0.85499, -0.02065, -0.07691, -0.51249
1, 15, 48.419, 6.243, 6.588, -124.39, 128.72, 1147.22, 1.45, -0.87, 0.76, -0.85511, -0.02103, -0.07619, -0.51238
1, 16, 48.404, 5.909, 6.486, -104.92, 122.99, 1151.00, 1.24, -0.56, 0.78, -0.85525, -0.02179, -0.07325, -0.51255
1, 14, 48.398, 5.679, 6.352, -103.21, 118.35, 1152.65, 1.61, 0.40, 0.54, -0.85533, -0.02184, -0.07094, -0.51274
1, 15, 48.307, 5.527, 6.367, -104.98, 123.90, 1149.90, 1.90, 1.42, 0.65, -0.85575, -0.02269, -0.06985, -0.51215
1, 17, 48.264, 5.689, 6.478, -121.22, 130.25, 1145.87, 2.08, 1.98, 0.94, -0.85590, -0.02281, -0.07154, -0.51166
1, 15, 48.222, 5.871, 6.602, -126.59, 134.77, 1147.22, 1.54, 1.72, 0.79, -0.85604, -0.02295, -0.07345, -0.51114
1, 15, 48.170, 6.146, 6.642, -137.94, 131.53, 1144.84, 1.30, 1.03, 0.85, -0.85623, -0.02204, -0.07566, -0.51055
1, 15, 48.100, 6.296, 6.582, -136.60, 125.61, 1147.40, 1.34, 0.18, 0.83, -0.85653, -0.02096, -0.07650, -0.50996
1, 15, 48.018, 6.205, 6.394, -123.96, 115.36, 1148.07, 1.53, -0.49, 0.87, -0.85695, -0.02002, -0.07497, -0.50953
1, 15, 47.962, 6.060, 6.350, -117.86, 120.18, 1145.87, 2.20, -0.50, 0.81, -0.85722, -0.02038, -0.07368, -0.50924
1, 15, 47.941, 5.890, 6.439, -112.67, 128.60, 1147.22, 2.34, -0.38, 0.78, -0.85732, -0.02182, -0.07281, -0.50914
1, 15, 47.931, 5.720, 6.577, -109.13, 133.67, 1151.98, 2.45, 0.20, 0.67, -0.85736, -0.02362, -0.07215, -0.50908
1, 17, 47.940, 5.696, 6.690, -112.85, 136.60, 1148.38, 1.70, 0.99, 0.60, -0.85730, -0.02457, -0.07248, -0.50909
1, 15, 47.942, 5.831, 6.720, -122.19, 133.36, 1145.87, 1.42, 1.48, 0.56, -0.85727, -0.02419, -0.07361, -0.50901
1, 15, 47.929, 5.946, 6.603, -124.76, 124.94, 1151.00, 1.03, 1.23, 0.85, -0.85734, -0.02280, -0.07395, -0.50890
1, 15, 47.897, 6.041, 6.415, -125.67, 117.25, 1148.86, 1.03, 1.27, 0.96, -0.85750, -0.02099, -0.07382, -0.50873
1, 15, 47.867, 6.081, 6.352, -124.63, 121.46, 1148.80, 1.30, 0.92, 0.89, -0.85764, -0.02036, -0.07383, -0.50851
1, 15, 47.838, 6.085, 6.323, -122.68, 121.70, 1146.55, 1.63, 0.92, 0.82, -0.85778, -0.02014, -0.07372, -0.50831
1, 16, 47.820, 6.186, 6.396, -129.52, 127.32, 1144.47, 1.98, 0.80, 0.80, -0.85783, -0.02025, -0.07480, -0.50806
1, 14, 47.875, 6.177, 6.377, -123.29, 124.02, 1150.09, 1.97, 0.43, 0.85, -0.85758, -0.02011, -0.07466, -0.50850
1, 16, 47.911, 6.211, 6.391, -126.53, 125.06, 1147.52, 2.24, 0.23, 0.60, -0.85742, -0.02004, -0.07499, -0.50873
1, 16, 47.949, 6.228, 6.479, -126.71, 129.94, 1146.06, 2.36, -0.10, 0.71, -0.85723, -0.02059, -0.07551, -0.50895
1, 15, 47.981, 6.109, 6.503, -118.41, 128.30, 1148.01, 1.95, -0.46, 0.75, -0.85711, -0.02129, -0.07473, -0.50925
1, 14, 48.012, 5.875, 6.475, -106.93, 125.49, 1146.30, 1.75, -0.11, 0.68, -0.85700, -0.02211, -0.07287, -0.50966
1, 16, 48.055, 5.751, 6.447, -107.73, 125.24, 1148.50, 1.70, 1.03, 0.72, -0.85683, -0.02243, -0.07183, -0.51007
1, 15, 48.107, 5.759, 6.507, -113.89, 131.59, 1151.86, 1.48, 1.59, 0.80, -0.85659, -0.02282, -0.07217, -0.51042
1, 15, 48.142, 5.932, 6.523, -125.18, 128.97, 1143.92, 1.32, 1.59, 0.76, -0.85641, -0.02213, -0.07354, -0.51056
1, 15, 48.038, 6.102, 6.471, -131.84, 123.84, 1147.40, 1.21, 1.08, 0.82, -0.85686, -0.02105, -0.07455, -0.50970
1, 16, 47.943, 6.117, 6.394, -125.06, 119.69, 1138.79, 1.43, 0.55, 0.79, -0.85729, -0.02046, -0.07430, -0.50903
1, 16, 47.861, 6.114, 6.360, -125.12, 121.70, 1149.72, 1.80, 0.44, 0.66, -0.85766, -0.02027, -0.07411, -0.50844
1, 15, 47.806, 6.152, 6.467, -127.81, 130.13, 1148.01, 2.15, 0.27, 0.56, -0.85788, -0.02094, -0.07486, -0.50793
1, 14, 47.761, 6.155, 6.512, -125.67, 128.78, 1143.98, 1.59, 0.10, 0.63, -0.85807, -0.02130, -0.07507, -0.50757
1, 16, 47.716, 6.155, 6.435, -126.34, 122.25, 1148.25, 1.38, -0.21, 0.78, -0.85828, -0.02075, -0.07472, -0.50728
1, 15, 47.676, 6.010, 6.322, -116.33, 117.55, 1146.12, 1.70, -0.41, 0.85, -0.85850, -0.02058, -0.07314, -0.50715
1, 15, 47.657, 5.912, 6.312, -116.27, 122.68, 1150.57, 1.80, -0.16, 0.81, -0.85860, -0.02095, -0.07235, -0.50708
1, 16, 47.736, 5.772, 6.315, -109.07, 124.33, 1148.62, 1.79, 0.11, 0.85, -0.85827, -0.02155, -0.07133, -0.50776
1, 15, 47.807, 5.729, 6.335, -111.27, 125.00, 1149.23, 2.07, 0.85, 0.85, -0.85796, -0.02185, -0.07112, -0.50830
1, 15, 47.875, 5.738, 6.425, -113.16, 130.00, 1145.20, 1.89, 1.24, 0.81, -0.85764, -0.02244, -0.07160, -0.50875
1, 16, 47.920, 5.918, 6.455, -125.18, 127.81, 1146.18, 1.82, 1.51, 0.66, -0.85741, -0.02183, -0.07308, -0.50895
1, 15, 47.948, 6.075, 6.520, -127.81, 130.31, 1143.13, 1.76, 1.30, 0.60, -0.85725, -0.02159, -0.07455, -0.50901
1, 14, 47.951, 6.217, 6.460, -131.47, 123.41, 1145.87, 1.59, 0.79, 0.72, -0.85723, -0.02050, -0.07534, -0.50898
1, 16, 47.944, 6.277, 6.414, -130.31, 123.17, 1149.35, 1.72, 0.25, 0.80, -0.85726, -0.01990, -0.07558, -0.50892
1, 15, 47.937, 6.188, 6.393, -122.01, 123.60, 1147.46, 1.82, -0.31, 0.80, -0.85731, -0.02015, -0.07482, -0.50894
1, 16, 48.006, 6.004, 6.436, -112.85, 127.93, 1148.62, 2.02, -0.25, 0.94, -0.85702, -0.02125, -0.07365, -0.50955
1, 15, 48.069, 5.896, 6.459, -112.43, 127.87, 1148.01, 1.83, 0.36, 0.84, -0.85675, -0.02186, -0.07296, -0.51008
1, 15, 48.123, 5.844, 6.448, -113.53, 126.34, 1149.54, 1.72, 0.82, 0.76, -0.85652, -0.02198, -0.07254, -0.51052
1, 16, 48.173, 5.825, 6.496, -113.65, 130.00, 1147.03, 1.63, 1.34, 0.58, -0.85629, -0.02239, -0.07262, -0.51088
1, 15, 48.205, 6.002, 6.422, -127.32, 121.34, 1144.10, 1.93, 1.21, 0.90, -0.85613, -0.02102, -0.07362, -0.51105
1, 14, 48.248, 6.203, 6.701, -136.05, 145.63, 1154.30, 2.04, 0.50, 0.71, -0.85586, -0.02217, -0.07636, -0.51106
1, 16, 48.237, 6.217, 6.542, -125.55, 120.48, 1135.74, 0.91, -0.04, 0.65, -0.85594, -0.02093, -0.07576, -0.51107
1, 15, 48.209, 6.236, 6.264, -128.36, 109.07, 1146.91, 1.37, -0.41, 0.96, -0.85611, -0.01879, -0.07466, -0.51103
1, 15, 48.283, 5.937, 6.153, -107.12, 115.78, 1153.87, 2.10, -0.90, 0.89, -0.85585, -0.01926, -0.07194, -0.51184
1, 17, 48.354, 5.859, 6.104, -113.16, 115.42, 1144.84, 2.63, -0.09, 0.86, -0.85555, -0.01919, -0.07116, -0.51245
1, 14, 48.458, 5.736, 6.431, -107.79, 140.44, 1145.75, 2.95, 0.34, 0.84, -0.85504, -0.02213, -0.07172, -0.51310
1, 16, 48.557, 5.741, 6.679, -114.01, 143.86, 1152.10, 2.18, 0.89, 0.76, -0.85454, -0.02390, -0.07289, -0.51369
1, 15, 48.632, 5.941, 6.828, -126.28, 141.78, 1140.63, 1.42, 1.34, 0.52, -0.85415, -0.02405, -0.07506, -0.51401
1, 15, 48.647, 6.187, 6.617, -135.68, 120.48, 1146.00, 0.90, 0.76, 0.63, -0.85410, -0.02135, -0.07594, -0.51410
1, 15, 48.650, 6.152, 6.450, -122.99, 119.14, 1150.45, 1.17, 0.14, 0.98, -0.85412, -0.02027, -0.07494, -0.51425
1, 15, 48.660, 6.081, 6.443, -119.26, 125.37, 1145.94, 1.72, 0.21, 0.85, -0.85409, -0.02053, -0.07438, -0.51438
1, 15, 48.973, 6.160, 6.307, -120.30, 119.57, 1146.00, 2.05, 0.25, 0.77, -0.85269, -0.01895, -0.07441, -0.51674
1, 17, 49.224, 6.064, 6.324, -112.06, 127.50, 1154.85, 2.06, 0.26, 0.95, -0.85157, -0.01936, -0.07382, -0.51866
1, 14, 49.444, 6.005, 6.386, -112.79, 130.68, 1152.34, 1.85, 0.69, 1.02, -0.85056, -0.01994, -0.07370, -0.52030
1, 15, 49.606, 6.016, 6.338, -115.97, 123.05, 1148.07, 1.86, 1.22, 0.59, -0.84983, -0.01943, -0.07359, -0.52153
1, 16, 49.730, 6.126, 6.253, -124.76, 118.59, 1149.17, 2.10, 1.06, 0.69, -0.84927, -0.01822, -0.07403, -0.52242
1, 15, 49.843, 6.236, 6.370, -127.75, 129.76, 1143.55, 2.40, 0.90, 0.76, -0.84872, -0.01850, -0.07540, -0.52311
1, 14, 49.932, 6.271, 6.476, -126.28, 132.45, 1147.34, 1.98, 0.50, 0.67, -0.84829, -0.01907, -0.07616, -0.52368
1, 16, 50.001, 6.329, 6.519, -130.00, 130.19, 1145.69, 1.70, -0.09, 0.76, -0.84796, -0.01908, -0.07679, -0.52412
1, 15, 49.950, 6.193, 6.584, -121.22, 130.86, 1144.47, 1.55, -0.21, 0.95, -0.84820, -0.02022, -0.07607, -0.52379
1, 17, 49.911, 6.003, 6.487, -113.95, 122.25, 1150.51, 1.42, -0.11, 1.05, -0.84842, -0.02040, -0.07423, -0.52369
1, 15, 49.879, 5.871, 6.391, -112.67, 119.75, 1147.77, 1.69, 0.27, 0.79, -0.84860, -0.02032, -0.07280, -0.52360
1, 14, 49.873, 5.822, 6.441, -115.05, 127.87, 1149.54, 1.98, 0.68, 0.80, -0.84863, -0.02092, -0.07267, -0.52356
1, 16, 49.878, 5.755, 6.494, -111.82, 129.46, 1149.05, 1.79, 1.07, 0.84, -0.84860, -0.02162, -0.07242, -0.52361
1, 15, 49.869, 5.819, 6.449, -118.90, 123.78, 1148.50, 1.71, 1.40, 0.56, -0.84864, -0.02100, -0.07269, -0.52353
1, 15, 49.864, 5.938, 6.524, -124.39, 130.37, 1146.48, 2.07, 1.28, 0.52, -0.84864, -0.02100, -0.07391, -0.52337
1, 15, 49.855, 6.132, 6.578, -133.00, 131.10, 1147.22, 1.68, 0.98, 0.64, -0.84864, -0.02051, -0.07558, -0.52313
1, 15, 49.594, 6.141, 6.551, -130.49, 124.33, 1147.83, 1.55, 0.21, 0.79, -0.84984, -0.02045, -0.07548, -0.52121
1, 16, 49.401, 6.021, 6.527, -121.70, 124.27, 1148.74, 1.70, -0.34, 0.88, -0.85073, -0.02094, -0.07444, -0.51988
1, 16, 49.256, 5.815, 6.507, -112.55, 124.88, 1151.25, 1.72, -0.38, 0.89, -0.85142, -0.02183, -0.07281, -0.51895
1, 14, 49.157, 5.614, 6.516, -106.63, 126.34, 1147.89, 1.84, 0.02, 0.89, -0.85189, -0.02288, -0.07134, -0.51834
1, 15, 49.094, 5.519, 6.600, -107.97, 132.08, 1147.52, 1.88, 0.58, 0.70, -0.85217, -0.02398, -0.07100, -0.51787
1, 16, 49.047, 5.517, 6.650, -111.39, 131.71, 1147.34, 1.82, 0.97, 0.63, -0.85237, -0.02438, -0.07121, -0.51750
1, 15, 49.009, 5.639, 6.711, -119.20, 134.22, 1147.58, 1.55, 1.30, 0.52, -0.85251, -0.02431, -0.07238, -0.51710
1, 14, 48.961, 5.853, 6.686, -128.42, 129.21, 1146.30, 1.54, 1.13, 0.54, -0.85271, -0.02318, -0.07384, -0.51662
1, 16, 48.648, 6.013, 6.646, -134.58, 124.94, 1145.87, 1.53, 0.54, 0.82, -0.85411, -0.02236, -0.07478, -0.51420
1, 16, 48.400, 6.026, 6.571, -128.91, 122.44, 1145.94, 1.43, -0.34, 0.87, -0.85523, -0.02190, -0.07450, -0.51239
1, 16, 48.201, 5.949, 6.509, -123.41, 122.50, 1149.29, 1.51, -0.89, 0.98, -0.85614, -0.02191, -0.07361, -0.51100
1, 14, 48.050, 5.692, 6.491, -108.46, 124.39, 1148.99, 1.75, -0.92, 0.89, -0.85685, -0.02303, -0.07159, -0.51005
1, 15, 47.941, 5.504, 6.402, -105.22, 119.75, 1148.44, 1.63, -0.04, 0.94, -0.85738, -0.02328, -0.06976, -0.50940
1, 16, 47.861, 5.455, 6.402, -109.07, 123.72, 1148.13, 1.99, 0.61, 0.68, -0.85774, -0.02355, -0.06938, -0.50884
1, 15, 47.803, 5.501, 6.453, -113.28, 126.95, 1150.33, 2.34, 1.24, 0.63, -0.85798, -0.02376, -0.06994, -0.50835
1, 14, 47.766, 5.649, 6.620, -120.36, 136.23, 1146.73, 2.13, 1.50, 0.55, -0.85809, -0.02437, -0.07178, -0.50787
1, 16, 47.884, 5.960, 6.667, -130.07, 133.91, 1143.37, 1.48, 1.41, 0.53, -0.85752, -0.02325, -0.07433, -0.50851
1, 16, 47.947, 6.123, 6.596, -129.33, 126.89, 1146.30, 1.28, 0.80, 0.70, -0.85723, -0.02195, -0.07524, -0.50893
1, 15, 47.980, 6.135, 6.464, -123.66, 121.34, 1149.78, 1.27, 0.37, 0.74, -0.85711, -0.02088, -0.07475, -0.50925
1, 16, 48.015, 6.086, 6.418, -119.81, 123.41, 1143.62, 1.52, 0.12, 0.95, -0.85697, -0.02073, -0.07419, -0.50957
1, 14, 48.050, 5.954, 6.448, -113.28, 127.87, 1147.77, 1.74, 0.21, 0.80, -0.85683, -0.02154, -0.07334, -0.50991
1, 16, 48.083, 5.862, 6.410, -112.85, 123.47, 1147.22, 1.82, 0.46, 0.85, -0.85670, -0.02164, -0.07250, -0.51023
1, 15, 48.112, 5.815, 6.433, -113.95, 126.83, 1147.95, 1.94, 0.58, 0.62, -0.85657, -0.02201, -0.07225, -0.51047
1, 15, 48.144, 5.836, 6.504, -117.55, 130.13, 1145.39, 2.03, 0.63, 0.59, -0.85642, -0.02242, -0.07273, -0.51065
1, 15, 48.250, 5.883, 6.549, -117.92, 130.80, 1146.91, 1.99, 0.62, 0.61, -0.85593, -0.02248, -0.07330, -0.51138
1, 16, 48.329, 5.893, 6.555, -117.80, 129.82, 1152.22, 1.82, 0.50, 0.70, -0.85557, -0.02243, -0.07342, -0.51196
1, 15, 48.393, 5.964, 6.545, -122.62, 128.30, 1147.89, 1.71, 0.34, 0.85, -0.85528, -0.02199, -0.07391, -0.51240
1, 16, 48.444, 5.940, 6.552, -117.68, 129.27, 1146.12, 1.50, 0.33, 0.86, -0.85505, -0.02212, -0.07378, -0.51279
1, 14, 48.486, 5.879, 6.498, -114.07, 125.12, 1144.23, 1.38, 0.59, 0.94, -0.85488, -0.02197, -0.07310, -0.51317
1, 15, 48.538, 5.692, 6.552, -103.09, 131.16, 1143.49, 1.49, 1.11, 0.93, -0.85466, -0.02318, -0.07196, -0.51365
1, 16, 48.577, 5.562, 6.475, -102.72, 124.27, 1153.75, 1.55, 1.75, 0.72, -0.85452, -0.02317, -0.07065, -0.51407
1, 15, 48.622, 5.653, 6.578, -112.92, 134.03, 1143.19, 1.54, 2.68, 0.44, -0.85428, -0.02350, -0.07180, -0.51429
1, 15, 48.514, 6.034, 6.493, -138.06, 123.05, 1145.14, 0.86, 2.14, 0.70, -0.85474, -0.02121, -0.07423, -0.51329
1, 16, 48.382, 6.249, 6.275, -137.82, 111.15, 1148.62, 1.40, 1.26, 0.68, -0.85533, -0.01870, -0.07483, -0.51230
1, 15, 48.270, 6.337, 6.243, -135.25, 118.16, 1149.35, 2.18, 0.29, 0.79, -0.85582, -0.01813, -0.07532, -0.51143
1, 16, 48.187, 6.280, 6.287, -128.11, 122.44, 1148.32, 2.43, -0.51, 0.95, -0.85620, -0.01877, -0.07508, -0.51082
1, 15, 48.137, 6.041, 6.380, -114.20, 126.83, 1148.07, 2.53, -0.78, 0.98, -0.85644, -0.02058, -0.07371, -0.51054
1, 14, 48.129, 5.750, 6.577, -104.06, 136.84, 1148.80, 2.36, -0.34, 0.79, -0.85648, -0.02337, -0.07242, -0.51055
1, 16, 48.143, 5.583, 6.711, -104.31, 137.45, 1145.57, 1.86, 0.38, 0.63, -0.85640, -0.02511, -0.07177, -0.51068
1, 15, 48.162, 5.524, 6.745, -106.81, 134.34, 1146.36, 1.44, 1.12, 0.60, -0.85632, -0.02562, -0.07149, -0.51084
1, 15, 48.129, 5.589, 6.705, -113.95, 130.19, 1144.90, 0.94, 1.56, 0.66, -0.85647, -0.02504, -0.07178, -0.51057
1, 16, 48.086, 5.753, 6.572, -122.62, 123.05, 1148.01, 0.94, 1.67, 0.69, -0.85667, -0.02334, -0.07240, -0.51023
1, 15, 48.030, 5.926, 6.437, -127.56, 119.26, 1148.93, 1.43, 1.32, 0.71, -0.85692, -0.02159, -0.07308, -0.50978
1, 15, 47.982, 6.082, 6.424, -130.49, 124.02, 1146.42, 1.72, 1.01, 0.89, -0.85712, -0.02082, -0.07418, -0.50933
1, 16, 47.940, 6.113, 6.440, -126.10, 126.10, 1150.45, 1.76, 0.65, 1.00, -0.85729, -0.02083, -0.07447, -0.50899
1, 14, 47.900, 6.137, 6.442, -125.98, 125.12, 1144.78, 1.72, 0.34, 0.89, -0.85747, -0.02077, -0.07466, -0.50867
1, 15, 47.862, 6.114, 6.408, -122.99, 122.25, 1142.58, 1.83, 0.24, 0.88, -0.85765, -0.02063, -0.07432, -0.50842
1, 16, 47.835, 6.027, 6.413, -117.86, 123.84, 1143.98, 2.20, 0.34, 0.82, -0.85778, -0.02108, -0.07370, -0.50827
1, 15, 48.206, 6.067, 6.409, -115.05, 128.42, 1145.20, 2.04, 0.63, 0.76, -0.85612, -0.02064, -0.07404, -0.51102
1, 17, 48.489, 6.140, 6.465, -119.69, 132.39, 1145.32, 1.72, 0.95, 0.66, -0.85484, -0.02054, -0.07488, -0.51305
1, 14, 48.708, 6.177, 6.403, -120.48, 125.55, 1148.50, 1.27, 0.80, 0.69, -0.85386, -0.01977, -0.07492, -0.51470
1, 15, 48.882, 6.219, 6.346, -122.56, 123.60, 1146.55, 1.37, 0.76, 0.78, -0.85308, -0.01904, -0.07500, -0.51600
1, 16, 49.018, 6.170, 6.277, -118.41, 120.85, 1147.89, 1.59, 0.49, 0.81, -0.85249, -0.01866, -0.07435, -0.51709
1, 15, 49.139, 6.088, 6.278, -115.54, 123.78, 1149.05, 1.86, 0.64, 0.89, -0.85196, -0.01896, -0.07377, -0.51804
1, 14, 49.249, 6.002, 6.333, -113.83, 127.14, 1147.58, 1.93, 0.63, 0.89, -0.85146, -0.01969, -0.07340, -0.51888
1, 16, 49.351, 5.944, 6.437, -113.53, 131.04, 1143.80, 2.02, 0.91, 0.81, -0.85099, -0.02066, -0.07346, -0.51961
1, 15, 49.434, 5.952, 6.506, -117.43, 131.16, 1146.85, 1.87, 1.03, 0.65, -0.85060, -0.02108, -0.07385, -0.52018
1, 15, 49.192, 5.901, 6.585, -121.64, 130.37, 1150.15, 1.42, 0.89, 0.57, -0.85169, -0.02206, -0.07378, -0.51836
1, 16, 49.002, 5.849, 6.523, -118.65, 122.74, 1147.16, 1.53, 0.93, 0.55, -0.85256, -0.02196, -0.07309, -0.51703
1, 15, 48.854, 5.776, 6.461, -115.23, 121.83, 1148.93, 1.65, 1.01, 0.67, -0.85325, -0.02193, -0.07223, -0.51601
1, 15, 48.747, 5.791, 6.471, -118.77, 125.73, 1149.23, 1.71, 1.32, 0.78, -0.85373, -0.02200, -0.07237, -0.51520
1, 16, 48.659, 5.870, 6.472, -122.56, 125.00, 1144.53, 1.70, 1.33, 0.85, -0.85411, -0.02170, -0.07294, -0.51449
1, 14, 48.590, 5.950, 6.514, -123.96, 128.17, 1145.94, 1.69, 1.42, 0.92, -0.85440, -0.02170, -0.07371, -0.51390
1, 16, 48.526, 6.036, 6.535, -126.22, 128.23, 1145.81, 1.41, 1.18, 0.84, -0.85468, -0.02151, -0.07443, -0.51335
1, 15, 48.462, 6.096, 6.511, -126.34, 125.61, 1145.57, 1.41, 0.95, 0.76, -0.85496, -0.02110, -0.07476, -0.51284
1, 15, 48.691, 6.264, 6.434, -129.70, 125.55, 1151.86, 1.40, 0.52, 0.89, -0.85392, -0.01961, -0.07570, -0.51450
1, 16, 48.846, 6.296, 6.375, -125.00, 122.92, 1145.32, 1.82, 0.15, 0.65, -0.85323, -0.01893, -0.07570, -0.51566
1, 15, 48.975, 6.279, 6.378, -123.29, 125.31, 1144.71, 2.03, -0.01, 0.71, -0.85265, -0.01894, -0.07561, -0.51664
1, 15, 49.086, 6.192, 6.391, -118.84, 126.22, 1147.46, 1.97, -0.10, 0.76, -0.85216, -0.01936, -0.07504, -0.51751
1, 16, 49.180, 6.070, 6.398, -114.75, 125.92, 1147.16, 1.98, -0.05, 0.65, -0.85175, -0.01991, -0.07419, -0.51828
1, 14, 49.278, 5.952, 6.482, -111.63, 131.59, 1147.58, 1.91, 0.54, 0.76, -0.85131, -0.02101, -0.07371, -0.51904
1, 15, 49.363, 5.932, 6.494, -115.54, 128.66, 1147.58, 1.57, 1.08, 0.79, -0.85092, -0.02113, -0.07364, -0.51967
1, 16, 49.426, 5.993, 6.445, -120.61, 124.51, 1145.75, 1.38, 1.30, 0.78, -0.85064, -0.02045, -0.07387, -0.52013
1, 15, 49.399, 6.041, 6.434, -123.29, 125.18, 1148.74, 1.59, 1.26, 0.68, -0.85076, -0.02016, -0.07418, -0.51991
1, 16, 49.386, 6.120, 6.472, -127.08, 128.17, 1148.62, 1.67, 1.06, 0.89, -0.85080, -0.02009, -0.07493, -0.51973
1, 15, 49.362, 6.252, 6.495, -132.63, 127.20, 1142.52, 1.70, 0.65, 0.71, -0.85089, -0.01968, -0.07601, -0.51945
1, 15, 49.331, 6.293, 6.481, -130.37, 125.43, 1144.35, 1.57, -0.04, 0.74, -0.85102, -0.01940, -0.07624, -0.51921
1, 16, 49.302, 6.181, 6.412, -121.52, 121.34, 1146.85, 1.74, -0.56, 0.89, -0.85118, -0.01942, -0.07509, -0.51911
1, 15, 49.292, 5.984, 6.372, -112.85, 122.07, 1149.54, 1.91, -0.38, 0.99, -0.85126, -0.02003, -0.07345, -0.51919
1, 14, 49.306, 5.801, 6.434, -108.89, 128.54, 1150.70, 2.04, 0.00, 0.95, -0.85121, -0.02133, -0.07238, -0.51937
1, 16, 49.334, 5.647, 6.512, -105.29, 130.80, 1148.62, 2.04, 0.72, 0.84, -0.85109, -0.02259, -0.07160, -0.51963
1, 15, 49.385, 5.681, 6.541, -113.71, 130.00, 1151.98, 1.75, 1.46, 0.83, -0.85084, -0.02261, -0.07199, -0.51997
1, 16, 49.422, 5.866, 6.599, -124.21, 132.69, 1147.71, 1.49, 2.02, 0.73, -0.85064, -0.02218, -0.07363, -0.52009
1, 15, 49.430, 6.117, 6.554, -133.61, 126.71, 1146.12, 1.16, 1.73, 0.78, -0.85058, -0.02069, -0.07529, -0.52001
1, 15, 49.410, 6.327, 6.450, -137.02, 121.28, 1145.02, 1.11, 1.21, 0.78, -0.85066, -0.01897, -0.07636, -0.51979
1, 15, 49.373, 6.425, 6.336, -135.86, 117.49, 1144.53, 1.56, 0.03, 0.89, -0.85084, -0.01769, -0.07657, -0.51952
1, 16, 49.339, 6.336, 6.299, -125.79, 119.87, 1146.48, 2.08, -0.54, 0.85, -0.85101, -0.01785, -0.07574, -0.51936
1, 14, 49.325, 6.205, 6.342, -121.03, 124.69, 1147.77, 2.27, -0.63, 0.81, -0.85108, -0.01878, -0.07495, -0.51931
1, 15, 49.327, 5.955, 6.401, -109.19, 126.89, 1148.56, 2.34, -0.43, 0.68, -0.85110, -0.02036, -0.07337, -0.51945
1, 16, 49.359, 5.755, 6.506, -106.87, 131.71, 1150.33, 2.17, 0.22, 0.61, -0.85096, -0.02203, -0.07237, -0.51975
1, 16, 49.396, 5.677, 6.552, -108.83, 130.68, 1149.78, 1.92, 0.98, 0.58, -0.85079, -0.02271, -0.07201, -0.52005
1, 16, 49.432, 5.747, 6.577, -116.46, 129.94, 1145.94, 1.75, 1.53, 0.64, -0.85062, -0.02255, -0.07265, -0.52025
1, 14, 49.454, 5.927, 6.562, -126.46, 128.23, 1147.64, 1.44, 1.43, 0.79, -0.85050, -0.02160, -0.07393, -0.52031
1, 15, 49.454, 6.097, 6.483, -130.37, 123.35, 1148.62, 1.37, 1.19, 0.92, -0.85049, -0.02024, -0.07482, -0.52025
1, 16, 49.434, 6.223, 6.372, -131.90, 118.53, 1145.20, 1.56, 0.56, 0.97, -0.85058, -0.01885, -0.07524, -0.52009
1, 15, 49.408, 6.223, 6.313, -126.53, 119.14, 1145.20, 1.98, 0.12, 0.93, -0.85071, -0.01842, -0.07497, -0.51993
1, 14, 49.401, 6.058, 6.397, -115.30, 127.56, 1146.91, 2.38, -0.06, 0.81, -0.85075, -0.01981, -0.07413, -0.51993
1, 16, 49.297, 5.837, 6.546, -111.08, 132.63, 1149.17, 2.20, 0.14, 0.80, -0.85122, -0.02199, -0.07315, -0.51922
1, 16, 49.233, 5.761, 6.653, -113.95, 134.16, 1146.36, 1.88, 0.50, 0.63, -0.85150, -0.02318, -0.07306, -0.51872
