284, 7, 59.646, -20.221, 43.932, 340.94, 818.85, 711.43, 19.89, 6.45, 4.24, -0.69254, -0.39252, -0.08970, -0.59856
284, 27, 59.362, -19.065, 44.974, 350.89, 810.55, 735.84, -5.23, 7.24, -2.27, -0.69396, -0.39408, -0.10192, -0.59391
284, 15, 59.572, -18.882, 44.581, 380.37, 770.63, 761.05, -15.17, 11.66, -2.77, -0.69478, -0.39072, -0.10182, -0.59519
284, 16, 60.065, -18.878, 43.487, 406.19, 718.51, 783.26, -20.46, 19.32, -5.94, -0.69592, -0.38364, -0.09782, -0.59913
284, 16, 60.395, -18.695, 42.702, 417.97, 733.64, 786.74, -22.49, 24.44, -13.44, -0.69733, -0.37778, -0.09603, -0.60148
284, 15, 60.435, -18.045, 42.154, 414.00, 763.73, 798.71, -28.09, 29.89, -28.01, -0.70081, -0.37152, -0.09764, -0.60108
284, 15, 60.365, -17.181, 41.506, 402.04, 765.32, 804.63, -37.08, 34.30, -39.11, -0.70572, -0.36373, -0.09983, -0.59974
284, 16, 60.396, -15.860, 40.461, 335.27, 740.48, 824.83, -45.59, 35.48, -43.30, -0.71247, -0.35125, -0.10334, -0.59861
284, 15, 60.719, -14.691, 39.098, 296.33, 710.08, 844.60, -50.67, 34.27, -37.87, -0.71797, -0.33708, -0.10503, -0.59989
284, 16, 62.134, -12.960, 34.991, 98.27, 407.71, 931.76, -34.32, 10.69, -9.55, -0.72622, -0.30171, -0.09892, -0.60974
284, 15, 63.052, -13.764, 35.811, 306.70, 710.45, 938.84, 12.25, 6.29, 5.39, -0.71720, -0.30999, -0.10037, -0.61600
284, 15, 62.925, -14.514, 37.573, 360.90, 769.41, 840.52, 11.82, 4.25, -18.55, -0.71113, -0.32471, -0.10450, -0.61476
284, 16, 63.013, -16.127, 37.936, 466.86, 683.11, 860.72, 2.07, 5.46, -15.96, -0.70542, -0.33460, -0.09598, -0.61742
284, 15, 63.056, -14.664, 40.288, 141.66, 667.54, 586.24, 9.97, 16.36, -0.37, -0.70214, -0.34205, -0.11843, -0.61317
284, 15, 63.168, -12.307, 41.731, -175.78, 770.81, 676.70, -4.63, -43.25, 47.34, -0.70348, -0.33953, -0.14197, -0.60802
284, 16, 63.675, -12.659, 43.130, -119.81, 820.56, 641.42, -15.65, -78.45, 99.53, -0.69564, -0.34911, -0.14862, -0.61001
284, 15, 64.449, -14.414, 43.856, -98.94, 775.09, 610.41, -24.64, -105.99, 147.98, -0.68440, -0.36086, -0.14350, -0.61708
284, 15, 65.685, -21.759, 43.375, 360.66, 680.60, 601.20, -28.87, -118.22, 191.67, -0.65706, -0.39117, -0.09716, -0.63703
284, 17, 67.527, -28.721, 41.088, 612.37, 693.05, 782.53, -20.15, -100.36, 202.57, -0.63140, -0.40922, -0.04535, -0.65713
284, 15, 70.489, -33.133, 36.536, 759.83, 540.41, 966.55, 0.09, -55.35, 168.97, -0.61488, -0.40445, -0.00086, -0.67701
284, 16, 74.136, -34.787, 31.745, 779.36, 489.87, 1090.21, 20.68, -15.35, 154.30, -0.60387, -0.38747, 0.02575, -0.69610
284, 15, 78.461, -34.481, 26.970, 906.62, 421.02, 1259.03, 41.82, 41.66, 138.73, -0.59381, -0.36212, 0.03918, -0.71744
284, 15, 81.776, -30.662, 24.028, 803.83, 350.34, 1392.58, 80.96, 104.97, 86.98, -0.59302, -0.32641, 0.02507, -0.73564
284, 17, 81.930, -26.774, 25.081, 1112.43, 399.41, 1338.93, 122.01, 166.47, -9.65, -0.59980, -0.30931, -0.00502, -0.73793
284, 15, 80.757, -19.515, 26.623, 802.73, 271.36, 1127.50, 133.67, 249.99, -115.91, -0.62199, -0.27511, -0.05481, -0.73105
284, 15, 79.360, -13.183, 29.214, 699.65, 435.12, 1002.08, 109.78, 249.99, -131.41, -0.63970, -0.25288, -0.10561, -0.71811
284, 17, 78.315, -4.271, 28.968, 219.85, 281.92, 857.36, 72.76, 249.99, -159.05, -0.66470, -0.19942, -0.15492, -0.70314
284, 15, 77.564, 3.928, 31.154, 104.25, 520.20, 817.14, 50.49, 249.99, -169.99, -0.67917, -0.16388, -0.21508, -0.68236
284, 15, 77.662, 12.814, 32.442, -213.38, 415.41, 611.33, 27.47, 195.31, -146.43, -0.68837, -0.11705, -0.27357, -0.66151
284, 16, 76.539, 16.987, 33.921, -153.87, 571.41, 618.90, 9.55, 109.47, -184.12, -0.69751, -0.10321, -0.30421, -0.64054
284, 15, 73.991, 19.651, 36.549, -311.65, 914.25, 589.17, 10.50, 9.89, -222.30, -0.71132, -0.11030, -0.33099, -0.61016
284, 16, 70.635, 20.935, 37.432, -451.35, 777.77, 532.84, 0.56, -79.09, -205.30, -0.72894, -0.11806, -0.33946, -0.58265
284, 15, 66.165, 19.716, 38.504, -458.50, 821.53, 502.75, 16.39, -166.55, -204.43, -0.74898, -0.14506, -0.33259, -0.55441
284, 16, 62.604, 14.652, 41.833, -299.38, 1019.96, 358.64, 14.39, -226.78, -143.38, -0.75621, -0.20460, -0.31259, -0.53719
284, 16, 60.552, 9.678, 47.341, -411.99, 1261.17, 130.55, 9.49, -224.59, -53.15, -0.74761, -0.27206, -0.30329, -0.52447
284, 15, 59.065, 2.611, 52.138, -159.18, 1274.05, 247.86, -0.70, -206.49, 35.43, -0.72847, -0.34132, -0.27738, -0.52526
284, 15, 57.624, -3.817, 53.819, -64.39, 967.41, 530.82, -9.27, -175.87, 83.56, -0.71485, -0.38461, -0.23991, -0.53246
284, 16, 56.061, -9.057, 56.147, -58.65, 848.57, 369.75, -15.75, -169.22, 122.47, -0.69985, -0.42451, -0.21150, -0.53410
284, 15, 56.762, -17.787, 51.063, 290.83, 448.61, 763.67, -25.64, -148.11, 174.45, -0.68927, -0.42819, -0.13207, -0.56932
284, 15, 58.496, -25.028, 47.083, 420.35, 493.41, 780.82, 1.08, -119.91, 169.60, -0.67165, -0.43204, -0.06960, -0.59781
284, 16, 61.205, -29.266, 41.832, 686.10, 487.06, 1301.51, 16.10, -81.24, 124.76, -0.66210, -0.41770, -0.02308, -0.62178
284, 16, 64.692, -31.800, 37.034, 759.58, 470.76, 1239.50, 28.39, -35.25, 112.25, -0.65121, -0.40089, 0.00795, -0.64432
284, 16, 68.447, -32.379, 32.720, 837.10, 522.34, 1212.77, 23.68, 22.85, 100.65, -0.64248, -0.37971, 0.02362, -0.66519
285, 7, 57.559, -14.093, 43.319, 186.77, 632.26, 688.17, -3.64, -10.34, -3.22, -0.72283, -0.36404, -0.12103, -0.57475
285, 27, 63.000, -18.739, 42.330, 424.56, 722.35, 844.30, 19.52, 28.43, 86.44, -0.68457, -0.37348, -0.10229, -0.61758
285, 15, 66.823, -19.862, 40.660, 646.67, 732.48, 1072.33, 39.31, 81.19, 76.72, -0.66556, -0.36558, -0.09808, -0.64324
285, 15, 70.492, -18.159, 39.549, 702.51, 758.00, 1191.35, 64.51, 145.11, 28.80, -0.65315, -0.34735, -0.11407, -0.66313
285, 16, 73.954, -14.890, 39.368, 719.18, 644.90, 1028.69, 80.26, 215.99, -24.41, -0.64273, -0.32531, -0.14355, -0.67857
285, 16, 77.854, -11.235, 39.789, 595.40, 609.68, 861.69, 75.76, 249.99, -18.99, -0.62820, -0.30200, -0.17876, -0.69441
285, 15, 81.652, -2.984, 40.181, 51.21, 583.07, 777.71, 55.95, 249.99, -16.11, -0.62491, -0.24908, -0.23764, -0.70070
285, 16, 85.167, 5.709, 39.332, -174.01, 536.13, 851.87, 22.77, 238.56, -27.63, -0.62375, -0.18271, -0.28599, -0.70410
285, 15, 86.167, 8.987, 36.528, 10.93, 466.80, 1056.76, 7.13, 152.59, -55.85, -0.62754, -0.14391, -0.28712, -0.70926
285, 16, 85.726, 8.941, 34.953, 326.42, 638.55, 1126.34, -8.85, 115.92, -91.42, -0.63213, -0.13665, -0.27658, -0.71080
285, 15, 84.102, 10.437, 32.107, 149.60, 380.25, 909.48, -7.93, 119.31, -128.29, -0.64745, -0.11493, -0.26508, -0.70522
285, 15, 83.152, 14.037, 33.629, -124.82, 638.00, 695.50, -6.24, 99.38, -126.38, -0.65630, -0.10276, -0.29249, -0.68786
285, 16, 80.189, 18.850, 34.799, -413.57, 651.79, 654.42, 12.70, 23.63, -181.53, -0.67788, -0.08693, -0.32231, -0.65501
285, 15, 77.603, 19.636, 36.270, -301.09, 806.21, 685.73, 13.79, -25.08, -172.69, -0.69197, -0.09821, -0.33268, -0.63313
285, 15, 74.036, 18.688, 36.522, -276.67, 766.91, 748.17, 17.78, -73.85, -180.56, -0.71027, -0.11577, -0.32553, -0.61331
285, 16, 70.320, 17.791, 38.073, -369.14, 855.53, 658.08, 29.85, -112.27, -182.80, -0.72719, -0.14132, -0.32440, -0.58821
285, 16, 66.196, 16.099, 39.805, -408.63, 817.87, 569.52, 33.00, -165.31, -169.83, -0.74385, -0.17358, -0.31752, -0.56190
285, 15, 62.355, 12.407, 43.547, -338.68, 914.55, 391.42, 37.77, -214.76, -132.45, -0.75146, -0.22840, -0.30642, -0.53782
285, 16, 58.361, 7.172, 46.528, -222.84, 936.16, 521.73, 36.21, -227.77, -93.66, -0.75557, -0.28474, -0.27859, -0.52002
285, 15, 54.949, 1.699, 51.540, -120.54, 1063.72, 320.37, 28.27, -215.89, -45.75, -0.74684, -0.35126, -0.25646, -0.50307
285, 16, 52.831, -4.776, 54.462, 38.15, 985.66, 497.25, 13.44, -175.25, 38.02, -0.73193, -0.40240, -0.22015, -0.50388
285, 15, 52.546, -6.970, 56.034, -233.46, 936.22, 529.36, -1.08, -112.17, 95.28, -0.72194, -0.42181, -0.21163, -0.50606
285, 15, 53.484, -11.574, 54.582, 54.93, 793.52, 712.40, 1.67, -91.72, 125.64, -0.71046, -0.42941, -0.17812, -0.52832
285, 16, 54.293, -13.614, 54.173, -64.09, 693.36, 570.62, 9.99, -90.35, 137.34, -0.70229, -0.43371, -0.16570, -0.53966
285, 15, 55.892, -16.027, 49.734, -113.71, 475.04, 887.76, 8.45, -111.79, 157.87, -0.70383, -0.41401, -0.13412, -0.56145
285, 15, 58.181, -22.284, 48.741, 192.20, 640.08, 609.07, 13.63, -114.49, 228.60, -0.67627, -0.43102, -0.09549, -0.58972
285, 16, 61.801, -26.402, 43.542, 168.40, 771.24, 1182.50, -18.66, -117.74, 249.99, -0.66249, -0.41531, -0.05374, -0.62108
285, 16, 67.044, -32.812, 36.066, 737.30, 593.08, 1305.85, -38.10, -100.13, 249.99, -0.63773, -0.40021, 0.01191, -0.65802
285, 15, 73.353, -36.580, 28.432, 755.98, 524.05, 1164.06, -34.16, -54.44, 249.99, -0.61366, -0.37863, 0.05966, -0.69029
286, 8, 54.323, -17.022, 43.020, 250.12, 679.32, 719.79, -10.82, -5.10, 30.19, -0.73186, -0.37753, -0.08903, -0.56030
286, 26, 61.283, -23.419, 39.449, 522.95, 585.14, 836.06, 9.77, 25.12, 106.57, -0.68912, -0.37845, -0.04989, -0.61596
286, 17, 65.169, -23.269, 37.334, 420.65, 589.54, 930.60, 33.48, 48.43, 98.81, -0.67513, -0.36344, -0.05188, -0.63986
286, 15, 68.274, -24.254, 36.416, 787.72, 622.07, 1033.02, 56.56, 75.84, 65.65, -0.65743, -0.36145, -0.05004, -0.65927
286, 15, 71.614, -22.348, 35.605, 935.18, 599.98, 1175.72, 83.12, 163.99, 13.85, -0.64620, -0.34555, -0.06785, -0.67707
286, 16, 75.045, -18.271, 36.608, 873.29, 635.07, 993.96, 105.60, 249.99, -18.60, -0.63456, -0.32696, -0.10938, -0.69171
286, 15, 77.794, -13.370, 39.322, 577.88, 669.68, 779.79, 107.83, 249.99, -31.68, -0.62402, -0.31157, -0.16313, -0.69780
286, 15, 80.736, -5.084, 41.649, 125.49, 627.26, 691.77, 83.40, 249.99, -42.39, -0.62204, -0.27145, -0.23275, -0.69657
286, 16, 83.271, 3.983, 42.687, -40.65, 643.07, 808.90, 60.78, 249.99, -94.16, -0.62585, -0.21659, -0.29401, -0.68917
286, 15, 84.386, 11.915, 40.249, -111.82, 455.26, 916.63, 26.19, 228.07, -143.14, -0.63852, -0.15043, -0.32245, -0.68241
286, 15, 83.206, 17.388, 37.155, -173.03, 443.97, 948.67, 17.56, 153.40, -168.28, -0.65691, -0.10135, -0.33081, -0.66990
286, 17, 81.540, 19.377, 36.339, -58.47, 686.58, 921.51, 10.25, 106.63, -187.38, -0.66949, -0.08878, -0.33492, -0.65706
286, 15, 78.274, 22.769, 33.277, -314.76, 431.03, 809.45, 14.32, 53.98, -195.82, -0.69272, -0.05873, -0.33333, -0.63685
286, 16, 75.731, 23.821, 32.904, -268.62, 630.86, 780.03, 19.99, 27.63, -201.50, -0.70743, -0.05737, -0.33568, -0.61934
286, 15, 72.890, 24.461, 32.416, -383.67, 638.92, 778.32, 24.09, -17.29, -197.90, -0.72306, -0.05875, -0.33518, -0.60115
286, 15, 71.744, 23.676, 34.192, -406.62, 849.37, 760.13, 34.09, -37.06, -157.59, -0.72766, -0.07805, -0.33932, -0.59100
286, 17, 70.392, 20.999, 35.097, -284.61, 765.38, 738.16, 22.94, -68.54, -137.96, -0.73248, -0.10351, -0.32767, -0.58771
286, 15, 68.912, 18.512, 36.962, -340.03, 790.83, 682.43, 36.74, -97.03, -123.46, -0.73633, -0.13405, -0.32123, -0.58023
286, 15, 66.300, 16.009, 38.560, -398.99, 725.22, 666.26, 51.34, -146.08, -119.90, -0.74510, -0.16571, -0.31101, -0.56626
286, 16, 63.401, 12.280, 41.903, -369.26, 837.95, 548.40, 59.30, -193.70, -98.74, -0.74952, -0.21553, -0.29987, -0.54941
286, 15, 60.504, 5.435, 44.985, -69.03, 878.91, 621.09, 56.05, -204.79, -58.24, -0.74653, -0.27811, -0.26569, -0.54290
286, 15, 57.848, 0.422, 48.925, -92.83, 1009.70, 546.08, 38.67, -183.86, -30.11, -0.73892, -0.33379, -0.24509, -0.53152
286, 16, 55.821, -3.800, 52.189, -24.72, 1013.37, 578.55, 29.00, -145.63, 1.09, -0.72863, -0.37793, -0.22651, -0.52437
286, 15, 55.074, -5.430, 54.784, -226.26, 1065.73, 563.78, 12.57, -105.13, 50.74, -0.71913, -0.40280, -0.22519, -0.51951
286, 16, 55.003, -6.295, 57.352, -288.76, 1034.42, 430.97, 0.10, -82.36, 84.35, -0.70792, -0.42255, -0.23096, -0.51668
286, 15, 55.691, -6.686, 57.126, -415.89, 872.80, 568.12, -13.75, -83.74, 136.33, -0.70457, -0.42139, -0.22995, -0.52262
286, 15, 57.276, -9.989, 54.274, -166.26, 717.96, 724.79, -15.11, -93.12, 179.91, -0.69832, -0.41478, -0.20106, -0.54761
286, 16, 59.783, -14.404, 51.412, -5.25, 709.66, 711.43, -17.99, -86.07, 212.01, -0.68330, -0.41227, -0.16727, -0.57892
286, 15, 63.813, -17.790, 45.550, -21.48, 474.30, 917.11, -16.01, -71.90, 227.23, -0.67236, -0.38738, -0.12858, -0.61753
286, 16, 67.299, -20.132, 42.592, 54.81, 615.42, 809.57, 1.85, -70.43, 218.78, -0.65580, -0.37758, -0.10874, -0.64462
286, 16, 70.019, -21.750, 40.279, 39.43, 618.47, 810.73, 4.17, -87.52, 212.90, -0.64276, -0.36994, -0.09403, -0.66420
287, 9, 63.172, -14.784, 40.934, 50.84, 742.31, 782.17, -18.20, -16.76, 89.96, -0.69925, -0.34644, -0.12145, -0.61341
287, 26, 70.868, -25.367, 35.572, 902.53, 470.70, 985.84, 14.16, 21.61, 142.44, -0.64156, -0.36109, -0.04614, -0.67519
287, 16, 74.451, -26.272, 34.182, 1022.58, 517.40, 1044.07, 72.09, 111.07, 78.19, -0.62166, -0.35668, -0.04333, -0.69602
287, 15, 77.317, -23.207, 35.399, 1082.64, 630.98, 1040.59, 124.15, 215.39, 8.29, -0.60975, -0.34532, -0.07846, -0.70909
287, 16, 79.834, -18.426, 38.160, 816.28, 658.14, 887.08, 143.81, 249.99, -19.78, -0.60023, -0.33115, -0.13174, -0.71604
287, 16, 82.438, -13.528, 42.011, 645.45, 807.13, 753.78, 124.96, 249.99, -16.05, -0.58745, -0.31950, -0.19162, -0.71840
287, 15, 85.216, -5.168, 44.440, 155.58, 699.77, 688.35, 84.30, 249.99, -41.56, -0.58754, -0.27705, -0.26020, -0.71438
287, 15, 87.964, 5.618, 43.503, -214.66, 536.99, 882.51, 50.22, 249.99, -82.34, -0.59938, -0.19821, -0.31589, -0.70828
287, 16, 88.726, 13.078, 40.753, -40.89, 556.40, 997.19, 3.71, 237.80, -156.46, -0.61370, -0.13319, -0.33663, -0.70165
287, 15, 87.713, 19.545, 39.318, -191.83, 656.86, 910.52, 2.02, 180.33, -195.98, -0.63132, -0.08595, -0.35789, -0.68262
287, 16, 84.890, 26.913, 35.679, -433.23, 448.85, 784.48, -10.11, 128.37, -216.57, -0.65723, -0.02606, -0.37035, -0.65590
287, 16, 81.154, 30.762, 32.890, -425.48, 573.30, 770.75, -5.34, 66.69, -242.55, -0.68036, 0.00300, -0.37311, -0.63079
287, 15, 77.062, 31.354, 30.658, -349.55, 592.35, 761.41, 14.62, 11.42, -240.97, -0.70252, 0.00703, -0.36421, -0.61137
287, 16, 73.139, 31.365, 29.373, -479.92, 705.44, 808.65, 25.02, -29.93, -238.34, -0.72304, 0.00274, -0.35769, -0.59099
287, 15, 67.599, 31.736, 26.606, -687.93, 537.84, 804.69, 43.71, -91.67, -250.00, -0.75071, 0.00571, -0.34606, -0.56272
287, 15, 61.949, 32.186, 24.955, -971.25, 465.03, 652.95, 79.92, -167.88, -238.02, -0.77728, 0.00230, -0.34109, -0.52867
287, 16, 59.308, 29.343, 28.135, -907.65, 745.06, 454.16, 110.31, -240.31, -180.24, -0.79047, -0.04256, -0.33740, -0.50943
287, 16, 59.251, 23.173, 34.491, -555.97, 866.94, 362.67, 116.12, -250.00, -95.79, -0.78726, -0.11922, -0.32700, -0.50899
287, 15, 60.540, 16.663, 42.544, -622.19, 1128.91, 103.09, 91.00, -250.00, 6.00, -0.76648, -0.20446, -0.32448, -0.51518
287, 16, 60.890, 6.626, 49.298, -208.50, 1106.87, 216.92, 57.46, -250.00, 93.96, -0.73597, -0.29915, -0.29433, -0.53125
287, 15, 60.873, -2.245, 54.305, -163.45, 973.51, 294.98, 32.49, -212.21, 179.37, -0.70190, -0.37335, -0.26287, -0.54666
287, 16, 61.124, -11.077, 56.413, 56.03, 856.14, 457.34, 17.11, -162.94, 228.81, -0.66848, -0.42515, -0.21863, -0.56972
287, 15, 61.770, -14.530, 53.790, -132.20, 630.37, 706.18, 11.60, -137.98, 209.84, -0.66413, -0.42374, -0.18580, -0.58725
287, 15, 62.786, -19.048, 51.790, 73.00, 580.20, 611.21, 23.39, -128.54, 209.54, -0.65154, -0.43028, -0.15008, -0.60650
288, 9, 64.078, -13.027, 42.296, 270.87, 611.88, 782.17, -10.59, -20.86, 117.26, -0.69503, -0.34530, -0.14299, -0.61421
288, 26, 71.435, -19.806, 40.376, 1034.00, 692.02, 1050.17, 41.48, 100.72, 82.82, -0.64021, -0.35947, -0.11140, -0.66971
288, 16, 75.384, -17.067, 40.358, 1114.50, 710.57, 1052.67, 83.81, 249.99, -25.42, -0.62508, -0.34071, -0.14031, -0.68812
288, 15, 78.590, -12.269, 41.293, 622.80, 717.59, 898.80, 82.73, 249.99, -37.96, -0.61684, -0.31484, -0.18379, -0.69757
288, 15, 81.731, -5.008, 44.333, 166.99, 783.57, 592.96, 52.85, 249.99, -33.15, -0.60969, -0.28332, -0.25189, -0.69610
288, 16, 85.149, 3.567, 44.588, -57.62, 714.84, 738.10, 11.59, 249.99, -60.95, -0.60990, -0.22450, -0.30693, -0.69528
288, 15, 88.466, 13.994, 42.007, -408.81, 432.43, 815.61, -8.87, 249.99, -67.73, -0.61546, -0.13470, -0.34836, -0.69406
288, 16, 89.077, 19.277, 39.155, -222.29, 481.57, 841.37, -11.20, 172.95, -109.19, -0.62290, -0.08257, -0.35665, -0.69136
288, 16, 87.081, 21.480, 35.022, -139.16, 437.01, 942.14, -14.56, 105.09, -142.40, -0.63996, -0.05127, -0.34109, -0.68664
288, 15, 84.888, 24.015, 34.394, -188.90, 660.58, 830.32, 0.76, 96.63, -192.45, -0.65543, -0.03764, -0.34887, -0.66879
288, 15, 80.605, 28.319, 31.428, -444.27, 457.76, 759.16, 7.81, 46.44, -223.86, -0.68276, -0.00563, -0.35268, -0.63986
288, 16, 76.565, 30.919, 30.493, -600.89, 645.20, 766.30, 31.76, -9.40, -229.90, -0.70516, 0.00377, -0.36106, -0.61021
288, 15, 70.891, 30.453, 28.423, -599.30, 614.50, 824.83, 49.18, -97.72, -245.69, -0.73476, -0.00358, -0.34774, -0.58241
288, 17, 65.184, 29.959, 26.951, -851.44, 513.49, 740.66, 78.93, -170.59, -222.53, -0.76327, -0.01386, -0.33714, -0.55097
288, 15, 61.146, 26.434, 29.014, -736.15, 643.19, 551.03, 105.00, -249.73, -185.01, -0.78283, -0.05887, -0.32404, -0.52793
288, 15, 59.775, 20.267, 34.904, -451.60, 830.20, 401.79, 110.14, -250.00, -117.21, -0.78368, -0.13592, -0.31122, -0.52011
288, 16, 57.976, 12.721, 42.500, -218.26, 1062.99, 244.87, 100.26, -250.00, -92.65, -0.77397, -0.23130, -0.29480, -0.51045
288, 16, 55.144, 5.507, 48.822, -184.45, 1032.53, 322.14, 76.76, -250.00, -40.43, -0.76108, -0.31555, -0.26971, -0.49844
288, 15, 53.643, -1.324, 54.948, -175.72, 1169.74, 290.95, 51.47, -204.44, 70.15, -0.73493, -0.38939, -0.24758, -0.49695
288, 16, 53.549, -7.165, 58.517, -207.03, 1167.36, 407.10, 13.24, -148.78, 170.03, -0.70768, -0.43617, -0.22511, -0.50821
288, 15, 53.620, -10.239, 59.977, -227.05, 963.56, 450.87, -0.28, -112.61, 174.13, -0.69286, -0.45702, -0.21200, -0.51588
288, 15, 54.084, -11.871, 58.656, -255.31, 736.82, 590.70, 5.88, -107.03, 178.45, -0.69112, -0.45450, -0.19723, -0.52620
288, 16, 55.518, -14.119, 56.366, -258.48, 592.59, 568.30, 3.53, -111.77, 229.42, -0.68653, -0.44714, -0.17745, -0.54521
288, 15, 57.695, -21.636, 53.787, 221.07, 647.77, 605.53, 7.52, -110.78, 249.99, -0.66136, -0.45838, -0.12371, -0.58068
288, 16, 62.716, -27.689, 45.831, 414.25, 452.88, 1205.75, -8.78, -79.96, 249.99, -0.64456, -0.43334, -0.06104, -0.62693
289, 7, 58.133, -17.185, 43.632, 303.16, 742.43, 768.19, -4.84, 6.83, 34.26, -0.71036, -0.37887, -0.10355, -0.58407
289, 27, 61.032, -15.295, 43.518, 20.02, 803.53, 758.85, -12.26, -12.79, 82.19, -0.70112, -0.36691, -0.12507, -0.59847
289, 15, 63.983, -18.667, 41.935, 295.35, 746.22, 794.13, -26.23, -25.14, 147.19, -0.68074, -0.36991, -0.10382, -0.62368
289, 17, 68.541, -23.314, 38.162, 720.52, 648.44, 997.92, -17.62, 22.06, 161.14, -0.65324, -0.36670, -0.06703, -0.65902
289, 15, 72.163, -23.979, 36.028, 1054.44, 632.57, 1152.71, 39.63, 119.03, 61.30, -0.63674, -0.35599, -0.06172, -0.68120
289, 15, 75.332, -20.980, 35.681, 852.60, 494.93, 916.81, 87.24, 214.70, -7.99, -0.62771, -0.33623, -0.08792, -0.69656
289, 16, 77.514, -16.165, 38.074, 667.91, 582.64, 765.63, 114.81, 249.99, -46.88, -0.62136, -0.32077, -0.13806, -0.70139
289, 15, 79.002, -8.614, 42.347, 300.60, 652.77, 611.88, 112.30, 249.99, -86.04, -0.62159, -0.29909, -0.21254, -0.69210
289, 16, 82.030, 0.755, 45.632, -53.89, 807.92, 725.34, 85.04, 249.99, -72.24, -0.61967, -0.25539, -0.29185, -0.68235
289, 15, 85.468, 9.007, 46.022, -157.71, 784.00, 927.49, 45.10, 249.99, -90.07, -0.61768, -0.19733, -0.34373, -0.67925
289, 16, 85.930, 15.753, 42.106, -225.83, 472.96, 989.44, 0.31, 181.02, -139.90, -0.63353, -0.13160, -0.35449, -0.67503
289, 15, 83.521, 17.884, 36.921, 21.55, 384.64, 1116.27, -1.78, 109.58, -174.55, -0.65587, -0.09592, -0.33224, -0.67101
289, 16, 79.423, 18.600, 32.640, 160.52, 494.69, 1061.65, -12.83, 90.10, -237.99, -0.68360, -0.07779, -0.30806, -0.65707
289, 15, 75.191, 21.524, 30.659, -240.72, 550.78, 849.18, 1.74, 51.96, -250.00, -0.71042, -0.05905, -0.31048, -0.62882
289, 15, 70.501, 25.696, 27.909, -537.72, 451.11, 812.32, 12.15, 8.83, -250.00, -0.73748, -0.02949, -0.31777, -0.59521
289, 16, 65.388, 28.334, 25.855, -783.14, 488.71, 795.23, 39.10, -71.46, -250.00, -0.76310, -0.01512, -0.32207, -0.56011
289, 15, 61.684, 28.613, 26.637, -922.36, 650.15, 581.12, 61.91, -162.25, -214.51, -0.78049, -0.02932, -0.32679, -0.53216
289, 17, 58.611, 25.505, 29.067, -813.72, 723.82, 493.90, 79.44, -248.02, -177.06, -0.79454, -0.07128, -0.31699, -0.51298
289, 15, 57.525, 19.698, 35.118, -530.40, 1015.32, 365.72, 89.28, -250.00, -124.55, -0.79328, -0.14642, -0.30579, -0.50573
289, 15, 57.061, 12.180, 42.277, -352.48, 1180.48, 241.21, 68.92, -250.00, -43.62, -0.77788, -0.23482, -0.28851, -0.50649
289, 16, 56.597, 4.594, 49.584, -379.88, 1268.92, 47.49, 35.64, -250.00, 61.15, -0.75094, -0.32140, -0.27125, -0.50913
289, 15, 55.347, -4.094, 55.720, -190.80, 1142.52, 100.28, 11.16, -244.02, 158.00, -0.71802, -0.40246, -0.23901, -0.51512
289, 15, 54.782, -12.255, 58.566, -85.88, 952.94, 324.83, -10.94, -193.55, 249.01, -0.68708, -0.45425, -0.19707, -0.53173
289, 17, 54.221, -17.962, 58.903, 33.87, 719.24, 433.90, 4.04, -156.97, 224.38, -0.67003, -0.47861, -0.15897, -0.54472
289, 15, 56.068, -22.390, 52.697, -9.28, 379.46, 904.60, 15.40, -143.33, 219.71, -0.67132, -0.45656, -0.10669, -0.57402
289, 15, 59.172, -30.630, 48.525, 554.02, 599.24, 880.00, 28.13, -121.48, 249.99, -0.64242, -0.46183, -0.04207, -0.61012
289, 16, 64.576, -35.624, 42.298, 747.68, 702.45, 1222.90, 24.67, -67.00, 249.99, -0.61849, -0.44650, 0.00408, -0.64660
289, 15, 72.668, -39.457, 33.079, 1109.31, 486.63, 1399.90, 5.96, -6.42, 249.99, -0.59160, -0.41688, 0.05221, -0.68811
289, 16, 80.973, -41.160, 24.563, 1094.24, 350.10, 1153.44, 26.72, 43.16, 239.78, -0.56431, -0.38760, 0.08599, -0.72383
289, 16, 86.263, -37.243, 19.842, 597.17, 406.68, 1029.60, 40.44, 84.77, 196.66, -0.55747, -0.34594, 0.07691, -0.75076
289, 15, 86.806, -31.901, 20.410, 264.10, 576.97, 890.20, 30.60, 55.61, 142.30, -0.56696, -0.31690, 0.04168, -0.75920
289, 16, 87.069, -31.474, 18.270, 548.46, 386.60, 919.19, -19.87, -5.99, 129.23, -0.57211, -0.30377, 0.05276, -0.76002
289, 15, 84.316, -30.710, 19.864, 560.67, 476.44, 850.34, 5.18, -0.21, 51.84, -0.58793, -0.30601, 0.04528, -0.74742
289, 15, 79.644, -28.482, 24.320, 434.14, 703.19, 794.49, 10.15, 0.11, 2.60, -0.61184, -0.31505, 0.01621, -0.72535
290, 7, 57.365, -19.146, 42.376, 359.99, 707.52, 799.32, 0.89, 4.37, 8.23, -0.71277, -0.38008, -0.08127, -0.58387
290, 27, 59.298, -19.941, 41.929, 350.65, 732.42, 795.78, -5.17, 4.96, 31.16, -0.70195, -0.37937, -0.07997, -0.59745
290, 15, 60.559, -18.556, 41.352, 134.52, 710.69, 780.88, -11.55, -5.36, 53.86, -0.70127, -0.36879, -0.09040, -0.60335
290, 16, 62.281, -20.107, 40.652, 295.59, 740.60, 790.89, -18.59, -21.94, 93.91, -0.68983, -0.37025, -0.08184, -0.61673
290, 16, 65.242, -22.816, 38.970, 371.28, 661.93, 746.28, -23.12, -12.10, 144.42, -0.67086, -0.37088, -0.06423, -0.63896
290, 15, 70.095, -27.224, 34.385, 770.45, 500.79, 1004.27, -8.15, 13.05, 167.17, -0.64407, -0.36395, -0.02481, -0.67238
290, 15, 73.756, -26.926, 32.592, 1026.31, 447.20, 1135.38, 80.96, 125.82, 56.41, -0.62878, -0.35164, -0.02746, -0.69299
290, 16, 75.675, -22.517, 34.214, 1133.97, 555.36, 1126.53, 137.42, 235.66, -49.64, -0.62542, -0.33627, -0.07051, -0.70057
290, 16, 76.248, -17.591, 38.821, 825.81, 574.89, 716.80, 161.14, 249.99, -101.75, -0.62285, -0.33415, -0.13039, -0.69527
290, 16, 77.354, -8.125, 43.908, 217.16, 708.44, 643.07, 135.32, 249.99, -112.34, -0.62864, -0.30795, -0.22035, -0.67928
290, 15, 79.805, 2.032, 46.204, -54.02, 778.50, 830.08, 90.28, 249.99, -123.05, -0.63459, -0.25665, -0.29716, -0.66567
290, 15, 81.835, 10.023, 44.446, -38.33, 631.53, 971.98, 33.29, 249.99, -165.21, -0.64372, -0.19308, -0.33349, -0.66116
290, 16, 81.813, 17.473, 40.561, -206.79, 424.01, 903.75, 4.71, 197.65, -186.36, -0.66170, -0.12454, -0.34951, -0.65153
290, 15, 78.866, 21.429, 34.781, -47.36, 359.86, 999.21, -15.61, 147.67, -239.49, -0.68761, -0.07443, -0.33493, -0.63990
290, 16, 75.920, 23.435, 33.295, -143.74, 717.04, 892.70, -5.85, 83.08, -250.00, -0.70601, -0.06159, -0.33579, -0.62049
290, 16, 70.936, 26.292, 28.028, -326.66, 292.30, 781.01, 8.38, 37.33, -250.00, -0.73517, -0.02552, -0.32194, -0.59601
290, 15, 66.352, 30.151, 25.594, -762.15, 454.96, 707.21, 18.78, -35.48, -250.00, -0.75759, -0.00036, -0.33177, -0.56212
290, 15, 60.745, 32.359, 23.404, -1022.09, 392.58, 595.58, 61.65, -138.94, -250.00, -0.78259, 0.01024, -0.33510, -0.52456
290, 16, 57.894, 29.309, 25.382, -839.17, 601.99, 592.77, 109.34, -224.42, -183.27, -0.79760, -0.02775, -0.32453, -0.50768
290, 16, 59.066, 24.935, 33.152, -987.37, 1290.22, 117.98, 106.70, -250.00, -92.31, -0.78951, -0.10123, -0.33190, -0.50623
290, 16, 61.198, 18.499, 41.597, -765.56, 1372.86, -44.92, 79.54, -250.00, 8.91, -0.76677, -0.18658, -0.33255, -0.51640
290, 15, 63.114, 8.968, 49.506, -380.25, 1257.57, -80.20, 38.35, -250.00, 130.12, -0.72931, -0.28272, -0.31521, -0.53742
290, 15, 63.138, -2.213, 56.094, -112.49, 1097.23, -36.38, 3.71, -250.00, 222.68, -0.68522, -0.37867, -0.27911, -0.55604
290, 16, 61.170, -14.554, 57.483, 204.90, 714.05, 352.66, -15.04, -243.86, 249.99, -0.65308, -0.44608, -0.20214, -0.57761
290, 15, 59.570, -23.558, 59.560, 278.56, 686.52, 276.12, 6.21, -170.59, 249.99, -0.62080, -0.49576, -0.14838, -0.58891
290, 15, 61.512, -28.468, 52.730, 152.34, 327.39, 887.15, 31.04, -153.78, 229.59, -0.62086, -0.47538, -0.08855, -0.61702
290, 17, 66.297, -32.889, 45.113, 335.45, 386.90, 1215.45, 38.63, -108.35, 249.99, -0.60815, -0.44984, -0.03659, -0.65303
290, 15, 71.025, -39.045, 39.697, 1250.55, 783.94, 1299.13, 37.12, -65.81, 249.99, -0.57800, -0.44827, 0.01623, -0.68170
290, 15, 79.288, -40.628, 29.809, 1147.03, 522.95, 1605.59, 8.35, 11.28, 249.99, -0.55850, -0.40943, 0.05565, -0.71927
290, 16, 85.703, -39.345, 22.142, 980.29, 397.58, 1252.81, 14.30, 65.12, 205.58, -0.54773, -0.36898, 0.07545, -0.74709
290, 16, 86.878, -33.542, 20.550, 386.72, 438.35, 958.01, 31.14, 79.15, 116.01, -0.56168, -0.32757, 0.04974, -0.75812
290, 16, 85.154, -29.020, 22.152, 256.59, 552.49, 807.07, 10.51, 31.11, 83.47, -0.58073, -0.30775, 0.01838, -0.75346
290, 15, 82.688, -28.243, 23.590, 542.66, 572.39, 880.00, -1.04, -2.03, 53.02, -0.59499, -0.31018, 0.01117, -0.74138
291, 7, 62.224, -16.771, 42.100, 148.38, 738.34, 782.17, -8.67, -5.13, 56.07, -0.69518, -0.36378, -0.11160, -0.60986
291, 26, 66.650, -19.443, 40.754, 244.69, 778.44, 775.63, -19.33, -10.48, 134.80, -0.66748, -0.36426, -0.10077, -0.64158
291, 17, 70.979, -24.791, 36.389, 818.54, 590.09, 1072.33, -19.31, -0.54, 171.23, -0.64011, -0.36272, -0.05498, -0.67503
291, 15, 74.123, -25.959, 34.191, 1230.41, 492.25, 1199.83, 54.99, 105.88, 53.75, -0.62459, -0.35521, -0.04432, -0.69408
291, 16, 75.773, -20.415, 36.242, 834.53, 688.23, 997.74, 116.29, 234.24, -45.57, -0.62503, -0.33590, -0.09610, -0.69805
291, 15, 76.848, -13.603, 40.301, 519.59, 697.51, 729.86, 122.30, 249.99, -86.67, -0.62641, -0.31956, -0.16507, -0.69155
291, 15, 78.743, -5.903, 43.014, 259.52, 641.66, 716.43, 100.88, 249.99, -99.95, -0.62862, -0.28770, -0.23146, -0.68447
291, 16, 80.748, 1.442, 44.008, 186.46, 733.52, 894.23, 66.47, 249.99, -131.93, -0.63248, -0.24562, -0.28313, -0.67785
291, 16, 82.638, 11.074, 41.293, -164.67, 389.95, 832.95, 26.08, 249.99, -143.68, -0.64595, -0.16650, -0.32187, -0.67188
291, 15, 82.854, 17.805, 40.160, -228.76, 685.55, 923.34, 4.83, 187.62, -179.12, -0.65663, -0.11696, -0.35000, -0.65777
291, 16, 78.864, 22.042, 34.543, -274.96, 470.64, 1060.85, -19.76, 85.37, -233.99, -0.68824, -0.06917, -0.33685, -0.63881
291, 15, 75.073, 23.019, 32.196, -161.32, 751.22, 1011.54, -11.80, 46.71, -250.00, -0.71097, -0.05979, -0.32711, -0.61964
291, 16, 68.980, 24.159, 24.984, -257.26, 201.78, 889.95, -11.25, 6.90, -250.00, -0.74618, -0.02359, -0.29313, -0.59728
291, 15, 63.905, 26.861, 21.633, -604.68, 319.89, 766.17, 14.79, -43.79, -250.00, -0.77135, 0.00096, -0.29218, -0.56537
291, 16, 58.520, 26.601, 19.757, -776.67, 305.11, 721.19, 65.57, -170.36, -234.76, -0.79735, -0.00106, -0.28150, -0.53384
291, 16, 56.907, 23.388, 23.423, -852.05, 674.68, 598.21, 92.60, -241.50, -153.97, -0.80585, -0.04729, -0.27688, -0.52126
291, 15, 57.107, 17.278, 30.730, -491.46, 1019.71, 368.16, 84.24, -250.00, -101.23, -0.79964, -0.12938, -0.26993, -0.52055
291, 15, 57.563, 10.819, 39.395, -483.52, 1334.66, 43.33, 62.03, -250.00, -27.75, -0.77987, -0.22079, -0.26782, -0.52089
291, 16, 57.841, 1.608, 47.083, -183.29, 1263.31, 88.93, 31.97, -250.00, 92.17, -0.74657, -0.31630, -0.24416, -0.53194
291, 15, 57.535, -7.465, 53.433, -76.78, 1085.21, 104.55, 5.36, -220.76, 188.48, -0.70708, -0.39837, -0.21434, -0.54350
291, 15, 56.972, -16.105, 56.910, 111.57, 908.08, 303.89, 1.46, -177.47, 237.20, -0.67106, -0.45594, -0.17279, -0.55852
291, 17, 58.361, -21.401, 53.868, 74.65, 662.96, 656.68, -0.66, -135.41, 249.99, -0.65846, -0.45721, -0.12834, -0.58388
291, 15, 58.645, -24.047, 54.514, 23.19, 736.27, 476.75, 27.68, -119.80, 225.03, -0.64504, -0.47079, -0.11530, -0.59075
291, 16, 61.868, -27.537, 49.256, 110.78, 578.25, 988.71, 30.72, -111.29, 245.48, -0.63648, -0.45237, -0.07739, -0.61989
292, 8, 61.826, -14.405, 43.192, 235.78, 738.10, 797.67, -3.31, -4.10, 41.11, -0.70047, -0.35995, -0.13177, -0.60201
292, 26, 66.248, -17.899, 41.590, 265.69, 748.47, 792.54, -11.70, -5.30, 116.56, -0.67166, -0.36208, -0.11417, -0.63619
292, 16, 69.703, -21.689, 40.050, 812.74, 793.76, 996.40, 11.24, 40.73, 123.34, -0.64552, -0.36861, -0.09207, -0.66254
292, 15, 73.504, -21.117, 39.917, 1008.61, 718.99, 1013.92, 82.23, 172.11, 38.28, -0.62540, -0.36168, -0.10701, -0.68309
292, 16, 77.382, -17.827, 41.363, 909.67, 704.77, 880.74, 117.36, 249.99, -7.19, -0.60768, -0.34771, -0.14781, -0.69855
292, 16, 80.779, -10.783, 44.050, 327.15, 789.00, 745.97, 101.96, 249.99, -12.26, -0.60012, -0.31725, -0.21525, -0.70205
292, 15, 84.811, -3.994, 44.636, 227.42, 927.80, 1018.74, 56.95, 249.99, -10.55, -0.59279, -0.27190, -0.26673, -0.70960
292, 15, 87.842, 4.178, 41.790, -6.71, 625.12, 1091.13, 5.67, 249.99, -66.59, -0.59989, -0.19877, -0.29780, -0.71550
292, 16, 87.871, 10.522, 37.524, 21.42, 455.63, 1125.61, -18.07, 205.80, -137.70, -0.61833, -0.13496, -0.30316, -0.71242
292, 15, 83.238, 14.742, 29.597, 194.76, 63.48, 1159.00, -39.62, 148.61, -240.70, -0.65966, -0.07486, -0.27193, -0.69664
292, 15, 77.670, 17.959, 23.336, 30.27, 151.31, 943.12, -23.93, 127.16, -250.00, -0.69778, -0.02997, -0.24975, -0.67069
292, 17, 73.508, 25.296, 23.097, -567.50, 479.06, 694.15, 3.65, 82.91, -250.00, -0.72193, 0.00676, -0.29006, -0.62820
292, 15, 68.587, 30.495, 20.589, -748.66, 353.33, 765.32, 22.05, 16.49, -250.00, -0.74527, 0.04067, -0.30827, -0.58982
292, 16, 64.150, 32.122, 20.733, -863.53, 566.04, 672.30, 63.90, -93.02, -250.00, -0.76619, 0.03674, -0.32034, -0.55586
292, 15, 60.541, 31.016, 22.937, -906.31, 773.56, 547.36, 84.48, -182.09, -239.73, -0.78462, 0.00565, -0.32456, -0.52821
292, 15, 60.004, 26.434, 28.457, -734.92, 931.88, 396.18, 95.76, -242.88, -142.19, -0.78834, -0.05827, -0.32090, -0.52167
292, 16, 60.986, 18.600, 35.971, -397.34, 1167.11, 285.34, 80.10, -250.00, -56.11, -0.77604, -0.14875, -0.30717, -0.53036
292, 16, 61.578, 10.272, 44.366, -278.44, 1197.57, 30.52, 60.90, -250.00, 22.38, -0.75049, -0.24691, -0.29550, -0.53710
292, 15, 60.633, 0.958, 51.585, -93.57, 904.30, 101.38, 47.14, -250.00, 99.78, -0.71920, -0.34194, -0.26916, -0.54165
292, 16, 59.007, -7.728, 58.468, -75.07, 896.30, 80.08, 42.43, -231.19, 195.31, -0.68121, -0.42708, -0.24185, -0.54319
292, 15, 58.821, -16.297, 57.385, 111.08, 748.72, 646.48, 32.34, -182.08, 249.99, -0.65944, -0.45660, -0.18124, -0.56904
292, 15, 58.846, -21.694, 57.577, 143.13, 876.71, 621.52, 41.44, -143.02, 240.14, -0.63981, -0.47876, -0.14728, -0.58287
292, 16, 61.562, -25.150, 51.795, -20.81, 643.43, 1240.48, 30.56, -124.18, 249.99, -0.63674, -0.45709, -0.10557, -0.61195
292, 15, 66.080, -30.062, 45.056, 442.38, 592.77, 1199.46, 11.23, -86.23, 249.99, -0.62019, -0.43749, -0.05389, -0.64889
292, 17, 72.209, -36.253, 38.001, 1168.09, 578.80, 1301.39, 15.34, -34.28, 249.99, -0.58805, -0.42691, 0.00408, -0.68697
292, 15, 80.412, -36.653, 29.131, 845.58, 440.49, 1261.96, 13.65, 54.86, 240.95, -0.56742, -0.38545, 0.03224, -0.72693
293, 8, 61.405, -15.072, 42.131, 327.15, 735.72, 806.52, 9.44, 4.38, -34.07, -0.70417, -0.35698, -0.12046, -0.60183
293, 27, 61.360, -14.419, 43.732, 210.33, 811.58, 782.96, 1.43, -9.58, 2.14, -0.70117, -0.36385, -0.13304, -0.59856
293, 15, 62.203, -14.670, 43.572, 211.43, 771.24, 796.33, -5.52, -6.73, 32.67, -0.69655, -0.36305, -0.13322, -0.60437
293, 15, 63.794, -15.279, 42.679, 198.24, 734.62, 798.46, -13.08, -6.22, 66.94, -0.68918, -0.35868, -0.12947, -0.61613
293, 16, 66.199, -16.296, 41.572, 147.89, 640.81, 683.84, -18.98, -10.27, 117.53, -0.67663, -0.35428, -0.12430, -0.63341
293, 15, 70.165, -21.802, 39.145, 801.57, 711.79, 983.03, -3.68, 14.44, 158.06, -0.64538, -0.36372, -0.08758, -0.66597
293, 15, 73.995, -23.095, 37.436, 886.17, 605.22, 1019.71, 53.38, 106.23, 88.75, -0.62411, -0.35802, -0.08139, -0.68970
293, 17, 77.341, -20.525, 37.685, 975.59, 617.80, 989.20, 100.01, 214.58, 7.81, -0.61083, -0.34287, -0.10891, -0.70531
293, 15, 79.899, -15.323, 39.205, 627.81, 611.45, 819.46, 105.36, 249.99, -34.03, -0.60589, -0.31903, -0.15668, -0.71173
293, 16, 82.220, -6.842, 40.949, 219.85, 703.37, 817.20, 75.32, 249.99, -51.86, -0.61011, -0.27514, -0.22212, -0.70903
293, 15, 84.716, 5.543, 38.472, -342.47, 354.43, 846.31, 20.23, 249.99, -76.39, -0.62757, -0.18018, -0.27912, -0.70412
293, 15, 84.204, 12.717, 35.530, -210.14, 444.58, 1031.49, 6.58, 167.92, -130.94, -0.64641, -0.11933, -0.29805, -0.69216
293, 16, 79.753, 14.957, 29.305, 140.87, 181.64, 1103.09, -13.60, 104.77, -220.35, -0.68093, -0.08000, -0.26899, -0.67645
293, 16, 75.719, 16.397, 28.784, 107.54, 626.40, 985.17, 13.64, 97.52, -250.00, -0.70572, -0.07742, -0.27131, -0.64989
293, 15, 71.073, 22.528, 25.006, -401.49, 271.91, 821.47, 8.35, 79.87, -250.00, -0.73518, -0.02802, -0.28401, -0.61487
293, 16, 67.647, 26.883, 25.351, -700.44, 673.40, 748.96, 17.54, 7.19, -250.00, -0.75242, -0.01379, -0.31111, -0.58042
293, 15, 63.751, 29.463, 25.443, -816.22, 628.05, 656.49, 42.71, -71.54, -250.00, -0.77054, -0.01069, -0.32676, -0.54716
293, 15, 60.879, 28.863, 27.621, -1034.67, 851.87, 506.84, 66.12, -187.08, -203.40, -0.78379, -0.03700, -0.33263, -0.52312
293, 16, 60.235, 23.743, 32.259, -681.21, 928.34, 387.63, 67.02, -250.00, -114.30, -0.78502, -0.09809, -0.32147, -0.52036
293, 16, 60.841, 17.041, 39.680, -474.06, 1171.20, 96.80, 60.16, -250.00, -44.48, -0.77028, -0.18243, -0.31433, -0.52400
293, 16, 60.640, 8.248, 47.114, -192.75, 1165.65, 50.66, 42.47, -250.00, 26.64, -0.74545, -0.27756, -0.29361, -0.53015
293, 15, 59.331, -0.183, 54.872, -166.56, 1008.36, -98.45, 26.96, -250.00, 114.00, -0.71240, -0.37091, -0.27336, -0.52933
293, 15, 58.004, -11.382, 58.601, 107.48, 850.52, 277.28, 11.76, -225.13, 237.29, -0.67445, -0.44517, -0.21551, -0.54817
293, 16, 58.701, -20.883, 55.914, 290.71, 643.31, 664.00, 16.18, -155.55, 249.99, -0.65029, -0.46647, -0.14353, -0.58218
293, 15, 60.946, -24.805, 51.415, 191.59, 632.39, 958.25, 29.27, -106.64, 210.85, -0.64278, -0.45415, -0.10337, -0.60819
293, 15, 63.380, -28.717, 48.350, 460.45, 770.75, 911.93, 36.32, -77.75, 200.22, -0.62746, -0.45121, -0.07062, -0.63065
293, 17, 69.150, -32.404, 41.242, 521.30, 475.22, 1165.16, 29.22, -47.49, 236.32, -0.60831, -0.42635, -0.02833, -0.66887
293, 15, 77.283, -34.871, 32.962, 935.12, 489.01, 1320.19, 21.98, 39.31, 249.99, -0.58008, -0.39465, 0.00805, -0.71252
293, 15, 83.741, -33.785, 27.063, 699.22, 563.84, 1150.33, 23.08, 65.30, 239.92, -0.56200, -0.36002, 0.01782, -0.74446
293, 16, 87.921, -29.821, 23.518, 342.83, 587.34, 1060.06, 5.54, 65.15, 215.22, -0.55648, -0.31969, 0.00627, -0.76687
293, 16, 89.129, -26.803, 21.779, 262.57, 472.66, 870.30, -12.09, 19.09, 162.12, -0.56087, -0.29252, -0.00196, -0.77450
294, 9, 65.908, -18.547, 40.126, 953.06, 658.14, 1052.98, 39.64, 90.96, 28.66, -0.67624, -0.35692, -0.10076, -0.63652
294, 26, 71.224, -12.972, 43.583, 930.91, 786.93, 909.67, 97.25, 249.99, -82.86, -0.65175, -0.34277, -0.17193, -0.65435
294, 16, 74.404, -8.318, 46.581, 545.23, 962.22, 698.06, 65.87, 249.99, -71.30, -0.63789, -0.32954, -0.22661, -0.65813
294, 15, 78.164, 2.645, 47.451, -241.70, 695.19, 615.42, 24.89, 249.99, -79.15, -0.64266, -0.26432, -0.30395, -0.65171
294, 15, 83.665, 11.657, 48.128, -444.03, 750.79, 649.84, -4.93, 249.99, -30.40, -0.63027, -0.19786, -0.36606, -0.65545
294, 16, 85.818, 17.314, 43.438, -339.54, 445.98, 962.10, -26.56, 177.15, -73.18, -0.63524, -0.12927, -0.36970, -0.66564
294, 16, 85.281, 16.574, 39.253, 197.45, 531.07, 1095.40, -20.07, 106.83, -116.93, -0.64166, -0.11239, -0.34099, -0.67776
294, 15, 82.611, 17.217, 34.592, 130.49, 425.78, 1027.40, -18.18, 98.08, -178.72, -0.66233, -0.08936, -0.31440, -0.67415
294, 16, 79.367, 19.948, 32.613, -142.21, 543.88, 803.59, -13.54, 78.75, -217.73, -0.68501, -0.06931, -0.31512, -0.65320
294, 15, 75.130, 25.602, 31.849, -593.81, 591.00, 711.43, 16.94, 20.74, -246.80, -0.71181, -0.04170, -0.33947, -0.61347
294, 17, 70.533, 29.166, 30.548, -728.70, 615.05, 719.48, 30.56, -40.04, -250.00, -0.73651, -0.02592, -0.35117, -0.57755
294, 15, 66.026, 29.191, 29.441, -673.89, 636.54, 736.76, 47.43, -108.80, -234.38, -0.75899, -0.03223, -0.34472, -0.55142
294, 15, 61.934, 28.897, 29.785, -847.90, 619.32, 608.58, 78.52, -166.93, -211.15, -0.77815, -0.04846, -0.34312, -0.52383
294, 16, 59.375, 25.755, 33.383, -889.65, 875.79, 430.60, 97.21, -245.99, -158.91, -0.78793, -0.09758, -0.33830, -0.50518
294, 15, 59.647, 20.161, 40.642, -689.15, 1156.13, 143.07, 94.99, -250.00, -59.65, -0.77639, -0.17591, -0.33601, -0.50336
294, 16, 59.938, 11.660, 48.614, -333.68, 1258.85, -2.01, 67.68, -250.00, 25.23, -0.75041, -0.27206, -0.31975, -0.51052
294, 16, 58.761, 2.361, 54.349, -101.26, 940.73, 206.54, 47.26, -233.74, 91.82, -0.72256, -0.35724, -0.28496, -0.51873
294, 15, 58.017, -6.303, 58.517, -54.50, 860.53, 295.17, 32.97, -192.89, 189.89, -0.68980, -0.42340, -0.24737, -0.53266
294, 15, 57.959, -14.416, 59.662, 54.57, 762.76, 457.34, 30.88, -159.50, 249.99, -0.66076, -0.46366, -0.20104, -0.55498
294, 16, 60.053, -19.982, 54.142, 22.16, 557.56, 1114.62, 28.53, -130.30, 249.99, -0.65360, -0.45110, -0.14577, -0.58998
294, 15, 62.471, -24.169, 49.944, 134.70, 630.07, 918.64, 26.01, -115.73, 232.78, -0.64264, -0.44190, -0.10565, -0.61691
294, 16, 65.858, -30.556, 44.873, 421.14, 507.32, 853.45, 21.00, -117.67, 249.99, -0.62033, -0.43874, -0.04877, -0.64832
294, 15, 72.218, -36.519, 36.204, 875.12, 327.27, 1295.65, 5.72, -71.89, 249.99, -0.59365, -0.41891, 0.01651, -0.68689
294, 16, 79.423, -39.681, 28.017, 1190.00, 498.96, 1423.28, 12.84, -9.89, 249.99, -0.56724, -0.39573, 0.06074, -0.71969
294, 16, 86.018, -37.957, 21.154, 761.96, 546.45, 1258.42, 2.20, 46.21, 249.99, -0.55298, -0.35635, 0.07309, -0.74959
294, 15, 88.433, -34.278, 18.182, 434.63, 474.43, 1019.35, -0.51, 37.56, 176.78, -0.55609, -0.32129, 0.06514, -0.76374
294, 15, 86.874, -31.161, 19.195, 349.85, 504.58, 846.07, 4.23, 8.60, 100.14, -0.57174, -0.30638, 0.04540, -0.75973
294, 16, 83.118, -30.688, 22.388, 636.78, 645.20, 841.25, 9.80, -1.24, 37.30, -0.58890, -0.31844, 0.03201, -0.74214
294, 15, 79.288, -28.434, 26.293, 461.79, 751.28, 785.58, 7.62, 11.68, 22.05, -0.60871, -0.32525, 0.00445, -0.72365
294, 15, 75.101, -25.891, 30.065, 423.40, 745.42, 755.25, 2.85, 8.41, -19.81, -0.63121, -0.33196, -0.02257, -0.70062
294, 17, 71.395, -23.576, 32.917, 432.62, 680.48, 760.07, 4.59, 10.51, -49.67, -0.65190, -0.33677, -0.04350, -0.67803
294, 15, 68.315, -20.907, 35.024, 379.03, 665.53, 807.37, 9.04, 11.86, -67.28, -0.67131, -0.33678, -0.06389, -0.65715
294, 16, 65.656, -19.383, 35.875, 383.73, 562.19, 816.41, 10.38, -3.43, -82.40, -0.68812, -0.33585, -0.07086, -0.63927
294, 15, 63.844, -18.990, 36.473, 396.24, 570.56, 815.19, 8.82, -8.82, -62.13, -0.69747, -0.33869, -0.07143, -0.62748
295, 8, 63.531, -20.888, 40.197, 782.90, 673.83, 1001.89, 20.82, 45.67, 68.27, -0.68219, -0.37023, -0.07822, -0.62564
295, 27, 71.434, -17.323, 38.786, 610.11, 632.32, 938.23, 65.99, 183.79, 32.46, -0.65237, -0.33775, -0.11772, -0.66819
295, 15, 75.097, -13.516, 39.994, 514.28, 667.30, 826.66, 82.96, 221.69, -0.67, -0.63800, -0.31987, -0.15887, -0.68221
295, 15, 78.694, -9.728, 41.114, 561.16, 630.62, 843.20, 89.65, 249.99, -31.42, -0.62368, -0.29931, -0.19782, -0.69448
295, 16, 82.341, -5.530, 42.804, 457.09, 799.07, 855.10, 66.41, 249.99, -24.20, -0.60832, -0.27697, -0.24115, -0.70362
295, 15, 85.627, 1.591, 43.180, 89.54, 765.44, 856.02, 24.60, 249.99, -50.03, -0.60508, -0.22805, -0.28901, -0.70593
295, 15, 88.455, 11.296, 41.489, -340.70, 537.72, 855.96, -1.75, 232.93, -63.64, -0.61119, -0.14956, -0.33219, -0.70266
295, 16, 87.188, 15.031, 36.105, -0.06, 317.32, 1026.98, -23.08, 147.18, -138.79, -0.63092, -0.09949, -0.31615, -0.70149
295, 15, 83.082, 16.250, 32.067, 154.36, 414.25, 1062.93, -2.14, 93.63, -210.54, -0.66040, -0.07975, -0.29471, -0.68605
295, 17, 78.228, 18.819, 28.319, -35.40, 404.97, 970.03, -3.84, 95.88, -248.29, -0.69310, -0.05354, -0.28373, -0.66049
295, 15, 74.427, 23.490, 28.763, -444.52, 674.13, 750.79, 7.01, 46.29, -250.00, -0.71610, -0.03734, -0.31084, -0.62385
295, 15, 70.341, 28.256, 27.596, -627.75, 510.80, 673.46, 17.59, 6.33, -250.00, -0.73810, -0.01286, -0.33093, -0.58781
295, 16, 66.793, 31.761, 27.676, -938.42, 751.10, 643.74, 32.78, -49.19, -250.00, -0.75464, -0.00363, -0.35142, -0.55409
295, 15, 63.149, 32.005, 26.663, -831.97, 606.14, 652.04, 40.53, -122.52, -220.19, -0.77182, -0.00663, -0.34791, -0.53217
295, 15, 60.914, 28.277, 28.452, -709.53, 654.66, 549.07, 76.47, -218.33, -157.25, -0.78358, -0.04575, -0.33280, -0.52264
295, 17, 59.814, 23.407, 33.875, -615.48, 859.31, 325.44, 94.18, -250.00, -125.98, -0.78541, -0.11215, -0.32628, -0.51390
295, 15, 60.230, 16.726, 41.773, -480.22, 1104.80, 113.04, 87.65, -250.00, -36.77, -0.76929, -0.19984, -0.32085, -0.51508
295, 15, 60.225, 8.188, 49.427, -300.35, 1105.83, 92.53, 66.18, -250.00, 58.82, -0.74148, -0.29395, -0.30282, -0.52163
295, 16, 59.726, -3.845, 54.082, 112.98, 931.52, 340.27, 39.09, -226.64, 169.17, -0.70401, -0.38189, -0.24801, -0.54500
295, 15, 60.253, -13.155, 56.248, 94.67, 859.56, 456.54, 18.74, -162.55, 249.99, -0.66695, -0.43469, -0.20134, -0.57069
295, 16, 59.959, -18.455, 58.537, 135.74, 865.60, 416.69, 32.33, -118.34, 205.35, -0.64170, -0.46996, -0.17772, -0.57946
295, 16, 62.194, -19.943, 53.456, -179.63, 622.86, 1065.06, 26.57, -95.28, 212.72, -0.64526, -0.44428, -0.15082, -0.60291
295, 15, 64.616, -22.092, 49.823, 13.06, 643.49, 830.93, 21.52, -90.38, 219.19, -0.63873, -0.43018, -0.12668, -0.62524
295, 16, 68.115, -27.643, 45.286, 386.66, 599.00, 805.66, 8.49, -84.79, 249.99, -0.61652, -0.42685, -0.07854, -0.65692
295, 15, 74.693, -32.150, 36.765, 663.33, 346.86, 1234.92, 4.54, -35.84, 249.99, -0.59228, -0.40042, -0.02321, -0.69880
295, 15, 80.577, -34.151, 30.429, 809.51, 613.77, 1214.78, 6.84, 2.90, 249.99, -0.57033, -0.37834, 0.00852, -0.72905
295, 16, 86.282, -32.979, 24.174, 564.51, 461.18, 1202.45, 6.74, 27.07, 234.44, -0.55661, -0.34169, 0.02434, -0.75686
295, 16, 87.996, -30.637, 22.289, 497.38, 522.40, 1040.10, 17.72, 27.91, 164.28, -0.55720, -0.31872, 0.01882, -0.76655
295, 15, 87.434, -28.229, 22.940, 415.28, 621.46, 933.53, 8.75, 17.45, 125.11, -0.56558, -0.30709, 0.00258, -0.76538
295, 16, 86.284, -28.277, 22.383, 515.63, 445.25, 841.37, -10.92, -9.73, 97.08, -0.57459, -0.30455, 0.00962, -0.75961
296, 8, 61.137, -18.855, 40.954, 371.58, 667.05, 807.92, -0.56, 1.94, 20.52, -0.69863, -0.36726, -0.08814, -0.60767
296, 26, 64.805, -20.674, 38.840, 385.50, 765.87, 927.31, -9.65, 3.43, 84.26, -0.68015, -0.36030, -0.07623, -0.63385
296, 16, 66.622, -22.126, 37.547, 501.46, 698.12, 927.12, -2.69, 7.10, 78.38, -0.66974, -0.35850, -0.06517, -0.64706
296, 15, 69.423, -24.007, 35.538, 717.04, 543.58, 953.06, 23.28, 50.20, 74.97, -0.65428, -0.35470, -0.05016, -0.66603
296, 15, 73.087, -23.947, 34.090, 1024.48, 552.86, 1128.97, 64.01, 138.07, 53.73, -0.63724, -0.34458, -0.05317, -0.68728
296, 16, 76.705, -20.429, 34.339, 993.53, 566.04, 1054.75, 103.10, 242.89, 2.89, -0.62477, -0.32486, -0.08705, -0.70466
296, 16, 78.752, -15.141, 37.875, 593.57, 670.78, 728.39, 113.87, 249.99, -30.02, -0.61718, -0.31242, -0.14636, -0.70715
296, 16, 81.463, -4.413, 41.541, -82.70, 876.77, 801.09, 88.94, 249.99, -33.87, -0.61954, -0.26540, -0.23755, -0.69950
296, 15, 84.037, 6.813, 41.593, -285.71, 587.40, 817.08, 36.40, 249.99, -90.17, -0.62913, -0.19103, -0.30366, -0.68956
296, 15, 84.223, 10.137, 39.983, 80.44, 549.38, 917.11, 21.35, 159.36, -125.49, -0.63678, -0.16070, -0.31151, -0.68677
296, 16, 82.010, 11.976, 35.482, 300.35, 294.13, 982.12, 0.66, 143.10, -194.74, -0.65858, -0.12943, -0.29148, -0.68158
296, 15, 78.133, 14.872, 32.978, 103.52, 510.68, 1028.14, 14.66, 117.45, -250.00, -0.68730, -0.10641, -0.28860, -0.65803
296, 15, 74.581, 21.107, 32.121, -409.06, 597.05, 833.92, 9.28, 81.89, -250.00, -0.71271, -0.07233, -0.31578, -0.62218
296, 16, 70.926, 26.671, 30.435, -608.89, 545.84, 727.72, 2.86, 32.84, -250.00, -0.73455, -0.03875, -0.33655, -0.58794
296, 16, 67.469, 28.924, 30.376, -676.64, 763.43, 719.06, 28.10, -39.20, -250.00, -0.75177, -0.03556, -0.34811, -0.55892
296, 15, 64.241, 30.170, 30.612, -792.42, 752.08, 585.21, 35.22, -97.99, -233.32, -0.76679, -0.03998, -0.35549, -0.53297
296, 16, 61.623, 27.095, 31.199, -565.73, 736.45, 626.28, 42.80, -160.19, -189.67, -0.77929, -0.06881, -0.33840, -0.52293
296, 15, 60.673, 22.080, 34.754, -512.21, 920.65, 533.94, 56.59, -196.52, -124.80, -0.78035, -0.12279, -0.32288, -0.52127
296, 16, 59.846, 15.791, 40.246, -374.45, 1052.55, 346.44, 54.86, -222.85, -81.57, -0.77282, -0.19548, -0.30749, -0.51959
296, 16, 58.708, 8.623, 46.180, -262.70, 1038.39, 267.88, 45.50, -232.75, -15.60, -0.75714, -0.27446, -0.28703, -0.51868
296, 15, 57.675, -0.054, 51.413, -45.96, 970.15, 298.46, 30.37, -214.32, 73.46, -0.73125, -0.35233, -0.25300, -0.52643
296, 16, 56.721, -6.769, 55.900, -53.04, 937.93, 323.43, 26.00, -174.14, 131.48, -0.70406, -0.41215, -0.22752, -0.53166
296, 15, 56.806, -12.304, 56.123, -25.63, 864.38, 620.42, 10.87, -142.27, 185.63, -0.68689, -0.43635, -0.19311, -0.54817
296, 15, 57.107, -14.315, 55.358, -151.00, 754.15, 646.36, 18.38, -118.52, 170.15, -0.68218, -0.43944, -0.17746, -0.55681
296, 16, 57.986, -15.723, 52.383, -238.16, 646.67, 852.72, 15.16, -122.22, 175.50, -0.68471, -0.42616, -0.15690, -0.57004
296, 15, 59.889, -23.665, 49.743, 339.23, 639.28, 706.79, 7.94, -125.80, 226.75, -0.65890, -0.44098, -0.09797, -0.60149
296, 15, 64.933, -28.591, 42.875, 348.57, 489.62, 1073.36, 1.22, -80.62, 249.99, -0.64010, -0.41959, -0.04695, -0.64188
296, 17, 70.238, -34.312, 37.332, 848.88, 652.83, 1100.28, 8.77, -50.94, 249.99, -0.60934, -0.41426, 0.00291, -0.67609
296, 15, 77.309, -34.695, 29.437, 627.44, 471.80, 1319.40, 5.13, 8.69, 232.15, -0.59236, -0.37570, 0.02880, -0.71213
296, 16, 80.971, -33.310, 25.332, 660.71, 510.44, 1174.44, 18.79, 27.11, 164.90, -0.58662, -0.34802, 0.03474, -0.73044
296, 15, 82.368, -29.765, 24.565, 359.99, 570.25, 951.48, 20.52, 37.43, 135.28, -0.59019, -0.32409, 0.01466, -0.73920
296, 15, 82.255, -26.969, 25.356, 322.69, 621.52, 874.63, 9.93, 18.98, 111.58, -0.59643, -0.31187, -0.00653, -0.73957
296, 16, 81.518, -25.827, 25.336, 425.66, 588.01, 951.42, -9.02, -8.03, 88.33, -0.60430, -0.30514, -0.01114, -0.73592
296, 15, 79.405, -26.751, 26.094, 628.23, 519.23, 846.74, -1.50, -9.05, 31.75, -0.61322, -0.31464, -0.00475, -0.72453
296, 16, 76.247, -24.970, 28.282, 467.04, 591.13, 837.95, 9.98, 8.68, -13.09, -0.63183, -0.31689, -0.02056, -0.70707
296, 16, 72.859, -22.687, 30.979, 394.90, 663.57, 830.20, 10.03, 3.97, -36.83, -0.65126, -0.32054, -0.04180, -0.68657
296, 15, 69.896, -20.786, 33.433, 383.12, 680.36, 823.36, 11.47, 1.08, -47.82, -0.66712, -0.32602, -0.06004, -0.66713
296, 15, 67.611, -19.324, 34.960, 358.03, 636.54, 820.19, 8.09, -2.75, -49.25, -0.67993, -0.32888, -0.07176, -0.65145
296, 16, 66.108, -19.450, 35.631, 445.13, 607.48, 834.29, 4.92, -5.36, -38.64, -0.68613, -0.33443, -0.07037, -0.64221
297, 7, 64.523, -19.918, 38.898, 343.75, 656.74, 774.41, -9.16, -13.73, 51.85, -0.68375, -0.35727, -0.08066, -0.63115
297, 26, 68.202, -22.552, 37.042, 459.96, 681.58, 846.62, -4.36, 12.41, 94.31, -0.66105, -0.35674, -0.06445, -0.65696
297, 16, 70.462, -23.492, 35.468, 605.90, 648.25, 977.78, 13.60, 36.90, 83.32, -0.64998, -0.35124, -0.05626, -0.67156
297, 16, 72.388, -22.512, 34.921, 764.04, 594.79, 1023.50, 55.59, 108.87, 20.91, -0.64318, -0.34210, -0.06508, -0.68195
297, 16, 73.867, -19.001, 34.834, 679.69, 458.86, 990.42, 90.81, 169.19, -47.45, -0.64462, -0.32203, -0.09085, -0.68739
297, 15, 75.162, -13.533, 36.208, 579.10, 528.75, 935.79, 104.95, 227.75, -87.93, -0.64778, -0.29864, -0.13631, -0.68747
297, 15, 76.557, -6.994, 39.241, 423.03, 696.53, 877.26, 103.62, 249.99, -107.19, -0.64821, -0.27701, -0.19723, -0.68131
297, 16, 78.084, -0.960, 41.532, 357.30, 748.35, 856.45, 70.81, 249.99, -135.73, -0.64806, -0.25217, -0.24934, -0.67399
297, 15, 80.193, 8.387, 42.530, -109.50, 612.12, 748.41, 47.70, 249.99, -141.98, -0.65330, -0.19687, -0.31100, -0.66161
297, 15, 81.902, 16.052, 41.308, -193.66, 548.22, 775.21, 9.23, 226.00, -154.50, -0.65829, -0.13752, -0.34662, -0.65391
297, 17, 80.649, 20.237, 38.155, -187.93, 508.12, 864.56, 0.31, 131.61, -187.55, -0.67399, -0.09664, -0.34894, -0.64392
297, 15, 78.777, 20.402, 36.122, 43.64, 652.71, 924.26, -2.35, 89.03, -196.88, -0.68628, -0.08914, -0.33691, -0.63841
297, 16, 74.402, 21.331, 31.786, -80.14, 451.54, 917.36, -4.22, 51.86, -245.67, -0.71400, -0.06938, -0.31511, -0.62137
297, 15, 71.235, 22.729, 31.209, -243.23, 704.83, 833.68, 4.79, 32.36, -245.40, -0.73180, -0.06612, -0.31811, -0.59908
297, 15, 67.035, 25.564, 28.479, -505.13, 428.53, 747.38, 15.05, -20.18, -239.01, -0.75495, -0.04360, -0.31879, -0.57142
297, 16, 66.142, 27.310, 30.046, -717.90, 780.33, 714.72, 31.83, -30.56, -179.66, -0.75857, -0.04656, -0.33655, -0.55601
297, 15, 65.244, 26.933, 30.628, -680.60, 702.03, 699.10, 22.30, -83.89, -148.98, -0.76268, -0.05519, -0.33671, -0.54946
297, 16, 63.664, 25.024, 30.658, -605.22, 570.01, 687.38, 38.60, -131.71, -133.14, -0.77030, -0.07060, -0.32447, -0.54441
297, 16, 62.097, 20.693, 31.757, -524.35, 610.60, 722.11, 59.38, -184.91, -102.74, -0.77636, -0.10601, -0.30174, -0.54312
297, 15, 61.143, 14.947, 36.004, -427.43, 796.94, 548.89, 67.95, -223.39, -63.62, -0.77284, -0.16794, -0.28460, -0.54177
297, 15, 59.884, 8.408, 41.913, -313.72, 922.79, 398.32, 65.76, -239.57, -22.91, -0.76106, -0.24442, -0.26867, -0.53746
297, 16, 58.450, 2.337, 48.538, -334.78, 1079.96, 251.71, 49.65, -236.28, 42.21, -0.74114, -0.32096, -0.25729, -0.53057
297, 15, 56.563, -4.292, 53.682, -181.40, 1028.69, 338.68, 32.39, -222.99, 103.52, -0.71902, -0.38803, -0.23266, -0.52755
297, 15, 55.337, -11.055, 57.567, -33.94, 897.64, 335.27, 19.98, -181.15, 173.16, -0.69204, -0.44255, -0.20241, -0.53317
297, 16, 54.973, -16.801, 58.272, 19.04, 778.87, 471.86, 10.22, -154.11, 220.67, -0.67292, -0.46956, -0.16672, -0.54671
297, 16, 56.682, -21.866, 54.333, 95.76, 679.57, 839.60, 14.82, -125.66, 233.95, -0.66348, -0.46350, -0.12086, -0.57477
297, 16, 59.861, -26.519, 49.884, 201.54, 641.54, 827.15, 13.06, -100.63, 249.99, -0.64844, -0.45320, -0.07959, -0.60647
297, 15, 63.051, -30.608, 46.549, 369.81, 763.43, 821.41, 14.44, -85.44, 249.99, -0.62933, -0.44927, -0.04692, -0.63238
297, 15, 68.891, -31.904, 39.052, 181.76, 507.81, 1135.80, 3.23, -58.94, 249.99, -0.61963, -0.41237, -0.01784, -0.66760
297, 16, 73.570, -35.529, 34.024, 658.26, 628.91, 1007.69, 7.48, -60.15, 249.99, -0.59688, -0.40300, 0.01854, -0.69353
297, 16, 80.262, -37.994, 25.511, 814.76, 322.20, 1294.19, -1.95, -38.58, 235.52, -0.57599, -0.37461, 0.06364, -0.72378
297, 15, 84.135, -37.699, 20.249, 864.01, 388.37, 1247.99, 12.10, 3.04, 172.66, -0.56876, -0.34913, 0.08330, -0.74005
297, 16, 84.087, -34.436, 19.108, 611.27, 441.41, 1093.44, 17.86, 33.87, 88.39, -0.58162, -0.32424, 0.07217, -0.74255
297, 15, 82.253, -31.780, 20.036, 454.16, 452.15, 852.48, 6.53, 16.37, 60.32, -0.59801, -0.31234, 0.05593, -0.73600
298, 7, 60.199, -20.158, 40.348, 366.03, 658.26, 798.46, -5.14, -10.88, 29.40, -0.70175, -0.37003, -0.07315, -0.60437
298, 28, 65.081, -23.042, 37.634, 664.55, 604.19, 976.14, 29.53, 51.82, 49.33, -0.67535, -0.36418, -0.05478, -0.63896
298, 15, 67.891, -22.547, 37.448, 751.46, 647.03, 966.80, 61.44, 114.84, 29.34, -0.66157, -0.35924, -0.06584, -0.65493
298, 15, 70.809, -19.235, 37.150, 510.07, 556.58, 913.02, 78.70, 154.13, 6.40, -0.65538, -0.33887, -0.09427, -0.66840
298, 16, 73.235, -15.600, 38.172, 592.96, 621.09, 952.15, 96.15, 189.47, -29.31, -0.64840, -0.32324, -0.13007, -0.67689
298, 15, 76.380, -11.346, 39.993, 642.15, 807.98, 1002.93, 90.98, 237.18, -31.10, -0.63624, -0.30603, -0.17542, -0.68613
298, 15, 79.360, -6.279, 40.857, 507.39, 766.72, 1046.88, 75.65, 249.99, -60.75, -0.62927, -0.27683, -0.21787, -0.69277
298, 16, 81.057, -0.786, 41.470, 405.15, 720.95, 909.06, 41.89, 249.99, -125.10, -0.63089, -0.24423, -0.25639, -0.69036
298, 15, 82.397, 7.242, 40.075, 6.53, 536.19, 861.88, 23.99, 240.94, -142.61, -0.64228, -0.18421, -0.29414, -0.68340
298, 15, 82.258, 11.847, 37.217, 106.14, 480.71, 913.82, -10.38, 201.97, -172.20, -0.65489, -0.13954, -0.30139, -0.67883
298, 17, 79.089, 14.763, 35.193, 133.54, 607.73, 891.85, -15.25, 127.56, -250.00, -0.67952, -0.11783, -0.30166, -0.65831
298, 15, 74.958, 18.169, 30.780, -55.24, 287.78, 744.93, -0.50, 103.33, -250.00, -0.70976, -0.08083, -0.29209, -0.63591
298, 16, 71.776, 25.644, 29.814, -565.49, 485.72, 612.61, -4.04, 72.56, -250.00, -0.73027, -0.03841, -0.32777, -0.59816
298, 15, 69.383, 30.364, 30.835, -772.95, 811.83, 638.31, 25.75, 17.75, -250.00, -0.74204, -0.02430, -0.35913, -0.56552
298, 15, 67.576, 31.106, 31.107, -608.15, 728.09, 652.28, 27.00, -40.20, -209.70, -0.75062, -0.02747, -0.36428, -0.55055
298, 16, 65.233, 28.156, 30.323, -411.44, 659.42, 780.94, 35.58, -84.30, -189.58, -0.76270, -0.04631, -0.34254, -0.54663
298, 16, 62.831, 25.372, 30.722, -408.51, 624.94, 725.46, 58.40, -103.30, -188.26, -0.77418, -0.07148, -0.32638, -0.53760
298, 15, 60.481, 24.153, 32.403, -577.03, 661.87, 642.09, 73.35, -125.66, -185.40, -0.78380, -0.09620, -0.32489, -0.52042
298, 16, 58.860, 21.433, 35.073, -513.85, 745.36, 659.24, 83.71, -139.92, -155.62, -0.78797, -0.13347, -0.31824, -0.50991
298, 15, 60.179, 18.036, 39.934, -579.47, 887.21, 492.74, 69.18, -139.36, -42.82, -0.77366, -0.18074, -0.32059, -0.51576
298, 15, 62.261, 13.586, 45.695, -555.97, 1042.54, 355.90, 55.08, -143.31, 33.20, -0.74908, -0.23654, -0.32339, -0.52758
298, 17, 63.636, 7.142, 50.357, -288.09, 968.63, 401.92, 44.14, -144.00, 86.20, -0.72131, -0.29604, -0.30957, -0.54428
298, 15, 64.349, 2.012, 51.595, -293.82, 795.23, 645.39, 40.10, -133.96, 123.47, -0.70367, -0.32783, -0.28654, -0.56149
298, 16, 65.060, -0.664, 55.956, -548.89, 930.36, 274.23, 33.78, -136.47, 171.26, -0.68039, -0.36560, -0.29400, -0.56299
298, 15, 65.907, -6.350, 54.763, -263.12, 724.43, 669.74, 17.72, -155.12, 243.63, -0.66431, -0.38404, -0.25652, -0.58772
298, 15, 66.359, -13.342, 55.703, 15.81, 798.71, 500.49, 14.05, -148.89, 249.99, -0.63700, -0.42117, -0.22017, -0.60694
298, 16, 68.170, -19.159, 50.504, 107.79, 609.86, 955.26, -5.28, -133.28, 249.99, -0.62666, -0.41626, -0.16227, -0.63851
298, 15, 70.661, -23.816, 45.961, 215.76, 643.80, 856.14, -10.36, -111.02, 249.99, -0.61287, -0.41054, -0.11610, -0.66511
298, 15, 74.247, -27.553, 39.377, 235.29, 486.39, 1046.45, -16.06, -113.30, 249.99, -0.60179, -0.39110, -0.06617, -0.69319
298, 17, 77.411, -31.383, 34.117, 457.52, 598.94, 965.03, -31.69, -101.98, 249.99, -0.58720, -0.38233, -0.02091, -0.71315
298, 15, 82.311, -36.392, 26.656, 929.14, 442.57, 1289.31, -23.65, -86.08, 249.99, -0.56434, -0.37238, 0.04021, -0.73568
298, 15, 85.740, -37.764, 21.216, 857.60, 428.34, 1147.22, -7.59, -28.38, 197.69, -0.55518, -0.35534, 0.07246, -0.74850
298, 16, 86.649, -35.856, 19.054, 582.03, 506.41, 1051.27, -4.03, -1.54, 150.40, -0.56116, -0.33406, 0.07319, -0.75375
298, 16, 85.335, -34.176, 18.743, 576.17, 450.74, 926.57, -3.26, 3.45, 90.30, -0.57522, -0.32162, 0.06955, -0.74889
298, 16, 82.058, -32.515, 20.870, 536.32, 491.94, 823.36, 8.75, 4.28, 35.00, -0.59498, -0.32088, 0.05541, -0.73482
299, 8, 59.572, -22.929, 39.660, 548.40, 635.31, 834.05, 7.39, 20.97, 42.50, -0.69904, -0.37831, -0.04868, -0.60486
299, 27, 63.963, -20.696, 39.349, 427.19, 694.34, 873.72, 34.89, 71.97, 40.91, -0.68312, -0.36399, -0.07624, -0.62853
299, 15, 66.600, -19.818, 39.757, 486.08, 703.37, 842.90, 47.42, 92.96, 43.15, -0.66980, -0.36029, -0.09259, -0.64264
299, 15, 69.676, -19.396, 39.900, 653.87, 630.98, 850.46, 66.60, 131.31, 29.22, -0.65313, -0.35638, -0.10575, -0.65972
299, 16, 73.677, -17.229, 39.031, 548.28, 529.36, 875.73, 79.42, 175.74, 28.31, -0.63872, -0.33625, -0.12636, -0.68045
299, 16, 77.035, -12.804, 40.638, 449.34, 713.32, 865.97, 94.24, 211.22, 5.30, -0.62657, -0.31670, -0.17239, -0.69093
299, 16, 80.321, -7.228, 41.785, 334.84, 734.56, 923.58, 83.12, 231.76, -22.68, -0.61871, -0.28557, -0.22043, -0.69789
299, 15, 82.940, -1.916, 43.073, 329.04, 854.19, 1024.29, 68.61, 231.74, -62.94, -0.61326, -0.25546, -0.26402, -0.69925
299, 15, 84.409, 3.081, 41.445, 429.81, 679.69, 1170.04, 27.11, 240.85, -137.41, -0.61930, -0.21256, -0.28383, -0.70052
299, 16, 84.027, 7.350, 38.261, 401.37, 371.09, 930.85, 6.59, 227.38, -196.27, -0.63546, -0.16929, -0.28630, -0.69682
299, 15, 82.677, 11.241, 33.543, 338.99, 272.40, 991.09, -19.97, 216.74, -203.81, -0.65572, -0.12132, -0.27666, -0.69194
299, 15, 79.287, 16.855, 30.427, -39.00, 402.34, 813.11, -20.26, 170.46, -250.00, -0.68445, -0.07589, -0.28570, -0.66644
299, 16, 76.620, 23.778, 31.391, -444.76, 720.15, 675.54, -7.38, 107.88, -250.00, -0.70324, -0.04574, -0.32760, -0.62931
299, 15, 73.300, 29.108, 30.603, -649.23, 653.26, 674.87, -0.46, 33.24, -250.00, -0.72234, -0.01813, -0.35166, -0.59517
299, 15, 70.597, 30.843, 29.952, -517.64, 680.18, 702.45, 12.55, -0.95, -236.23, -0.73605, -0.01200, -0.35763, -0.57462
299, 17, 67.201, 29.642, 27.840, -407.04, 577.82, 767.52, 13.23, -47.61, -226.84, -0.75348, -0.01559, -0.33984, -0.56262
299, 15, 65.612, 29.029, 28.204, -556.70, 668.15, 730.59, 31.62, -59.17, -187.52, -0.76134, -0.02618, -0.33769, -0.55284
299, 16, 64.766, 27.174, 29.911, -528.32, 776.37, 685.79, 36.45, -87.17, -166.17, -0.76527, -0.05046, -0.33450, -0.54766
299, 15, 63.866, 24.010, 31.548, -425.42, 690.98, 652.77, 41.56, -113.76, -142.14, -0.76870, -0.08161, -0.32266, -0.54620
299, 15, 62.524, 19.634, 32.790, -340.09, 587.89, 691.04, 58.88, -139.12, -117.65, -0.77299, -0.11761, -0.30046, -0.54624
299, 17, 62.170, 16.492, 37.040, -508.42, 796.81, 562.74, 72.33, -157.84, -74.69, -0.76766, -0.16407, -0.30066, -0.54165
299, 15, 62.749, 11.275, 42.142, -408.14, 926.45, 520.39, 67.54, -172.14, 6.66, -0.75089, -0.22410, -0.29358, -0.54749
299, 15, 63.200, 6.299, 47.316, -424.74, 974.37, 434.75, 57.75, -176.00, 67.11, -0.72948, -0.28224, -0.28880, -0.55208
299, 16, 63.250, 0.053, 51.764, -253.66, 963.68, 427.43, 43.65, -177.96, 126.34, -0.70399, -0.34124, -0.27221, -0.56022
299, 15, 63.058, -5.777, 54.219, -151.37, 823.43, 505.43, 35.61, -163.74, 166.64, -0.68215, -0.38441, -0.24773, -0.57055
299, 15, 62.674, -10.208, 56.829, -196.72, 916.87, 452.64, 26.31, -154.91, 202.16, -0.66189, -0.42071, -0.23188, -0.57544
299, 16, 64.184, -17.009, 51.733, 90.94, 586.06, 1066.71, 10.60, -144.82, 239.57, -0.65108, -0.41909, -0.16806, -0.61009
299, 15, 66.092, -21.766, 49.361, 132.51, 729.06, 751.34, 9.91, -120.05, 249.99, -0.63347, -0.42451, -0.13176, -0.63336
299, 17, 69.965, -25.721, 43.185, 254.09, 660.22, 1273.50, -3.61, -95.79, 249.99, -0.62022, -0.40528, -0.08543, -0.66616
299, 15, 73.686, -28.920, 38.868, 369.75, 638.55, 846.01, -11.51, -64.03, 249.99, -0.60226, -0.39557, -0.05265, -0.69140
299, 15, 78.635, -30.255, 32.304, 267.03, 452.76, 997.80, -15.14, -60.11, 249.99, -0.58916, -0.36679, -0.02045, -0.71968
299, 16, 82.418, -31.712, 28.166, 467.71, 535.03, 945.01, -4.22, -42.92, 238.58, -0.57351, -0.35357, 0.00270, -0.73896
299, 15, 84.151, -32.510, 24.789, 675.05, 505.37, 1127.01, 1.77, -34.07, 164.84, -0.57013, -0.34151, 0.02399, -0.74683
299, 15, 84.933, -32.032, 22.618, 676.15, 506.84, 1095.28, 3.24, -2.52, 133.94, -0.57273, -0.32806, 0.03314, -0.75051
299, 17, 83.469, -30.088, 22.729, 546.69, 509.64, 975.83, 8.55, 11.16, 69.51, -0.58731, -0.31674, 0.02535, -0.74438
299, 15, 80.368, -27.429, 24.745, 446.66, 566.16, 893.86, 11.60, 12.31, 15.61, -0.60895, -0.31133, 0.00524, -0.72954
299, 15, 77.235, -25.594, 26.259, 447.39, 503.30, 855.83, 7.63, 2.00, -11.29, -0.62953, -0.30911, -0.00689, -0.71281
299, 16, 73.824, -23.712, 28.840, 420.96, 584.90, 833.50, 15.43, 1.34, -34.62, -0.64855, -0.31362, -0.02514, -0.69310
299, 15, 70.953, -21.712, 32.011, 377.08, 707.64, 820.62, 19.53, 4.37, -31.49, -0.66238, -0.32207, -0.04878, -0.67464
299, 16, 68.611, -20.422, 34.377, 390.75, 709.53, 818.60, 11.44, -1.40, -33.78, -0.67285, -0.33037, -0.06418, -0.65879
299, 15, 66.737, -19.895, 35.694, 425.90, 642.46, 823.43, 9.48, -3.28, -40.47, -0.68116, -0.33662, -0.06965, -0.64642
299, 15, 65.208, -19.744, 36.776, 450.38, 653.56, 828.61, 9.08, -1.64, -39.76, -0.68694, -0.34328, -0.07217, -0.63644
299, 16, 63.988, -19.251, 37.573, 404.05, 644.84, 825.13, 8.83, 0.52, -38.94, -0.69266, -0.34651, -0.07615, -0.62798
299, 15, 63.161, -18.495, 38.390, 353.15, 667.42, 816.83, 8.72, 2.97, -30.11, -0.69682, -0.34847, -0.08312, -0.62138
300, 8, 65.646, -18.653, 39.570, 269.65, 753.66, 793.64, -8.14, -13.20, 58.02, -0.67912, -0.35436, -0.09617, -0.63559
300, 26, 71.366, -24.758, 34.589, 759.52, 544.86, 998.90, 6.71, 28.42, 105.49, -0.64354, -0.35230, -0.04577, -0.67797
300, 16, 74.753, -25.021, 32.489, 923.83, 503.97, 1125.12, 52.77, 105.84, 71.85, -0.62877, -0.34072, -0.04175, -0.69772
300, 15, 77.536, -22.304, 32.416, 938.90, 472.72, 1051.39, 101.17, 195.95, 10.50, -0.61975, -0.32422, -0.06610, -0.71163
300, 16, 79.292, -15.564, 36.096, 482.54, 603.76, 773.93, 133.26, 249.99, -29.06, -0.61746, -0.30457, -0.13428, -0.71270
300, 16, 80.729, -8.242, 41.261, 385.38, 880.00, 773.74, 120.38, 249.99, -68.72, -0.61486, -0.28789, -0.21248, -0.70280
300, 15, 82.823, 0.523, 44.362, 76.72, 841.61, 813.29, 81.44, 249.99, -101.33, -0.61714, -0.24793, -0.28474, -0.69035
300, 16, 85.574, 8.378, 45.547, -47.36, 764.10, 825.50, 45.87, 249.99, -114.36, -0.61649, -0.19841, -0.33795, -0.68291
300, 15, 86.548, 15.185, 42.165, -136.96, 481.57, 896.18, 0.19, 209.40, -145.68, -0.62885, -0.13368, -0.35279, -0.67986
300, 15, 84.271, 18.797, 39.143, -58.35, 611.76, 959.35, -2.89, 126.19, -212.60, -0.65073, -0.10048, -0.35043, -0.66608
300, 16, 79.850, 22.225, 34.088, -142.76, 419.37, 902.89, -8.36, 90.15, -250.00, -0.68311, -0.06241, -0.33583, -0.64551
300, 15, 76.788, 22.907, 33.092, -12.21, 795.65, 904.60, -6.46, 74.13, -250.00, -0.70110, -0.06106, -0.33228, -0.62795
300, 15, 72.744, 25.529, 29.601, -305.97, 454.10, 791.75, -5.80, 47.36, -250.00, -0.72524, -0.03498, -0.32631, -0.60525
300, 17, 69.641, 29.563, 28.468, -576.23, 591.74, 710.51, 6.29, 29.65, -250.00, -0.74129, -0.01287, -0.34281, -0.57689
300, 15, 65.471, 32.270, 25.512, -665.53, 455.44, 703.13, 13.89, -27.94, -250.00, -0.76067, 0.00956, -0.34404, -0.55040
300, 15, 63.311, 32.457, 24.607, -681.46, 522.46, 722.84, 36.71, -63.54, -197.25, -0.77072, 0.01019, -0.34105, -0.53813
300, 16, 62.360, 30.108, 25.363, -591.19, 592.16, 734.68, 52.07, -102.27, -160.09, -0.77676, -0.01059, -0.33021, -0.53618
300, 15, 61.083, 27.573, 26.337, -687.50, 555.85, 727.66, 68.76, -147.94, -140.14, -0.78383, -0.03460, -0.31874, -0.53181
300, 17, 60.795, 22.740, 30.023, -659.06, 696.11, 657.84, 96.08, -213.18, -83.85, -0.78422, -0.08662, -0.30534, -0.53317
300, 15, 61.458, 16.892, 36.450, -573.24, 885.31, 412.41, 94.43, -239.87, -21.94, -0.77214, -0.15983, -0.29937, -0.53725
300, 15, 62.181, 9.009, 44.204, -350.77, 1179.93, 260.07, 75.70, -235.42, 46.42, -0.74613, -0.25083, -0.28823, -0.54525
300, 16, 61.784, 0.861, 50.441, -146.48, 1059.51, 293.88, 50.06, -214.42, 99.81, -0.71685, -0.33255, -0.26648, -0.55183
300, 15, 61.083, -6.995, 53.839, -1.46, 874.08, 454.71, 32.92, -182.75, 152.19, -0.68983, -0.39186, -0.23154, -0.56300
300, 15, 61.710, -14.167, 52.563, 114.69, 706.54, 723.88, 29.62, -146.67, 197.28, -0.67007, -0.41511, -0.18162, -0.58797
300, 16, 63.003, -18.522, 53.219, 22.58, 820.25, 566.59, 24.17, -111.40, 239.25, -0.64676, -0.43582, -0.16184, -0.60462
300, 15, 66.218, -21.795, 48.885, 45.41, 731.75, 1004.27, 13.27, -87.46, 249.99, -0.63443, -0.42187, -0.12940, -0.63465
300, 16, 69.364, -24.633, 46.358, 219.36, 857.79, 862.73, 10.11, -62.88, 249.99, -0.61607, -0.41779, -0.10855, -0.65888
300, 16, 74.347, -25.790, 39.999, 121.03, 593.08, 1168.52, -0.53, -46.34, 249.99, -0.60500, -0.38539, -0.08123, -0.69199
300, 15, 78.808, -27.399, 35.287, 302.37, 559.63, 899.48, -2.69, -36.38, 249.99, -0.58771, -0.36661, -0.05699, -0.71899
300, 16, 83.649, -29.596, 29.543, 518.86, 439.09, 1088.38, 8.83, -32.81, 240.49, -0.56778, -0.34822, -0.02234, -0.74556
300, 15, 87.428, -30.440, 25.269, 602.60, 522.28, 1114.99, 4.68, -10.64, 229.08, -0.55308, -0.33192, -0.00057, -0.76416
300, 16, 88.431, -29.625, 23.091, 593.99, 535.10, 1111.82, 4.15, 1.44, 155.71, -0.55478, -0.31645, 0.00662, -0.76944
300, 16, 87.173, -27.636, 22.912, 499.39, 557.74, 1050.78, 4.18, 5.77, 91.73, -0.56894, -0.30330, 0.00015, -0.76441
300, 15, 84.362, -25.860, 24.108, 471.50, 565.43, 946.35, 1.62, 1.06, 39.77, -0.58900, -0.29867, -0.01047, -0.75085
300, 15, 80.566, -23.843, 26.369, 399.72, 553.59, 832.64, 7.26, -1.21, -8.99, -0.61291, -0.29921, -0.02701, -0.73081
300, 16, 77.133, -21.705, 29.152, 367.68, 637.70, 832.76, 13.89, 1.95, -20.29, -0.63284, -0.30324, -0.04839, -0.71079
301, 8, 65.396, -16.144, 40.309, 112.24, 687.13, 731.81, -9.22, -3.94, 55.27, -0.68535, -0.34688, -0.11587, -0.62972
301, 27, 68.211, -21.956, 39.061, 451.78, 677.98, 768.86, -9.61, -21.08, 104.27, -0.65644, -0.36543, -0.07989, -0.65510
301, 15, 70.712, -24.466, 36.915, 567.14, 649.17, 886.05, -4.82, 3.80, 125.56, -0.64102, -0.36416, -0.05930, -0.67303
301, 16, 73.333, -26.001, 34.235, 749.02, 564.09, 1020.02, 16.59, 39.18, 96.37, -0.62909, -0.35597, -0.04188, -0.68976
301, 15, 75.469, -24.481, 32.774, 830.75, 489.32, 1096.25, 65.45, 117.68, 26.21, -0.62515, -0.33910, -0.04896, -0.70128
301, 17, 76.975, -20.788, 33.805, 941.65, 513.85, 1050.78, 112.90, 205.73, -40.28, -0.62360, -0.32373, -0.08234, -0.70678
301, 15, 78.025, -14.837, 37.710, 718.14, 764.16, 895.32, 124.77, 249.99, -70.49, -0.62294, -0.31073, -0.14518, -0.70308
301, 15, 79.337, -7.385, 41.777, 369.63, 817.93, 769.10, 99.04, 249.99, -93.96, -0.62429, -0.28831, -0.21702, -0.69285
301, 16, 81.197, 1.908, 42.425, 36.93, 618.65, 814.70, 61.70, 249.99, -124.07, -0.63419, -0.23298, -0.27721, -0.68314
301, 15, 83.641, 10.583, 43.805, -144.04, 748.60, 796.14, 34.68, 248.34, -130.42, -0.63536, -0.18075, -0.33559, -0.67159
301, 15, 83.065, 16.671, 38.898, -145.69, 347.53, 917.11, -8.52, 173.06, -167.85, -0.65515, -0.11632, -0.33719, -0.66600
301, 17, 79.990, 18.093, 36.165, 112.37, 626.34, 1022.89, 2.13, 101.93, -230.59, -0.67714, -0.10033, -0.32594, -0.65206
301, 15, 75.740, 18.830, 31.636, 110.53, 414.06, 953.67, -8.86, 84.84, -250.00, -0.70526, -0.08007, -0.30112, -0.63681
301, 15, 72.698, 21.616, 31.270, -227.17, 699.52, 840.58, 0.74, 67.57, -250.00, -0.72362, -0.06910, -0.31292, -0.61130
301, 16, 68.580, 25.808, 28.830, -555.91, 483.76, 799.01, 11.18, 11.63, -250.00, -0.74704, -0.04017, -0.32257, -0.57988
301, 15, 65.785, 29.564, 28.803, -777.28, 712.22, 683.72, 19.79, -13.84, -245.13, -0.76020, -0.02662, -0.34379, -0.55063
301, 16, 63.553, 29.615, 28.109, -607.79, 650.51, 731.87, 19.94, -59.97, -211.83, -0.77095, -0.02836, -0.34027, -0.53763
301, 15, 62.182, 28.211, 28.335, -567.32, 620.79, 731.26, 40.45, -83.53, -176.12, -0.77781, -0.04163, -0.33234, -0.53181
301, 16, 61.416, 25.962, 30.133, -549.93, 712.22, 665.34, 48.71, -110.82, -156.90, -0.78105, -0.06829, -0.32641, -0.52797
301, 16, 60.695, 22.956, 32.832, -496.89, 688.35, 578.06, 62.74, -140.88, -133.48, -0.78234, -0.10493, -0.31958, -0.52421
301, 15, 60.271, 20.024, 37.139, -572.88, 757.20, 489.38, 85.09, -166.27, -95.97, -0.77853, -0.15108, -0.32044, -0.51806
301, 15, 60.678, 16.220, 42.679, -594.42, 823.91, 374.08, 90.38, -186.47, -20.69, -0.76519, -0.20729, -0.32262, -0.51714
301, 16, 62.229, 9.804, 49.254, -476.62, 1011.96, 293.70, 78.07, -186.21, 90.26, -0.73550, -0.27926, -0.31690, -0.52974
301, 16, 63.053, 2.223, 54.130, -294.98, 1053.59, 396.61, 54.38, -175.53, 157.06, -0.70297, -0.34565, -0.29627, -0.54643
301, 15, 63.658, -4.389, 56.446, -216.00, 909.73, 526.18, 37.99, -152.32, 206.83, -0.67554, -0.38976, -0.26933, -0.56498
301, 16, 64.096, -9.234, 57.713, -247.86, 905.09, 549.62, 28.53, -144.39, 238.93, -0.65452, -0.41844, -0.24757, -0.57899
301, 15, 64.996, -14.109, 54.692, -123.66, 701.17, 778.26, 9.39, -144.02, 249.99, -0.64540, -0.42153, -0.20505, -0.60310
301, 16, 66.260, -20.198, 52.094, 169.92, 727.91, 702.64, 2.25, -131.42, 249.99, -0.62776, -0.43235, -0.15743, -0.62787
301, 15, 69.706, -25.248, 44.495, 236.45, 483.52, 1296.88, -15.21, -121.05, 249.99, -0.61869, -0.41033, -0.09512, -0.66318
301, 15, 73.884, -29.707, 38.630, 455.38, 557.92, 978.64, -7.14, -79.54, 249.99, -0.59918, -0.39816, -0.04697, -0.69300
301, 17, 79.240, -32.010, 31.634, 438.90, 433.11, 1164.73, 0.70, -62.36, 249.99, -0.58185, -0.37278, -0.00757, -0.72279
301, 15, 84.005, -34.498, 25.856, 679.44, 481.08, 1081.12, -3.32, -41.95, 249.99, -0.56188, -0.35824, 0.02896, -0.74506
301, 15, 87.831, -34.443, 20.649, 732.12, 451.17, 1279.72, 0.28, -10.96, 207.45, -0.55259, -0.33393, 0.05134, -0.76191
301, 16, 88.989, -33.928, 18.009, 739.50, 414.86, 1055.91, 1.17, 15.09, 150.15, -0.55376, -0.31860, 0.06282, -0.76674
301, 15, 87.070, -31.674, 19.065, 524.66, 512.70, 921.08, 9.28, 18.17, 85.08, -0.56948, -0.30895, 0.04860, -0.76019
301, 15, 84.129, -29.020, 21.522, 422.24, 559.57, 834.59, 10.42, 17.88, 49.39, -0.58912, -0.30434, 0.02525, -0.74811
301, 16, 80.305, -26.926, 24.741, 440.25, 616.15, 831.12, 12.00, 3.92, 8.33, -0.61071, -0.30841, 0.00244, -0.72932
301, 15, 76.100, -24.752, 28.270, 429.32, 661.87, 825.87, 15.14, 0.24, -30.86, -0.63337, -0.31565, -0.02143, -0.70622
301, 17, 72.659, -23.136, 31.115, 435.18, 675.17, 823.85, 10.73, -3.49, -33.63, -0.65082, -0.32377, -0.03921, -0.68561
301, 15, 70.002, -21.862, 32.947, 420.65, 628.23, 825.68, 8.61, -4.18, -36.94, -0.66489, -0.32868, -0.05060, -0.66883
302, 9, 69.305, -21.838, 37.139, 706.85, 666.81, 942.08, 53.31, 118.93, 35.83, -0.65653, -0.35310, -0.07303, -0.66253
302, 26, 76.548, -15.975, 36.465, 727.11, 504.52, 948.49, 95.42, 237.70, -2.64, -0.63223, -0.31203, -0.12672, -0.69776
302, 16, 79.088, -10.661, 39.115, 512.21, 672.36, 836.85, 107.25, 249.99, -42.43, -0.62396, -0.29311, -0.18122, -0.70137
302, 16, 80.857, -3.137, 42.146, 247.92, 761.90, 796.14, 84.10, 249.99, -97.16, -0.62499, -0.26240, -0.24695, -0.69250
302, 15, 82.989, 6.306, 41.660, -80.14, 568.54, 819.21, 35.72, 249.99, -118.13, -0.63429, -0.19732, -0.29962, -0.68482
302, 16, 83.832, 13.301, 40.582, -171.75, 671.26, 898.56, -1.84, 193.05, -140.59, -0.64369, -0.14506, -0.33077, -0.67470
302, 15, 81.002, 15.690, 35.538, 119.69, 388.49, 1120.54, -7.26, 118.90, -205.48, -0.66920, -0.10895, -0.31052, -0.66624
302, 15, 76.852, 17.704, 30.482, 120.79, 342.04, 991.70, -14.79, 116.99, -250.00, -0.69903, -0.07704, -0.28910, -0.64950
302, 16, 73.558, 21.187, 30.471, -266.30, 714.66, 848.21, 0.53, 68.97, -250.00, -0.71927, -0.06432, -0.30668, -0.62005
302, 15, 69.803, 25.721, 28.146, -451.54, 442.93, 736.45, 3.85, 43.46, -250.00, -0.74102, -0.03281, -0.31896, -0.58998
302, 16, 67.283, 29.306, 28.628, -669.68, 765.44, 715.27, 18.42, 12.48, -250.00, -0.75305, -0.02245, -0.34175, -0.56181
302, 15, 64.214, 31.199, 27.569, -667.79, 657.10, 726.87, 19.55, -30.27, -250.00, -0.76722, -0.01396, -0.34739, -0.53898
302, 16, 62.918, 31.263, 27.813, -663.45, 694.27, 710.45, 29.99, -54.08, -199.65, -0.77319, -0.01917, -0.34873, -0.52934
302, 16, 62.451, 30.026, 29.212, -603.76, 699.65, 620.61, 39.06, -84.18, -170.14, -0.77558, -0.03684, -0.34756, -0.52566
302, 15, 61.576, 26.609, 30.620, -486.39, 645.94, 679.75, 62.78, -120.29, -147.58, -0.77993, -0.06765, -0.33274, -0.52575
302, 15, 61.379, 23.538, 33.791, -587.34, 681.21, 600.59, 85.94, -148.45, -102.52, -0.77842, -0.10641, -0.32820, -0.52443
302, 17, 62.024, 20.374, 39.354, -704.96, 808.59, 404.36, 102.67, -181.43, -42.19, -0.76776, -0.15914, -0.33502, -0.52247
302, 15, 62.946, 14.748, 45.389, -596.13, 918.70, 371.09, 95.79, -206.46, 39.79, -0.74804, -0.22647, -0.33036, -0.52916
302, 15, 63.977, 6.867, 51.674, -371.77, 1001.46, 284.55, 72.75, -205.15, 131.45, -0.71569, -0.30477, -0.31507, -0.54371
302, 16, 63.779, -1.745, 55.228, -102.72, 864.26, 438.29, 50.47, -185.24, 165.79, -0.68616, -0.36970, -0.27982, -0.56054
302, 15, 63.500, -7.262, 55.953, -121.03, 725.59, 570.50, 45.48, -157.57, 180.75, -0.66977, -0.40056, -0.24872, -0.57367
302, 16, 63.927, -12.473, 57.754, -128.97, 898.68, 502.56, 34.08, -139.60, 247.00, -0.64487, -0.43349, -0.22716, -0.58704
302, 15, 64.869, -16.768, 55.231, -65.49, 768.07, 744.14, 10.60, -132.72, 249.99, -0.63518, -0.43659, -0.19074, -0.60791
302, 16, 65.567, -20.963, 54.655, 83.92, 846.74, 533.51, -8.54, -111.65, 249.99, -0.61896, -0.45060, -0.16387, -0.62209
302, 16, 68.786, -24.153, 47.246, 34.18, 550.17, 1168.03, -20.03, -107.34, 249.99, -0.61783, -0.42091, -0.11456, -0.65422
302, 15, 72.961, -26.938, 40.461, 168.27, 463.99, 915.10, -19.81, -83.95, 249.99, -0.60789, -0.39453, -0.07213, -0.68528
302, 15, 77.495, -30.433, 33.616, 368.53, 416.99, 1121.03, -7.29, -99.27, 249.99, -0.59147, -0.37472, -0.02388, -0.71356
302, 16, 81.947, -36.417, 27.869, 959.47, 465.70, 1036.01, -10.49, -69.41, 249.99, -0.56262, -0.37838, 0.03377, -0.73427
302, 16, 87.588, -37.636, 20.855, 854.13, 437.44, 1253.23, -4.33, -16.93, 249.99, -0.54453, -0.35399, 0.06840, -0.75730
302, 15, 92.637, -37.644, 15.108, 778.32, 356.69, 1047.00, 2.60, 16.91, 249.69, -0.52786, -0.33066, 0.09184, -0.77691
303, 7, 66.762, -19.691, 39.445, 498.47, 615.30, 918.46, 32.41, 62.58, 39.79, -0.67025, -0.35772, -0.09218, -0.64367
303, 27, 72.239, -18.793, 38.001, 1073.06, 573.12, 1141.54, 73.94, 170.47, -16.91, -0.64575, -0.34016, -0.10628, -0.67528
303, 16, 75.014, -14.112, 38.498, 764.59, 610.66, 1013.67, 93.22, 249.99, -67.50, -0.64100, -0.31488, -0.14610, -0.68456
303, 16, 77.299, -6.564, 39.255, 279.79, 589.54, 867.92, 79.06, 249.99, -84.47, -0.64480, -0.27334, -0.20163, -0.68474
303, 15, 79.206, 0.722, 41.124, 178.34, 746.64, 854.80, 55.29, 249.99, -116.10, -0.64606, -0.23747, -0.25883, -0.67766
303, 15, 81.345, 8.871, 40.099, -58.17, 528.56, 843.87, 29.97, 249.99, -127.08, -0.65145, -0.17697, -0.30131, -0.67343
303, 16, 81.212, 15.184, 36.510, -78.12, 381.71, 827.33, -8.42, 204.00, -174.19, -0.66641, -0.11723, -0.31370, -0.66614
303, 15, 78.865, 19.134, 34.894, -5.98, 668.40, 939.51, -7.85, 154.27, -250.00, -0.68559, -0.08945, -0.32334, -0.64607
303, 15, 77.319, 23.218, 35.951, -197.20, 897.77, 768.01, -3.13, 121.78, -250.00, -0.69671, -0.07500, -0.34985, -0.62175
303, 16, 74.936, 28.802, 34.274, -526.55, 645.14, 742.31, -8.22, 84.25, -250.00, -0.71291, -0.03783, -0.36947, -0.59483
303, 15, 72.592, 32.773, 32.186, -461.73, 527.95, 603.58, -6.45, 61.43, -250.00, -0.72553, -0.00833, -0.37964, -0.57395
303, 16, 69.774, 34.401, 30.573, -574.40, 691.28, 724.55, 14.93, 3.75, -250.00, -0.73903, 0.00229, -0.38052, -0.55591
303, 16, 67.519, 34.729, 29.296, -527.89, 618.29, 670.10, 23.09, -18.08, -228.58, -0.74967, 0.00505, -0.37630, -0.54440
303, 15, 65.000, 33.722, 28.043, -562.01, 625.18, 743.84, 37.83, -54.82, -218.12, -0.76209, -0.00056, -0.36463, -0.53504
303, 16, 63.242, 33.022, 27.935, -693.18, 575.32, 700.13, 62.11, -81.64, -183.64, -0.77066, -0.00929, -0.35990, -0.52580
303, 15, 62.611, 30.988, 29.712, -771.91, 536.07, 614.81, 99.67, -144.05, -115.97, -0.77429, -0.03445, -0.35571, -0.52227
303, 16, 62.900, 26.075, 33.843, -622.50, 676.33, 589.66, 122.26, -186.47, -68.79, -0.77168, -0.08847, -0.34519, -0.52681
303, 16, 64.111, 19.534, 40.111, -533.02, 946.84, 491.76, 114.00, -202.99, -6.71, -0.75647, -0.16262, -0.33640, -0.53679
303, 15, 65.590, 12.700, 46.161, -419.74, 980.59, 432.01, 88.50, -181.55, 63.25, -0.73121, -0.23481, -0.32714, -0.55061
303, 15, 66.578, 6.782, 51.491, -416.99, 1021.12, 380.92, 64.19, -165.93, 113.96, -0.70346, -0.29686, -0.32051, -0.56061
303, 16, 66.765, 0.038, 53.388, -231.38, 887.82, 609.38, 40.19, -162.82, 157.03, -0.68166, -0.34251, -0.29068, -0.57753
303, 15, 66.952, -4.463, 53.861, -280.94, 801.39, 637.02, 26.84, -152.56, 186.91, -0.66726, -0.36726, -0.26673, -0.59055
303, 15, 67.144, -8.810, 55.418, -304.02, 867.13, 482.54, 10.97, -160.25, 238.56, -0.64831, -0.39681, -0.24919, -0.60011
303, 16, 67.350, -14.032, 53.431, -94.30, 741.82, 657.84, -13.24, -166.78, 249.99, -0.63767, -0.40988, -0.20735, -0.61837
303, 15, 67.324, -20.292, 53.094, 139.04, 705.20, 470.64, -15.95, -150.28, 249.99, -0.61778, -0.43670, -0.16636, -0.63243
303, 17, 69.994, -24.753, 46.117, 179.20, 572.81, 1001.71, -38.86, -120.00, 249.99, -0.61290, -0.41646, -0.10869, -0.66265
303, 15, 71.495, -30.605, 43.907, 409.00, 611.57, 524.66, -28.95, -96.45, 249.99, -0.59117, -0.43107, -0.06426, -0.67865
303, 15, 76.044, -32.496, 35.752, 178.77, 349.12, 918.88, -25.90, -100.06, 249.99, -0.58632, -0.39671, -0.01955, -0.70602
303, 16, 80.098, -36.848, 29.236, 609.74, 429.20, 915.77, -22.23, -97.66, 249.99, -0.56841, -0.38693, 0.03380, -0.72530
303, 15, 85.611, -38.655, 21.603, 669.31, 370.42, 1217.04, -13.71, -70.63, 249.99, -0.55215, -0.36233, 0.07537, -0.74711
303, 16, 88.776, -40.622, 16.577, 971.80, 359.56, 1121.58, -0.21, -39.02, 197.58, -0.54135, -0.35257, 0.10933, -0.75544
303, 16, 89.889, -39.468, 13.492, 788.51, 300.17, 1088.68, 11.35, -0.89, 135.67, -0.54630, -0.33198, 0.12021, -0.75954
303, 15, 87.311, -36.946, 13.882, 685.12, 320.98, 1047.30, 21.00, 14.29, 43.82, -0.56861, -0.31572, 0.11132, -0.75141
303, 15, 83.052, -33.807, 16.568, 544.31, 400.51, 945.13, 24.91, 18.99, -3.15, -0.59696, -0.30672, 0.08780, -0.73611
303, 16, 77.984, -31.744, 20.045, 556.76, 407.65, 840.58, 25.99, 11.70, -49.08, -0.62509, -0.30989, 0.06725, -0.71324
303, 15, 73.109, -29.391, 24.212, 528.56, 536.19, 854.37, 28.55, 11.56, -62.68, -0.64997, -0.31786, 0.04054, -0.68910
