365, 7, 56.576, -20.451, 41.865, 385.74, 707.28, 768.80, -40.56, 22.58, -26.05, -0.71465, -0.38289, -0.06710, -0.58151
365, 28, 58.849, -17.476, 35.693, 238.53, 525.51, 879.88, -49.29, 18.13, -14.49, -0.73043, -0.32971, -0.06292, -0.59482
365, 15, 59.804, -16.847, 36.378, 278.38, 632.32, 901.00, 24.71, 15.49, -7.71, -0.72510, -0.33062, -0.07354, -0.59959
365, 15, 60.400, -16.100, 37.523, 254.33, 748.29, 870.91, 6.28, 13.15, -3.40, -0.72059, -0.33398, -0.08634, -0.60145
365, 16, 60.449, -17.391, 36.951, 385.44, 594.36, 839.78, -14.48, -10.72, -19.36, -0.71862, -0.33631, -0.07473, -0.60406
365, 15, 60.913, -17.002, 36.960, 321.47, 602.78, 863.46, 9.89, 15.43, -21.18, -0.71717, -0.33426, -0.07877, -0.60641
365, 15, 60.478, -17.113, 37.965, 364.50, 714.17, 850.40, 2.43, -0.21, -30.92, -0.71622, -0.34136, -0.08205, -0.60314
365, 16, 60.663, -17.032, 38.712, 295.72, 721.07, 804.63, -5.90, 1.20, -3.40, -0.71322, -0.34551, -0.08708, -0.60362
365, 15, 60.198, -15.478, 39.981, 133.18, 720.52, 727.60, -7.42, -10.77, -14.84, -0.71599, -0.34670, -0.10280, -0.59716
365, 15, 59.323, -14.224, 41.914, 50.96, 687.56, 583.80, -11.16, -34.81, -8.54, -0.71793, -0.35395, -0.11855, -0.58757
365, 16, 59.677, -15.133, 43.014, 77.58, 710.27, 609.25, -16.31, -54.82, 59.17, -0.71021, -0.36452, -0.11921, -0.59036
365, 15, 60.943, -17.671, 43.304, 112.55, 654.48, 597.29, -13.95, -72.61, 122.62, -0.69548, -0.37640, -0.10784, -0.60250
365, 17, 62.724, -21.935, 41.881, 292.54, 602.11, 717.41, -4.12, -79.99, 143.30, -0.67783, -0.38554, -0.07776, -0.62118
365, 15, 64.837, -27.093, 40.421, 452.09, 630.00, 722.84, -3.13, -78.13, 176.10, -0.65453, -0.39911, -0.04275, -0.64068
365, 15, 67.371, -30.816, 37.248, 527.22, 606.87, 872.56, -4.20, -72.57, 176.40, -0.63860, -0.39761, -0.00909, -0.65879
365, 16, 70.355, -34.170, 33.124, 645.32, 526.37, 946.84, -0.99, -65.08, 172.60, -0.62393, -0.39095, 0.02642, -0.67615
365, 15, 73.811, -36.895, 29.143, 753.42, 507.51, 949.34, 6.68, -38.70, 180.50, -0.60748, -0.38423, 0.05582, -0.69297
365, 15, 77.887, -36.706, 24.502, 640.50, 448.36, 1072.20, 11.67, -12.19, 176.76, -0.59820, -0.36106, 0.06986, -0.71198
365, 17, 80.779, -36.862, 21.171, 733.76, 426.94, 1030.88, 14.17, -5.73, 161.16, -0.58987, -0.34657, 0.08274, -0.72463
365, 15, 83.377, -36.903, 17.472, 808.47, 275.33, 1048.22, 20.36, 10.57, 131.09, -0.58413, -0.32991, 0.09887, -0.73497
365, 15, 84.892, -36.697, 14.879, 930.85, 178.16, 1062.87, 39.48, 37.64, 88.41, -0.58224, -0.31687, 0.11012, -0.74058
365, 16, 83.177, -34.519, 15.601, 887.82, 233.52, 1101.38, 65.19, 67.12, 6.39, -0.59691, -0.30603, 0.09777, -0.73518
365, 15, 80.118, -31.882, 17.547, 865.05, 289.25, 1103.33, 64.22, 80.12, -42.78, -0.61798, -0.29848, 0.07807, -0.72313
365, 16, 75.994, -29.364, 20.511, 799.26, 384.52, 948.79, 44.52, 88.87, -84.08, -0.64245, -0.29804, 0.05511, -0.70384
365, 16, 71.854, -26.217, 22.463, 631.71, 348.75, 904.66, 22.57, 83.62, -121.54, -0.67059, -0.29035, 0.03419, -0.68179
365, 15, 68.070, -22.308, 23.965, 433.78, 342.83, 826.78, 8.85, 78.02, -140.01, -0.69872, -0.27787, 0.00949, -0.65916
365, 16, 64.341, -19.020, 25.694, 412.84, 439.70, 905.70, 0.89, 59.20, -157.30, -0.72338, -0.27178, -0.01315, -0.63457
365, 15, 60.859, -17.227, 27.258, 529.48, 553.53, 990.23, -13.75, 50.72, -169.61, -0.74266, -0.27351, -0.02554, -0.61074
365, 15, 58.303, -15.243, 26.598, 421.69, 329.59, 956.24, -11.65, 56.59, -186.31, -0.76190, -0.26030, -0.02983, -0.59234
365, 16, 55.835, -13.647, 29.052, 541.69, 590.21, 927.06, 9.77, 84.95, -189.80, -0.77209, -0.27012, -0.04777, -0.57326
365, 16, 54.399, -10.672, 31.788, 347.41, 461.30, 725.52, 41.41, 122.02, -197.86, -0.77868, -0.27593, -0.07881, -0.55795
365, 16, 54.080, -7.564, 36.129, 392.33, 703.74, 690.00, 48.01, 155.68, -185.11, -0.77559, -0.29171, -0.12073, -0.54662
365, 15, 54.496, -1.934, 41.216, 91.98, 810.97, 567.02, 44.60, 165.11, -189.77, -0.77119, -0.30011, -0.18447, -0.53025
365, 15, 56.145, 3.408, 45.646, -2.20, 800.96, 531.43, 48.30, 170.14, -185.10, -0.76155, -0.30199, -0.24469, -0.51862
365, 16, 59.254, 8.527, 50.400, -163.51, 868.29, 410.89, 42.12, 167.43, -153.82, -0.74393, -0.30116, -0.30678, -0.51163
365, 15, 63.467, 11.653, 54.760, -233.83, 896.97, 361.63, 35.76, 145.06, -100.93, -0.71921, -0.30110, -0.35606, -0.51506
365, 15, 67.534, 11.618, 58.550, -96.74, 952.94, 363.65, 37.69, 118.96, -75.07, -0.69049, -0.31147, -0.38399, -0.52797
365, 16, 71.051, 9.749, 57.424, -60.55, 787.90, 731.75, 35.48, 106.94, -19.02, -0.67259, -0.30306, -0.37794, -0.55941
365, 15, 74.391, 9.587, 57.758, -189.70, 886.84, 676.76, 44.60, 96.37, -13.16, -0.65476, -0.29472, -0.38745, -0.57820
365, 15, 76.513, 12.295, 55.256, -630.49, 676.03, 933.41, 36.75, 58.98, 15.30, -0.65638, -0.25786, -0.39381, -0.58956
365, 16, 78.475, 11.947, 54.958, -472.90, 836.24, 726.14, 37.12, 6.94, 50.01, -0.64604, -0.25143, -0.39486, -0.60292
365, 15, 79.520, 8.360, 51.072, -362.24, 625.06, 1014.28, 14.11, -49.02, 119.90, -0.64049, -0.24724, -0.35783, -0.63294
366, 7, 47.451, -20.561, 37.658, 415.28, 696.11, 833.31, -58.20, 0.60, -138.77, -0.77204, -0.35932, -0.01642, -0.52399
366, 27, 46.025, -16.295, 38.001, 212.40, 556.21, 851.01, -12.07, 2.57, -126.61, -0.78828, -0.34618, -0.04457, -0.50674
366, 15, 44.926, -14.365, 41.054, 217.47, 792.24, 777.71, 8.78, 15.79, -126.89, -0.78829, -0.36062, -0.06854, -0.49381
366, 16, 43.822, -13.145, 43.314, 180.30, 690.49, 677.12, 0.12, -1.99, -124.02, -0.78865, -0.37251, -0.08347, -0.48197
366, 16, 43.969, -14.214, 44.816, 350.71, 732.48, 736.33, 4.94, 8.87, -83.49, -0.78048, -0.38647, -0.08257, -0.48443
366, 15, 43.872, -11.875, 46.515, 104.92, 730.35, 739.07, 20.30, 15.95, -104.83, -0.78080, -0.38988, -0.10617, -0.47651
366, 15, 43.424, -9.335, 49.946, -9.22, 830.75, 569.52, 22.71, 6.02, -96.21, -0.77672, -0.40473, -0.13675, -0.46282
366, 15, 43.332, -6.100, 52.589, -300.78, 795.10, 523.01, 18.06, -29.29, -44.09, -0.77500, -0.41132, -0.16963, -0.44879
366, 15, 43.843, -5.059, 53.375, -387.45, 713.87, 577.88, 6.90, -73.94, 37.30, -0.77247, -0.41212, -0.18175, -0.44767
366, 16, 44.937, -9.825, 54.412, -55.97, 803.41, 571.78, 2.30, -102.70, 121.49, -0.75302, -0.43432, -0.15702, -0.46869
366, 15, 47.183, -15.815, 54.125, -20.45, 793.27, 598.82, -8.28, -112.75, 226.12, -0.72830, -0.45048, -0.12309, -0.50149
366, 15, 49.552, -22.846, 52.833, 193.36, 790.22, 598.88, -22.91, -110.82, 249.99, -0.70080, -0.46426, -0.07804, -0.53595
366, 17, 53.246, -29.661, 47.655, 360.60, 626.95, 804.57, -22.98, -113.15, 249.99, -0.68010, -0.45488, -0.02048, -0.57457
366, 15, 56.912, -38.220, 43.333, 880.62, 712.40, 841.61, -21.77, -106.56, 249.99, -0.64624, -0.46058, 0.04627, -0.60671
366, 15, 64.786, -41.661, 34.180, 731.93, 490.66, 1141.48, -10.81, -47.18, 249.99, -0.62521, -0.42783, 0.08912, -0.64664
366, 16, 73.572, -44.591, 25.254, 926.64, 362.85, 994.69, 10.61, -9.91, 249.99, -0.59561, -0.40196, 0.12801, -0.68358
366, 15, 81.111, -43.063, 18.075, 820.50, 296.69, 1171.39, 40.46, 30.54, 206.93, -0.57869, -0.36584, 0.13743, -0.71581
366, 16, 86.894, -41.543, 12.888, 910.77, 285.58, 1105.90, 42.08, 48.01, 204.77, -0.56225, -0.33829, 0.14409, -0.74073
366, 16, 89.881, -39.220, 9.231, 944.82, 94.79, 1148.93, 52.04, 69.44, 123.99, -0.55890, -0.30987, 0.14708, -0.75497
366, 15, 87.250, -35.706, 10.474, 951.97, 6.65, 1137.63, 98.54, 107.92, -32.49, -0.58100, -0.29090, 0.12702, -0.74946
366, 16, 82.704, -31.538, 15.153, 960.39, 360.05, 1123.35, 94.47, 140.92, -60.01, -0.60847, -0.28548, 0.08471, -0.73559
366, 15, 78.684, -26.815, 18.479, 722.29, 356.75, 964.72, 58.80, 151.13, -86.07, -0.63714, -0.27332, 0.04548, -0.71922
366, 16, 75.011, -20.243, 20.134, 441.04, 298.03, 958.62, 37.78, 153.44, -129.01, -0.67097, -0.24401, 0.00320, -0.70018
366, 16, 70.833, -13.871, 22.413, 238.16, 390.99, 890.63, 18.32, 116.59, -162.48, -0.70423, -0.22240, -0.04229, -0.67291
366, 15, 66.539, -8.497, 23.684, 138.00, 352.78, 753.91, -7.31, 91.58, -204.34, -0.73602, -0.20315, -0.07661, -0.64121
366, 15, 62.434, -5.719, 26.566, 175.66, 617.55, 837.95, -6.30, 47.47, -210.30, -0.75768, -0.21051, -0.10345, -0.60902
366, 16, 59.837, -4.374, 27.112, 180.60, 478.64, 843.69, -18.90, 38.12, -188.13, -0.77231, -0.20973, -0.11067, -0.58932
366, 15, 56.611, -4.441, 28.438, 344.06, 609.74, 921.63, -11.92, 29.12, -220.99, -0.78598, -0.22220, -0.11081, -0.56620
366, 15, 54.525, -4.280, 30.666, 376.65, 649.17, 863.46, 8.19, 60.27, -208.35, -0.79190, -0.23887, -0.11859, -0.54934
366, 16, 54.525, -2.912, 34.471, 321.04, 837.89, 734.62, 12.64, 112.23, -165.70, -0.78581, -0.25872, -0.14626, -0.54238
366, 15, 55.976, 0.069, 39.078, 108.09, 790.71, 563.84, 28.24, 137.47, -138.82, -0.77315, -0.27402, -0.19176, -0.53887
366, 16, 58.797, 3.122, 45.052, 31.43, 1062.74, 396.79, 25.02, 149.91, -110.53, -0.75036, -0.29375, -0.24699, -0.53821
366, 15, 62.585, 6.304, 50.563, -213.07, 920.35, 280.52, 23.75, 120.77, -54.95, -0.72410, -0.30440, -0.30274, -0.53978
366, 15, 66.741, 2.863, 55.241, 332.58, 881.16, 296.57, 40.48, 122.31, -23.34, -0.68332, -0.33932, -0.31647, -0.56372
366, 16, 70.759, 2.844, 58.102, 164.43, 846.74, 474.12, 59.59, 156.19, -50.74, -0.65469, -0.34457, -0.34263, -0.57901
366, 15, 74.305, 7.217, 58.227, -158.75, 768.74, 665.22, 69.60, 159.59, -78.89, -0.64795, -0.31076, -0.37715, -0.58426
367, 8, 43.596, -14.122, 38.954, 335.27, 725.40, 772.89, -37.29, 27.73, -141.86, -0.80102, -0.34590, -0.05724, -0.48523
367, 26, 43.649, -7.867, 40.734, -49.87, 591.06, 775.51, 1.61, 15.62, -125.79, -0.80870, -0.33539, -0.11047, -0.47043
367, 16, 43.786, -7.459, 43.684, 91.98, 857.91, 713.26, 5.89, 9.45, -104.74, -0.80008, -0.35444, -0.12590, -0.46733
367, 15, 43.561, -8.120, 46.053, 213.56, 852.54, 669.43, -4.60, 5.38, -111.85, -0.79209, -0.37358, -0.13009, -0.46487
367, 15, 42.750, -6.016, 47.989, 10.68, 691.47, 635.01, 17.54, 1.31, -144.84, -0.79336, -0.38035, -0.15014, -0.45096
367, 16, 42.057, -2.542, 50.320, -238.10, 724.91, 587.77, 24.83, -19.75, -120.69, -0.79509, -0.38494, -0.18134, -0.43216
367, 15, 42.108, -1.027, 52.549, -408.87, 866.52, 629.70, 22.54, -56.10, -42.37, -0.79017, -0.39478, -0.20040, -0.42382
367, 15, 42.115, -1.772, 54.786, -391.36, 869.93, 539.37, 13.18, -96.06, 19.18, -0.78082, -0.41279, -0.20355, -0.42248
367, 16, 42.793, -3.935, 53.951, -370.67, 573.30, 586.73, 5.81, -125.78, 109.78, -0.77686, -0.41367, -0.18796, -0.43592
367, 15, 43.790, -11.326, 57.528, -88.44, 777.53, 272.58, -1.41, -146.59, 214.40, -0.74160, -0.46131, -0.15484, -0.46180
367, 16, 44.829, -17.380, 56.860, -68.91, 719.73, 525.45, -11.09, -152.99, 249.99, -0.72277, -0.47540, -0.11456, -0.48833
367, 15, 44.258, -24.051, 58.907, 106.08, 906.43, 359.25, -14.39, -157.97, 249.99, -0.69494, -0.50855, -0.07474, -0.50284
367, 15, 46.755, -32.386, 51.394, 434.45, 529.60, 1017.88, -47.11, -168.86, 249.99, -0.68634, -0.48631, 0.00707, -0.54073
367, 16, 50.644, -43.687, 45.150, 1265.75, 493.77, 921.08, -34.08, -140.86, 249.99, -0.64892, -0.48464, 0.10066, -0.57784
367, 16, 62.083, -47.725, 32.662, 1105.96, 288.51, 1364.07, 3.83, -19.17, 249.99, -0.62218, -0.44150, 0.14805, -0.62932
367, 15, 73.931, -48.756, 21.410, 1145.63, 300.17, 1152.71, 29.49, 35.84, 249.99, -0.59213, -0.40303, 0.17517, -0.67547
367, 16, 85.649, -45.173, 11.110, 702.94, 77.76, 1099.12, 62.65, 75.34, 247.12, -0.56571, -0.34944, 0.17894, -0.72515
367, 15, 90.395, -41.798, 8.066, 871.95, 181.03, 1076.42, 87.84, 79.86, 179.46, -0.55269, -0.32114, 0.16675, -0.75073
367, 16, 90.290, -38.484, 9.097, 1000.92, 159.36, 1147.89, 110.98, 102.26, 73.20, -0.55825, -0.30508, 0.14301, -0.75818
367, 16, 85.935, -34.611, 13.829, 923.83, 259.28, 1032.71, 119.54, 125.77, -36.52, -0.58352, -0.29986, 0.10246, -0.74772
367, 15, 81.277, -29.217, 18.272, 673.52, 344.79, 995.36, 92.86, 129.46, -72.78, -0.61544, -0.28743, 0.05476, -0.73186
367, 16, 76.232, -23.018, 22.018, 449.58, 399.23, 946.04, 57.95, 113.53, -124.56, -0.65300, -0.27080, 0.00610, -0.70726
367, 16, 70.277, -19.105, 24.358, 555.79, 401.00, 953.92, 18.16, 89.95, -205.33, -0.69247, -0.26314, -0.01883, -0.67148
367, 15, 65.153, -15.463, 25.227, 426.51, 378.66, 987.98, 1.17, 66.11, -221.08, -0.72773, -0.25049, -0.03623, -0.63745
367, 16, 60.320, -12.797, 24.982, 375.18, 305.97, 902.16, -16.62, 57.12, -250.00, -0.75974, -0.23709, -0.04271, -0.60396
367, 15, 55.458, -10.873, 28.729, 423.03, 714.17, 881.23, -3.07, 48.49, -250.00, -0.78018, -0.25538, -0.06482, -0.56736
367, 15, 52.366, -7.274, 29.699, 147.40, 486.94, 859.07, -12.87, 52.04, -238.55, -0.79939, -0.24777, -0.08823, -0.54018
367, 16, 49.313, -5.260, 31.678, 209.59, 632.69, 807.68, -19.60, 44.09, -248.70, -0.81235, -0.25543, -0.10507, -0.51361
367, 15, 46.584, -3.151, 35.888, 161.32, 862.43, 687.74, -3.46, 41.82, -250.00, -0.81773, -0.27935, -0.13227, -0.48558
367, 15, 45.730, -0.715, 38.601, 53.41, 697.94, 639.71, -5.33, 61.02, -213.75, -0.81824, -0.28983, -0.15897, -0.47032
367, 16, 46.268, 0.767, 41.622, 78.92, 820.13, 694.34, 13.99, 76.13, -178.70, -0.81042, -0.30444, -0.18324, -0.46579
367, 15, 49.098, 1.802, 44.657, 75.56, 904.79, 654.60, 8.74, 117.49, -115.40, -0.79216, -0.31648, -0.21061, -0.47746
367, 15, 52.646, 2.474, 47.267, 54.75, 879.64, 597.66, 4.31, 125.57, -83.85, -0.77094, -0.32445, -0.23614, -0.49459
367, 16, 57.501, 3.004, 49.052, 16.91, 842.41, 597.47, -0.89, 150.25, -34.56, -0.74536, -0.32329, -0.26124, -0.52123
367, 15, 61.699, 6.882, 51.911, -218.51, 783.63, 435.06, 14.07, 149.53, -64.80, -0.72574, -0.31240, -0.31013, -0.52870
367, 16, 65.987, 9.117, 55.509, -270.75, 858.28, 371.52, 26.21, 116.87, -32.10, -0.70056, -0.31105, -0.35169, -0.53738
367, 15, 69.291, 10.145, 55.924, -280.64, 763.12, 592.16, 34.70, 84.29, -18.54, -0.68596, -0.29776, -0.36820, -0.55247
367, 15, 72.479, 8.431, 54.521, -83.13, 708.13, 752.62, 36.40, 86.62, 3.85, -0.66991, -0.28864, -0.36003, -0.58162
367, 16, 75.511, 8.485, 51.232, -245.24, 575.07, 1051.45, 39.20, 85.41, 33.04, -0.66215, -0.25981, -0.35049, -0.60927
367, 15, 79.036, 10.286, 51.337, -522.03, 751.34, 802.31, 46.17, 62.00, 70.17, -0.64699, -0.23889, -0.36821, -0.62351
368, 8, 39.488, -17.568, 40.565, 147.89, 673.10, 747.13, -65.91, -3.98, -131.03, -0.80482, -0.37044, -0.02560, -0.46302
368, 27, 37.757, -17.679, 42.521, 321.23, 732.85, 762.63, -48.71, -13.21, -122.38, -0.80499, -0.38493, -0.02687, -0.45066
368, 15, 38.333, -16.093, 39.481, 191.41, 330.14, 910.52, -14.10, 2.69, -131.57, -0.81639, -0.35831, -0.02861, -0.45199
368, 16, 37.272, -13.852, 44.072, 117.61, 836.98, 699.95, 28.31, 5.06, -133.58, -0.81079, -0.38426, -0.05970, -0.43750
368, 15, 36.571, -11.262, 47.868, -35.16, 863.10, 665.10, 21.10, -11.09, -109.08, -0.80619, -0.40351, -0.09065, -0.42311
368, 15, 36.409, -9.787, 50.843, -90.94, 809.14, 583.31, 11.02, -31.43, -63.10, -0.79934, -0.41999, -0.11170, -0.41495
368, 16, 36.493, -9.107, 53.418, -213.32, 780.64, 509.89, 5.51, -65.28, 1.12, -0.79092, -0.43572, -0.12619, -0.41069
368, 15, 37.122, -11.719, 54.934, -126.71, 786.01, 532.17, -4.25, -99.88, 91.09, -0.77667, -0.45321, -0.11546, -0.42196
368, 15, 38.143, -15.893, 55.988, -94.67, 814.21, 501.71, -16.81, -117.57, 171.93, -0.75778, -0.47138, -0.09384, -0.44131
368, 16, 40.538, -20.091, 53.055, -194.70, 650.21, 673.28, -32.25, -139.56, 249.99, -0.74822, -0.46252, -0.06197, -0.47159
368, 16, 42.150, -26.499, 51.476, 105.47, 688.66, 557.92, -44.18, -160.61, 249.99, -0.72767, -0.47015, -0.01595, -0.49919
368, 15, 45.619, -37.001, 45.660, 845.83, 675.48, 974.91, -64.86, -156.11, 249.99, -0.69812, -0.46452, 0.07166, -0.54011
368, 16, 53.358, -45.115, 36.197, 1069.03, 421.39, 1047.49, -53.92, -90.35, 249.99, -0.66541, -0.44068, 0.14511, -0.58479
368, 15, 64.697, -48.147, 24.261, 998.84, 320.19, 1206.48, -27.80, -31.74, 249.99, -0.63704, -0.40089, 0.18745, -0.63114
368, 16, 74.472, -46.588, 14.963, 565.12, 157.96, 898.99, 10.36, 3.92, 206.10, -0.61772, -0.35886, 0.19811, -0.67111
368, 16, 82.646, -46.675, 9.092, 929.32, 301.15, 973.45, 34.34, 4.94, 249.99, -0.58639, -0.34298, 0.20882, -0.70350
368, 15, 91.392, -44.594, 1.913, 970.58, 27.65, 1149.72, 57.36, 37.73, 237.37, -0.55691, -0.31073, 0.21816, -0.73872
368, 16, 94.038, -42.355, 0.540, 1089.36, -90.94, 1157.47, 112.27, 66.97, 114.65, -0.54778, -0.29454, 0.20920, -0.75460
368, 15, 90.162, -38.706, 6.039, 1015.50, 91.98, 1126.89, 158.58, 114.81, -8.26, -0.56656, -0.29132, 0.16467, -0.75301
368, 15, 84.179, -34.657, 13.391, 821.72, 253.97, 903.32, 149.85, 132.25, -74.68, -0.59594, -0.29625, 0.11013, -0.73821
368, 16, 77.816, -28.157, 21.094, 460.08, 493.65, 821.90, 104.13, 120.74, -101.94, -0.63278, -0.29522, 0.03940, -0.71476
368, 16, 72.751, -22.773, 23.585, 418.76, 341.86, 935.85, 45.32, 73.13, -147.59, -0.67102, -0.27834, 0.00336, -0.68721
368, 15, 66.322, -21.190, 25.407, 680.73, 326.23, 936.28, 14.25, 40.60, -231.15, -0.70787, -0.28087, -0.00184, -0.64809
368, 16, 61.192, -19.299, 26.090, 607.30, 297.00, 975.22, 6.65, 46.75, -236.73, -0.73895, -0.27595, -0.00590, -0.61463
368, 15, 56.603, -17.177, 28.072, 595.83, 556.15, 1068.66, -4.90, 48.89, -229.70, -0.76297, -0.27947, -0.01986, -0.58257
368, 16, 52.840, -15.146, 27.673, 490.84, 351.62, 985.72, -23.33, 54.09, -250.00, -0.78698, -0.26839, -0.02330, -0.55506
368, 16, 49.069, -12.849, 29.966, 411.32, 604.37, 922.79, -16.95, 53.92, -250.00, -0.80397, -0.27557, -0.04176, -0.52531
368, 15, 46.195, -9.499, 31.220, 199.40, 525.21, 888.12, -17.56, 49.13, -250.00, -0.82010, -0.27211, -0.06501, -0.49916
368, 16, 44.418, -7.668, 32.008, 211.98, 420.65, 713.99, -14.80, 59.02, -235.11, -0.82898, -0.27161, -0.07767, -0.48268
368, 15, 43.389, -5.746, 36.452, 205.44, 768.31, 632.39, 5.30, 74.21, -208.54, -0.82543, -0.29706, -0.10770, -0.46779
368, 15, 43.937, -1.091, 39.698, -89.78, 688.05, 625.49, 8.61, 93.83, -182.04, -0.82211, -0.30166, -0.15608, -0.45693
368, 16, 44.825, -0.594, 43.296, 223.69, 854.98, 650.15, 23.69, 91.19, -176.70, -0.80951, -0.32402, -0.17640, -0.45671
368, 15, 47.741, 0.008, 46.148, 174.80, 839.66, 635.56, 18.22, 129.62, -119.71, -0.79050, -0.33671, -0.20056, -0.47065
368, 15, 51.127, 3.138, 48.843, -28.93, 756.90, 551.27, 23.67, 153.86, -124.44, -0.77403, -0.33533, -0.24288, -0.47901
368, 16, 55.631, 9.222, 51.717, -439.76, 792.66, 486.51, 23.99, 160.40, -89.32, -0.75726, -0.31615, -0.30705, -0.48200
368, 15, 60.505, 11.088, 54.687, -358.64, 921.33, 491.64, 24.57, 123.49, -38.76, -0.73146, -0.31255, -0.34451, -0.49858
368, 15, 64.943, 9.681, 55.954, -164.67, 900.94, 599.55, 22.35, 102.01, -7.47, -0.70538, -0.31408, -0.35413, -0.52762
368, 16, 68.435, 8.008, 54.443, -68.79, 759.83, 795.65, 26.66, 97.44, -7.79, -0.68929, -0.30293, -0.34685, -0.55928
368, 15, 72.146, 7.921, 55.044, -206.30, 765.56, 600.65, 33.67, 84.95, 21.85, -0.66908, -0.29554, -0.35905, -0.57972
369, 7, 40.581, -10.304, 40.281, 88.75, 605.65, 849.55, -12.33, 5.44, -137.11, -0.81760, -0.34356, -0.08171, -0.45478
369, 27, 40.666, -11.511, 45.106, 247.92, 836.61, 718.02, -2.61, 10.17, -110.37, -0.79942, -0.38168, -0.09228, -0.45468
369, 16, 40.539, -11.171, 46.962, 193.24, 775.27, 630.55, -17.79, 13.19, -107.47, -0.79440, -0.39356, -0.10165, -0.45133
369, 15, 40.832, -10.259, 48.383, 59.75, 754.39, 566.77, -32.80, 4.37, -74.89, -0.79041, -0.40006, -0.11483, -0.44947
369, 15, 42.752, -11.437, 47.003, 110.17, 640.81, 804.38, -6.36, -8.71, -14.53, -0.78478, -0.39273, -0.10750, -0.46726
369, 15, 44.735, -10.881, 48.698, 42.24, 856.51, 770.63, 27.75, 20.43, -10.31, -0.77206, -0.40027, -0.12531, -0.47749
369, 15, 45.300, -9.102, 51.193, -168.09, 904.24, 612.24, 13.03, -19.45, -12.05, -0.76517, -0.40994, -0.15015, -0.47320
369, 16, 46.664, -7.975, 51.916, -331.18, 672.91, 534.97, 1.78, -56.03, 72.29, -0.75962, -0.40874, -0.16583, -0.47791
369, 15, 48.726, -10.810, 53.053, -286.80, 817.99, 556.40, 3.18, -98.67, 182.77, -0.73957, -0.42380, -0.15871, -0.49823
369, 15, 50.699, -16.619, 54.356, -55.42, 790.41, 424.38, -10.86, -116.63, 249.99, -0.70924, -0.45084, -0.13244, -0.52554
369, 16, 52.579, -21.700, 52.392, 41.56, 798.77, 642.33, -30.12, -125.30, 249.99, -0.69200, -0.45528, -0.09598, -0.55195
369, 16, 54.598, -27.453, 49.457, 247.80, 766.72, 688.35, -35.99, -128.64, 249.99, -0.67400, -0.45725, -0.05015, -0.57804
369, 16, 58.826, -33.980, 42.106, 487.98, 553.71, 940.00, -52.41, -123.82, 249.99, -0.65702, -0.43832, 0.01629, -0.61313
369, 15, 64.399, -39.666, 34.353, 731.14, 508.48, 1055.54, -36.09, -106.51, 243.90, -0.63427, -0.42002, 0.07635, -0.64456
369, 15, 72.248, -44.638, 24.842, 897.40, 296.26, 978.39, -27.37, -69.76, 245.93, -0.60473, -0.39852, 0.13537, -0.67613
369, 17, 80.588, -45.689, 15.899, 846.25, 267.21, 1092.29, 0.19, -34.81, 241.38, -0.58081, -0.36870, 0.16777, -0.70610
369, 15, 86.587, -46.204, 8.930, 1131.41, 68.36, 1196.59, 24.57, -14.27, 168.89, -0.56360, -0.34635, 0.19542, -0.72402
369, 15, 87.588, -43.710, 7.798, 1034.24, 74.83, 1158.33, 80.83, 48.53, 69.74, -0.56698, -0.32736, 0.18643, -0.73254
369, 16, 85.602, -40.538, 10.147, 1104.68, 136.17, 1194.70, 110.21, 88.77, 5.23, -0.58098, -0.31684, 0.15991, -0.73247
369, 15, 80.948, -36.250, 15.033, 989.62, 212.46, 1092.10, 124.13, 124.23, -79.25, -0.60814, -0.31112, 0.11739, -0.72083
369, 15, 75.529, -30.697, 20.548, 764.34, 334.72, 945.37, 107.29, 146.80, -131.01, -0.64169, -0.30541, 0.06434, -0.70059
369, 17, 70.965, -23.757, 25.060, 418.15, 419.80, 807.50, 65.61, 135.38, -141.12, -0.67553, -0.29226, 0.00531, -0.67692
369, 15, 67.491, -18.533, 26.682, 379.03, 403.44, 898.56, 26.24, 96.76, -155.25, -0.70444, -0.27485, -0.02946, -0.65372
369, 16, 63.916, -16.794, 28.161, 648.62, 509.03, 1019.59, 12.05, 71.77, -177.49, -0.72492, -0.27629, -0.04070, -0.62969
369, 15, 60.777, -14.491, 28.845, 516.36, 392.76, 837.10, 2.47, 97.47, -205.86, -0.74534, -0.27058, -0.05251, -0.60704
369, 16, 57.042, -9.688, 32.281, 216.61, 657.04, 809.63, 10.80, 80.12, -226.62, -0.76639, -0.27274, -0.09444, -0.57388
369, 16, 53.200, -5.171, 34.285, 47.18, 574.71, 731.38, -7.19, 33.26, -250.00, -0.78869, -0.26932, -0.12657, -0.53797
369, 15, 50.059, -3.459, 35.985, 120.24, 728.21, 855.22, -9.61, 3.13, -234.10, -0.80190, -0.27722, -0.13893, -0.51070
369, 15, 48.177, -2.713, 36.659, 164.55, 720.34, 904.97, -19.03, 16.31, -211.43, -0.80972, -0.28109, -0.14260, -0.49499
369, 16, 46.451, -2.172, 38.757, 240.84, 883.48, 845.83, -11.81, 31.89, -221.67, -0.81263, -0.29591, -0.15103, -0.47881
369, 15, 45.565, 0.350, 39.977, 87.71, 739.99, 778.99, -13.78, 70.64, -232.44, -0.81696, -0.29556, -0.17176, -0.46445
369, 15, 45.996, 1.906, 41.282, 93.81, 735.90, 749.27, -4.26, 85.11, -198.96, -0.81408, -0.29780, -0.18918, -0.46131
369, 16, 47.378, 3.926, 43.774, 31.98, 837.04, 612.98, -8.36, 105.47, -181.92, -0.80482, -0.30454, -0.21695, -0.46093
369, 15, 50.369, 5.007, 45.793, 14.71, 771.00, 532.17, -19.69, 120.41, -126.21, -0.78879, -0.30796, -0.24056, -0.47445
369, 15, 54.995, 7.906, 47.739, -265.14, 749.69, 539.55, -5.51, 131.98, -56.77, -0.76853, -0.29749, -0.28008, -0.49236
369, 15, 59.826, 8.485, 50.527, -169.43, 855.71, 488.53, 3.16, 121.05, -31.57, -0.74096, -0.30065, -0.30859, -0.51514
369, 15, 64.829, 7.632, 52.088, -134.40, 805.60, 568.36, 11.57, 112.74, 14.27, -0.71209, -0.30106, -0.32383, -0.54537
369, 16, 69.722, 6.091, 53.006, -70.07, 691.53, 541.69, 21.65, 110.56, 40.83, -0.68239, -0.30073, -0.33225, -0.57751
369, 15, 74.424, 5.022, 53.682, -93.26, 773.32, 617.19, 26.48, 107.33, 60.78, -0.65378, -0.29666, -0.34205, -0.60628
369, 15, 78.852, 4.830, 53.098, -184.02, 717.83, 701.84, 33.94, 92.37, 92.57, -0.63081, -0.28111, -0.34902, -0.63343
369, 16, 83.685, 5.771, 55.606, -476.62, 850.95, 502.20, 40.55, 66.41, 158.90, -0.60023, -0.27372, -0.37956, -0.64864
369, 15, 86.844, 3.458, 52.545, -295.41, 674.62, 1086.79, 35.35, 17.30, 174.37, -0.58253, -0.26166, -0.35779, -0.68130
369, 15, 90.372, 2.105, 49.819, -467.35, 670.78, 1056.40, 19.52, -5.34, 227.01, -0.56332, -0.24562, -0.34247, -0.71067
369, 16, 91.820, 0.821, 52.379, -303.89, 769.23, 478.15, 32.00, -62.52, 191.67, -0.54491, -0.26164, -0.35547, -0.71292
369, 16, 93.161, -2.287, 48.072, -286.01, 367.61, 827.51, 10.63, -103.26, 249.99, -0.53685, -0.25699, -0.31643, -0.73866
369, 16, 93.687, -11.027, 49.105, 299.01, 702.09, 591.92, 21.89, -118.93, 249.99, -0.50324, -0.31508, -0.28183, -0.75368
370, 7, 40.247, -12.059, 41.294, 188.78, 634.09, 783.69, -33.09, 36.13, -150.08, -0.81216, -0.35704, -0.07176, -0.45582
370, 26, 40.076, -8.425, 44.692, 18.37, 714.29, 636.41, -27.31, 14.69, -125.25, -0.80967, -0.36881, -0.11121, -0.44277
370, 16, 40.379, -8.540, 46.365, 86.24, 726.75, 724.67, 12.06, -8.00, -92.33, -0.80279, -0.38067, -0.11783, -0.44354
370, 15, 41.073, -8.207, 48.575, 16.66, 755.55, 669.37, 24.08, -4.97, -65.56, -0.79333, -0.39417, -0.13115, -0.44503
370, 15, 41.233, -7.929, 51.605, -73.55, 789.73, 542.11, 23.16, -35.16, -37.96, -0.78264, -0.41387, -0.14542, -0.44164
370, 16, 41.888, -7.793, 53.232, -197.88, 749.33, 600.46, 25.04, -59.60, 21.92, -0.77447, -0.42360, -0.15505, -0.44352
370, 15, 43.572, -9.704, 53.177, -242.92, 781.31, 731.14, 15.84, -85.01, 115.60, -0.76351, -0.42754, -0.14771, -0.46092
370, 16, 45.516, -13.424, 54.281, -200.81, 816.83, 548.52, 4.79, -106.39, 196.84, -0.74163, -0.44516, -0.13380, -0.48365
370, 15, 47.745, -17.378, 53.537, -214.05, 800.96, 622.07, -11.34, -123.25, 249.99, -0.72351, -0.45155, -0.11189, -0.51002
370, 15, 49.872, -22.275, 50.850, -17.27, 744.69, 714.66, -29.88, -141.51, 249.99, -0.70908, -0.44990, -0.07399, -0.53788
370, 17, 52.226, -31.803, 47.347, 552.98, 680.18, 728.76, -37.71, -147.25, 249.99, -0.67866, -0.46052, 0.00002, -0.57214
370, 15, 57.454, -38.414, 39.549, 673.52, 562.81, 1080.99, -43.37, -122.06, 249.99, -0.65749, -0.44002, 0.06554, -0.60811
370, 15, 64.591, -45.743, 31.334, 1079.04, 402.22, 920.17, -24.73, -79.51, 249.99, -0.62120, -0.42933, 0.13278, -0.64199
370, 16, 75.727, -47.480, 19.367, 938.35, 175.17, 1163.21, -1.22, -16.76, 249.99, -0.59299, -0.38878, 0.17335, -0.68349
370, 16, 83.122, -46.123, 12.903, 1010.62, 216.67, 1156.25, 59.39, 30.37, 194.00, -0.57332, -0.35990, 0.18073, -0.71352
370, 15, 86.229, -42.144, 10.770, 912.17, 131.53, 1179.20, 97.20, 77.98, 103.78, -0.57112, -0.33054, 0.16292, -0.73350
370, 16, 85.623, -38.291, 12.904, 919.98, 242.80, 1110.35, 120.95, 100.40, 49.04, -0.57889, -0.31723, 0.12976, -0.73988
370, 15, 83.313, -34.315, 16.286, 922.30, 230.77, 1043.09, 131.52, 132.21, -19.65, -0.59473, -0.30848, 0.09184, -0.73669
370, 17, 78.566, -28.937, 21.228, 728.70, 297.30, 946.11, 126.90, 145.47, -113.12, -0.62573, -0.30067, 0.04133, -0.71858
370, 15, 72.758, -23.271, 26.574, 683.04, 506.53, 953.98, 88.26, 138.65, -177.91, -0.66220, -0.29845, -0.01143, -0.68724
370, 15, 68.586, -16.974, 27.597, 415.28, 393.62, 1020.02, 35.69, 112.14, -195.22, -0.69960, -0.27191, -0.04751, -0.65907
370, 16, 64.449, -14.279, 28.140, 531.49, 404.72, 974.06, 9.81, 81.05, -213.02, -0.72760, -0.26321, -0.05869, -0.63077
370, 15, 59.887, -11.700, 29.712, 547.18, 578.92, 945.19, -9.41, 84.50, -250.00, -0.75383, -0.26319, -0.07410, -0.59748
370, 16, 56.237, -8.638, 29.975, 326.97, 481.38, 985.53, -4.89, 66.67, -250.00, -0.77769, -0.25294, -0.08840, -0.56869
370, 16, 53.166, -4.810, 30.750, 128.85, 493.65, 796.45, -18.24, 66.54, -250.00, -0.79735, -0.24327, -0.11240, -0.54076
370, 15, 50.046, -0.981, 34.469, -36.32, 852.05, 695.68, -18.26, 34.49, -250.00, -0.80928, -0.25579, -0.14972, -0.50717
370, 15, 47.733, 2.197, 35.669, -73.67, 655.52, 758.79, -17.00, 26.21, -250.00, -0.82082, -0.25378, -0.17232, -0.48183
370, 16, 46.713, 2.989, 37.790, 20.63, 842.04, 765.44, -13.34, 23.90, -212.30, -0.82121, -0.26719, -0.18443, -0.46926
370, 15, 47.091, 3.702, 39.322, 8.30, 732.85, 714.60, -10.96, 50.03, -178.57, -0.81693, -0.27450, -0.19662, -0.46756
370, 15, 49.140, 3.613, 42.049, 78.43, 987.98, 745.18, -3.18, 79.42, -128.47, -0.80164, -0.29048, -0.21230, -0.47741
370, 15, 51.730, 4.211, 44.418, 95.40, 912.11, 632.39, -12.51, 115.13, -129.75, -0.78550, -0.29923, -0.23303, -0.48903
370, 15, 56.069, 5.310, 45.876, 1.10, 752.20, 542.54, -28.28, 149.10, -76.19, -0.76451, -0.29474, -0.25791, -0.51199
370, 16, 60.710, 10.699, 48.103, -301.09, 575.50, 366.82, -6.68, 159.00, -71.54, -0.74668, -0.27145, -0.31341, -0.52016
370, 15, 65.431, 15.095, 51.466, -425.17, 724.91, 349.06, 13.87, 134.19, -65.99, -0.72430, -0.25612, -0.36560, -0.52549
370, 15, 70.860, 14.894, 53.813, -266.48, 764.77, 478.88, 24.19, 122.16, -2.88, -0.69318, -0.25389, -0.38761, -0.55208
370, 17, 76.129, 13.076, 55.428, -206.42, 884.34, 596.92, 26.47, 116.04, 31.68, -0.65972, -0.25568, -0.39782, -0.58406
370, 15, 79.972, 13.108, 52.848, -414.43, 604.74, 858.03, 27.03, 87.95, 70.47, -0.64512, -0.22754, -0.39259, -0.61474
370, 15, 84.725, 12.898, 54.030, -542.72, 845.46, 690.73, 35.91, 65.67, 124.50, -0.61637, -0.21872, -0.40729, -0.63747
370, 16, 87.169, 9.468, 50.665, -344.24, 593.44, 1005.07, 20.94, -4.62, 156.71, -0.60038, -0.21378, -0.37642, -0.67242
371, 7, 42.088, -3.835, 43.585, -96.01, 582.76, 731.87, 16.61, -26.79, -130.35, -0.81399, -0.34234, -0.14643, -0.44585
371, 27, 42.173, -3.283, 50.004, -180.60, 1005.31, 707.95, 27.28, -35.15, -83.30, -0.79430, -0.38526, -0.17533, -0.43581
371, 15, 42.384, -2.562, 50.811, -244.45, 721.68, 682.86, 17.66, -52.86, -45.41, -0.79216, -0.38790, -0.18416, -0.43371
371, 15, 42.718, -2.817, 51.296, -307.68, 697.33, 688.48, 21.13, -82.76, 1.90, -0.78875, -0.39163, -0.18535, -0.43605
371, 16, 44.196, -6.807, 52.056, -186.22, 780.09, 667.97, 11.18, -105.88, 106.68, -0.77191, -0.40899, -0.16569, -0.45763
371, 15, 46.400, -11.479, 53.066, -159.18, 764.22, 543.76, 0.97, -108.13, 189.66, -0.74775, -0.42941, -0.14550, -0.48509
371, 15, 48.422, -15.909, 53.942, -186.04, 803.41, 498.05, -5.91, -121.63, 242.84, -0.72328, -0.44830, -0.12649, -0.50980
371, 16, 51.236, -23.035, 50.607, 198.18, 731.26, 771.42, -17.37, -126.66, 249.99, -0.70110, -0.45018, -0.07292, -0.54816
371, 15, 54.725, -28.713, 46.782, 348.88, 815.67, 893.07, -20.14, -106.81, 249.99, -0.67944, -0.44599, -0.02845, -0.58194
371, 17, 59.241, -34.026, 41.081, 516.97, 702.09, 932.07, -36.76, -94.22, 249.99, -0.65853, -0.43268, 0.02052, -0.61539
371, 15, 64.902, -37.424, 33.988, 566.71, 640.14, 1058.17, -46.67, -76.76, 249.99, -0.64097, -0.40860, 0.06172, -0.64684
371, 15, 71.787, -41.091, 26.374, 659.67, 389.95, 816.04, -28.61, -46.42, 249.99, -0.61462, -0.38889, 0.10561, -0.67812
371, 16, 79.886, -42.687, 18.042, 925.90, 341.31, 1121.70, -4.02, -9.87, 249.99, -0.58758, -0.36211, 0.13933, -0.71008
371, 15, 86.773, -42.509, 11.590, 1020.75, 210.02, 1151.25, 36.69, 28.47, 216.96, -0.56428, -0.33757, 0.15806, -0.73665
371, 16, 87.962, -40.708, 10.753, 1111.15, 157.41, 1132.63, 86.53, 74.10, 86.75, -0.56365, -0.32409, 0.15033, -0.74476
371, 16, 84.374, -36.026, 15.256, 851.44, 265.08, 1012.88, 129.91, 123.84, -25.02, -0.58628, -0.31429, 0.10533, -0.73919
371, 15, 79.064, -29.449, 22.081, 656.92, 495.85, 995.73, 129.46, 139.60, -89.20, -0.61898, -0.30841, 0.03774, -0.72134
371, 15, 74.804, -22.803, 26.527, 504.21, 457.95, 958.86, 100.52, 131.29, -127.22, -0.65116, -0.29534, -0.01938, -0.69885
371, 17, 71.791, -18.743, 28.618, 555.11, 418.70, 914.00, 62.84, 119.64, -136.80, -0.67419, -0.28613, -0.04989, -0.67905
371, 15, 67.918, -13.924, 29.401, 353.52, 436.04, 953.06, 23.97, 83.49, -184.79, -0.70605, -0.26721, -0.07612, -0.65138
371, 16, 63.277, -10.871, 30.229, 443.30, 545.10, 1052.06, 3.85, 61.13, -233.92, -0.73635, -0.26001, -0.09020, -0.61810
371, 15, 59.315, -7.784, 29.643, 323.43, 441.16, 1013.79, -7.61, 63.46, -250.00, -0.76440, -0.24409, -0.09931, -0.58843
371, 15, 55.738, -6.085, 31.046, 419.43, 678.65, 987.49, -9.84, 64.89, -250.00, -0.78228, -0.24870, -0.11039, -0.56036
371, 16, 53.029, -4.322, 30.347, 294.68, 452.82, 957.15, -12.85, 66.51, -250.00, -0.79960, -0.23836, -0.11366, -0.53935
371, 15, 50.887, -1.175, 31.515, 120.85, 551.15, 763.12, -17.17, 83.36, -250.00, -0.81157, -0.23470, -0.13694, -0.51722
371, 15, 49.119, 3.268, 34.671, -101.26, 750.12, 680.18, -5.41, 69.24, -250.00, -0.81836, -0.23986, -0.17866, -0.49074
371, 16, 48.957, 5.939, 36.337, -58.72, 600.83, 615.97, -10.52, 74.33, -215.33, -0.81850, -0.24022, -0.20416, -0.48028
371, 15, 50.302, 7.928, 39.478, -126.22, 847.78, 641.24, 2.97, 77.29, -169.71, -0.80826, -0.25104, -0.23395, -0.47851
371, 15, 52.819, 8.186, 42.849, -3.66, 948.79, 579.65, -3.43, 91.29, -135.06, -0.79030, -0.26800, -0.25561, -0.48812
371, 16, 56.382, 8.892, 45.016, -68.91, 754.03, 504.88, -18.04, 113.13, -96.33, -0.77070, -0.27112, -0.27801, -0.50520
371, 15, 60.551, 12.729, 47.063, -392.03, 692.99, 473.69, -3.93, 115.46, -65.12, -0.75277, -0.25475, -0.32075, -0.51533
371, 15, 64.956, 15.323, 49.857, -486.21, 838.20, 469.36, 9.25, 95.30, -42.49, -0.73036, -0.24619, -0.35847, -0.52675
371, 16, 69.439, 14.462, 51.258, -285.89, 842.53, 619.08, 15.08, 89.86, -7.49, -0.70482, -0.24541, -0.36984, -0.55337
371, 15, 73.777, 12.304, 53.154, -51.33, 802.43, 519.29, 19.96, 105.45, -12.76, -0.67508, -0.25480, -0.37701, -0.58070
371, 16, 77.627, 12.941, 52.845, -290.53, 721.86, 651.79, 19.94, 100.72, 8.97, -0.65722, -0.23649, -0.38699, -0.60198
371, 15, 81.181, 14.161, 51.356, -474.00, 664.06, 817.26, 28.49, 81.93, 51.11, -0.64371, -0.20867, -0.39205, -0.62321
371, 15, 84.943, 13.696, 49.972, -568.48, 748.35, 936.22, 19.94, 45.91, 116.66, -0.62422, -0.19106, -0.38867, -0.65022
371, 16, 86.645, 10.060, 45.677, -122.13, 453.19, 1145.75, 16.96, 11.47, 96.53, -0.61353, -0.18527, -0.34884, -0.68378
371, 15, 89.379, 9.394, 44.294, -443.05, 558.29, 853.58, 16.51, -12.11, 156.86, -0.59771, -0.17400, -0.34153, -0.70415
371, 15, 92.342, 4.944, 41.824, -238.16, 513.67, 992.07, 13.47, -53.52, 227.82, -0.57303, -0.18205, -0.30927, -0.73678
371, 16, 95.257, 2.797, 42.774, -331.79, 571.29, 658.14, 23.81, -73.33, 249.99, -0.54743, -0.19304, -0.31008, -0.75293
371, 15, 96.458, -1.872, 40.867, -144.90, 493.35, 827.82, 9.26, -129.08, 249.99, -0.53101, -0.21214, -0.27764, -0.77197
371, 15, 96.907, -7.280, 42.098, 19.41, 780.21, 757.26, 2.24, -140.60, 249.99, -0.51074, -0.25253, -0.26120, -0.77920
371, 16, 96.457, -13.102, 39.476, 153.14, 614.81, 887.82, -30.46, -168.93, 249.99, -0.50302, -0.27992, -0.21387, -0.78922
371, 16, 95.379, -20.424, 36.629, 575.68, 666.02, 1017.76, -39.81, -156.91, 219.65, -0.49596, -0.31637, -0.15453, -0.79376
371, 16, 92.372, -25.331, 34.729, 656.98, 646.61, 941.53, -38.60, -136.76, 145.09, -0.50698, -0.34221, -0.10713, -0.78383
372, 7, 41.582, -3.309, 50.336, -183.23, 711.91, 601.20, 32.94, -64.63, -41.39, -0.79537, -0.38855, -0.17440, -0.43128
372, 27, 45.145, -8.227, 53.533, -225.10, 833.50, 632.39, 24.24, -74.71, 106.45, -0.75941, -0.42257, -0.16525, -0.46628
372, 15, 47.417, -10.316, 56.087, -459.53, 970.34, 453.80, 13.81, -83.21, 201.63, -0.73502, -0.44340, -0.17013, -0.48394
372, 15, 49.300, -14.117, 55.882, -315.98, 893.31, 588.87, -13.66, -118.71, 249.99, -0.71701, -0.45308, -0.15080, -0.50781
372, 16, 51.036, -20.176, 53.898, 61.40, 847.05, 671.57, -30.42, -130.43, 249.99, -0.69830, -0.46036, -0.10739, -0.53750
372, 15, 53.333, -30.629, 50.321, 700.32, 712.10, 720.64, -36.60, -123.62, 249.99, -0.66532, -0.47386, -0.02753, -0.57624
372, 16, 58.793, -37.686, 42.282, 726.56, 524.84, 945.25, -39.24, -85.32, 249.99, -0.64248, -0.45343, 0.04073, -0.61641
372, 16, 65.624, -43.036, 34.307, 742.13, 416.99, 750.73, -18.39, -47.13, 249.99, -0.61470, -0.43500, 0.09430, -0.65117
372, 15, 74.007, -44.180, 25.083, 686.40, 383.24, 976.44, -7.97, -18.30, 249.99, -0.59506, -0.39953, 0.12497, -0.68605
372, 16, 80.841, -44.242, 18.187, 744.32, 425.35, 973.57, -3.43, -9.44, 249.99, -0.57635, -0.37260, 0.14443, -0.71283
372, 15, 89.541, -43.982, 9.048, 915.71, 121.89, 1108.83, 13.90, 12.23, 249.99, -0.55010, -0.33819, 0.17414, -0.74343
372, 15, 93.710, -42.517, 4.244, 953.00, 13.12, 1137.63, 49.65, 26.44, 158.20, -0.53980, -0.31262, 0.18639, -0.75904
372, 16, 92.915, -40.728, 4.684, 1022.34, 55.05, 1129.09, 86.27, 54.07, 63.93, -0.54764, -0.30184, 0.17677, -0.76009
372, 16, 87.462, -37.198, 9.531, 914.25, 94.67, 1090.76, 124.56, 94.06, -64.91, -0.57862, -0.29566, 0.14073, -0.74698
372, 15, 80.862, -32.862, 16.174, 793.64, 291.14, 977.72, 121.80, 114.14, -111.18, -0.61436, -0.29737, 0.09059, -0.72521
372, 16, 74.316, -27.343, 22.613, 711.43, 474.49, 1003.36, 97.30, 124.70, -156.52, -0.65250, -0.29807, 0.03409, -0.69587
372, 15, 68.175, -21.988, 26.964, 559.27, 422.18, 895.39, 64.35, 108.86, -215.32, -0.69141, -0.29440, -0.01012, -0.65968
372, 16, 62.809, -17.590, 29.620, 521.06, 446.17, 922.36, 37.35, 88.72, -243.78, -0.72552, -0.28985, -0.04058, -0.62287
372, 16, 58.072, -13.901, 31.802, 499.51, 616.21, 1047.36, 14.85, 67.54, -250.00, -0.75351, -0.28850, -0.06537, -0.58712
372, 15, 54.552, -11.541, 31.924, 436.16, 448.79, 858.46, -15.46, 71.96, -250.00, -0.77585, -0.28066, -0.07372, -0.56022
372, 16, 51.185, -8.790, 33.657, 333.37, 657.17, 911.56, -9.06, 58.70, -250.00, -0.79305, -0.28287, -0.09319, -0.53139
372, 15, 48.880, -5.149, 33.475, 138.12, 491.27, 849.73, -19.07, 64.43, -250.00, -0.81036, -0.26809, -0.11289, -0.50863
372, 15, 46.285, -1.197, 35.647, -54.99, 726.44, 751.34, -24.17, 32.03, -250.00, -0.82246, -0.26993, -0.14462, -0.47935
372, 16, 44.640, 1.909, 35.580, -75.87, 416.75, 652.77, -4.24, 24.85, -239.38, -0.83339, -0.25887, -0.16297, -0.46031
372, 15, 43.836, 2.316, 38.203, 122.25, 927.43, 761.66, -15.82, 39.90, -224.49, -0.83093, -0.27745, -0.17444, -0.44960
372, 15, 43.461, 3.693, 39.001, -2.44, 634.16, 735.11, -7.23, 48.61, -219.22, -0.83210, -0.27829, -0.18653, -0.44200
372, 16, 45.028, 3.070, 41.701, 291.63, 974.37, 698.18, -11.80, 100.33, -179.73, -0.81844, -0.29764, -0.19654, -0.45049
372, 15, 47.624, 8.318, 43.389, -264.10, 678.16, 547.18, -20.64, 130.68, -166.08, -0.81044, -0.28255, -0.24623, -0.45025
372, 15, 51.176, 12.628, 45.061, -381.47, 670.47, 525.70, -9.07, 114.81, -123.49, -0.79703, -0.26669, -0.29025, -0.45757
372, 16, 55.059, 14.758, 47.806, -408.08, 843.51, 509.95, 5.42, 89.54, -96.04, -0.77726, -0.26505, -0.32405, -0.46970
372, 15, 59.483, 13.736, 50.085, -226.81, 889.04, 553.10, 5.68, 86.46, -51.48, -0.75195, -0.27254, -0.33774, -0.49621
372, 15, 64.543, 13.118, 51.174, -292.79, 806.76, 601.93, 2.03, 101.87, -0.98, -0.72581, -0.26755, -0.35088, -0.52773
372, 16, 70.146, 11.037, 52.736, -177.37, 764.83, 530.15, 9.61, 106.40, 49.00, -0.69159, -0.27105, -0.35971, -0.56467
372, 15, 75.613, 8.968, 51.886, -196.41, 746.77, 744.63, 10.07, 107.85, 90.54, -0.66120, -0.26052, -0.35678, -0.60634
372, 16, 80.306, 8.419, 48.953, -299.32, 600.83, 1006.41, 19.39, 97.07, 109.85, -0.64068, -0.23262, -0.34798, -0.64368
372, 15, 85.365, 9.618, 49.891, -659.61, 793.64, 699.28, 15.18, 53.73, 168.77, -0.61272, -0.21461, -0.36925, -0.66496
372, 15, 88.975, 7.391, 47.040, -417.18, 577.33, 1062.38, 18.04, 7.21, 195.89, -0.59111, -0.20234, -0.34806, -0.69893
372, 16, 92.673, 5.965, 45.998, -586.79, 637.08, 877.14, 9.93, -36.90, 249.99, -0.56648, -0.19516, -0.34125, -0.72427
372, 15, 94.644, 1.667, 46.583, -203.43, 546.14, 578.13, 25.57, -101.88, 249.99, -0.54161, -0.22031, -0.32857, -0.74173
372, 15, 95.845, -2.702, 44.012, -157.29, 492.98, 848.33, 14.60, -118.23, 249.99, -0.52677, -0.23367, -0.29359, -0.76270
372, 16, 95.955, -10.969, 43.641, 280.82, 703.31, 808.41, 5.91, -144.38, 249.99, -0.50261, -0.28544, -0.25158, -0.77628
372, 15, 96.223, -16.306, 39.709, 229.68, 533.20, 945.74, -19.30, -144.78, 249.99, -0.49441, -0.30206, -0.19895, -0.79040
372, 16, 95.899, -22.777, 35.991, 599.79, 619.02, 1096.07, -26.33, -143.73, 234.38, -0.48690, -0.32792, -0.13951, -0.79746
373, 8, 43.284, -7.388, 44.301, -81.48, 756.59, 602.29, 33.26, 9.15, -166.29, -0.80033, -0.35904, -0.12735, -0.46296
373, 26, 43.314, -5.083, 50.308, -84.35, 870.06, 630.49, 26.48, -7.90, -92.70, -0.78526, -0.39216, -0.16773, -0.44883
373, 16, 43.619, -3.587, 52.009, -228.58, 764.22, 618.47, 23.05, -33.04, -46.13, -0.78129, -0.39787, -0.18584, -0.44356
373, 15, 44.464, -3.971, 53.665, -256.23, 736.27, 553.04, 22.47, -61.33, 27.56, -0.77137, -0.40910, -0.19260, -0.44781
373, 15, 46.162, -6.546, 53.499, -161.99, 610.47, 573.73, 20.49, -75.73, 98.51, -0.75939, -0.41471, -0.18039, -0.46776
373, 16, 48.542, -11.909, 54.790, -126.95, 814.21, 504.64, 2.86, -99.88, 216.23, -0.73087, -0.43924, -0.15806, -0.49791
373, 15, 50.965, -17.063, 53.300, -73.61, 775.33, 663.45, -9.61, -117.57, 249.99, -0.71078, -0.44561, -0.12559, -0.52957
373, 15, 53.764, -24.470, 50.655, 316.77, 808.78, 753.54, -17.00, -108.57, 249.99, -0.68380, -0.45399, -0.07325, -0.56652
373, 16, 57.515, -29.844, 45.704, 325.62, 642.64, 747.44, -32.75, -96.44, 249.99, -0.66520, -0.44323, -0.02594, -0.60032
373, 16, 62.885, -35.475, 38.439, 550.78, 513.12, 919.13, -33.62, -89.17, 249.99, -0.64318, -0.42438, 0.03112, -0.63660
373, 16, 68.835, -40.972, 31.441, 782.53, 471.62, 874.82, -23.01, -70.43, 249.99, -0.61464, -0.41305, 0.08545, -0.66656
373, 15, 76.303, -42.056, 23.531, 815.37, 492.49, 1174.32, -6.77, -18.96, 249.99, -0.59379, -0.38308, 0.11347, -0.69842
373, 15, 84.103, -42.878, 15.449, 953.86, 314.33, 1139.65, 4.64, 2.01, 249.99, -0.56866, -0.35531, 0.14349, -0.72787
373, 16, 90.740, -42.440, 8.483, 1034.79, 33.87, 1111.57, 42.17, 40.57, 195.46, -0.54772, -0.32767, 0.16636, -0.75164
373, 15, 92.464, -40.045, 6.964, 965.70, 107.06, 1098.08, 81.02, 74.11, 118.51, -0.54603, -0.30765, 0.15939, -0.76276
373, 16, 89.200, -36.724, 10.547, 892.82, 213.75, 1055.79, 110.57, 96.76, 11.03, -0.56566, -0.29979, 0.12701, -0.75764
373, 16, 83.929, -33.041, 15.596, 809.51, 247.62, 969.60, 116.19, 107.31, -70.45, -0.59580, -0.29775, 0.08736, -0.74077
373, 15, 77.805, -28.212, 21.864, 654.60, 416.63, 883.85, 104.43, 115.50, -120.83, -0.63071, -0.29978, 0.03495, -0.71493
373, 15, 72.822, -23.397, 26.560, 532.41, 472.47, 833.56, 70.96, 105.28, -137.03, -0.66152, -0.29904, -0.01071, -0.68764
373, 17, 68.167, -18.785, 29.276, 386.96, 449.16, 834.41, 37.62, 68.76, -168.71, -0.69356, -0.29177, -0.04432, -0.65718
373, 15, 62.934, -15.479, 31.386, 412.78, 520.94, 918.15, 18.07, 35.36, -217.54, -0.72534, -0.29061, -0.06470, -0.62068
373, 16, 57.448, -13.461, 33.760, 554.14, 741.21, 1042.11, 0.77, 19.04, -250.00, -0.75265, -0.29972, -0.07680, -0.58119
373, 15, 53.326, -12.412, 32.652, 458.50, 419.37, 963.81, -26.01, 13.73, -250.00, -0.77819, -0.29022, -0.06805, -0.55278
373, 15, 49.738, -11.740, 33.560, 543.64, 576.90, 949.52, -12.14, 36.35, -250.00, -0.79416, -0.29571, -0.06795, -0.52654
373, 16, 46.862, -9.004, 33.790, 232.60, 509.52, 908.26, -14.92, 36.42, -250.00, -0.81180, -0.28799, -0.08148, -0.50139
373, 15, 44.123, -7.079, 36.001, 293.21, 814.64, 932.07, -17.16, 39.20, -250.00, -0.82130, -0.29829, -0.09798, -0.47633
373, 15, 42.504, -3.587, 38.263, 44.74, 697.08, 743.59, -10.44, 52.35, -235.57, -0.82775, -0.30277, -0.12848, -0.45458
373, 16, 41.950, -2.348, 40.777, 194.64, 838.87, 748.90, -7.60, 63.14, -213.41, -0.82508, -0.31687, -0.14587, -0.44447
373, 15, 42.150, -0.158, 42.167, 71.90, 633.85, 640.50, -8.94, 81.60, -209.11, -0.82380, -0.31830, -0.16761, -0.43812
373, 15, 44.403, 0.221, 43.781, 155.94, 776.98, 699.46, -7.04, 107.06, -141.29, -0.81111, -0.32490, -0.18289, -0.45066
373, 16, 46.860, 4.187, 45.941, -133.18, 770.51, 620.12, 2.96, 126.86, -154.64, -0.80136, -0.31964, -0.22597, -0.45233
373, 15, 49.212, 8.963, 47.793, -265.32, 717.04, 546.39, 4.16, 118.45, -167.42, -0.79366, -0.30698, -0.27195, -0.44935
373, 15, 52.743, 12.077, 49.077, -457.21, 768.74, 607.85, 5.52, 89.05, -86.74, -0.78031, -0.29280, -0.30659, -0.45976
373, 16, 56.877, 9.724, 50.909, -106.99, 933.59, 617.49, 4.59, 75.12, -33.16, -0.75498, -0.30508, -0.31013, -0.49066
373, 15, 61.314, 6.354, 52.696, 97.60, 880.37, 541.44, 3.31, 98.65, -9.54, -0.72429, -0.32102, -0.30948, -0.52589
373, 16, 66.915, 6.154, 54.286, -152.28, 802.49, 480.22, -1.29, 132.62, 42.04, -0.69298, -0.31622, -0.33140, -0.55675
373, 15, 72.577, 6.435, 53.497, -235.53, 716.55, 634.22, 2.04, 126.16, 80.35, -0.66735, -0.29333, -0.34409, -0.59178
373, 15, 77.486, 5.692, 53.783, -145.63, 824.46, 664.00, 17.14, 110.87, 76.83, -0.63881, -0.28416, -0.35395, -0.62119
373, 16, 81.753, 7.961, 54.211, -559.94, 858.58, 656.68, 11.15, 75.98, 105.83, -0.62019, -0.25970, -0.37812, -0.63635
373, 15, 84.274, 8.419, 50.924, -491.70, 585.39, 914.18, 6.17, 22.13, 114.95, -0.61413, -0.23103, -0.36721, -0.65926
373, 15, 85.821, 9.282, 50.588, -517.76, 605.16, 636.35, 25.80, -28.76, 112.87, -0.60795, -0.21893, -0.37253, -0.66610
373, 16, 87.268, 4.466, 47.551, -218.08, 529.60, 855.35, 15.89, -77.54, 186.44, -0.59336, -0.22853, -0.33366, -0.69597
373, 15, 89.904, -1.517, 47.708, -34.36, 493.77, 508.12, 25.45, -70.11, 241.81, -0.56067, -0.25930, -0.31053, -0.72249
373, 15, 91.922, -4.014, 45.474, -268.86, 587.28, 896.61, 16.73, -88.01, 249.99, -0.54570, -0.25896, -0.28842, -0.74295
373, 16, 92.837, -12.000, 43.428, 295.53, 627.08, 885.01, 9.15, -125.60, 249.99, -0.52093, -0.29768, -0.23707, -0.76408
373, 15, 94.089, -15.747, 40.234, 177.12, 620.06, 1020.57, 1.91, -106.06, 249.99, -0.50936, -0.30451, -0.19973, -0.77970
373, 16, 92.688, -18.848, 38.343, 444.76, 724.00, 1082.70, -0.93, -104.02, 159.19, -0.51451, -0.31778, -0.16701, -0.77872
374, 7, 47.821, -10.752, 37.247, 108.83, 598.57, 771.36, -1.38, -7.59, -144.36, -0.79499, -0.31855, -0.08660, -0.50894
374, 26, 46.730, -11.780, 41.414, 236.45, 760.25, 738.65, -6.36, -6.15, -108.15, -0.78535, -0.35217, -0.09436, -0.50030
374, 16, 46.106, -10.090, 43.378, 78.19, 683.78, 701.23, 9.95, -0.13, -113.51, -0.78575, -0.35976, -0.11301, -0.49030
374, 15, 45.490, -8.310, 46.066, 0.00, 728.27, 635.74, 20.26, -9.88, -103.38, -0.78370, -0.37214, -0.13507, -0.47863
374, 15, 45.846, -6.933, 48.934, -104.74, 843.44, 617.92, 21.24, -12.48, -51.05, -0.77576, -0.38603, -0.15786, -0.47356
374, 16, 46.748, -4.948, 51.988, -401.25, 840.15, 483.28, 17.56, -39.84, 19.09, -0.76600, -0.39772, -0.18724, -0.46905
374, 15, 48.283, -5.943, 53.514, -411.38, 842.59, 570.56, 10.38, -81.28, 115.16, -0.75199, -0.40909, -0.19219, -0.47982
374, 15, 50.545, -9.499, 53.717, -257.51, 732.18, 564.27, 3.46, -100.20, 197.46, -0.73263, -0.42043, -0.17721, -0.50506
374, 16, 52.673, -16.194, 54.965, 22.09, 836.18, 473.51, 0.76, -107.73, 249.99, -0.69900, -0.45063, -0.14590, -0.53577
374, 15, 55.458, -21.473, 51.568, 90.52, 685.12, 723.21, -7.53, -107.53, 249.99, -0.68191, -0.44698, -0.10482, -0.56940
374, 16, 57.349, -29.775, 50.217, 517.33, 766.05, 595.95, -8.48, -109.11, 249.99, -0.64836, -0.46889, -0.04935, -0.59778
374, 15, 62.016, -34.247, 42.741, 505.68, 690.98, 1172.61, -32.62, -93.90, 249.99, -0.63626, -0.44322, 0.00237, -0.63144
374, 16, 68.291, -40.705, 34.272, 913.70, 431.88, 998.60, -29.28, -72.98, 249.99, -0.60843, -0.42659, 0.06926, -0.66562
374, 16, 77.283, -42.663, 23.776, 868.71, 284.36, 1229.55, -8.84, -17.54, 249.99, -0.58493, -0.38847, 0.11236, -0.70308
374, 15, 85.562, -42.325, 15.636, 966.19, 302.25, 1262.63, 26.67, 22.88, 249.99, -0.56036, -0.35477, 0.13470, -0.73620
374, 15, 88.921, -39.723, 11.696, 937.07, 98.57, 1223.75, 65.61, 60.69, 120.60, -0.55718, -0.32383, 0.13619, -0.75242
374, 16, 86.349, -35.874, 14.595, 921.08, 277.83, 1145.26, 110.41, 99.08, 8.58, -0.57565, -0.31182, 0.10338, -0.74880
374, 16, 81.879, -30.838, 19.827, 779.11, 431.03, 1020.75, 112.37, 130.00, -56.44, -0.60346, -0.30554, 0.05277, -0.73464
374, 16, 77.534, -26.005, 23.504, 745.85, 387.70, 998.35, 89.25, 136.05, -113.66, -0.63386, -0.29625, 0.01199, -0.71436
374, 15, 72.927, -21.231, 26.353, 648.07, 399.66, 957.46, 64.03, 130.43, -168.64, -0.66692, -0.28605, -0.02343, -0.68764
374, 15, 67.905, -14.998, 29.144, 371.83, 483.76, 923.71, 42.21, 109.55, -214.36, -0.70432, -0.27130, -0.06762, -0.65250
374, 17, 62.887, -10.807, 30.966, 349.06, 489.44, 864.87, 18.16, 76.57, -250.00, -0.73689, -0.26474, -0.09370, -0.61492
374, 15, 58.825, -7.420, 30.977, 258.24, 462.16, 927.49, -1.91, 54.99, -250.00, -0.76467, -0.25166, -0.10756, -0.58341
374, 15, 55.189, -5.038, 33.776, 341.55, 887.88, 909.97, -11.28, 59.96, -250.00, -0.78064, -0.26301, -0.12970, -0.55191
374, 16, 52.078, -2.119, 33.272, 65.06, 496.77, 845.64, -18.46, 25.81, -250.00, -0.80111, -0.24986, -0.14077, -0.52534
374, 15, 49.297, 0.055, 33.757, 30.15, 539.86, 722.35, -25.80, 18.65, -250.00, -0.81556, -0.24719, -0.15230, -0.50056
374, 15, 46.766, 2.152, 35.162, -52.25, 681.09, 808.84, -7.68, 5.21, -250.00, -0.82592, -0.25176, -0.16775, -0.47573
374, 16, 45.169, 2.451, 35.658, 86.98, 652.47, 830.57, -14.48, 21.38, -237.42, -0.83172, -0.25644, -0.16838, -0.46274
374, 15, 44.451, 2.686, 36.707, 129.70, 708.62, 819.70, -10.45, 47.62, -225.65, -0.83249, -0.26416, -0.17264, -0.45539
374, 15, 45.889, 4.617, 39.376, -59.45, 870.67, 691.41, -16.65, 84.34, -170.50, -0.82276, -0.27311, -0.20042, -0.45641
374, 16, 48.774, 6.107, 41.921, -92.65, 816.41, 556.82, -28.59, 97.79, -122.63, -0.80679, -0.27944, -0.22802, -0.46799
374, 15, 54.173, 5.337, 44.703, -41.69, 813.60, 480.35, -30.29, 114.77, -12.39, -0.77594, -0.29091, -0.24806, -0.50176
374, 15, 59.039, 7.729, 46.560, -229.37, 648.01, 477.36, -8.49, 124.89, -23.96, -0.75331, -0.28055, -0.28393, -0.52268
374, 15, 63.910, 9.867, 48.548, -291.02, 764.22, 567.20, 10.51, 125.67, -17.84, -0.72944, -0.26977, -0.31800, -0.54223
374, 15, 68.771, 11.165, 49.438, -286.50, 794.01, 724.43, 23.39, 129.14, -6.78, -0.70618, -0.25443, -0.34100, -0.56594
374, 16, 74.249, 11.733, 52.049, -271.91, 935.06, 584.35, 18.53, 132.21, 20.60, -0.67392, -0.25000, -0.36937, -0.58898
374, 16, 78.922, 12.315, 50.511, -369.20, 786.62, 858.52, 0.72, 113.58, 50.92, -0.65367, -0.22253, -0.37393, -0.61917
374, 15, 82.927, 12.480, 47.780, -396.12, 664.73, 1027.65, 6.23, 92.43, 78.55, -0.63678, -0.19320, -0.36691, -0.65005
374, 16, 86.657, 12.742, 47.705, -423.58, 745.30, 768.49, 5.22, 54.41, 95.68, -0.61596, -0.17909, -0.37381, -0.66991
374, 15, 88.862, 10.865, 44.368, -298.46, 460.75, 960.69, 11.89, 9.26, 121.99, -0.60388, -0.16642, -0.34825, -0.69739
374, 15, 91.417, 12.174, 45.582, -616.46, 566.89, 611.39, 32.56, -22.60, 146.95, -0.58933, -0.15624, -0.36540, -0.70340
374, 16, 92.763, 7.267, 42.809, -318.18, 463.93, 983.64, 22.62, -99.79, 208.56, -0.57407, -0.17046, -0.32723, -0.73097
374, 15, 95.117, 2.211, 45.638, -210.27, 748.05, 638.92, 38.12, -104.47, 249.99, -0.54179, -0.21093, -0.32585, -0.74552
374, 16, 95.915, -5.355, 43.566, 97.60, 627.20, 965.88, 15.34, -133.99, 249.99, -0.51975, -0.24884, -0.27815, -0.76848
374, 15, 96.052, -10.209, 43.510, 67.99, 757.26, 804.02, 1.14, -135.49, 249.99, -0.50460, -0.27977, -0.25465, -0.77605
374, 15, 95.688, -14.570, 41.308, 108.15, 686.04, 928.47, -15.46, -158.16, 249.99, -0.49925, -0.29885, -0.21721, -0.78375
374, 16, 93.430, -20.527, 39.178, 445.13, 713.07, 946.96, -33.14, -174.61, 201.71, -0.50184, -0.33084, -0.16602, -0.78175
374, 15, 90.011, -24.913, 37.001, 586.98, 689.51, 1002.75, -35.81, -161.12, 138.99, -0.51744, -0.35214, -0.11765, -0.77098
374, 16, 85.500, -26.643, 35.070, 671.20, 726.07, 1080.20, -49.34, -118.91, 57.99, -0.54785, -0.35726, -0.08119, -0.75209
375, 7, 52.471, -3.975, 44.581, 142.09, 770.94, 838.01, 21.93, -2.11, -96.86, -0.76715, -0.33497, -0.18033, -0.51649
375, 27, 53.683, -0.071, 46.985, -216.31, 787.35, 740.11, 18.18, 6.32, -69.40, -0.76249, -0.33180, -0.22095, -0.50961
375, 15, 54.656, 0.531, 47.213, -243.84, 768.92, 775.57, 10.32, -20.62, -30.41, -0.75865, -0.32870, -0.22876, -0.51388
375, 16, 55.550, -1.350, 46.643, -102.84, 704.96, 782.84, 6.87, -46.72, -4.46, -0.75250, -0.33171, -0.21632, -0.52624
375, 15, 55.841, -1.965, 47.274, -215.15, 696.11, 656.98, 9.18, -72.33, 7.51, -0.74803, -0.33807, -0.21601, -0.52867
375, 15, 56.369, -4.052, 48.356, -237.98, 698.91, 584.29, 7.04, -109.70, 74.69, -0.73773, -0.35348, -0.20888, -0.53589
375, 16, 57.578, -8.096, 49.501, -134.64, 839.17, 634.64, 0.76, -112.15, 137.14, -0.71851, -0.37659, -0.19157, -0.55248
375, 15, 60.230, -14.332, 48.916, 79.77, 746.40, 659.67, -5.62, -96.63, 213.97, -0.69006, -0.39637, -0.15664, -0.58496
375, 16, 63.779, -19.528, 46.808, 134.28, 678.71, 691.28, -3.30, -80.42, 249.99, -0.66276, -0.40263, -0.12392, -0.61910
375, 15, 66.263, -21.903, 46.268, -8.00, 800.05, 618.59, -6.80, -84.22, 249.99, -0.64329, -0.40772, -0.11434, -0.63787
375, 15, 69.507, -25.424, 41.767, 195.25, 673.10, 924.56, -21.33, -100.35, 249.99, -0.62885, -0.39646, -0.07749, -0.66435
375, 16, 72.385, -31.470, 38.272, 581.18, 672.73, 823.73, -19.61, -94.82, 249.99, -0.60332, -0.40545, -0.02847, -0.68616
375, 16, 77.195, -35.674, 31.113, 666.81, 493.16, 1058.84, -27.29, -79.75, 249.99, -0.58421, -0.38941, 0.02476, -0.71165
375, 15, 81.848, -38.565, 24.308, 724.61, 330.63, 922.18, -12.91, -45.14, 214.58, -0.56801, -0.37267, 0.06947, -0.73052
375, 16, 86.392, -39.883, 18.110, 899.78, 279.11, 1107.73, 9.18, -17.31, 195.22, -0.55435, -0.35328, 0.10257, -0.74657
375, 15, 88.235, -37.962, 15.167, 824.46, 271.79, 1108.70, 39.79, 39.07, 125.47, -0.55631, -0.32913, 0.10582, -0.75564
375, 15, 87.165, -34.919, 15.323, 768.31, 329.04, 1126.04, 52.03, 55.80, 62.10, -0.57072, -0.31031, 0.09109, -0.75478
375, 17, 84.128, -32.097, 17.251, 717.47, 383.97, 1044.86, 45.74, 56.72, 7.81, -0.59254, -0.30079, 0.07073, -0.74392
375, 15, 80.370, -29.568, 18.887, 799.50, 386.47, 1128.97, 31.17, 62.43, -46.46, -0.61879, -0.29237, 0.05522, -0.72703
375, 16, 75.743, -26.923, 20.841, 865.84, 392.03, 1155.09, 27.95, 79.80, -113.41, -0.64937, -0.28613, 0.03865, -0.70353
375, 15, 70.443, -23.329, 23.331, 743.23, 401.86, 1071.17, 29.78, 97.21, -177.49, -0.68398, -0.27968, 0.01405, -0.67361
375, 15, 65.706, -19.659, 26.511, 677.12, 515.63, 964.84, 28.08, 113.43, -197.33, -0.71231, -0.27996, -0.01672, -0.64340
375, 17, 61.807, -13.874, 28.861, 327.58, 413.70, 734.80, 16.63, 136.38, -227.69, -0.74114, -0.26715, -0.05921, -0.61306
375, 15, 58.125, -6.961, 31.807, 97.41, 560.06, 815.12, 25.79, 106.30, -248.19, -0.76722, -0.25567, -0.11336, -0.57720
375, 15, 55.282, -1.883, 35.032, 66.47, 804.93, 815.12, 7.21, 88.12, -248.02, -0.78262, -0.25677, -0.15772, -0.54471
375, 16, 53.279, 1.860, 36.660, 17.52, 703.74, 800.48, 2.89, 69.61, -243.44, -0.79393, -0.25358, -0.18658, -0.52015
375, 15, 52.227, 3.204, 38.825, 314.21, 929.44, 778.69, -7.82, 100.58, -250.00, -0.79562, -0.26423, -0.20312, -0.50587
375, 15, 51.778, 5.863, 40.244, 79.65, 658.75, 607.79, -7.70, 108.06, -246.79, -0.79785, -0.26282, -0.22643, -0.49304
375, 16, 53.135, 7.471, 42.761, 16.05, 797.79, 602.36, 4.62, 104.52, -181.04, -0.78824, -0.27001, -0.25122, -0.49261
375, 15, 55.174, 11.145, 44.405, -256.96, 705.63, 575.93, 2.16, 100.23, -153.41, -0.78031, -0.25909, -0.28706, -0.49151
375, 16, 58.269, 12.272, 46.155, -239.20, 730.90, 566.47, 6.81, 80.90, -92.25, -0.76433, -0.25731, -0.30879, -0.50422
375, 15, 62.783, 9.075, 47.917, 46.57, 864.81, 654.54, 7.55, 92.70, -14.23, -0.73490, -0.27291, -0.30758, -0.53929
375, 15, 67.473, 8.304, 50.337, -30.40, 804.38, 524.72, 15.38, 126.53, -15.86, -0.70506, -0.27920, -0.32596, -0.56452
375, 16, 72.121, 9.048, 53.578, -124.63, 871.95, 453.55, 25.15, 133.38, -15.82, -0.67547, -0.28082, -0.35773, -0.58044
375, 15, 76.325, 11.957, 53.860, -424.56, 790.77, 681.58, 28.37, 119.26, 6.37, -0.65971, -0.25242, -0.38445, -0.59436
375, 15, 80.412, 13.631, 56.736, -423.89, 911.07, 486.82, 41.45, 94.95, 13.48, -0.63598, -0.24461, -0.41670, -0.60171
375, 16, 83.444, 14.940, 54.921, -596.98, 765.32, 819.40, 16.89, 65.42, 53.89, -0.62655, -0.21567, -0.41934, -0.62054
375, 15, 85.116, 12.487, 51.339, -327.88, 597.29, 963.56, 20.97, 11.31, 86.39, -0.61818, -0.20541, -0.39095, -0.65025
375, 15, 87.674, 10.045, 49.459, -373.23, 648.25, 837.46, 18.50, -10.37, 148.35, -0.60099, -0.20217, -0.37297, -0.67737
375, 16, 90.201, 4.600, 45.595, -163.09, 418.88, 1007.20, 19.42, -46.91, 214.90, -0.57936, -0.20920, -0.32787, -0.71630
375, 15, 93.453, 2.538, 44.949, -336.24, 527.71, 742.98, 30.51, -49.26, 249.99, -0.55468, -0.21017, -0.31985, -0.73882
375, 16, 94.926, -2.834, 42.768, -79.35, 523.86, 865.66, 17.44, -114.59, 249.99, -0.53505, -0.23109, -0.28283, -0.76179
375, 15, 95.658, -7.372, 42.802, -18.74, 681.46, 756.41, 5.17, -126.88, 249.99, -0.51737, -0.25914, -0.26273, -0.77211
376, 7, 41.788, -8.679, 39.596, -27.28, 742.13, 635.31, -0.34, 51.35, -195.57, -0.81801, -0.33196, -0.09450, -0.46015
376, 27, 40.670, -6.164, 45.094, 138.49, 833.80, 606.81, -20.29, 40.86, -179.63, -0.81055, -0.36316, -0.13107, -0.44038
376, 15, 40.271, -1.948, 37.806, -146.00, -151.67, 920.78, -15.61, 31.07, -192.74, -0.84006, -0.29583, -0.13291, -0.43487
376, 16, 39.872, -0.052, 42.390, -128.36, 867.92, 686.71, 39.60, 10.21, -178.22, -0.83187, -0.32279, -0.16284, -0.42105
376, 15, 40.131, 1.026, 46.446, -237.00, 887.51, 601.38, 26.86, -17.49, -123.01, -0.82064, -0.34769, -0.18613, -0.41355
376, 15, 41.310, -1.184, 48.435, -89.48, 756.53, 655.52, 20.11, -36.96, -46.25, -0.80654, -0.36801, -0.18140, -0.42563
376, 16, 42.070, -1.179, 51.320, -359.68, 765.20, 519.10, 24.92, -68.69, -3.49, -0.79422, -0.38690, -0.19466, -0.42618
376, 15, 43.692, -3.650, 52.956, -360.53, 767.46, 580.93, 19.20, -96.80, 101.11, -0.77757, -0.40442, -0.18932, -0.44272
376, 16, 46.170, -9.802, 53.731, -113.77, 826.05, 635.50, 10.50, -105.55, 190.95, -0.75055, -0.42807, -0.15901, -0.47764
376, 15, 48.440, -13.752, 54.553, -271.48, 724.55, 457.46, -0.89, -118.92, 249.99, -0.72707, -0.44450, -0.14406, -0.50303
376, 15, 50.685, -19.092, 52.083, -36.80, 627.87, 626.10, -12.38, -135.80, 249.99, -0.71056, -0.44567, -0.10495, -0.53428
376, 16, 53.319, -28.434, 49.023, 493.29, 696.96, 739.62, -16.74, -128.81, 249.99, -0.67866, -0.45866, -0.03610, -0.57249
376, 15, 58.031, -35.279, 42.544, 677.49, 667.60, 1022.28, -28.98, -100.43, 249.99, -0.65473, -0.44565, 0.02589, -0.60996
376, 16, 64.874, -40.495, 34.454, 782.90, 491.58, 983.22, -20.90, -60.47, 249.99, -0.62812, -0.42444, 0.07953, -0.64730
376, 16, 73.001, -42.794, 25.647, 810.85, 418.82, 1039.31, -11.45, -20.97, 249.99, -0.60398, -0.39457, 0.11647, -0.68261
376, 15, 81.471, -42.430, 17.304, 833.68, 347.35, 1182.13, 9.38, 13.43, 249.99, -0.58081, -0.35883, 0.13745, -0.71764
376, 15, 87.832, -41.572, 11.145, 996.52, 148.44, 1127.75, 44.09, 49.06, 195.29, -0.56119, -0.33113, 0.15279, -0.74302
376, 16, 89.412, -38.858, 10.139, 1008.12, 91.67, 1103.15, 101.49, 99.24, 87.84, -0.56037, -0.31144, 0.14047, -0.75449
376, 16, 85.267, -33.322, 16.299, 658.20, 403.69, 941.65, 131.18, 126.50, -9.90, -0.58456, -0.30406, 0.08087, -0.74787
376, 16, 80.495, -27.302, 22.553, 541.81, 470.28, 889.47, 120.61, 127.72, -71.22, -0.61431, -0.29892, 0.01811, -0.73003
376, 15, 75.991, -22.756, 27.741, 561.89, 559.27, 861.27, 86.94, 105.23, -104.20, -0.64084, -0.30167, -0.03020, -0.70527
376, 15, 71.962, -18.908, 30.070, 469.36, 461.18, 857.79, 47.54, 77.09, -139.04, -0.66908, -0.29545, -0.05788, -0.67948
376, 17, 67.400, -16.353, 30.809, 591.55, 468.08, 1063.54, 25.78, 50.69, -195.69, -0.69997, -0.28887, -0.06701, -0.64970
376, 15, 62.287, -13.443, 31.867, 598.63, 570.62, 1164.67, 19.04, 52.70, -247.41, -0.73228, -0.28407, -0.07938, -0.61382
376, 15, 58.690, -10.377, 31.181, 466.92, 425.78, 1039.25, -0.01, 82.50, -250.00, -0.75927, -0.26737, -0.08800, -0.58676
376, 16, 55.558, -7.465, 32.471, 440.12, 662.05, 1035.77, 2.88, 92.17, -250.00, -0.77753, -0.26499, -0.10734, -0.56009
376, 15, 53.382, -4.073, 31.662, 234.44, 447.14, 929.81, -8.73, 97.41, -250.00, -0.79554, -0.24602, -0.12236, -0.54002
376, 15, 51.563, -0.874, 31.399, 143.62, 491.58, 781.25, -32.97, 98.34, -250.00, -0.80915, -0.23171, -0.13993, -0.52155
376, 16, 50.156, 3.265, 35.143, -13.24, 933.72, 646.67, -23.95, 94.72, -250.00, -0.81290, -0.24160, -0.18286, -0.49738
376, 15, 51.192, 9.943, 36.801, -313.78, 484.99, 418.15, -30.18, 96.98, -182.88, -0.81199, -0.22105, -0.23830, -0.48478
376, 16, 53.503, 10.900, 39.237, -138.61, 716.49, 558.78, -9.85, 73.47, -135.31, -0.79823, -0.22865, -0.25969, -0.49307
376, 15, 56.020, 9.655, 41.528, 30.52, 758.79, 575.62, -3.85, 74.59, -116.77, -0.78114, -0.24466, -0.26669, -0.50875
376, 15, 60.136, 8.211, 44.645, 61.77, 824.28, 501.46, -4.27, 106.68, -57.86, -0.75355, -0.26286, -0.28074, -0.53315
376, 16, 64.456, 10.477, 48.357, -168.70, 739.50, 389.28, 12.58, 134.52, -64.06, -0.72833, -0.26384, -0.32200, -0.54428
376, 15, 68.180, 14.640, 51.426, -370.00, 812.74, 447.39, 24.54, 129.88, -93.67, -0.71080, -0.24952, -0.36891, -0.54443
376, 15, 73.029, 16.510, 54.802, -376.28, 927.86, 459.47, 32.45, 128.43, -47.06, -0.68363, -0.24323, -0.40561, -0.55584
376, 16, 78.334, 17.169, 57.492, -420.78, 1034.55, 529.17, 28.45, 129.40, -9.89, -0.65319, -0.23569, -0.43326, -0.57452
376, 15, 80.980, 18.807, 54.494, -642.21, 718.81, 930.11, 18.38, 83.15, 4.15, -0.64885, -0.19888, -0.43076, -0.59488
376, 15, 84.695, 19.040, 54.076, -722.90, 848.45, 769.65, 19.19, 54.04, 72.33, -0.63039, -0.18107, -0.43579, -0.61637
376, 16, 85.841, 14.012, 48.586, -247.19, 446.72, 1175.96, 4.75, -15.60, 115.68, -0.62200, -0.17851, -0.38370, -0.65880
376, 15, 89.303, 10.130, 46.919, -271.36, 606.45, 918.09, 29.59, 7.33, 172.61, -0.59571, -0.18315, -0.36092, -0.69377
376, 16, 91.526, 6.043, 43.979, -220.09, 606.81, 1207.09, 18.68, -33.00, 178.95, -0.57729, -0.18792, -0.32694, -0.72425
377, 8, 49.248, -11.475, 39.456, -7.32, 669.80, 770.32, -62.18, 14.78, -104.74, -0.78073, -0.33550, -0.09539, -0.51846
377, 27, 47.328, -9.981, 38.941, 268.86, 685.49, 900.94, -37.36, 19.34, -163.77, -0.79400, -0.32763, -0.09823, -0.50257
377, 15, 46.254, -6.684, 37.516, 12.88, 440.12, 905.03, 2.96, 12.91, -183.16, -0.80903, -0.30557, -0.11285, -0.48925
377, 15, 45.768, -4.195, 39.729, -85.88, 756.96, 802.25, 4.55, 8.61, -144.32, -0.80954, -0.31181, -0.13880, -0.47766
377, 16, 45.449, -4.401, 41.077, 64.51, 710.82, 773.62, -3.23, -9.28, -129.44, -0.80677, -0.32253, -0.14204, -0.47427
377, 15, 44.882, -4.698, 42.769, 80.63, 736.27, 741.39, 1.84, -13.17, -132.80, -0.80370, -0.33629, -0.14525, -0.46892
377, 14, 44.090, -4.318, 44.484, 14.47, 716.43, 704.59, 6.81, -20.91, -135.21, -0.80250, -0.34788, -0.15255, -0.46012
377, 16, 43.309, -4.747, 47.216, 47.06, 777.34, 611.02, 13.50, -28.14, -119.31, -0.79623, -0.36960, -0.15793, -0.45218
377, 15, 43.546, -1.871, 49.204, -325.74, 656.80, 547.61, 18.32, -31.52, -64.24, -0.79436, -0.37234, -0.18670, -0.44216
377, 15, 44.497, 0.124, 52.437, -571.84, 711.43, 412.84, 30.49, -64.33, 16.88, -0.78373, -0.38538, -0.21604, -0.43655
377, 16, 46.077, -2.616, 56.060, -385.13, 809.69, 386.17, 34.43, -96.38, 121.18, -0.75936, -0.41717, -0.21701, -0.44971
377, 15, 48.313, -8.126, 56.141, -247.25, 827.33, 676.15, 23.92, -112.18, 215.88, -0.73679, -0.43435, -0.18859, -0.48262
377, 16, 50.403, -13.964, 56.124, -123.96, 887.63, 655.15, 12.90, -118.92, 249.99, -0.71159, -0.45255, -0.15727, -0.51391
377, 15, 51.291, -19.248, 56.790, -26.98, 948.61, 519.35, -8.22, -129.23, 249.99, -0.68834, -0.47435, -0.12826, -0.53360
377, 16, 53.311, -24.521, 51.851, 108.89, 699.22, 769.53, -45.10, -134.61, 249.99, -0.68107, -0.46160, -0.07699, -0.56315
377, 16, 56.469, -32.134, 45.771, 433.90, 555.54, 768.25, -45.82, -135.91, 249.99, -0.66206, -0.45235, -0.00654, -0.59751
377, 15, 62.660, -39.710, 36.688, 772.46, 346.68, 954.35, -44.55, -101.46, 249.99, -0.63515, -0.43202, 0.07006, -0.63643
377, 15, 70.824, -44.528, 27.015, 942.14, 328.25, 1082.52, -16.48, -65.59, 249.99, -0.60586, -0.40784, 0.12691, -0.67119
377, 17, 80.917, -46.115, 16.198, 1003.91, 167.18, 1193.12, 5.97, -16.14, 249.99, -0.57649, -0.37304, 0.16731, -0.70747
377, 15, 88.339, -45.050, 9.280, 1009.09, 164.37, 1198.61, 49.77, 17.99, 216.26, -0.55443, -0.34398, 0.18181, -0.73568
377, 15, 92.100, -42.784, 6.219, 1092.04, 76.97, 1195.50, 87.32, 63.88, 147.54, -0.54438, -0.32111, 0.17913, -0.75395
377, 16, 88.904, -39.161, 10.482, 1104.43, 173.28, 1186.28, 146.45, 108.82, 0.16, -0.56205, -0.31439, 0.14121, -0.75187
377, 15, 84.055, -34.572, 17.770, 986.39, 412.41, 955.57, 162.84, 159.00, -47.51, -0.58521, -0.31821, 0.08170, -0.74134
377, 17, 79.728, -27.840, 24.533, 663.82, 627.08, 861.45, 115.98, 177.51, -64.14, -0.61248, -0.31252, 0.01079, -0.72601
377, 15, 76.104, -19.747, 28.378, 229.61, 450.13, 729.13, 68.60, 127.89, -100.77, -0.64625, -0.28835, -0.05296, -0.70456
377, 15, 73.052, -16.341, 28.439, 433.47, 424.87, 952.03, 14.89, 73.54, -119.07, -0.67286, -0.27129, -0.06709, -0.68495
377, 16, 69.182, -15.209, 28.331, 685.24, 479.13, 1112.06, -3.62, 54.20, -166.73, -0.69844, -0.26671, -0.06460, -0.66097
377, 16, 64.467, -12.942, 27.733, 640.20, 398.19, 1089.66, -12.48, 78.56, -240.94, -0.73123, -0.25377, -0.06542, -0.62978
377, 15, 60.121, -9.354, 27.800, 328.86, 437.68, 999.63, -8.92, 71.20, -250.00, -0.76129, -0.23891, -0.08071, -0.59736
377, 16, 56.483, -4.985, 28.228, 105.90, 449.95, 837.28, -20.11, 65.24, -250.00, -0.78619, -0.22349, -0.10574, -0.56637
377, 15, 52.569, -1.759, 32.529, -15.69, 995.24, 767.82, -19.14, 15.48, -250.00, -0.80097, -0.24244, -0.14094, -0.52897
377, 15, 49.742, -0.330, 31.326, 69.46, 434.27, 810.67, -29.88, 13.67, -250.00, -0.81818, -0.23098, -0.13979, -0.50764
377, 16, 47.541, -0.444, 32.682, 279.24, 716.25, 812.38, -28.54, 40.31, -250.00, -0.82481, -0.24389, -0.14032, -0.49043
377, 15, 46.582, 1.718, 35.303, 157.47, 718.57, 705.14, -3.94, 97.35, -250.00, -0.82585, -0.25488, -0.16482, -0.47522
377, 16, 47.709, 5.240, 39.237, -17.64, 851.20, 526.67, -13.21, 127.47, -207.82, -0.81648, -0.26622, -0.20852, -0.46798
377, 15, 50.198, 8.449, 42.275, -164.43, 814.70, 538.76, -12.02, 116.26, -158.23, -0.80293, -0.26858, -0.24884, -0.47038
377, 15, 54.607, 8.531, 45.347, 6.59, 872.19, 518.37, -12.06, 134.93, -92.00, -0.77713, -0.27935, -0.27285, -0.49354
377, 16, 58.361, 12.092, 46.872, -215.03, 645.39, 508.30, 0.18, 147.54, -120.43, -0.76206, -0.26274, -0.31103, -0.50348
377, 15, 63.007, 14.833, 50.046, -245.54, 813.78, 445.74, 11.08, 153.31, -104.16, -0.73808, -0.25604, -0.35222, -0.51539
377, 15, 68.216, 16.250, 50.606, -297.18, 694.58, 620.12, 16.66, 150.59, -46.02, -0.71501, -0.23544, -0.37405, -0.54168
377, 16, 74.284, 17.023, 53.546, -349.12, 781.68, 450.44, 21.95, 136.80, 5.26, -0.68105, -0.22837, -0.40469, -0.56590
377, 15, 78.563, 17.563, 50.616, -523.13, 566.47, 983.09, 23.35, 115.23, 49.88, -0.66568, -0.19293, -0.40039, -0.59945
377, 15, 83.216, 19.319, 50.785, -892.76, 783.39, 845.46, 27.33, 76.02, 85.76, -0.64392, -0.16653, -0.41708, -0.61942
377, 16, 86.062, 17.058, 47.527, -641.54, 535.46, 1076.72, 15.78, 6.47, 142.25, -0.62835, -0.15265, -0.39234, -0.65417
377, 16, 89.931, 14.495, 47.627, -525.02, 491.82, 593.57, 24.28, -40.19, 215.81, -0.60049, -0.15655, -0.38632, -0.68240
377, 16, 92.156, 8.120, 44.378, -289.73, 349.67, 909.42, 32.04, -92.03, 249.99, -0.57748, -0.17448, -0.34024, -0.72132
377, 15, 94.471, 4.956, 44.092, -342.83, 435.30, 667.36, 43.78, -97.27, 249.99, -0.55568, -0.18723, -0.32738, -0.74094
377, 15, 95.265, -3.654, 43.644, 95.40, 652.22, 920.78, 40.37, -145.71, 249.99, -0.52874, -0.23969, -0.28542, -0.76258
377, 16, 95.676, -10.887, 42.075, 272.83, 773.01, 1065.19, 6.81, -135.96, 249.99, -0.50860, -0.27861, -0.24068, -0.77832
378, 8, 40.199, -12.348, 41.824, 386.96, 822.69, 802.00, -52.12, 22.33, -154.92, -0.81007, -0.36179, -0.07159, -0.45582
378, 27, 40.022, -1.661, 30.207, -172.18, -95.89, 1018.98, -33.34, 65.79, -216.83, -0.85911, -0.23866, -0.10545, -0.44029
378, 15, 40.196, 1.215, 34.195, -164.49, 652.95, 713.44, 31.52, 36.45, -189.07, -0.85301, -0.25735, -0.14248, -0.43110
378, 15, 41.478, 1.090, 39.041, -70.07, 913.82, 697.57, 31.58, 16.54, -128.88, -0.83641, -0.29184, -0.16295, -0.43440
378, 16, 42.041, 0.472, 42.245, -5.19, 858.22, 737.37, 20.84, 6.45, -137.88, -0.82492, -0.31662, -0.17213, -0.43547
378, 15, 43.074, 2.534, 44.346, -308.90, 660.64, 643.31, 23.38, -4.60, -100.30, -0.81809, -0.32204, -0.19768, -0.43353
378, 16, 45.149, 3.948, 47.697, -478.09, 631.84, 418.46, 28.16, -39.26, -8.58, -0.80262, -0.33628, -0.22625, -0.43763
378, 14, 48.882, 0.809, 48.933, -551.15, 698.85, 664.61, 27.85, -88.91, 158.73, -0.77890, -0.35038, -0.22090, -0.47091
378, 15, 52.477, -4.366, 51.176, -408.87, 850.28, 567.02, 20.50, -110.99, 224.87, -0.74568, -0.38016, -0.20716, -0.50647
378, 16, 55.619, -10.656, 51.813, -139.65, 772.22, 614.56, 17.94, -111.91, 249.99, -0.71314, -0.40516, -0.17904, -0.54333
378, 16, 58.302, -18.195, 51.926, 173.40, 764.47, 561.71, 6.31, -95.76, 249.99, -0.67702, -0.43316, -0.13947, -0.57842
378, 15, 62.390, -24.369, 46.801, 288.21, 561.89, 860.35, 2.41, -84.71, 249.99, -0.65428, -0.42502, -0.08707, -0.61943
378, 16, 65.394, -30.694, 45.173, 604.13, 825.13, 734.13, 9.48, -67.30, 249.99, -0.62129, -0.44115, -0.04778, -0.64584
378, 15, 69.779, -33.813, 39.679, 501.34, 681.03, 920.53, -10.81, -56.90, 249.99, -0.60526, -0.42440, -0.01243, -0.67334
378, 15, 75.590, -38.590, 31.756, 843.75, 455.93, 1035.46, -19.22, -55.09, 249.99, -0.58175, -0.40710, 0.04431, -0.70276
378, 16, 84.318, -40.957, 21.692, 1009.40, 145.32, 1254.03, 15.91, 0.53, 249.99, -0.55318, -0.37507, 0.09200, -0.73814
378, 16, 90.029, -40.790, 15.981, 1186.16, 292.54, 1250.18, 53.25, 52.67, 209.14, -0.53443, -0.35200, 0.11032, -0.76047
378, 16, 88.868, -36.491, 16.354, 903.32, 232.91, 1144.84, 97.13, 102.17, 32.82, -0.55256, -0.32637, 0.08815, -0.76183
378, 15, 84.844, -31.000, 20.258, 787.72, 400.39, 1108.76, 110.15, 124.50, -40.76, -0.58267, -0.30997, 0.04295, -0.75004
378, 15, 79.482, -25.428, 24.927, 757.93, 495.42, 1069.70, 97.20, 132.42, -121.49, -0.61942, -0.30078, -0.00552, -0.72513
378, 17, 74.061, -19.461, 27.638, 706.91, 424.56, 1085.21, 71.68, 147.41, -207.63, -0.66127, -0.28341, -0.04513, -0.69308
378, 15, 69.543, -13.228, 29.168, 541.44, 481.20, 1055.54, 38.24, 156.94, -232.57, -0.69880, -0.26095, -0.08303, -0.66082
378, 15, 65.611, -6.458, 28.822, 209.72, 386.54, 909.42, 7.26, 133.94, -250.00, -0.73500, -0.22602, -0.11677, -0.62854
378, 16, 61.902, -1.038, 29.009, 50.54, 464.78, 869.63, -4.25, 88.04, -250.00, -0.76302, -0.20313, -0.14675, -0.59582
378, 15, 58.657, 1.780, 28.383, 78.25, 472.72, 881.96, -20.33, 61.17, -250.00, -0.78420, -0.18884, -0.15702, -0.56983
378, 15, 55.481, 3.594, 30.733, 21.06, 887.15, 889.71, -18.66, 22.87, -250.00, -0.79766, -0.20073, -0.17543, -0.54100
378, 16, 52.594, 4.681, 30.220, -6.23, 493.35, 827.82, -12.95, 9.16, -250.00, -0.81302, -0.19636, -0.17560, -0.51924
378, 15, 50.515, 8.359, 31.186, -263.92, 664.12, 775.94, -23.12, 24.41, -250.00, -0.82369, -0.18959, -0.20212, -0.49471
378, 16, 49.821, 9.222, 34.463, -21.85, 1037.48, 711.36, -15.72, 43.27, -237.17, -0.82158, -0.21045, -0.22089, -0.48159
378, 15, 50.747, 10.027, 36.909, 37.35, 790.34, 571.11, -25.98, 90.25, -210.12, -0.81373, -0.22236, -0.23847, -0.48117
378, 15, 53.472, 14.137, 39.619, -328.13, 718.69, 471.92, -21.85, 104.34, -155.24, -0.80045, -0.21588, -0.28268, -0.48246
378, 16, 58.155, 15.028, 43.654, -225.95, 954.59, 463.68, -11.62, 108.73, -93.03, -0.77335, -0.22699, -0.31479, -0.50132
378, 15, 64.802, 14.801, 47.059, -254.46, 938.29, 473.88, -23.74, 130.61, -2.64, -0.73615, -0.23155, -0.34214, -0.53610
378, 16, 71.309, 15.925, 50.194, -306.76, 923.46, 440.61, -20.52, 153.44, -9.21, -0.70039, -0.22459, -0.37649, -0.56326
378, 16, 76.057, 20.531, 50.083, -611.08, 664.79, 592.77, -8.24, 140.70, -31.73, -0.68445, -0.18085, -0.40845, -0.57619
378, 15, 79.255, 22.807, 48.174, -493.29, 617.92, 772.40, 11.10, 117.00, -46.07, -0.67426, -0.14426, -0.41451, -0.59392
378, 15, 83.587, 25.516, 49.469, -634.64, 700.99, 566.71, 17.53, 102.11, -14.85, -0.65413, -0.11871, -0.43894, -0.60444
378, 16, 87.367, 25.218, 47.574, -716.37, 573.00, 827.09, 5.11, 55.37, 84.57, -0.63502, -0.09560, -0.43092, -0.63397
378, 15, 91.963, 23.826, 47.680, -647.58, 534.24, 659.85, 17.63, 26.47, 153.84, -0.60662, -0.08810, -0.42929, -0.66330
378, 16, 95.548, 19.137, 45.145, -474.85, 318.97, 819.52, 23.06, -20.74, 237.90, -0.57856, -0.09363, -0.39757, -0.70600
378, 16, 100.113, 15.981, 48.108, -471.19, 545.53, 501.46, 42.44, -37.70, 249.99, -0.54058, -0.11369, -0.40757, -0.72714
378, 15, 101.795, 9.778, 47.052, -256.96, 475.04, 768.01, 48.45, -88.98, 249.99, -0.51562, -0.14583, -0.37817, -0.75489
378, 16, 102.657, 6.288, 44.161, -470.15, 373.90, 1046.69, 30.75, -112.92, 249.99, -0.50471, -0.15443, -0.34586, -0.77576
378, 15, 102.323, -1.393, 48.022, -18.43, 690.86, 475.95, 36.71, -179.10, 249.99, -0.47900, -0.22467, -0.33942, -0.77774
379, 8, 37.912, -4.782, 37.763, -82.52, 746.58, 736.02, 24.19, 25.05, -215.43, -0.84484, -0.30818, -0.10549, -0.42444
379, 27, 37.645, -5.887, 43.587, 96.37, 760.56, 682.31, 10.31, -1.66, -152.12, -0.82714, -0.35473, -0.11797, -0.41963
379, 15, 37.264, -4.231, 46.600, -60.49, 732.30, 640.50, 22.81, -3.34, -147.18, -0.82190, -0.37128, -0.13978, -0.40877
379, 15, 37.971, -2.112, 49.243, -257.14, 745.61, 614.75, 24.89, -10.90, -86.49, -0.81438, -0.38207, -0.16678, -0.40372
379, 16, 39.759, 0.191, 52.701, -597.66, 730.35, 414.67, 28.05, -37.82, 13.58, -0.80032, -0.39558, -0.20132, -0.40308
379, 14, 42.149, -1.941, 55.475, -469.24, 820.43, 487.00, 29.37, -73.86, 119.79, -0.77786, -0.41801, -0.20505, -0.42208
379, 15, 45.350, -8.472, 54.443, -145.63, 773.01, 761.96, 20.25, -91.11, 207.21, -0.75460, -0.42917, -0.16803, -0.46708
379, 16, 48.965, -14.934, 53.332, -9.77, 810.55, 755.86, 17.78, -88.37, 245.11, -0.72607, -0.44036, -0.13258, -0.51120
379, 16, 52.182, -19.352, 52.416, -13.92, 792.48, 657.35, 9.37, -85.11, 249.99, -0.70141, -0.44726, -0.11057, -0.54384
379, 15, 56.460, -23.156, 47.929, 56.03, 673.52, 905.94, -1.82, -78.94, 249.99, -0.68523, -0.43096, -0.07897, -0.58180
379, 16, 60.126, -29.267, 45.161, 412.60, 686.77, 725.40, 1.97, -82.88, 249.99, -0.65551, -0.43712, -0.03701, -0.61470
379, 15, 65.780, -34.331, 38.445, 643.74, 589.23, 1098.94, -5.63, -68.25, 249.99, -0.63105, -0.42006, 0.01282, -0.65204
379, 16, 71.556, -38.004, 32.639, 735.05, 575.68, 960.45, 5.58, -38.37, 249.99, -0.60509, -0.40714, 0.04963, -0.68238
379, 15, 78.227, -38.965, 25.750, 651.43, 467.22, 1071.59, 8.55, -18.48, 249.99, -0.58479, -0.37982, 0.07466, -0.71286
379, 15, 85.237, -40.030, 18.144, 789.98, 303.28, 1102.60, 9.19, -12.64, 249.99, -0.56131, -0.35326, 0.10673, -0.74077
379, 17, 91.179, -40.684, 11.472, 963.38, 186.95, 1139.53, 20.77, 5.52, 224.34, -0.54052, -0.33143, 0.13627, -0.76120
379, 15, 93.063, -40.225, 8.300, 1142.03, 97.66, 1190.73, 45.73, 40.03, 123.14, -0.53800, -0.31593, 0.14975, -0.76702
379, 15, 90.343, -37.337, 9.791, 1085.08, 148.56, 1219.67, 81.89, 92.67, 11.61, -0.55867, -0.30126, 0.13226, -0.76134
379, 16, 84.458, -32.856, 15.215, 932.74, 311.71, 1127.32, 110.64, 126.75, -80.99, -0.59381, -0.29506, 0.08741, -0.74343
379, 15, 78.263, -27.618, 20.706, 802.55, 347.78, 998.05, 107.15, 149.32, -148.22, -0.63235, -0.29015, 0.03741, -0.71732
379, 16, 71.485, -21.287, 26.948, 544.07, 454.65, 801.51, 93.35, 146.98, -216.99, -0.67389, -0.29012, -0.02300, -0.67910
379, 16, 65.638, -14.803, 30.761, 389.22, 540.47, 845.95, 38.93, 116.40, -250.00, -0.71363, -0.28168, -0.07254, -0.63728
379, 15, 61.529, -9.876, 30.768, 287.35, 399.05, 848.69, 2.23, 92.74, -250.00, -0.74645, -0.25994, -0.09581, -0.60503
379, 16, 57.672, -7.433, 33.033, 452.09, 735.17, 964.78, 7.21, 73.95, -250.00, -0.76583, -0.26657, -0.11525, -0.57373
379, 15, 54.999, -3.980, 32.336, 194.46, 448.67, 883.85, -7.25, 79.25, -250.00, -0.78654, -0.24846, -0.12970, -0.55027
379, 15, 52.196, -0.231, 35.561, 29.11, 886.78, 773.74, -9.80, 54.34, -250.00, -0.79829, -0.25716, -0.16470, -0.51911
379, 16, 50.048, 4.990, 34.708, -204.04, 474.85, 750.06, -18.35, 39.72, -250.00, -0.81621, -0.23095, -0.19284, -0.49322
379, 15, 48.095, 6.070, 36.355, -27.04, 761.17, 717.16, -14.91, 14.70, -250.00, -0.82219, -0.24130, -0.20334, -0.47374
379, 15, 46.367, 6.882, 35.716, -32.47, 565.80, 813.17, -8.48, 19.82, -250.00, -0.83135, -0.23624, -0.20287, -0.46032
379, 16, 46.113, 8.615, 37.632, -150.63, 846.86, 769.17, -7.55, 42.11, -223.36, -0.82989, -0.24315, -0.22219, -0.45033
379, 15, 47.516, 9.417, 39.697, -77.94, 872.56, 670.59, -22.29, 70.01, -184.62, -0.82060, -0.25172, -0.23897, -0.45403
379, 15, 51.431, 9.174, 41.157, -74.04, 778.38, 621.89, -37.17, 98.73, -91.11, -0.80118, -0.25476, -0.25191, -0.47932
379, 16, 55.780, 12.084, 43.553, -302.61, 775.82, 491.52, -29.12, 121.37, -86.85, -0.78069, -0.24721, -0.29077, -0.49484
379, 15, 59.625, 17.483, 44.651, -505.13, 595.95, 457.40, -19.04, 117.66, -102.18, -0.76745, -0.21695, -0.33714, -0.50028
379, 16, 64.807, 20.392, 46.809, -619.69, 724.91, 471.25, -3.58, 93.72, -34.35, -0.74346, -0.19962, -0.37334, -0.51772
379, 15, 70.688, 19.803, 48.977, -416.56, 745.85, 494.63, -0.99, 89.55, 18.10, -0.71158, -0.19708, -0.39037, -0.54994
379, 15, 76.311, 15.835, 48.858, -168.09, 712.89, 731.87, 4.75, 98.74, 70.34, -0.67737, -0.20060, -0.37852, -0.59804
379, 16, 82.606, 14.749, 51.062, -344.06, 720.09, 522.03, 13.24, 100.55, 113.58, -0.63768, -0.19854, -0.39585, -0.63028
379, 15, 87.438, 12.760, 47.873, -355.04, 466.37, 1018.07, 21.52, 84.90, 157.80, -0.61117, -0.17732, -0.37610, -0.67349
379, 16, 92.599, 13.528, 49.194, -732.18, 786.87, 784.06, 27.90, 53.83, 183.14, -0.58014, -0.16185, -0.39512, -0.69363
379, 16, 96.157, 12.504, 48.090, -611.08, 553.83, 860.17, 25.92, -0.83, 211.91, -0.55731, -0.15100, -0.38877, -0.71796
379, 15, 98.730, 11.805, 45.613, -691.65, 243.10, 771.00, 23.18, -54.68, 249.99, -0.54237, -0.13529, -0.37329, -0.74040
379, 15, 100.381, 5.645, 48.913, -157.65, 521.42, 409.42, 48.88, -123.83, 249.99, -0.51108, -0.18703, -0.37150, -0.75220
379, 16, 100.597, -1.449, 45.015, -35.52, 408.75, 1181.09, 30.90, -142.27, 249.99, -0.49636, -0.21718, -0.31541, -0.77909
380, 7, 38.214, -2.554, 41.810, 29.42, 867.37, 780.40, -15.45, -7.20, -179.82, -0.83588, -0.32974, -0.13771, -0.41666
380, 27, 37.631, 0.425, 46.497, -187.19, 721.13, 603.15, 2.98, -15.73, -159.07, -0.82843, -0.35415, -0.17434, -0.39735
380, 15, 37.935, 0.401, 48.317, -186.71, 652.04, 559.81, 7.50, -41.53, -94.84, -0.82162, -0.36686, -0.18143, -0.39679
380, 15, 38.814, -0.191, 51.421, -314.27, 753.97, 480.41, 17.68, -65.19, -19.67, -0.80736, -0.38956, -0.19091, -0.39995
380, 16, 40.248, -2.057, 53.177, -343.69, 657.29, 517.70, 24.89, -91.06, 68.05, -0.79283, -0.40594, -0.18904, -0.41340
380, 15, 43.166, -7.322, 53.814, -216.19, 721.62, 631.16, 26.42, -96.94, 183.01, -0.76843, -0.42411, -0.16533, -0.44980
380, 16, 46.395, -13.000, 55.818, -161.13, 906.80, 530.03, 24.04, -86.23, 249.99, -0.73306, -0.45252, -0.14666, -0.48614
380, 15, 49.484, -16.400, 54.589, -233.28, 896.91, 766.24, 9.05, -85.19, 249.99, -0.71451, -0.45290, -0.13020, -0.51712
380, 15, 52.588, -21.418, 51.865, 92.71, 916.56, 869.26, -10.22, -95.54, 249.99, -0.69497, -0.45107, -0.09540, -0.55178
380, 16, 55.343, -27.582, 49.087, 339.29, 807.92, 717.16, -27.50, -100.96, 249.99, -0.67124, -0.45522, -0.05036, -0.58282
380, 15, 60.410, -32.605, 41.618, 407.84, 551.64, 949.89, -42.59, -89.47, 249.99, -0.65537, -0.43023, 0.00357, -0.62078
380, 15, 66.521, -39.173, 34.257, 756.10, 418.76, 846.01, -25.22, -70.92, 249.99, -0.62441, -0.41867, 0.06588, -0.65612
380, 17, 74.496, -41.416, 25.707, 791.75, 406.62, 1095.34, -1.67, -23.19, 249.99, -0.59958, -0.38943, 0.10243, -0.69164
380, 15, 82.603, -42.753, 17.731, 900.94, 288.76, 1035.28, 20.04, 5.80, 249.99, -0.57137, -0.36414, 0.13305, -0.72335
380, 15, 90.640, -42.038, 10.216, 885.07, 157.04, 1101.68, 43.79, 30.57, 249.99, -0.54436, -0.33328, 0.15317, -0.75441
380, 16, 94.451, -40.690, 6.499, 911.50, 53.71, 1076.23, 75.32, 40.17, 164.09, -0.53260, -0.31242, 0.16035, -0.77008
380, 15, 93.491, -39.121, 7.096, 1001.89, 99.30, 1101.01, 91.51, 58.56, 68.15, -0.54082, -0.30368, 0.15112, -0.76971
380, 17, 89.597, -36.431, 9.956, 868.71, 132.69, 1027.83, 95.36, 80.07, -13.93, -0.56523, -0.29547, 0.12833, -0.75944
380, 15, 84.701, -33.210, 13.534, 754.52, 221.44, 984.13, 78.77, 83.60, -53.96, -0.59567, -0.28869, 0.09969, -0.74290
380, 15, 78.808, -29.685, 16.766, 620.67, 248.72, 949.83, 48.13, 66.40, -114.08, -0.63365, -0.28059, 0.07318, -0.71722
380, 16, 71.439, -27.536, 20.255, 892.64, 302.73, 1073.49, 32.14, 62.45, -208.43, -0.67525, -0.28432, 0.05676, -0.67822
380, 15, 64.872, -23.968, 22.632, 710.88, 268.13, 1039.49, 24.48, 80.92, -250.00, -0.71605, -0.27751, 0.03581, -0.63951
380, 16, 59.072, -19.886, 26.262, 624.63, 536.68, 1070.07, 18.48, 86.04, -250.00, -0.74842, -0.27990, 0.00238, -0.60127
380, 16, 55.068, -15.369, 27.672, 393.49, 427.06, 943.18, -2.33, 91.61, -250.00, -0.77557, -0.26889, -0.02693, -0.57049
380, 15, 51.125, -11.546, 31.712, 380.43, 817.69, 944.15, 2.37, 79.79, -250.00, -0.79277, -0.28129, -0.06426, -0.53689
380, 15, 48.658, -6.013, 33.283, 60.12, 557.19, 805.42, -10.22, 81.26, -250.00, -0.81037, -0.27060, -0.10530, -0.50891
380, 16, 46.652, -2.370, 34.752, 71.29, 634.83, 752.69, -26.74, 68.40, -250.00, -0.82133, -0.26793, -0.13325, -0.48567
380, 15, 45.112, -0.139, 37.855, 156.25, 933.65, 771.24, -11.67, 68.52, -250.00, -0.82346, -0.28300, -0.15851, -0.46551
380, 16, 44.648, 3.609, 39.567, -9.95, 593.44, 547.73, -21.57, 96.09, -250.00, -0.82600, -0.28078, -0.19102, -0.44988
380, 15, 45.241, 7.449, 42.184, -184.63, 839.97, 607.24, -11.51, 86.91, -219.72, -0.82168, -0.28263, -0.22968, -0.43841
380, 15, 46.977, 10.117, 43.853, -184.02, 677.92, 547.91, -8.29, 87.09, -183.05, -0.81376, -0.27948, -0.25872, -0.43904
380, 16, 51.304, 9.061, 46.001, 18.49, 915.83, 628.42, -15.00, 119.08, -93.88, -0.79008, -0.28920, -0.27087, -0.46772
380, 15, 54.928, 12.597, 48.385, -237.24, 700.13, 450.62, 1.94, 138.07, -138.49, -0.77380, -0.27975, -0.31253, -0.47466
380, 15, 58.670, 17.526, 49.777, -428.28, 613.10, 470.95, 16.70, 131.69, -129.26, -0.76105, -0.25381, -0.35733, -0.47822
380, 16, 64.086, 18.588, 53.186, -364.44, 757.39, 404.97, 33.38, 120.25, -56.96, -0.73180, -0.25283, -0.39000, -0.49844
380, 15, 69.183, 17.647, 53.471, -357.48, 761.35, 673.83, 31.39, 116.13, -6.81, -0.70678, -0.24223, -0.39713, -0.53299
380, 15, 73.337, 17.843, 51.352, -501.34, 581.12, 828.86, 32.31, 96.60, 32.88, -0.69142, -0.21380, -0.39629, -0.56497
380, 16, 78.216, 16.361, 49.763, -608.28, 661.68, 936.65, 26.45, 62.68, 122.34, -0.66675, -0.19639, -0.38928, -0.60444
380, 16, 83.107, 13.286, 49.499, -408.08, 602.66, 695.37, 30.69, 24.44, 172.98, -0.63451, -0.19717, -0.38090, -0.64299
380, 16, 87.872, 9.261, 47.344, -415.22, 511.47, 871.03, 20.72, -3.14, 249.99, -0.60165, -0.19541, -0.35698, -0.68731
380, 15, 91.747, 5.017, 48.909, -204.10, 510.44, 463.38, 33.83, -42.32, 249.99, -0.56459, -0.21848, -0.35341, -0.71317
380, 15, 93.746, 1.231, 45.277, -317.69, 348.57, 993.10, 35.74, -87.12, 249.99, -0.54876, -0.21947, -0.31635, -0.74204
380, 16, 94.711, -3.892, 48.149, -98.63, 806.64, 568.79, 29.95, -125.72, 249.99, -0.52181, -0.26333, -0.31278, -0.74869
380, 15, 94.721, -13.161, 44.394, 405.64, 551.39, 1018.25, -6.16, -163.67, 249.99, -0.50211, -0.30534, -0.24265, -0.77187
380, 15, 93.947, -19.159, 41.983, 397.71, 821.11, 970.76, -33.83, -152.98, 249.99, -0.49461, -0.33375, -0.19371, -0.77874
380, 16, 92.640, -25.403, 37.825, 463.87, 667.97, 880.49, -77.07, -179.82, 249.99, -0.49548, -0.35591, -0.12871, -0.78183
381, 8, 35.979, 0.688, 51.924, -297.12, 785.03, 631.35, 34.55, -104.75, 71.53, -0.81667, -0.39483, -0.18914, -0.37601
381, 27, 42.106, -10.634, 55.419, -226.68, 820.07, 564.09, 21.71, -97.17, 218.51, -0.75846, -0.44743, -0.14456, -0.45127
381, 15, 44.705, -15.368, 56.603, -182.01, 876.28, 511.96, 7.56, -95.60, 249.99, -0.73031, -0.46746, -0.12688, -0.48169
381, 15, 47.860, -19.747, 53.908, -62.74, 801.45, 803.04, 1.53, -94.70, 249.99, -0.71424, -0.46179, -0.09761, -0.51680
381, 16, 49.712, -23.283, 53.926, -36.56, 904.05, 528.26, -15.64, -99.68, 249.99, -0.69413, -0.47226, -0.08079, -0.53724
381, 15, 53.812, -28.425, 46.730, 208.44, 578.19, 915.71, -54.96, -107.97, 249.99, -0.68527, -0.44485, -0.02662, -0.57603
381, 15, 58.798, -34.703, 40.172, 514.83, 556.82, 836.98, -43.83, -96.37, 249.99, -0.66184, -0.43000, 0.03168, -0.61324
381, 17, 66.140, -39.997, 31.023, 696.53, 360.96, 964.23, -40.47, -72.49, 249.99, -0.63519, -0.40428, 0.09112, -0.65176
381, 15, 75.200, -43.309, 21.168, 927.86, 265.08, 1063.23, -18.17, -24.83, 249.99, -0.60413, -0.37600, 0.13906, -0.68870
381, 16, 85.513, -44.602, 10.929, 1038.39, 24.54, 1164.98, 25.28, 1.30, 249.99, -0.56868, -0.34495, 0.17739, -0.72536
381, 15, 90.853, -43.404, 6.867, 1016.85, 52.43, 1105.10, 93.47, 39.47, 172.07, -0.54929, -0.32617, 0.18155, -0.74762
381, 15, 89.673, -41.281, 9.960, 1018.19, 263.92, 1059.14, 129.06, 66.47, 73.59, -0.55331, -0.32604, 0.15369, -0.75095
381, 17, 86.346, -37.838, 14.469, 820.92, 276.86, 950.62, 130.29, 87.13, 7.44, -0.57099, -0.32312, 0.11509, -0.74587
381, 15, 82.785, -34.371, 18.848, 845.64, 350.95, 998.05, 120.56, 94.53, -23.91, -0.59093, -0.32168, 0.07715, -0.73578
381, 15, 80.540, -30.194, 21.399, 610.41, 410.46, 914.49, 70.14, 96.12, -2.14, -0.60948, -0.30955, 0.04253, -0.72863
381, 16, 77.288, -26.311, 22.333, 528.63, 309.33, 972.72, 43.68, 62.75, -70.36, -0.63761, -0.29145, 0.02178, -0.71277
381, 15, 72.975, -24.269, 22.812, 732.67, 267.52, 1078.00, 25.12, 56.79, -141.66, -0.66790, -0.28205, 0.01693, -0.68853
381, 15, 66.462, -22.082, 25.118, 776.06, 392.82, 1073.43, 18.22, 52.20, -229.19, -0.70562, -0.28366, 0.00536, -0.64931
381, 17, 61.251, -18.909, 26.171, 694.58, 379.15, 1076.17, 2.20, 86.19, -250.00, -0.73934, -0.27458, -0.00914, -0.61473
381, 15, 56.869, -14.861, 27.745, 459.72, 483.52, 1023.99, -0.33, 86.55, -250.00, -0.76741, -0.26656, -0.03508, -0.58206
381, 16, 53.518, -10.328, 28.962, 252.69, 453.67, 844.60, -10.73, 92.65, -250.00, -0.79016, -0.25559, -0.06550, -0.55320
381, 15, 50.140, -6.059, 32.467, 116.88, 789.92, 828.43, -12.71, 62.55, -250.00, -0.80554, -0.26369, -0.10477, -0.52019
381, 15, 47.978, -2.484, 32.707, 52.73, 451.11, 748.47, -13.92, 57.88, -250.00, -0.82012, -0.25225, -0.12667, -0.49773
381, 16, 46.530, 0.180, 34.519, 108.40, 654.66, 748.96, -13.28, 80.47, -250.00, -0.82588, -0.25577, -0.15039, -0.47947
381, 15, 45.855, 3.056, 37.026, 71.53, 746.83, 723.82, -0.48, 97.92, -250.00, -0.82655, -0.26278, -0.17981, -0.46414
381, 15, 46.496, 5.541, 40.433, 156.01, 828.55, 535.28, -9.80, 141.43, -250.00, -0.81890, -0.27569, -0.21257, -0.45630
381, 16, 48.952, 12.736, 42.732, -378.23, 602.42, 439.39, -10.28, 141.88, -193.74, -0.81123, -0.25535, -0.27671, -0.44737
381, 15, 53.152, 16.905, 46.460, -353.03, 689.45, 368.59, 10.64, 132.12, -145.84, -0.79015, -0.25092, -0.32786, -0.45301
381, 15, 58.346, 19.189, 50.259, -348.88, 719.12, 368.47, 24.81, 129.67, -105.44, -0.76321, -0.24959, -0.36852, -0.46841
381, 17, 63.925, 17.656, 53.466, -151.31, 824.22, 476.20, 38.10, 134.09, -64.38, -0.73050, -0.26011, -0.38563, -0.50000
381, 15, 69.506, 17.400, 56.380, -293.33, 974.49, 531.25, 37.73, 141.58, -46.04, -0.69847, -0.26030, -0.40996, -0.52566
381, 16, 74.547, 17.987, 55.277, -516.36, 726.07, 725.95, 25.06, 122.61, 24.78, -0.67811, -0.23213, -0.41860, -0.55772
381, 15, 79.651, 19.969, 56.321, -954.65, 812.01, 618.29, 31.45, 83.46, 75.10, -0.65477, -0.20732, -0.44319, -0.57608
381, 15, 81.988, 18.056, 51.646, -737.24, 388.73, 1113.04, 21.93, 16.24, 131.22, -0.64678, -0.18365, -0.41387, -0.61372
381, 16, 86.365, 12.489, 50.401, -474.67, 600.52, 737.06, 18.91, -36.53, 249.99, -0.61269, -0.19611, -0.38778, -0.66014
381, 15, 88.982, 4.874, 46.021, -132.51, 314.88, 1149.11, 36.70, -67.73, 249.99, -0.58682, -0.21312, -0.32960, -0.70822
381, 16, 91.770, -0.693, 42.631, -97.47, 421.02, 1003.72, 25.22, -73.01, 249.99, -0.56168, -0.22433, -0.28607, -0.74321
381, 16, 93.693, -7.207, 44.973, 174.32, 891.24, 755.74, 32.53, -85.53, 249.99, -0.52593, -0.27256, -0.27347, -0.75784
382, 9, 40.847, -11.624, 36.252, 233.76, 571.35, 822.81, -17.32, 20.12, -250.00, -0.82554, -0.31915, -0.05657, -0.46198
382, 26, 37.219, -8.083, 41.406, 249.69, 722.47, 799.93, 7.46, 42.22, -250.00, -0.83141, -0.34666, -0.09237, -0.42433
382, 16, 35.361, -4.308, 44.881, 27.40, 752.99, 635.62, 9.34, 37.57, -250.00, -0.83396, -0.36134, -0.12709, -0.39724
382, 15, 33.587, 0.559, 47.515, -199.52, 696.78, 656.68, 28.79, 9.75, -250.00, -0.83889, -0.36711, -0.16598, -0.36599
382, 15, 31.908, 1.451, 50.619, -19.96, 815.06, 613.89, 31.69, -14.47, -232.03, -0.83508, -0.38947, -0.17657, -0.34609
382, 16, 30.358, 2.429, 52.622, -117.92, 767.46, 657.71, 35.05, -32.52, -209.85, -0.83401, -0.40351, -0.18418, -0.32816
382, 15, 30.182, 4.004, 54.954, -413.27, 692.87, 545.65, 41.09, -56.18, -101.18, -0.82818, -0.41596, -0.20141, -0.31707
382, 15, 31.491, 2.117, 57.177, -451.84, 775.09, 557.43, 36.51, -77.80, 31.52, -0.81365, -0.43530, -0.19918, -0.32987
382, 16, 33.621, -1.692, 59.900, -537.60, 885.38, 465.52, 23.77, -95.28, 158.14, -0.79027, -0.46220, -0.18902, -0.35513
382, 15, 36.289, -8.150, 59.359, -289.79, 749.39, 614.62, 12.28, -109.34, 249.99, -0.77024, -0.47359, -0.15314, -0.39873
382, 15, 38.872, -13.345, 57.872, -242.80, 759.46, 696.59, 8.27, -109.08, 249.99, -0.75407, -0.47579, -0.12206, -0.43600
382, 16, 39.838, -21.056, 60.254, 139.28, 902.34, 367.25, 5.68, -117.28, 249.99, -0.71751, -0.51169, -0.08161, -0.46550
382, 15, 43.980, -28.584, 52.972, 372.56, 558.59, 1107.67, -20.61, -104.53, 249.99, -0.70621, -0.48514, -0.01534, -0.51543
382, 16, 48.862, -37.584, 47.336, 936.77, 717.10, 959.90, -20.34, -84.56, 249.99, -0.67338, -0.47803, 0.05441, -0.56132
382, 15, 57.691, -42.375, 36.531, 705.57, 365.72, 1096.62, -33.36, -52.64, 249.99, -0.65245, -0.43768, 0.10784, -0.60919
382, 16, 68.678, -45.380, 25.367, 954.53, 257.87, 1120.18, -0.06, -2.71, 249.99, -0.62101, -0.40041, 0.14945, -0.65703
382, 16, 79.269, -44.766, 15.752, 762.45, 194.40, 1074.95, 32.90, 20.45, 249.99, -0.59222, -0.36093, 0.16753, -0.70067
382, 15, 87.132, -43.086, 9.246, 853.88, 250.98, 1115.66, 37.08, 31.92, 245.61, -0.56732, -0.33000, 0.17516, -0.73387
382, 15, 90.504, -40.611, 5.616, 774.17, 81.67, 1084.72, 44.91, 32.66, 142.65, -0.56132, -0.30189, 0.17639, -0.75011
382, 16, 90.237, -38.355, 4.842, 844.36, 8.79, 1096.92, 62.30, 49.89, 53.51, -0.56980, -0.28325, 0.17053, -0.75234
382, 15, 85.885, -35.925, 7.947, 823.67, 137.88, 1081.60, 67.77, 59.63, -36.03, -0.59565, -0.27764, 0.14803, -0.73905
382, 15, 80.313, -33.675, 11.346, 940.55, 153.50, 1155.40, 57.66, 71.64, -104.93, -0.62792, -0.27546, 0.12711, -0.71672
382, 17, 74.859, -30.654, 14.160, 839.66, 123.41, 1105.83, 53.37, 89.29, -151.34, -0.66187, -0.26833, 0.10458, -0.69209
382, 15, 68.374, -27.252, 19.030, 815.25, 360.96, 1082.76, 51.69, 97.06, -195.63, -0.69683, -0.27378, 0.06954, -0.65927
382, 16, 62.873, -21.988, 22.464, 480.77, 321.23, 886.17, 31.85, 113.30, -228.20, -0.73220, -0.26601, 0.02812, -0.62637
382, 15, 57.840, -14.679, 26.770, 168.21, 464.42, 780.94, 24.22, 103.97, -243.29, -0.76506, -0.25891, -0.03360, -0.58866
382, 16, 53.900, -11.001, 29.742, 321.96, 553.41, 843.63, 9.96, 81.38, -250.00, -0.78528, -0.26377, -0.06536, -0.55632
382, 16, 50.695, -8.600, 32.645, 356.02, 641.54, 869.93, 16.65, 69.23, -250.00, -0.79813, -0.27541, -0.08868, -0.52846
382, 15, 48.155, -5.539, 35.903, 224.98, 718.32, 771.48, 11.38, 73.01, -250.00, -0.80701, -0.28760, -0.11904, -0.50184
382, 15, 45.967, -2.787, 39.277, 161.50, 854.19, 735.41, 2.62, 58.36, -250.00, -0.81229, -0.30272, -0.14754, -0.47620
382, 16, 44.201, -0.752, 40.651, 115.11, 659.00, 717.29, -2.11, 45.94, -250.00, -0.81904, -0.30678, -0.16302, -0.45661
382, 15, 42.774, 1.702, 41.964, 24.29, 840.39, 865.97, -2.63, 43.82, -250.00, -0.82462, -0.30871, -0.18188, -0.43773
382, 14, 42.138, 3.064, 43.119, 83.25, 727.17, 698.49, -7.46, 59.55, -241.42, -0.82573, -0.31277, -0.19423, -0.42735
382, 16, 43.873, 3.719, 44.871, 103.21, 832.82, 660.28, -14.04, 101.26, -177.63, -0.81524, -0.31968, -0.21025, -0.43473
382, 15, 46.132, 8.815, 45.313, -259.89, 533.02, 552.73, -1.09, 111.92, -169.62, -0.81189, -0.29730, -0.25328, -0.43393
382, 16, 48.477, 11.709, 47.461, -216.37, 777.89, 557.80, 7.88, 107.44, -181.71, -0.80069, -0.29436, -0.28694, -0.43578
382, 16, 51.458, 16.054, 50.153, -447.88, 729.31, 429.32, 18.93, 97.93, -156.23, -0.78724, -0.28525, -0.33280, -0.43374
382, 15, 56.193, 15.438, 52.460, -286.80, 768.07, 487.92, 21.61, 93.15, -58.96, -0.76222, -0.28968, -0.34989, -0.46118
382, 16, 62.089, 13.008, 55.112, -249.02, 818.05, 492.74, 30.78, 101.52, 26.31, -0.72687, -0.30072, -0.36183, -0.50031
382, 15, 68.062, 9.876, 56.535, -244.51, 910.03, 595.83, 19.17, 101.21, 85.06, -0.68964, -0.30680, -0.36640, -0.54408
382, 15, 73.546, 10.127, 57.073, -512.63, 742.61, 578.67, 29.85, 88.42, 121.48, -0.66206, -0.29064, -0.38468, -0.57379
382, 16, 78.594, 8.046, 54.373, -519.71, 662.17, 927.43, 19.84, 57.82, 191.33, -0.63733, -0.27043, -0.37213, -0.61822
382, 15, 82.789, 6.691, 54.805, -484.80, 810.85, 667.85, 28.64, 19.55, 185.59, -0.60969, -0.26700, -0.37748, -0.64381
382, 15, 86.183, 2.310, 50.103, -377.44, 516.91, 1191.77, 9.33, -29.79, 249.99, -0.58884, -0.25818, -0.33600, -0.68827
