364, 7, 35.901, 1.647, 30.124, -40.34, 559.02, 990.78, 1.95, -0.18, -2.06, -0.87771, -0.22995, -0.12179, -0.40239
364, 26, 35.998, 2.059, 30.086, -51.33, 565.73, 990.11, 3.59, -1.20, 1.62, -0.87779, -0.22808, -0.12499, -0.40230
364, 16, 35.986, 1.818, 30.184, -29.42, 577.88, 996.64, 3.31, -1.98, -0.06, -0.87744, -0.22970, -0.12348, -0.40261
364, 15, 36.095, 1.577, 30.219, -25.39, 581.36, 1002.08, 1.95, -0.77, 1.85, -0.87678, -0.23072, -0.12198, -0.40391
364, 16, 36.212, 1.876, 30.004, -53.71, 561.71, 992.86, 0.90, -0.95, 3.90, -0.87705, -0.22788, -0.12373, -0.40441
364, 15, 36.266, 1.886, 29.802, -43.15, 555.30, 990.84, 1.68, -1.98, 3.23, -0.87727, -0.22623, -0.12320, -0.40502
364, 15, 36.193, 2.584, 29.454, -86.67, 538.09, 992.86, 3.14, -4.28, 0.40, -0.87876, -0.22113, -0.12716, -0.40338
364, 15, 35.963, 1.328, 30.064, 73.61, 659.30, 1061.22, 0.43, 3.24, -12.41, -0.87734, -0.23056, -0.11927, -0.40359
364, 16, 35.399, 0.659, 30.294, 187.99, 789.25, 1216.98, -15.12, 30.17, -43.83, -0.87826, -0.23526, -0.11382, -0.40044
364, 15, 35.100, 0.799, 30.625, 315.86, 920.65, 1171.39, -43.74, 74.20, -63.10, -0.87875, -0.23761, -0.11542, -0.39752
364, 16, 34.790, 2.781, 30.135, 249.08, 831.36, 1039.37, -74.31, 121.86, -94.57, -0.88244, -0.22723, -0.12828, -0.39142
364, 15, 33.883, 6.940, 28.716, 86.91, 685.30, 901.73, -101.67, 158.24, -116.41, -0.89054, -0.20270, -0.15368, -0.37713
364, 16, 33.171, 14.077, 25.151, -186.46, 449.77, 820.56, -122.04, 176.51, -109.68, -0.89904, -0.15052, -0.19580, -0.36156
364, 16, 31.845, 21.879, 18.792, -431.76, 169.31, 832.70, -122.45, 159.16, -79.00, -0.90484, -0.07512, -0.23474, -0.34716
364, 15, 29.204, 26.712, 12.485, -404.91, 100.65, 882.81, -100.22, 128.18, -80.80, -0.90908, -0.01426, -0.25243, -0.33114
364, 16, 25.209, 28.260, 8.113, -384.89, 124.63, 935.36, -48.53, 80.47, -117.17, -0.91757, 0.01664, -0.25244, -0.30669
364, 16, 22.483, 29.027, 6.828, -480.77, 173.71, 981.20, -10.34, 41.45, -113.01, -0.92298, 0.02311, -0.25568, -0.28671
364, 15, 21.016, 26.915, 9.377, -221.62, 492.07, 1022.64, 17.79, 20.97, -126.51, -0.93059, -0.00646, -0.24510, -0.27183
364, 15, 18.859, 27.142, 10.772, -443.24, 486.33, 1084.47, 11.12, 25.09, -156.84, -0.93494, -0.02188, -0.24984, -0.25096
364, 16, 14.694, 28.636, 7.250, -673.71, 42.79, 1083.74, 8.00, -8.17, -103.41, -0.94111, 0.00136, -0.25429, -0.22283
364, 16, 12.948, 28.926, 4.881, -811.71, -184.69, 1060.97, 43.11, -58.36, -26.84, -0.94365, 0.01761, -0.25230, -0.21343
364, 16, 12.099, 27.367, 4.307, -751.22, -247.50, 909.67, 101.61, -129.55, 5.88, -0.94823, 0.01739, -0.23856, -0.20891
364, 15, 14.543, 23.384, 9.123, -564.58, 46.81, 792.18, 153.10, -198.28, 66.74, -0.95039, -0.02605, -0.21493, -0.22336
364, 16, 18.893, 16.472, 17.830, -335.21, 274.17, 579.35, 168.12, -250.00, 136.78, -0.94446, -0.10734, -0.17897, -0.25387
364, 16, 22.436, 6.173, 26.498, -87.04, 431.76, 553.34, 152.13, -250.00, 178.88, -0.92762, -0.20121, -0.12098, -0.29053
364, 15, 25.387, -5.945, 32.607, 386.05, 838.07, 968.20, 124.50, -200.55, 219.88, -0.89811, -0.28081, -0.04713, -0.33514
364, 15, 28.706, -14.751, 35.255, 568.12, 1121.09, 1411.25, 70.01, -117.56, 225.00, -0.86679, -0.32424, 0.00516, -0.37884
364, 16, 33.098, -16.693, 36.077, 374.57, 1092.35, 1219.54, 5.98, -18.22, 122.71, -0.84520, -0.33600, 0.00471, -0.41560
364, 16, 35.566, -15.818, 35.574, 591.86, 1303.34, 1540.41, -35.24, 51.28, 32.01, -0.83942, -0.32964, -0.00731, -0.43205
364, 17, 35.798, -13.119, 33.724, 956.91, 1192.63, 1441.41, -90.32, 144.27, -101.83, -0.84917, -0.30745, -0.02163, -0.42885
364, 15, 35.658, -8.248, 29.222, 774.72, 787.84, 915.95, -195.05, 249.28, -163.66, -0.86906, -0.25764, -0.04204, -0.42023
364, 15, 36.082, -1.829, 26.851, 170.84, 503.91, 389.77, -222.27, 249.99, -107.36, -0.88029, -0.21705, -0.08382, -0.41347
364, 16, 36.547, 14.491, 16.381, -909.36, -249.82, 476.93, -209.76, 249.99, -57.76, -0.89628, -0.07480, -0.17310, -0.40140
364, 15, 34.560, 25.073, 7.000, -998.35, -425.60, 803.71, -144.68, 161.64, -16.68, -0.89428, 0.03438, -0.22206, -0.38700
364, 15, 29.477, 29.541, 1.492, -613.22, -174.62, 1021.55, -51.09, 100.41, -21.19, -0.89996, 0.08230, -0.24160, -0.35345
364, 17, 23.428, 29.518, -0.183, -474.24, 16.85, 1034.42, 7.26, 42.04, -99.32, -0.91629, 0.08278, -0.24093, -0.30905
364, 15, 18.590, 27.021, 2.302, -258.91, 320.50, 1046.63, 49.99, 11.57, -162.91, -0.93486, 0.04639, -0.22976, -0.26663
364, 15, 14.489, 25.656, 6.140, -268.80, 585.88, 1041.14, 45.63, 18.28, -195.79, -0.94703, 0.00354, -0.22775, -0.22639
364, 17, 9.749, 27.411, 5.578, -624.63, 229.19, 1146.73, 27.88, 18.37, -199.97, -0.95231, 0.00201, -0.24132, -0.18673
364, 15, 7.511, 28.673, 3.274, -945.92, -254.27, 1086.91, 63.21, -54.86, -68.86, -0.95307, 0.01856, -0.24837, -0.17212
364, 16, 6.770, 28.338, 3.094, -967.35, -350.10, 925.54, 127.14, -125.56, -18.14, -0.95483, 0.01793, -0.24544, -0.16654
364, 15, 8.741, 26.814, 8.288, -724.61, 14.10, 668.27, 181.99, -176.06, 20.62, -0.95477, -0.02374, -0.24054, -0.17318
364, 15, 13.290, 18.951, 19.453, -297.91, 489.81, 698.06, 194.60, -208.90, 61.78, -0.95165, -0.12400, -0.19678, -0.20065
364, 17, 16.766, 11.562, 29.814, -171.26, 667.18, 563.96, 176.95, -196.06, 90.87, -0.93426, -0.22123, -0.16135, -0.22843
364, 15, 19.719, 1.085, 35.313, 328.86, 862.49, 1064.70, 134.68, -157.15, 139.60, -0.91320, -0.28782, -0.09609, -0.27201
364, 15, 23.470, -7.104, 37.357, 362.00, 898.44, 1258.18, 79.80, -105.84, 168.42, -0.88960, -0.32163, -0.04653, -0.32093
364, 16, 28.513, -10.484, 36.769, 85.21, 877.44, 1232.60, 24.55, -57.12, 197.57, -0.87090, -0.32419, -0.03250, -0.36793
364, 15, 32.629, -11.418, 34.870, 166.32, 828.67, 1171.69, -23.68, 8.13, 150.06, -0.86072, -0.31141, -0.03029, -0.40159
364, 15, 36.071, -9.252, 31.229, -210.75, 417.30, 999.94, -28.58, 12.53, 134.68, -0.86132, -0.27603, -0.04267, -0.42440
364, 16, 38.343, -7.753, 29.457, -167.66, 504.46, 1011.66, -19.00, 2.08, 128.17, -0.85919, -0.25658, -0.05275, -0.43952
364, 15, 40.339, -5.827, 27.940, -164.67, 480.35, 1016.91, -12.42, -10.86, 86.44, -0.85741, -0.23714, -0.06580, -0.45197
364, 18, 40.782, -4.980, 27.827, -69.58, 558.41, 1020.63, -9.54, -22.32, 57.56, -0.85701, -0.23283, -0.07267, -0.45392
364, 14, 41.194, -4.514, 26.957, -65.06, 499.21, 1021.24, -14.40, -28.47, 62.64, -0.85770, -0.22427, -0.07356, -0.45678
364, 15, 41.211, -4.641, 25.618, 23.44, 460.88, 1037.11, -13.37, -17.65, 49.87, -0.86004, -0.21471, -0.06728, -0.45793
365, 7, 46.155, -12.318, 31.002, 262.51, 571.90, 963.68, 18.26, -14.76, 25.44, -0.81557, -0.28182, -0.04321, -0.50354
365, 27, 42.586, -10.492, 33.171, 179.57, 671.26, 989.26, 9.41, -6.41, -21.42, -0.82882, -0.29193, -0.05706, -0.47389
365, 15, 40.402, -9.574, 34.116, 225.28, 740.30, 1018.92, -3.78, -1.08, -56.02, -0.83692, -0.29657, -0.06214, -0.45579
365, 16, 38.996, -7.515, 31.903, 167.42, 586.24, 1194.15, -12.09, 14.94, -71.14, -0.85138, -0.27365, -0.06549, -0.44270
365, 15, 38.025, -5.824, 29.297, 233.95, 505.98, 1361.63, -3.28, 38.54, -78.07, -0.86349, -0.24865, -0.06616, -0.43380
365, 15, 36.127, -4.956, 30.505, 599.43, 911.74, 1253.36, -7.73, 83.89, -129.97, -0.86903, -0.25587, -0.07311, -0.41711
365, 16, 33.105, -0.917, 31.050, 498.23, 916.20, 1146.91, -40.94, 146.04, -206.97, -0.88304, -0.24861, -0.09945, -0.38542
365, 16, 31.464, 4.050, 29.453, 374.15, 720.83, 940.37, -95.99, 207.21, -217.77, -0.89558, -0.22133, -0.12930, -0.36364
365, 16, 30.408, 14.138, 25.857, -187.81, 449.95, 737.12, -132.13, 220.14, -201.43, -0.90651, -0.16058, -0.19468, -0.33845
365, 16, 29.205, 23.762, 19.520, -377.62, 219.48, 698.67, -142.40, 196.21, -150.99, -0.91009, -0.07997, -0.24959, -0.32102
365, 15, 28.044, 31.392, 12.688, -546.14, 60.36, 734.68, -126.69, 159.23, -84.40, -0.90441, -0.00335, -0.28914, -0.31375
365, 16, 26.038, 36.434, 6.512, -620.42, -21.55, 783.94, -88.96, 114.91, -65.51, -0.89766, 0.05561, -0.31182, -0.30640
365, 15, 25.883, 36.827, 4.896, -532.65, 120.97, 900.63, -41.22, 70.05, -49.77, -0.89624, 0.06900, -0.31061, -0.30906
365, 15, 26.592, 35.241, 6.113, -462.95, 219.97, 960.27, -1.51, 30.19, -38.94, -0.89878, 0.05666, -0.30124, -0.31342
365, 16, 25.325, 31.149, 10.206, -95.28, 638.37, 1048.52, 15.81, 18.59, -86.77, -0.91208, 0.00881, -0.28068, -0.29876
365, 16, 22.985, 32.975, 9.092, -942.99, 103.27, 1054.50, 16.45, -23.86, -28.43, -0.91413, 0.01715, -0.29244, -0.28025
365, 15, 23.216, 32.531, 9.363, -1003.54, -71.96, 982.30, 54.99, -99.72, 71.49, -0.91454, 0.01432, -0.28959, -0.28203
365, 16, 23.593, 29.856, 11.237, -736.88, -48.52, 741.46, 108.19, -173.15, 91.88, -0.91895, -0.00743, -0.27316, -0.28436
365, 16, 25.203, 19.060, 17.501, -155.94, 291.02, 818.91, 139.25, -224.47, 103.52, -0.92721, -0.08680, -0.20434, -0.30165
365, 16, 27.519, 10.769, 24.861, -251.16, 450.50, 719.67, 132.19, -231.59, 160.46, -0.91685, -0.16819, -0.16135, -0.32412
365, 15, 29.069, 1.748, 32.551, -129.33, 747.86, 672.12, 111.27, -235.89, 191.21, -0.89499, -0.25549, -0.11603, -0.34678
365, 15, 30.152, -9.882, 35.957, 521.91, 992.31, 1185.42, 71.82, -186.76, 208.70, -0.86883, -0.31583, -0.03910, -0.37928
365, 16, 34.089, -18.262, 36.048, 930.91, 1116.39, 1475.34, 21.00, -80.36, 167.27, -0.83815, -0.34045, 0.01393, -0.42592
365, 16, 36.542, -16.339, 34.414, 461.00, 1017.76, 1475.89, -22.16, 45.85, 29.62, -0.83788, -0.32275, -0.00169, -0.44021
365, 16, 36.064, -14.567, 33.303, 1060.30, 1060.55, 1350.65, -65.03, 132.72, -107.28, -0.84646, -0.30895, -0.00967, -0.43355
365, 16, 34.568, -10.072, 30.341, 885.56, 702.21, 950.87, -127.32, 226.24, -203.26, -0.86764, -0.27251, -0.02950, -0.41482
365, 15, 33.693, -4.514, 30.307, 497.07, 895.32, 447.88, -175.79, 249.99, -163.81, -0.87868, -0.25440, -0.07039, -0.39781
365, 16, 33.858, 12.427, 24.749, -545.53, 253.42, 308.96, -219.88, 249.99, -128.61, -0.89762, -0.15217, -0.18278, -0.37109
365, 15, 30.845, 26.565, 11.958, -1058.65, -639.65, 652.22, -190.41, 225.98, -104.90, -0.90451, -0.00699, -0.24989, -0.34551
365, 16, 24.675, 34.517, 3.037, -992.19, -441.28, 959.41, -65.73, 125.83, -52.28, -0.90393, 0.07382, -0.28835, -0.30712
365, 17, 18.384, 35.282, 0.337, -654.30, -7.87, 1013.85, 31.97, 38.43, -113.41, -0.91588, 0.08130, -0.29195, -0.26329
365, 15, 13.612, 32.959, 2.391, -346.01, 400.82, 1016.85, 51.69, 20.31, -202.60, -0.93281, 0.04776, -0.28028, -0.22141
365, 15, 7.607, 34.626, 1.091, -926.70, 173.83, 1180.54, 46.12, 11.83, -221.36, -0.93857, 0.04634, -0.29409, -0.17452
365, 16, 4.310, 35.074, -1.274, -1010.68, -192.02, 1072.14, 58.27, -44.68, -112.85, -0.94105, 0.05789, -0.29588, -0.15336
365, 15, 6.050, 33.035, 0.979, -774.60, -60.42, 945.98, 92.13, -102.69, -11.44, -0.94477, 0.04093, -0.28145, -0.16285
365, 15, 9.175, 31.207, 7.047, -791.08, 192.44, 735.72, 124.18, -150.63, 9.58, -0.94536, -0.00454, -0.27488, -0.17525
365, 16, 11.923, 27.621, 13.581, -681.21, 276.55, 743.16, 139.52, -187.27, 26.63, -0.94637, -0.05918, -0.25664, -0.18713
365, 16, 14.605, 18.831, 20.996, -282.41, 422.55, 789.49, 146.32, -211.75, 40.54, -0.94768, -0.13479, -0.20004, -0.20910
365, 17, 16.625, 9.984, 27.536, -37.17, 489.50, 730.22, 144.87, -185.89, 64.23, -0.93911, -0.20661, -0.14376, -0.23391
365, 15, 20.291, 0.293, 33.140, 445.92, 1075.87, 1151.12, 99.67, -126.70, 143.67, -0.91658, -0.27194, -0.08594, -0.28026
365, 15, 24.277, -3.642, 35.914, 18.80, 917.91, 1066.41, 42.34, -57.72, 148.43, -0.89560, -0.30116, -0.07195, -0.31942
365, 16, 28.092, -4.610, 36.285, -123.66, 830.26, 1071.17, 6.52, -25.40, 152.06, -0.88229, -0.30423, -0.07553, -0.35114
365, 15, 31.372, -4.735, 35.722, -73.12, 835.39, 1085.51, -22.75, 8.02, 136.83, -0.87319, -0.29805, -0.08140, -0.37695
365, 15, 34.457, -2.713, 32.846, -355.90, 500.12, 983.89, -37.29, 8.87, 145.00, -0.87241, -0.26723, -0.09482, -0.39811
365, 16, 36.614, -2.104, 31.396, -242.92, 580.32, 993.29, -30.36, -8.99, 143.23, -0.86877, -0.25229, -0.09922, -0.41443
365, 15, 39.176, -1.472, 29.518, -249.15, 513.92, 1000.24, -28.91, -24.97, 127.59, -0.86397, -0.23353, -0.10250, -0.43419
366, 7, 43.290, -10.198, 29.825, 124.39, 527.59, 1085.51, -25.69, -25.07, 63.19, -0.83457, -0.26620, -0.04704, -0.48002
366, 27, 43.101, -9.349, 26.900, 130.37, 550.66, 1183.72, -11.14, -16.59, 21.84, -0.84324, -0.24159, -0.04075, -0.47846
366, 16, 42.812, -11.566, 27.452, 372.92, 645.94, 1127.32, -4.62, -12.47, 18.10, -0.83960, -0.25426, -0.02576, -0.47934
366, 15, 42.537, -12.112, 26.533, 448.24, 576.60, 1246.15, -10.44, 37.41, -19.51, -0.84182, -0.24964, -0.01720, -0.47824
366, 16, 40.912, -11.773, 27.150, 660.10, 731.81, 1256.77, -13.05, 74.93, -83.43, -0.84774, -0.25318, -0.01874, -0.46570
366, 16, 38.723, -8.656, 27.753, 680.36, 800.84, 1240.72, -28.48, 149.54, -153.08, -0.86012, -0.24688, -0.04011, -0.44457
366, 16, 36.216, -3.288, 28.017, 521.30, 718.32, 955.26, -57.40, 214.74, -214.26, -0.87600, -0.23105, -0.07707, -0.41630
366, 15, 35.189, 5.573, 27.536, 52.98, 539.98, 679.02, -94.23, 249.99, -198.10, -0.88761, -0.19674, -0.14152, -0.39169
366, 15, 35.834, 16.988, 27.888, -330.93, 630.62, 526.55, -118.00, 249.99, -160.81, -0.88618, -0.15615, -0.23015, -0.37058
366, 16, 31.809, 29.277, 20.573, -536.56, 137.27, 641.05, -117.10, 206.73, -149.11, -0.89506, -0.06289, -0.29619, -0.32738
366, 16, 26.482, 37.048, 13.853, -799.13, -64.82, 732.91, -40.95, 110.94, -117.39, -0.89690, 0.00125, -0.33547, -0.28814
366, 15, 23.077, 37.343, 11.411, -630.92, 180.85, 952.27, 12.08, 37.34, -96.80, -0.90435, 0.01140, -0.33199, -0.26796
366, 16, 21.288, 33.934, 13.835, -218.38, 611.45, 1004.15, 30.50, 11.00, -144.52, -0.91594, -0.02252, -0.31095, -0.25271
366, 16, 16.985, 33.031, 12.283, -549.74, 332.52, 1104.43, 22.55, 7.55, -180.19, -0.92712, -0.02387, -0.29973, -0.22370
366, 15, 14.509, 33.616, 9.149, -875.85, -57.31, 1083.31, 35.06, -36.64, -71.01, -0.93090, -0.00355, -0.29816, -0.21098
366, 16, 14.382, 31.793, 8.471, -809.88, -130.13, 932.98, 82.21, -117.38, 7.45, -0.93520, -0.00239, -0.28223, -0.21389
366, 15, 17.217, 27.713, 14.043, -671.26, 266.17, 809.20, 119.91, -182.62, 36.48, -0.93636, -0.05081, -0.26077, -0.22944
366, 16, 20.346, 20.201, 21.173, -497.38, 480.04, 859.92, 121.22, -226.36, 77.34, -0.93456, -0.12229, -0.21790, -0.25332
366, 16, 22.243, 10.523, 25.564, -156.56, 431.95, 786.80, 92.04, -233.71, 107.68, -0.92974, -0.18183, -0.15320, -0.28115
366, 15, 23.915, 0.051, 30.024, 161.13, 627.32, 844.36, 82.48, -204.33, 127.33, -0.91407, -0.24498, -0.08413, -0.31207
366, 16, 26.931, -9.655, 33.059, 540.47, 974.49, 1140.87, 48.75, -138.34, 181.86, -0.88723, -0.29385, -0.02303, -0.35489
366, 15, 30.328, -14.855, 34.006, 560.73, 1029.79, 1193.79, 2.29, -28.87, 153.95, -0.86462, -0.31517, 0.00564, -0.39124
366, 16, 32.081, -15.535, 33.824, 731.14, 1207.28, 1459.11, -32.92, 66.61, 44.77, -0.85768, -0.31583, 0.00673, -0.40571
366, 16, 32.164, -13.016, 33.075, 959.41, 1166.14, 1197.88, -84.42, 177.79, -76.50, -0.86426, -0.30278, -0.01039, -0.40158
366, 15, 31.778, -7.547, 31.755, 530.09, 864.07, 697.33, -151.63, 249.99, -127.37, -0.87787, -0.27620, -0.04738, -0.38835
366, 15, 32.712, 6.566, 28.339, -302.73, 455.08, 413.70, -200.00, 249.99, -85.48, -0.89487, -0.20261, -0.14751, -0.36932
366, 17, 31.811, 21.031, 17.190, -1281.62, -620.18, 667.54, -183.04, 221.60, -52.13, -0.90674, -0.06551, -0.22330, -0.35167
366, 16, 28.558, 28.520, 8.319, -1077.76, -551.03, 1005.31, -90.81, 97.75, -20.02, -0.90780, 0.02321, -0.25448, -0.33257
366, 16, 26.809, 28.283, 6.795, -420.96, 57.43, 1058.29, 1.59, 51.33, -13.14, -0.91286, 0.03074, -0.24868, -0.32233
366, 15, 23.523, 25.709, 7.068, -243.47, 209.17, 1040.16, 24.68, 9.16, -102.20, -0.92631, 0.01411, -0.22961, -0.29837
366, 15, 18.952, 22.898, 8.825, -121.22, 395.75, 1048.58, 47.09, 4.19, -186.65, -0.94186, -0.01655, -0.21114, -0.26086
366, 16, 14.885, 23.872, 9.892, -433.17, 361.15, 1083.80, 40.30, 18.09, -201.01, -0.94877, -0.03068, -0.22052, -0.22418
366, 15, 11.975, 26.469, 7.039, -802.31, -104.00, 1131.84, 46.71, -10.01, -112.73, -0.95026, -0.00729, -0.23608, -0.20300
366, 15, 10.363, 27.917, 6.392, -869.93, -175.05, 967.41, 92.73, -63.26, -31.55, -0.95031, -0.00250, -0.24683, -0.18966
366, 17, 9.868, 26.446, 9.005, -923.40, -72.33, 904.17, 159.48, -173.67, -8.21, -0.95354, -0.02803, -0.23886, -0.18145
366, 15, 12.099, 21.600, 17.849, -512.70, 423.03, 649.78, 175.31, -221.85, 21.09, -0.95223, -0.10703, -0.21455, -0.18913
366, 15, 13.366, 13.259, 26.477, -190.80, 655.27, 739.44, 159.67, -226.83, 36.07, -0.94608, -0.19472, -0.16266, -0.20139
366, 16, 13.526, 5.433, 33.067, -20.08, 759.77, 828.98, 132.89, -198.36, 38.54, -0.93367, -0.26548, -0.11129, -0.21308
366, 15, 15.447, -2.808, 38.057, 291.93, 1087.46, 985.90, 82.09, -141.64, 113.66, -0.91244, -0.32123, -0.05987, -0.24633
366, 16, 19.363, -8.630, 38.707, 202.03, 938.35, 1133.67, 20.17, -73.46, 164.23, -0.89458, -0.33697, -0.02627, -0.29239
366, 15, 22.868, -9.640, 36.081, 4.15, 624.63, 1073.43, -8.49, -28.62, 131.53, -0.89120, -0.31806, -0.02123, -0.32273
366, 15, 28.531, -7.403, 34.226, -244.38, 631.35, 997.01, -14.23, -0.05, 129.02, -0.88254, -0.29611, -0.04849, -0.36207
366, 17, 32.672, -4.805, 32.667, -324.04, 568.79, 979.19, -14.34, 0.69, 118.82, -0.87638, -0.27406, -0.07389, -0.38910
366, 15, 35.902, -2.782, 32.268, -341.67, 688.66, 982.67, -21.77, -6.73, 119.16, -0.86857, -0.26188, -0.09559, -0.40971
366, 15, 38.602, -1.697, 31.647, -327.09, 637.70, 949.71, -28.84, -25.44, 131.80, -0.86137, -0.25093, -0.10759, -0.42837
366, 16, 40.577, -2.685, 29.286, -152.04, 428.22, 949.22, -23.03, -50.99, 133.06, -0.85767, -0.23516, -0.09531, -0.44723
366, 15, 41.389, -7.343, 27.667, 176.57, 483.70, 1059.69, -12.46, -62.05, 102.89, -0.85168, -0.24027, -0.05542, -0.46242
366, 15, 41.378, -10.811, 25.747, 279.42, 405.52, 1094.06, -6.75, -43.82, 50.39, -0.85045, -0.23912, -0.02133, -0.46808
366, 16, 40.781, -12.027, 23.581, 234.38, 304.57, 1081.54, 3.07, -26.46, 5.38, -0.85534, -0.22761, -0.00203, -0.46538
366, 15, 39.714, -12.948, 23.180, 311.65, 392.40, 1101.93, 21.90, -6.76, -27.92, -0.85894, -0.22798, 0.00876, -0.45845
367, 7, 42.052, -12.424, 31.000, 264.04, 625.37, 1050.05, 5.23, -11.55, 2.62, -0.83288, -0.28357, -0.03229, -0.47420
367, 27, 39.845, -12.482, 32.103, 338.75, 651.12, 1004.21, -2.43, 12.64, -41.15, -0.83897, -0.29243, -0.03079, -0.45789
367, 17, 38.299, -11.017, 32.717, 440.37, 766.42, 1056.46, -19.19, 60.57, -96.07, -0.84619, -0.29232, -0.04036, -0.44372
367, 16, 37.290, -6.574, 29.109, 240.05, 425.23, 1465.70, -16.01, 87.73, -126.93, -0.86564, -0.25029, -0.05812, -0.42970
367, 15, 36.163, -3.765, 30.425, 526.31, 879.94, 1244.63, 0.06, 138.47, -137.73, -0.87057, -0.25111, -0.08203, -0.41512
367, 15, 34.193, 0.773, 31.506, 564.51, 998.84, 1096.50, -38.04, 189.49, -214.55, -0.87998, -0.24538, -0.11634, -0.38972
367, 16, 33.238, 6.796, 30.827, 346.86, 770.39, 815.67, -95.28, 246.06, -230.71, -0.88868, -0.22048, -0.15827, -0.36958
367, 15, 33.386, 16.988, 29.133, -200.38, 602.05, 642.09, -138.77, 249.99, -202.61, -0.89209, -0.17074, -0.23057, -0.34908
367, 15, 33.071, 29.769, 24.249, -589.72, 361.94, 546.39, -172.12, 234.18, -182.24, -0.88840, -0.08636, -0.31116, -0.32629
367, 16, 28.171, 40.560, 14.589, -762.21, 33.94, 639.10, -149.10, 181.82, -130.52, -0.88447, 0.01192, -0.36365, -0.29212
367, 17, 22.807, 45.740, 6.574, -898.99, -91.49, 767.64, -75.66, 96.90, -91.84, -0.88033, 0.07170, -0.38496, -0.26773
367, 15, 17.790, 46.076, 0.978, -878.91, -57.43, 923.34, -14.02, 28.66, -95.41, -0.88637, 0.09896, -0.37869, -0.24726
367, 16, 17.988, 41.768, 4.131, -401.98, 442.14, 979.19, 23.50, -7.48, -109.57, -0.90152, 0.06517, -0.35185, -0.24334
367, 15, 14.720, 37.767, 4.047, -365.72, 375.12, 1099.18, 15.95, 1.85, -174.29, -0.91927, 0.04729, -0.32171, -0.22184
367, 16, 12.219, 35.039, 1.561, -638.73, -50.90, 1123.35, 27.14, -26.03, -88.61, -0.92997, 0.05511, -0.29620, -0.21066
367, 15, 12.128, 32.193, 0.906, -667.36, -183.29, 1082.64, 71.06, -68.95, -10.35, -0.93677, 0.05480, -0.27188, -0.21340
367, 15, 13.019, 30.107, 3.775, -792.24, -65.67, 979.31, 118.90, -123.24, 16.55, -0.94083, 0.02926, -0.25988, -0.21551
367, 17, 16.927, 27.740, 10.511, -894.23, 189.03, 844.67, 142.75, -179.12, 92.16, -0.93803, -0.02250, -0.25374, -0.23496
367, 15, 20.485, 21.660, 18.673, -545.84, 368.04, 662.17, 145.39, -249.77, 114.27, -0.93511, -0.09762, -0.22414, -0.25654
367, 15, 22.592, 14.790, 26.933, -376.65, 520.51, 561.04, 133.69, -250.00, 117.03, -0.92555, -0.18031, -0.19102, -0.27268
367, 17, 24.556, 3.020, 33.699, 137.02, 913.64, 796.39, 90.06, -223.24, 174.95, -0.90615, -0.26539, -0.11901, -0.30708
367, 15, 26.373, -7.540, 36.469, 594.12, 1092.47, 1118.16, 33.13, -141.20, 183.29, -0.88302, -0.31469, -0.04858, -0.34481
367, 15, 27.877, -11.896, 35.777, 441.96, 853.64, 1198.12, -6.79, -20.07, 93.35, -0.87329, -0.32061, -0.01651, -0.36646
367, 16, 27.367, -11.267, 36.019, 661.38, 1185.24, 1364.26, -32.26, 80.60, -44.32, -0.87532, -0.32086, -0.02078, -0.36115
367, 15, 29.043, -6.604, 34.394, 529.60, 1095.03, 1227.05, -92.05, 178.75, -100.58, -0.88161, -0.29488, -0.05658, -0.36417
367, 17, 29.587, 0.831, 33.857, 211.91, 990.48, 661.32, -156.60, 237.87, -156.10, -0.88967, -0.26798, -0.11408, -0.35165
367, 15, 30.220, 14.863, 28.353, -397.89, 361.27, 496.58, -203.41, 249.99, -146.98, -0.90321, -0.17815, -0.20728, -0.33093
367, 15, 28.911, 26.491, 17.157, -900.33, -445.74, 634.40, -161.73, 165.89, -51.45, -0.90887, -0.05273, -0.26388, -0.31867
367, 17, 28.214, 31.986, 10.402, -873.05, -383.61, 917.72, -60.29, 86.14, 35.96, -0.90266, 0.01701, -0.28739, -0.31987
367, 15, 27.989, 30.028, 10.755, -344.91, 232.91, 1042.36, 2.85, 35.03, -21.66, -0.90703, 0.00742, -0.27324, -0.32027
367, 15, 24.361, 27.653, 9.962, -270.20, 215.39, 1039.98, 28.42, 12.05, -120.33, -0.92099, -0.00185, -0.25256, -0.29662
367, 16, 21.023, 25.779, 11.253, -249.57, 378.91, 1033.63, 43.97, 11.28, -160.02, -0.93220, -0.02476, -0.24042, -0.26942
367, 15, 16.346, 24.481, 13.056, -229.74, 469.85, 1029.79, 36.02, 19.99, -173.08, -0.94379, -0.05250, -0.23229, -0.22922
367, 16, 12.508, 25.709, 12.253, -542.05, 307.86, 1214.90, 25.22, 23.50, -163.86, -0.94934, -0.05098, -0.23908, -0.19748
367, 16, 11.150, 27.067, 9.974, -776.06, -60.49, 1095.03, 37.58, -32.46, -36.80, -0.95008, -0.03216, -0.24588, -0.18936
367, 15, 10.178, 27.618, 8.986, -914.55, -189.64, 990.91, 87.10, -90.93, -10.02, -0.95088, -0.02498, -0.24856, -0.18281
367, 16, 9.975, 23.035, 10.408, -521.36, 11.66, 1064.03, 135.15, -150.12, -3.80, -0.95863, -0.04601, -0.21289, -0.18329
367, 16, 12.490, 17.567, 17.889, -366.88, 374.94, 753.23, 150.31, -191.82, 41.96, -0.95607, -0.11533, -0.18184, -0.19889
367, 15, 14.592, 11.582, 25.047, -257.14, 496.03, 788.15, 147.65, -181.96, 65.77, -0.94693, -0.18499, -0.14840, -0.21698
367, 16, 17.155, 4.993, 32.024, -144.96, 866.46, 909.24, 117.31, -163.50, 116.62, -0.92867, -0.25441, -0.11389, -0.24468
367, 15, 21.948, -2.640, 36.140, 80.57, 993.59, 1019.96, 56.35, -127.58, 165.36, -0.90236, -0.30185, -0.07433, -0.29851
367, 16, 25.960, -8.480, 35.687, 220.64, 774.84, 1110.23, 7.87, -85.35, 143.44, -0.88502, -0.31130, -0.03773, -0.34411
367, 16, 29.425, -9.757, 33.294, 124.15, 603.88, 1076.60, -9.06, -27.32, 93.79, -0.87853, -0.29538, -0.02938, -0.37426
367, 15, 31.327, -6.023, 32.374, -287.11, 586.43, 984.01, -7.74, 0.38, 50.89, -0.88000, -0.27644, -0.06023, -0.38151
367, 16, 32.640, -2.590, 31.810, -449.77, 599.67, 971.37, -12.11, -24.96, 61.24, -0.88115, -0.26035, -0.08804, -0.38477
367, 15, 33.713, -1.194, 30.661, -301.27, 529.79, 987.00, -14.42, -44.05, 72.72, -0.88154, -0.24602, -0.09730, -0.39101
367, 15, 34.450, -1.416, 29.631, -111.08, 532.84, 990.17, -13.92, -43.83, 68.78, -0.88095, -0.23824, -0.09361, -0.39799
367, 16, 34.812, -1.738, 28.679, -54.14, 553.65, 1037.17, -16.75, -34.06, 56.34, -0.88132, -0.23174, -0.08854, -0.40216
367, 15, 36.187, -2.929, 25.643, 9.52, 351.56, 970.58, -20.69, -27.16, 57.78, -0.88107, -0.21160, -0.07114, -0.41699
368, 7, 42.805, -11.672, 31.202, 252.01, 592.41, 1026.37, -0.72, -18.03, 14.31, -0.83066, -0.28199, -0.04062, -0.47837
368, 26, 39.385, -10.585, 31.151, 317.63, 684.51, 1126.28, -10.35, 28.18, -48.75, -0.84662, -0.27885, -0.04023, -0.45151
368, 16, 38.479, -6.279, 27.067, 89.60, 239.56, 1364.87, 1.42, 60.39, -90.41, -0.86584, -0.23322, -0.05515, -0.43919
368, 16, 35.787, -3.418, 29.283, 456.79, 980.29, 1220.09, -8.19, 109.43, -161.12, -0.87479, -0.24147, -0.07975, -0.41240
368, 15, 32.670, 1.266, 30.282, 455.63, 951.48, 1057.86, -48.03, 165.45, -238.16, -0.88808, -0.23579, -0.11283, -0.37813
368, 16, 31.203, 7.386, 29.457, 259.89, 819.82, 905.70, -102.30, 218.86, -233.64, -0.89793, -0.21056, -0.15465, -0.35423
368, 15, 30.534, 16.611, 27.952, -135.99, 726.01, 694.03, -152.37, 239.68, -234.41, -0.90241, -0.16843, -0.21999, -0.32999
368, 17, 29.582, 27.073, 22.966, -380.80, 426.21, 605.41, -189.03, 220.82, -217.48, -0.90252, -0.09506, -0.28467, -0.30884
368, 15, 26.897, 36.840, 13.262, -716.61, 35.46, 693.66, -181.97, 182.09, -148.71, -0.89629, 0.00642, -0.33238, -0.29350
368, 15, 18.506, 43.664, 0.687, -880.00, -275.45, 739.81, -130.62, 118.49, -109.21, -0.89224, 0.09811, -0.35874, -0.25610
368, 17, 11.972, 43.664, -6.288, -850.16, -226.44, 974.24, -27.24, 28.63, -100.99, -0.89899, 0.13244, -0.35062, -0.22659
368, 15, 12.525, 38.891, -1.301, -286.62, 525.51, 1009.40, 25.51, -11.64, -119.82, -0.91726, 0.08623, -0.32171, -0.21839
368, 16, 10.248, 35.345, 0.245, -398.13, 370.36, 1088.44, 12.54, -1.21, -153.60, -0.93204, 0.06125, -0.29734, -0.19786
368, 16, 7.068, 33.688, -2.668, -745.48, -172.55, 1147.95, 33.91, -30.41, -91.32, -0.93979, 0.07438, -0.28086, -0.17992
368, 15, 7.243, 33.412, -3.042, -919.56, -431.21, 870.24, 96.92, -87.76, 24.18, -0.93996, 0.07747, -0.27789, -0.18233
368, 15, 10.922, 30.290, 2.080, -619.32, -113.53, 770.51, 161.90, -152.81, 85.05, -0.94375, 0.03880, -0.25891, -0.20197
368, 16, 16.551, 25.407, 12.469, -589.42, 285.46, 756.96, 189.80, -200.02, 120.62, -0.94219, -0.04502, -0.23871, -0.23081
368, 15, 21.675, 16.157, 22.333, -374.02, 460.94, 820.19, 178.72, -244.38, 150.93, -0.93345, -0.14062, -0.18973, -0.27000
368, 17, 25.021, 6.189, 31.317, -109.80, 803.53, 718.99, 140.08, -234.91, 171.73, -0.91168, -0.23692, -0.13859, -0.30579
368, 15, 27.890, -4.259, 37.440, 212.89, 1105.47, 893.19, 88.55, -185.86, 216.07, -0.88025, -0.31225, -0.08123, -0.34793
368, 16, 30.824, -12.425, 39.915, 448.43, 1305.42, 1168.58, 26.45, -105.28, 214.55, -0.85044, -0.35253, -0.03472, -0.38893
368, 16, 33.527, -13.627, 37.761, 226.62, 911.68, 1190.86, -24.15, -8.48, 129.23, -0.84511, -0.33935, -0.02615, -0.41225
368, 15, 34.251, -13.028, 35.674, 378.48, 926.21, 1244.93, -44.85, 57.51, 30.81, -0.84970, -0.32194, -0.02527, -0.41681
368, 15, 34.111, -10.442, 34.138, 513.43, 960.39, 1232.67, -72.26, 135.57, -58.29, -0.85914, -0.30244, -0.03919, -0.41094
368, 16, 33.039, -4.689, 31.772, 280.88, 698.12, 906.25, -118.79, 200.33, -128.95, -0.87738, -0.26661, -0.07260, -0.39224
368, 15, 32.960, 4.577, 29.870, 19.29, 680.18, 700.56, -154.66, 248.23, -132.75, -0.89026, -0.22106, -0.13761, -0.37367
368, 16, 31.515, 16.650, 21.376, -476.75, 80.63, 658.94, -171.51, 200.93, -112.17, -0.90760, -0.11453, -0.20199, -0.34977
368, 16, 27.503, 24.413, 10.047, -628.48, -424.50, 921.14, -134.70, 135.97, -81.11, -0.91761, -0.00581, -0.22728, -0.32606
368, 16, 23.844, 27.451, 4.973, -451.48, -56.09, 1008.18, -38.84, 96.37, -75.61, -0.92195, 0.03659, -0.23796, -0.30338
368, 16, 20.027, 27.232, 3.312, -397.58, 64.21, 1022.58, 13.54, 48.58, -114.62, -0.93145, 0.04159, -0.23330, -0.27613
368, 15, 16.333, 26.126, 5.103, -307.43, 300.48, 1005.86, 46.31, 25.18, -174.21, -0.94232, 0.01682, -0.22931, -0.24324
368, 15, 13.595, 25.064, 8.257, -240.97, 510.38, 1021.42, 48.37, 28.50, -188.25, -0.94965, -0.01704, -0.22691, -0.21538
368, 16, 10.308, 25.953, 9.949, -442.02, 560.97, 1166.50, 34.41, 35.87, -225.05, -0.95345, -0.03592, -0.23642, -0.18369
368, 15, 5.917, 28.917, 7.725, -824.16, 188.84, 1212.04, 16.03, 8.08, -171.24, -0.95474, -0.02161, -0.25661, -0.14885
368, 16, 3.707, 29.328, 3.837, -837.65, -389.22, 993.29, 52.96, -66.60, -46.18, -0.95691, 0.00649, -0.25499, -0.13877
368, 16, 3.394, 30.079, 3.939, -1000.92, -299.38, 737.61, 120.51, -122.86, -11.21, -0.95566, 0.00595, -0.26138, -0.13546
368, 16, 6.020, 28.549, 9.168, -802.06, 29.72, 700.74, 167.79, -171.36, 37.73, -0.95500, -0.03400, -0.25544, -0.14684
368, 16, 11.156, 22.474, 18.684, -447.33, 358.76, 715.27, 182.88, -197.15, 105.59, -0.95179, -0.11391, -0.22214, -0.17823
368, 15, 16.310, 14.820, 29.207, -331.97, 717.71, 679.20, 164.77, -197.65, 162.96, -0.93512, -0.20903, -0.18546, -0.21785
368, 15, 19.653, 4.105, 35.840, 6.47, 866.21, 904.85, 120.35, -193.16, 205.60, -0.91382, -0.28467, -0.12113, -0.26311
368, 16, 22.907, -5.503, 38.560, 134.70, 839.29, 1020.69, 68.78, -146.66, 238.12, -0.88988, -0.32729, -0.06084, -0.31192
368, 15, 29.763, -12.461, 39.018, 248.54, 1048.22, 1189.64, 21.54, -73.72, 240.18, -0.85667, -0.34624, -0.02820, -0.38136
368, 16, 35.008, -11.051, 35.514, -177.92, 578.49, 1012.63, -28.77, 4.32, 159.24, -0.85111, -0.31433, -0.04191, -0.41840
368, 16, 39.210, -9.453, 32.461, -240.66, 508.79, 990.72, -27.82, -6.71, 158.88, -0.84603, -0.28458, -0.05352, -0.44765
368, 15, 42.060, -8.779, 30.506, -139.34, 540.47, 1005.43, -22.64, -18.61, 142.67, -0.84046, -0.26635, -0.05762, -0.46836
368, 15, 43.235, -8.474, 28.892, -58.72, 502.20, 1016.24, -16.81, -29.50, 100.27, -0.83977, -0.25276, -0.05591, -0.47726
368, 16, 43.874, -9.164, 27.686, 44.92, 516.30, 1026.92, -16.97, -34.81, 97.85, -0.83862, -0.24633, -0.04708, -0.48356
368, 15, 44.545, -11.817, 25.363, 207.40, 382.93, 1000.85, -14.69, -28.88, 85.16, -0.83631, -0.23962, -0.01875, -0.49276
368, 16, 44.715, -13.591, 25.388, 300.60, 483.22, 1044.13, 9.06, 10.94, 60.71, -0.83242, -0.24678, -0.00593, -0.49613
368, 15, 44.723, -11.286, 25.870, 186.40, 514.28, 1100.71, 22.30, 46.27, 24.71, -0.83538, -0.24118, -0.02528, -0.49329
369, 7, 43.217, -8.982, 29.440, 593.57, 747.31, 1143.62, -10.44, 130.74, -94.51, -0.83780, -0.25875, -0.05435, -0.47769
369, 28, 37.973, 2.555, 32.787, 406.68, 1035.64, 920.29, -58.57, 227.35, -194.45, -0.86562, -0.24451, -0.14243, -0.41308
369, 16, 36.834, 11.100, 32.532, 13.73, 836.98, 734.44, -114.04, 249.99, -203.97, -0.87529, -0.21231, -0.20315, -0.38410
369, 15, 35.187, 21.421, 30.072, -224.24, 621.28, 612.67, -156.29, 247.41, -241.39, -0.88353, -0.15755, -0.26901, -0.34954
369, 16, 32.901, 33.009, 26.116, -548.10, 531.01, 513.73, -170.85, 209.30, -250.00, -0.88295, -0.08920, -0.33994, -0.31127
369, 15, 23.907, 41.445, 11.223, -722.41, -346.19, 725.52, -134.39, 139.21, -205.61, -0.89206, 0.02724, -0.36281, -0.26805
369, 15, 18.079, 44.453, 2.199, -793.09, -116.46, 878.97, -65.49, 86.75, -140.17, -0.89194, 0.08678, -0.36854, -0.24719
369, 17, 14.598, 44.541, -2.110, -942.44, -21.48, 1032.84, -4.34, 29.97, -131.95, -0.89527, 0.10946, -0.36316, -0.23372
369, 15, 12.887, 41.571, 1.070, -577.27, 506.59, 973.45, 20.71, -11.99, -149.52, -0.91040, 0.07341, -0.34729, -0.21254
369, 17, 8.289, 38.528, -0.889, -657.41, 112.30, 1085.08, 12.08, -19.27, -157.14, -0.92601, 0.07039, -0.32240, -0.18335
369, 15, 5.165, 35.352, -3.946, -681.95, -305.24, 1083.98, 48.61, -55.53, -61.00, -0.93749, 0.08235, -0.29391, -0.16719
369, 15, 5.390, 30.972, -2.218, -576.29, -215.52, 963.62, 130.06, -108.83, -2.11, -0.94917, 0.06289, -0.26011, -0.16570
369, 16, 7.091, 26.354, 1.690, -494.81, -129.03, 865.36, 176.45, -147.03, 32.84, -0.95804, 0.02721, -0.22676, -0.17321
369, 15, 12.277, 22.566, 11.692, -539.06, 259.58, 730.10, 194.95, -181.73, 105.23, -0.95492, -0.05339, -0.21216, -0.20068
369, 15, 16.790, 15.371, 22.446, -313.17, 541.14, 691.96, 180.62, -207.27, 136.42, -0.94450, -0.15145, -0.17741, -0.23131
369, 17, 19.829, 6.411, 31.115, -126.59, 756.41, 795.59, 149.15, -201.77, 172.29, -0.92507, -0.24075, -0.12903, -0.26388
369, 15, 24.974, -3.744, 36.798, 135.50, 997.74, 980.29, 93.52, -163.23, 219.11, -0.89118, -0.30787, -0.07548, -0.32453
369, 17, 28.956, -10.978, 38.572, 298.95, 1073.36, 1190.98, 36.71, -105.48, 196.49, -0.86339, -0.33906, -0.03577, -0.37190
369, 15, 32.439, -14.397, 37.695, 309.02, 907.29, 1152.34, -5.17, -36.99, 133.38, -0.84762, -0.34133, -0.01678, -0.40590
369, 15, 35.496, -12.695, 34.844, 92.10, 766.24, 1216.43, -33.38, 30.40, 85.74, -0.84807, -0.31445, -0.02823, -0.42556
369, 16, 37.164, -10.515, 32.722, 284.48, 884.64, 1280.76, -59.10, 80.59, 36.26, -0.85142, -0.29104, -0.04131, -0.43437
369, 15, 36.456, -8.231, 30.500, 517.82, 804.99, 1151.86, -96.81, 139.30, -82.90, -0.86321, -0.26693, -0.04872, -0.42573
369, 15, 34.999, -1.724, 29.729, 218.26, 884.28, 820.01, -143.48, 204.82, -138.95, -0.87852, -0.23960, -0.09272, -0.40274
369, 16, 33.536, 8.992, 25.171, -182.31, 406.43, 630.13, -179.37, 217.39, -150.18, -0.89799, -0.16824, -0.15727, -0.37494
369, 15, 28.449, 20.574, 13.151, -511.60, -183.78, 750.31, -170.65, 185.94, -138.69, -0.91914, -0.04116, -0.20609, -0.33319
369, 17, 23.134, 27.865, 4.558, -601.07, -187.01, 888.61, -105.18, 144.16, -106.67, -0.92290, 0.03960, -0.24043, -0.29812
369, 16, 18.009, 31.046, -0.719, -551.33, -64.27, 990.42, -46.84, 95.66, -108.48, -0.92616, 0.07915, -0.25572, -0.26565
369, 15, 13.651, 32.070, -1.084, -594.12, 134.70, 988.89, 8.74, 39.02, -165.08, -0.93298, 0.07437, -0.26617, -0.23057
369, 16, 9.009, 31.494, 0.011, -513.98, 296.94, 989.62, 38.60, 17.28, -222.18, -0.94347, 0.05357, -0.26605, -0.19029
369, 15, 4.312, 31.313, 0.532, -650.88, 353.33, 1156.07, 38.48, 12.07, -250.00, -0.95108, 0.03806, -0.26721, -0.15032
369, 15, 0.363, 32.485, -2.640, -993.71, -159.97, 1093.81, 44.03, -32.74, -171.49, -0.95171, 0.05643, -0.27477, -0.12473
369, 16, 1.539, 28.782, -2.789, -553.47, -243.65, 1015.01, 90.82, -94.77, -25.14, -0.95886, 0.05652, -0.24310, -0.13523
369, 15, 2.874, 27.379, 0.386, -625.06, -128.78, 799.26, 147.91, -116.52, -0.60, -0.96143, 0.03108, -0.23463, -0.14008
369, 17, 5.952, 25.328, 7.359, -573.30, 105.96, 732.36, 182.23, -146.44, 28.21, -0.96165, -0.02416, -0.22628, -0.15314
369, 16, 11.191, 19.118, 17.707, -316.89, 484.80, 789.37, 177.58, -162.06, 95.57, -0.95682, -0.11268, -0.19304, -0.18586
369, 15, 14.868, 12.026, 25.544, -145.75, 544.13, 815.37, 149.88, -145.64, 107.36, -0.94543, -0.18772, -0.15341, -0.21769
369, 15, 18.715, 7.295, 32.567, -273.44, 860.41, 861.33, 106.52, -117.40, 144.76, -0.92463, -0.25154, -0.13696, -0.25106
369, 16, 22.344, 1.369, 35.876, -61.58, 939.94, 1116.88, 48.84, -86.91, 173.03, -0.90553, -0.28925, -0.10634, -0.29162
369, 15, 25.977, -3.953, 36.012, 48.10, 811.34, 1101.01, 1.43, -48.13, 182.14, -0.89014, -0.30167, -0.07425, -0.33336
369, 16, 29.706, -5.123, 34.281, -61.71, 707.15, 1061.10, -29.86, -0.65, 181.69, -0.88177, -0.28928, -0.06944, -0.36603
369, 15, 35.343, -3.053, 31.025, -404.66, 465.45, 989.44, -37.40, 3.20, 181.24, -0.87304, -0.25382, -0.08783, -0.40701
369, 16, 39.264, -2.375, 28.978, -286.74, 470.89, 974.43, -29.69, -15.07, 172.89, -0.86373, -0.23276, -0.09378, -0.43704
369, 16, 41.419, -2.240, 26.269, -192.69, 346.98, 1091.61, -12.57, -19.59, 127.03, -0.86072, -0.21014, -0.08842, -0.45517
369, 15, 43.102, -2.345, 24.697, -152.95, 384.83, 1218.99, 11.52, -15.47, 121.74, -0.85662, -0.19751, -0.08429, -0.46914
369, 15, 44.263, -1.900, 24.765, -169.43, 417.72, 1162.35, 38.35, -10.47, 112.69, -0.85217, -0.19533, -0.08989, -0.47705
369, 16, 43.685, -2.021, 25.941, -48.58, 417.36, 1067.93, 68.59, -9.22, 65.16, -0.85238, -0.20503, -0.09285, -0.47200
369, 15, 42.165, -2.889, 28.156, 40.77, 425.60, 922.91, 85.06, -3.85, 29.79, -0.85342, -0.22621, -0.09250, -0.46038
370, 8, 43.906, -8.198, 34.463, 123.47, 658.63, 903.75, 1.88, -3.34, 33.25, -0.82419, -0.29174, -0.08279, -0.47827
370, 26, 41.791, -8.397, 35.275, 167.91, 688.42, 919.25, -7.23, -2.34, 0.53, -0.83043, -0.29985, -0.07919, -0.46283
370, 15, 40.634, -7.943, 34.843, 160.03, 660.58, 951.42, -11.68, 0.51, -17.38, -0.83697, -0.29583, -0.07784, -0.45378
370, 16, 39.539, -7.040, 34.670, 148.68, 681.09, 963.68, -13.67, 7.35, -30.98, -0.84320, -0.29206, -0.08111, -0.44400
370, 15, 38.508, -6.550, 34.711, 204.35, 705.75, 961.61, -17.53, 20.25, -47.74, -0.84784, -0.29135, -0.08233, -0.43533
370, 15, 37.619, -5.597, 35.091, 260.25, 782.10, 967.59, -25.48, 42.58, -71.03, -0.85168, -0.29149, -0.08868, -0.42640
370, 17, 36.916, -3.351, 33.123, 213.81, 665.83, 1067.63, -42.06, 74.57, -102.94, -0.86222, -0.26947, -0.09670, -0.41786
370, 15, 36.218, 1.149, 27.407, -13.31, 167.79, 1383.67, -33.07, 88.83, -106.37, -0.88140, -0.21056, -0.10898, -0.40855
370, 15, 35.726, 2.489, 28.424, 412.78, 870.67, 1221.92, -16.22, 123.19, -110.26, -0.88228, -0.21407, -0.12193, -0.40111
370, 16, 33.596, 6.450, 28.775, 405.09, 986.39, 1125.37, -61.61, 174.66, -213.39, -0.89117, -0.20526, -0.14961, -0.37590
370, 15, 33.045, 11.562, 27.284, 322.33, 885.31, 875.55, -145.56, 241.22, -209.14, -0.89662, -0.17641, -0.18310, -0.36253
370, 17, 33.148, 20.174, 24.388, -184.63, 586.00, 666.32, -186.49, 241.82, -186.51, -0.89742, -0.12255, -0.23986, -0.34940
370, 15, 33.274, 31.117, 20.621, -587.77, 461.85, 478.27, -201.81, 199.23, -157.27, -0.88812, -0.05270, -0.31079, -0.33448
370, 15, 27.335, 39.705, 9.039, -795.90, -65.43, 727.54, -179.73, 141.58, -96.14, -0.88728, 0.04954, -0.34301, -0.30435
370, 17, 20.718, 43.692, -1.588, -896.18, -385.80, 831.60, -109.11, 81.80, -57.26, -0.88478, 0.12267, -0.35151, -0.28028
370, 15, 16.501, 43.252, -6.212, -769.17, -192.38, 911.56, -17.08, 20.82, -47.04, -0.89076, 0.14480, -0.34205, -0.26188
370, 15, 18.929, 38.893, 0.555, -280.52, 591.67, 1000.12, 28.16, -10.18, -66.64, -0.90519, 0.08942, -0.32072, -0.26413
370, 16, 18.189, 35.122, 3.104, -399.35, 343.81, 1069.03, 19.42, -13.64, -84.21, -0.91840, 0.05829, -0.29705, -0.25475
370, 16, 17.405, 31.228, 3.484, -474.12, 32.59, 1123.35, 40.98, -39.76, -22.96, -0.92938, 0.04416, -0.26699, -0.25104
370, 16, 16.864, 26.425, 3.684, -395.39, -133.06, 1148.50, 83.28, -78.44, 11.97, -0.94034, 0.03023, -0.22859, -0.25019
370, 15, 18.299, 24.455, 7.136, -558.90, 13.55, 895.14, 125.84, -115.33, 48.83, -0.94105, -0.00001, -0.21996, -0.25700
370, 15, 20.816, 20.449, 14.815, -523.44, 317.93, 897.95, 147.67, -157.64, 67.96, -0.93852, -0.06877, -0.20580, -0.26850
370, 17, 21.877, 18.152, 21.281, -626.89, 350.10, 693.12, 153.74, -191.30, 66.87, -0.93277, -0.12608, -0.20343, -0.26957
370, 15, 23.258, 10.692, 28.239, -262.33, 508.06, 768.74, 146.68, -216.12, 114.90, -0.92274, -0.20158, -0.16285, -0.28529
370, 15, 25.473, 1.296, 34.305, -147.52, 743.84, 869.51, 115.23, -231.48, 209.31, -0.90101, -0.27412, -0.10928, -0.31795
370, 17, 27.472, -9.007, 37.790, 240.84, 934.88, 941.04, 51.67, -181.05, 227.68, -0.87371, -0.32831, -0.04425, -0.35620
370, 15, 28.685, -15.640, 38.378, 448.55, 1009.03, 1230.22, 16.81, -96.61, 152.84, -0.85588, -0.35006, 0.00179, -0.38068
370, 15, 30.027, -13.879, 36.666, 65.25, 811.04, 1232.73, -8.48, 6.44, 65.30, -0.86002, -0.33248, -0.01013, -0.38693
370, 16, 31.772, -12.191, 35.913, 476.87, 1017.52, 1322.69, -28.45, 60.74, -38.26, -0.85941, -0.32175, -0.02559, -0.39653
370, 16, 32.429, -8.184, 34.689, 632.45, 1086.49, 1280.94, -74.46, 162.35, -123.08, -0.86731, -0.30023, -0.05408, -0.39333
370, 16, 33.887, -2.704, 31.815, 407.23, 804.99, 880.92, -150.46, 239.52, -123.47, -0.87677, -0.25980, -0.09001, -0.39456
370, 15, 36.123, 6.978, 29.661, -154.54, 661.56, 571.59, -190.22, 249.99, -75.87, -0.88134, -0.20679, -0.16115, -0.39307
370, 15, 36.474, 21.384, 22.542, -631.90, 149.66, 515.87, -192.78, 244.03, -88.23, -0.88782, -0.09657, -0.24630, -0.37654
370, 16, 31.814, 31.027, 10.631, -722.78, -402.16, 747.92, -144.83, 166.67, -96.45, -0.89402, 0.02094, -0.28010, -0.34906
370, 15, 26.333, 35.000, 2.621, -808.72, -470.28, 1003.05, -25.86, 73.37, -68.46, -0.89795, 0.08266, -0.28986, -0.32069
370, 16, 22.130, 32.452, 1.371, -405.21, 47.30, 1035.03, 40.25, 11.70, -125.85, -0.91432, 0.07525, -0.26933, -0.29295
370, 16, 16.619, 29.473, 4.448, -220.70, 514.22, 1030.88, 45.81, 14.72, -202.29, -0.93512, 0.03047, -0.25513, -0.24400
370, 16, 9.677, 29.130, 3.627, -541.02, 254.09, 1203.61, 37.07, 21.26, -247.76, -0.94877, 0.02115, -0.25233, -0.18901
370, 15, 6.055, 31.038, 1.193, -932.62, -147.28, 1084.53, 51.73, -21.24, -118.80, -0.94954, 0.03625, -0.26527, -0.16337
370, 16, 5.429, 30.392, 0.830, -903.56, -322.69, 907.35, 111.02, -113.31, -17.88, -0.95177, 0.03689, -0.25960, -0.15930
370, 15, 7.673, 27.804, 5.366, -699.16, -35.22, 786.19, 164.22, -170.71, 27.61, -0.95477, 0.00007, -0.24426, -0.16958
370, 16, 11.781, 21.943, 15.296, -482.67, 431.58, 745.85, 182.25, -213.71, 53.16, -0.95445, -0.08565, -0.21287, -0.19071
370, 16, 14.052, 11.646, 23.839, -30.46, 628.85, 788.64, 152.02, -225.22, 60.51, -0.94982, -0.17554, -0.14580, -0.21393
370, 15, 14.682, 2.666, 29.675, 180.73, 659.79, 894.29, 131.39, -178.54, 44.07, -0.93816, -0.24261, -0.08477, -0.23196
370, 16, 19.309, -4.025, 34.863, 296.88, 1050.35, 1072.81, 88.12, -89.78, 110.68, -0.91097, -0.29652, -0.05319, -0.28175
370, 16, 24.856, -5.650, 36.350, -167.18, 968.20, 1138.79, 28.59, -51.48, 166.95, -0.89038, -0.30948, -0.05893, -0.32859
370, 15, 30.240, -7.629, 35.763, -2.99, 829.65, 1069.40, -13.78, -25.96, 176.78, -0.87266, -0.30776, -0.05617, -0.37497
370, 16, 35.218, -7.182, 32.982, -110.29, 545.35, 963.68, -30.40, 12.47, 168.05, -0.86338, -0.28269, -0.06288, -0.41317
370, 15, 38.889, -4.394, 31.705, -388.55, 590.82, 958.44, -22.82, 14.78, 150.88, -0.85678, -0.26098, -0.08808, -0.43596
370, 15, 41.228, -2.768, 31.183, -381.23, 626.77, 971.74, -20.77, -16.86, 143.49, -0.85101, -0.24905, -0.10350, -0.45059
370, 16, 42.485, -1.877, 29.702, -298.58, 480.29, 953.55, -21.62, -32.40, 124.18, -0.85023, -0.23344, -0.10691, -0.45955
370, 15, 44.226, -3.989, 27.846, -76.48, 432.98, 1070.50, -1.33, -41.13, 159.60, -0.84424, -0.22668, -0.08709, -0.47780
370, 16, 46.461, -6.962, 26.416, 77.39, 441.10, 1090.03, 18.20, -28.67, 150.28, -0.83349, -0.22692, -0.06336, -0.49979
370, 16, 46.616, -9.081, 26.202, 158.51, 414.98, 1043.03, 43.42, -18.31, 81.05, -0.83004, -0.23407, -0.04706, -0.50401
370, 15, 44.997, -9.099, 27.400, 128.48, 439.33, 992.86, 64.22, -11.25, 16.35, -0.83455, -0.24352, -0.04875, -0.49178
370, 16, 42.867, -8.582, 30.231, 126.77, 539.67, 959.84, 71.24, -10.83, -13.69, -0.83810, -0.26317, -0.05983, -0.47407
370, 15, 40.977, -9.565, 33.493, 289.67, 688.17, 960.57, 64.30, -3.88, -28.43, -0.83624, -0.29167, -0.06120, -0.46031
371, 8, 43.538, -8.518, 34.040, 184.57, 653.20, 938.96, 3.43, -10.51, 58.58, -0.82623, -0.29018, -0.07773, -0.47654
371, 27, 42.085, -7.257, 33.619, 99.49, 732.54, 1062.13, -13.55, 1.97, 27.09, -0.83540, -0.28335, -0.08172, -0.46384
371, 15, 42.486, -5.977, 30.809, 29.24, 538.64, 1181.09, -15.24, 5.88, 20.68, -0.84241, -0.25762, -0.08080, -0.46632
371, 17, 42.297, -7.527, 30.666, 299.80, 655.64, 1133.54, 2.20, 12.13, 4.65, -0.84114, -0.26264, -0.06821, -0.46782
371, 15, 40.992, -7.326, 31.314, 397.95, 783.14, 1221.25, 2.43, 48.11, -62.13, -0.84522, -0.26743, -0.06931, -0.45747
371, 15, 38.732, -5.511, 31.835, 556.82, 889.65, 1281.49, -13.76, 96.54, -141.08, -0.85554, -0.26611, -0.07977, -0.43690
371, 16, 36.737, -1.464, 32.839, 601.14, 1095.03, 1139.28, -44.84, 169.62, -191.05, -0.86582, -0.26084, -0.10957, -0.41269
371, 15, 35.255, 5.442, 32.188, 404.66, 1002.87, 886.66, -119.07, 249.99, -245.37, -0.87858, -0.23298, -0.15645, -0.38644
371, 15, 34.855, 13.227, 30.522, 57.56, 770.32, 633.54, -172.16, 249.99, -224.87, -0.88571, -0.19248, -0.20896, -0.36716
371, 16, 34.457, 28.133, 25.792, -723.27, 424.99, 439.70, -200.75, 243.38, -200.61, -0.88511, -0.10073, -0.30472, -0.33702
371, 15, 26.434, 39.964, 11.839, -909.48, -217.41, 633.61, -179.92, 162.77, -159.84, -0.88988, 0.02589, -0.35250, -0.28842
371, 17, 18.153, 44.076, -0.246, -847.72, -438.66, 818.54, -90.57, 86.95, -102.04, -0.89091, 0.10519, -0.36018, -0.25590
371, 16, 15.926, 41.890, -1.157, -586.12, 56.40, 964.17, 10.23, 25.34, -86.17, -0.90170, 0.10081, -0.34308, -0.24303
371, 15, 15.488, 37.822, 2.928, -256.65, 579.77, 993.04, 27.55, 7.48, -144.71, -0.91708, 0.05852, -0.31958, -0.23108
371, 16, 11.756, 36.392, 2.071, -717.04, 193.18, 1137.94, 25.03, -1.35, -171.10, -0.92756, 0.05231, -0.30828, -0.20458
371, 15, 10.755, 33.793, 0.331, -670.96, -277.95, 1051.39, 70.69, -59.91, -14.53, -0.93512, 0.05910, -0.28458, -0.20264
371, 15, 12.518, 31.800, 2.661, -781.13, -172.12, 898.44, 126.17, -120.48, 40.73, -0.93768, 0.04061, -0.27178, -0.21269
371, 16, 17.686, 27.142, 11.401, -530.82, 248.54, 784.79, 154.64, -159.25, 86.78, -0.93731, -0.02958, -0.25093, -0.24001
371, 15, 22.039, 21.672, 19.927, -583.74, 383.42, 763.67, 150.01, -206.17, 123.62, -0.93044, -0.10472, -0.22847, -0.26669
371, 16, 24.185, 13.751, 24.246, -379.70, 299.87, 866.52, 143.23, -245.34, 153.83, -0.92601, -0.15906, -0.17852, -0.29213
371, 17, 26.909, 4.082, 32.431, -156.68, 694.76, 640.44, 127.63, -250.00, 200.99, -0.90315, -0.24976, -0.12913, -0.32445
371, 15, 28.863, -8.471, 37.042, 362.30, 986.57, 957.03, 76.20, -222.11, 240.93, -0.87230, -0.32056, -0.05000, -0.36583
371, 15, 31.274, -18.572, 37.740, 876.04, 1128.36, 1337.40, 23.60, -124.41, 216.42, -0.84253, -0.35333, 0.01869, -0.40613
371, 16, 34.027, -19.924, 34.863, 571.59, 958.31, 1352.84, -27.09, 39.00, 108.38, -0.83802, -0.33662, 0.03128, -0.42829
371, 15, 34.137, -16.734, 34.221, 770.08, 1142.40, 1321.41, -61.24, 157.23, -41.31, -0.84664, -0.32248, 0.00883, -0.42324
371, 16, 34.652, -11.304, 33.165, 608.03, 1014.04, 930.73, -112.14, 249.99, -72.58, -0.85822, -0.29773, -0.03047, -0.41699
371, 15, 36.219, -5.350, 32.395, 344.97, 950.20, 561.83, -171.54, 249.99, -57.81, -0.86381, -0.27146, -0.07719, -0.41734
371, 17, 36.880, 10.212, 28.543, -650.57, 471.07, 402.28, -201.81, 249.99, -89.07, -0.88181, -0.18500, -0.18304, -0.39331
371, 16, 33.928, 24.122, 16.903, -1070.92, -440.00, 638.31, -189.93, 195.15, -97.97, -0.89703, -0.04783, -0.24716, -0.36325
371, 15, 29.259, 30.659, 6.299, -789.12, -569.21, 946.47, -101.18, 115.43, -48.13, -0.90111, 0.04758, -0.26500, -0.33988
371, 15, 23.863, 31.672, 1.420, -518.49, -170.41, 982.48, 9.94, 47.47, -92.38, -0.91157, 0.07679, -0.26211, -0.30731
371, 16, 19.776, 28.914, 2.260, -266.91, 205.08, 1032.47, 45.65, 17.59, -157.37, -0.92831, 0.05381, -0.24449, -0.27491
371, 15, 15.997, 27.346, 5.422, -234.31, 524.35, 966.98, 44.78, 27.26, -216.51, -0.94082, 0.01629, -0.23999, -0.23873
371, 15, 10.999, 29.169, 5.243, -652.53, 328.19, 1167.97, 42.95, 31.64, -250.00, -0.94669, 0.01078, -0.25518, -0.19634
371, 16, 5.292, 31.532, 1.682, -975.40, -134.83, 1114.69, 45.56, -17.68, -156.52, -0.94961, 0.03112, -0.27026, -0.15565
371, 17, 3.538, 33.388, 0.804, -1200.50, -316.59, 824.10, 94.08, -82.00, -54.07, -0.94719, 0.03666, -0.28498, -0.14238
371, 16, 3.873, 30.742, 2.914, -773.07, -195.13, 856.45, 157.23, -153.82, -5.21, -0.95351, 0.01648, -0.26560, -0.14141
371, 15, 7.802, 26.230, 11.703, -585.82, 218.51, 740.42, 197.43, -197.24, 44.48, -0.95601, -0.05524, -0.24034, -0.15884
371, 15, 11.807, 18.606, 22.824, -333.62, 739.26, 729.98, 174.06, -212.31, 65.69, -0.95037, -0.15529, -0.19779, -0.18318
371, 16, 14.018, 8.332, 30.329, 177.92, 913.88, 909.73, 121.66, -177.53, 85.06, -0.93897, -0.23640, -0.13077, -0.21295
371, 15, 16.570, 0.853, 34.419, 191.35, 963.99, 1099.49, 66.60, -109.36, 117.87, -0.92243, -0.28366, -0.08436, -0.24808
371, 15, 22.073, -1.779, 35.944, -131.41, 755.86, 983.03, 31.94, -65.47, 134.80, -0.90339, -0.29807, -0.08096, -0.29746
371, 17, 27.531, -3.258, 36.387, -141.78, 756.16, 953.19, 5.14, -28.31, 167.42, -0.88539, -0.30155, -0.08487, -0.34344
371, 15, 32.533, -3.625, 36.691, -183.29, 933.11, 1045.10, -19.23, 7.11, 169.69, -0.86829, -0.30103, -0.09616, -0.38237
371, 16, 36.461, -0.669, 35.223, -595.46, 663.45, 926.51, -38.15, 6.79, 159.37, -0.86214, -0.27628, -0.12345, -0.40637
371, 15, 38.980, 0.762, 33.803, -452.51, 579.16, 880.80, -37.72, -25.21, 148.90, -0.85794, -0.25760, -0.13491, -0.42354
371, 15, 40.631, 0.853, 30.377, -309.20, 282.84, 844.73, -25.70, -46.83, 142.00, -0.85909, -0.22970, -0.12620, -0.43962
371, 16, 41.492, -0.748, 29.040, -155.70, 396.24, 889.28, 1.50, -63.28, 130.78, -0.85676, -0.22502, -0.11074, -0.45062
371, 15, 41.893, -4.581, 28.669, 56.21, 494.87, 1028.69, 19.86, -53.44, 120.16, -0.85137, -0.23682, -0.08131, -0.46095
371, 15, 42.306, -8.247, 28.323, 250.12, 561.46, 1219.06, 26.41, -30.51, 70.98, -0.84521, -0.24814, -0.05323, -0.47034
372, 8, 42.221, -1.778, 36.720, -16.72, 744.93, 952.09, -7.72, -25.57, 99.17, -0.83552, -0.28497, -0.13491, -0.44999
372, 27, 42.379, -6.664, 33.522, 138.06, 636.66, 1043.40, -15.82, -20.20, 76.52, -0.83541, -0.28019, -0.08645, -0.46487
372, 15, 42.237, -7.699, 31.687, 158.26, 644.10, 1155.27, -12.36, -2.46, 53.41, -0.83873, -0.27081, -0.07094, -0.46707
372, 16, 42.923, -7.409, 29.657, 57.74, 452.94, 965.27, -5.81, 8.04, 67.17, -0.84103, -0.25441, -0.06636, -0.47281
372, 15, 43.720, -8.882, 29.890, 311.83, 750.92, 1222.47, -3.07, 31.00, 56.11, -0.83484, -0.26140, -0.05812, -0.48098
372, 16, 43.021, -7.475, 30.753, 594.67, 995.67, 1294.01, -22.35, 125.43, -51.17, -0.83805, -0.26263, -0.07061, -0.47298
372, 16, 41.499, -4.187, 30.943, 887.02, 984.31, 1105.71, -56.82, 220.71, -149.59, -0.84861, -0.25247, -0.09252, -0.45558
372, 15, 39.007, 3.038, 32.004, 319.52, 924.80, 617.13, -113.86, 249.99, -222.37, -0.86393, -0.23550, -0.14537, -0.42076
372, 16, 37.359, 17.870, 28.724, -483.70, 490.84, 504.58, -167.15, 249.99, -212.91, -0.87983, -0.15605, -0.24152, -0.37845
372, 15, 35.626, 32.543, 20.082, -929.69, 3.60, 577.51, -179.36, 237.64, -133.38, -0.87909, -0.03670, -0.32060, -0.35080
372, 15, 31.652, 41.691, 11.364, -990.42, -179.32, 615.11, -111.61, 135.80, -93.46, -0.87137, 0.05145, -0.36235, -0.32677
372, 16, 27.423, 45.176, 5.033, -908.63, -139.59, 776.98, -31.40, 55.25, -69.47, -0.86929, 0.09714, -0.37344, -0.30893
372, 16, 27.976, 41.028, 10.357, -333.01, 644.53, 937.07, 28.84, -2.14, -78.82, -0.88274, 0.04545, -0.35621, -0.30302
372, 16, 24.373, 37.999, 10.587, -493.96, 374.82, 1024.90, 29.17, -15.39, -117.87, -0.89955, 0.02356, -0.33488, -0.27947
372, 16, 20.491, 35.890, 8.083, -685.55, -79.22, 949.40, 68.74, -68.34, -34.52, -0.91321, 0.02653, -0.31345, -0.25901
372, 15, 20.725, 33.431, 10.567, -743.41, 13.61, 834.41, 121.92, -129.84, 43.96, -0.91858, 0.00077, -0.29967, -0.25771
372, 15, 24.126, 30.645, 18.120, -922.91, 312.38, 630.55, 148.41, -201.61, 107.70, -0.91426, -0.05883, -0.29614, -0.27014
372, 16, 28.714, 24.184, 27.753, -776.98, 687.74, 602.11, 133.02, -250.00, 182.08, -0.90290, -0.14482, -0.27456, -0.29734
372, 15, 29.481, 14.627, 33.659, -310.49, 640.08, 698.97, 98.44, -250.00, 159.03, -0.89606, -0.22199, -0.21916, -0.31586
372, 17, 28.377, 3.377, 39.315, 60.12, 879.70, 652.40, 75.66, -250.00, 141.70, -0.88183, -0.30375, -0.14688, -0.32945
372, 15, 30.095, -9.747, 41.656, 570.86, 1043.03, 1005.31, 35.72, -204.59, 187.39, -0.85249, -0.35828, -0.05877, -0.37609
372, 16, 33.428, -16.860, 40.455, 1117.43, 989.62, 1253.66, -5.58, -17.27, 112.40, -0.83016, -0.36847, -0.01096, -0.41825
372, 16, 36.842, -16.630, 38.483, 848.08, 1288.51, 1538.70, -36.54, 104.30, 30.53, -0.82408, -0.35315, -0.01605, -0.44263
372, 15, 39.542, -13.117, 36.257, 1012.02, 1073.61, 1087.40, -88.22, 249.27, -66.22, -0.82773, -0.32495, -0.04175, -0.45555
372, 15, 39.692, -6.795, 35.955, 380.13, 849.24, 513.98, -138.97, 249.99, -126.30, -0.83969, -0.30050, -0.08832, -0.44365
372, 16, 41.019, 4.238, 33.723, -144.17, 485.90, 365.42, -182.79, 249.99, -89.13, -0.85393, -0.24103, -0.16485, -0.43073
372, 15, 42.427, 20.295, 27.647, -1068.36, 140.93, 450.62, -174.37, 249.99, -53.47, -0.86291, -0.12683, -0.26172, -0.41328
372, 16, 39.029, 31.573, 18.548, -1222.84, -465.27, 729.86, -99.78, 140.33, -64.18, -0.87006, -0.01944, -0.30946, -0.38322
372, 16, 33.305, 34.524, 13.542, -652.59, 18.25, 928.22, 0.65, 39.89, -50.32, -0.88328, 0.01453, -0.31511, -0.34686
372, 16, 27.290, 31.710, 14.270, -149.35, 544.68, 1012.21, 46.34, 14.53, -199.25, -0.90571, -0.01675, -0.29578, -0.30320
372, 16, 17.775, 33.849, 9.130, -815.55, 99.73, 1148.01, 49.70, -4.91, -239.89, -0.92399, 0.00568, -0.29996, -0.23716
372, 15, 12.706, 34.360, 5.881, -1050.35, -252.56, 977.72, 88.16, -86.63, -110.60, -0.93219, 0.01992, -0.29836, -0.20398
372, 15, 12.358, 32.257, 9.269, -869.32, 74.16, 784.12, 147.51, -167.98, -44.66, -0.93774, -0.01295, -0.28727, -0.19481
372, 17, 14.133, 24.583, 17.324, -409.42, 415.16, 758.12, 169.40, -224.56, -13.68, -0.94512, -0.09201, -0.23975, -0.20202
372, 15, 16.773, 17.647, 27.428, -407.71, 900.63, 616.94, 139.88, -229.38, 36.77, -0.93562, -0.18670, -0.20551, -0.21802
372, 15, 16.954, 8.087, 31.952, -56.34, 625.12, 843.02, 103.31, -227.29, 20.71, -0.92980, -0.24674, -0.13816, -0.23558
372, 17, 17.057, 2.387, 34.931, -7.08, 612.30, 899.23, 94.80, -166.06, -1.92, -0.92099, -0.28397, -0.09898, -0.24769
372, 15, 19.604, -4.418, 39.146, 424.56, 1133.85, 912.78, 52.51, -93.34, 79.68, -0.89808, -0.33108, -0.06143, -0.28295
372, 16, 24.074, -8.292, 39.282, 400.88, 1063.42, 1156.13, -9.27, 3.80, 104.55, -0.88062, -0.33920, -0.04439, -0.32783
372, 15, 27.006, -3.609, 37.435, -383.30, 567.87, 922.06, -11.38, 24.00, 49.43, -0.88373, -0.31102, -0.08387, -0.33949
372, 15, 29.579, -0.442, 36.661, -354.00, 671.20, 936.40, -12.90, 14.26, 67.28, -0.88160, -0.29358, -0.11283, -0.35195
372, 16, 32.169, 1.196, 35.369, -333.07, 617.68, 941.41, -22.13, -4.63, 101.08, -0.87830, -0.27576, -0.12776, -0.36909
372, 15, 35.591, 0.253, 34.225, -177.73, 650.39, 961.12, -30.23, -12.41, 161.14, -0.86859, -0.26645, -0.12485, -0.39871
372, 15, 40.593, -1.415, 32.670, -161.38, 631.10, 963.38, -40.99, -12.79, 205.62, -0.85189, -0.25556, -0.11800, -0.44165
372, 17, 44.564, -1.973, 29.816, -269.53, 432.92, 932.80, -41.44, -24.32, 211.55, -0.84140, -0.23269, -0.11090, -0.47497
372, 15, 47.469, -5.257, 26.222, -10.74, 308.96, 1085.82, -18.06, -39.75, 192.56, -0.83182, -0.21774, -0.07703, -0.50471
373, 8, 37.480, -1.274, 37.912, 82.82, 667.60, 964.54, -19.54, 15.75, -12.95, -0.85102, -0.29739, -0.13107, -0.41248
373, 26, 40.345, -1.258, 30.918, -2.81, 503.54, 1117.07, -37.13, 26.47, 57.93, -0.85683, -0.24215, -0.11188, -0.44123
373, 17, 41.318, -0.168, 30.313, -80.20, 574.71, 1007.93, -8.26, 18.86, 59.27, -0.85552, -0.23244, -0.11971, -0.44690
373, 15, 41.353, 0.701, 31.855, -94.24, 820.13, 1080.51, -1.59, 12.63, 28.15, -0.85313, -0.24052, -0.13225, -0.44366
373, 16, 40.826, -0.196, 32.766, 151.67, 854.31, 1100.40, -15.30, 25.28, -3.28, -0.85221, -0.25137, -0.12797, -0.44065
373, 15, 40.366, -1.535, 32.399, 419.56, 819.21, 1168.95, -28.44, 62.03, -29.79, -0.85322, -0.25423, -0.11555, -0.44049
373, 15, 39.367, -0.855, 33.076, 620.24, 1114.87, 1184.51, -44.35, 120.65, -92.26, -0.85631, -0.25775, -0.12098, -0.43088
373, 16, 39.520, 3.577, 32.567, 347.05, 999.45, 924.01, -110.46, 216.19, -116.91, -0.86135, -0.23701, -0.15252, -0.42266
373, 15, 40.398, 12.631, 31.589, -187.99, 804.44, 679.63, -152.24, 243.87, -76.64, -0.86505, -0.19262, -0.21747, -0.40901
373, 16, 39.846, 23.706, 27.158, -460.21, 358.34, 567.87, -156.37, 218.73, -91.29, -0.87073, -0.11497, -0.28186, -0.38623
373, 16, 36.657, 34.013, 20.174, -691.22, 104.19, 600.40, -128.49, 164.58, -101.76, -0.87352, -0.02877, -0.33188, -0.35495
373, 15, 31.634, 38.914, 12.518, -720.28, -25.82, 822.57, -74.49, 87.91, -84.85, -0.87859, 0.03305, -0.34513, -0.32845
373, 15, 26.790, 37.667, 7.370, -479.92, -25.57, 926.94, -7.05, 22.19, -80.66, -0.89306, 0.05469, -0.32326, -0.30815
373, 16, 24.329, 32.713, 9.912, -3.97, 615.60, 1031.68, 32.05, 7.47, -160.16, -0.91145, 0.01329, -0.29225, -0.28925
373, 15, 19.057, 32.612, 6.435, -661.68, 92.53, 1086.36, 28.82, -7.80, -165.12, -0.92360, 0.02761, -0.28411, -0.25590
373, 15, 17.444, 32.071, 5.144, -787.78, -76.17, 1000.06, 63.60, -66.92, -53.21, -0.92799, 0.03277, -0.27738, -0.24661
373, 17, 17.054, 29.605, 7.746, -733.52, 2.08, 860.35, 126.90, -147.94, -1.21, -0.93444, 0.00486, -0.26310, -0.23996
373, 16, 20.054, 26.063, 15.218, -673.34, 302.06, 681.88, 150.86, -200.42, 66.98, -0.93252, -0.05834, -0.25138, -0.25259
373, 16, 24.705, 20.213, 24.022, -649.72, 501.16, 624.27, 141.76, -250.00, 171.05, -0.92112, -0.13682, -0.22959, -0.28303
373, 15, 27.135, 12.105, 32.076, -355.22, 668.64, 591.80, 118.34, -250.00, 169.02, -0.90557, -0.22195, -0.19100, -0.30690
373, 15, 26.337, -0.780, 38.040, 429.14, 1140.81, 846.19, 85.31, -250.00, 131.16, -0.88722, -0.30831, -0.10578, -0.32649
373, 16, 26.173, -10.419, 40.427, 990.05, 1373.84, 1297.18, 32.75, -130.22, 108.80, -0.86753, -0.35249, -0.03753, -0.34891
373, 15, 26.715, -13.235, 39.913, 784.48, 1200.99, 1439.88, -9.65, 11.27, 16.15, -0.86232, -0.35557, -0.01577, -0.36018
373, 15, 27.330, -11.386, 38.419, 848.14, 1238.40, 1373.96, -61.90, 138.30, -75.17, -0.86832, -0.33944, -0.02730, -0.36063
373, 17, 29.945, -6.384, 35.418, 723.14, 1110.17, 927.55, -160.13, 249.99, -111.72, -0.87636, -0.30161, -0.06392, -0.37005
373, 16, 31.857, 0.192, 33.104, 155.76, 673.89, 390.93, -227.78, 249.99, -100.35, -0.88366, -0.26195, -0.11201, -0.37146
373, 16, 33.687, 16.493, 24.750, -718.99, 123.78, 346.98, -250.00, 249.99, -59.75, -0.89722, -0.13773, -0.21364, -0.36108
373, 15, 32.821, 29.936, 13.980, -1395.69, -620.00, 658.08, -182.63, 210.80, -21.64, -0.89306, -0.00652, -0.28195, -0.35058
373, 15, 29.389, 36.380, 5.910, -1182.01, -615.84, 871.64, -60.49, 78.40, -2.24, -0.88810, 0.06920, -0.30789, -0.33421
373, 16, 28.978, 33.137, 9.056, -308.47, 387.88, 1009.40, 35.16, 8.19, -58.46, -0.89789, 0.03321, -0.29229, -0.32750
373, 15, 26.260, 29.642, 11.316, -140.99, 510.13, 1013.18, 35.58, 10.37, -142.73, -0.91247, -0.00236, -0.27180, -0.30581
373, 16, 21.647, 30.685, 8.697, -709.11, 109.62, 1143.98, 40.91, -5.87, -140.56, -0.92205, 0.01067, -0.27356, -0.27362
373, 16, 15.997, 31.059, 5.349, -982.48, -387.15, 1028.93, 99.08, -87.63, -66.73, -0.93330, 0.02532, -0.27001, -0.23538
373, 16, 15.080, 29.301, 8.691, -730.96, 18.19, 814.64, 156.39, -145.30, -13.76, -0.93901, -0.00810, -0.26251, -0.22200
373, 15, 16.610, 23.720, 17.412, -436.28, 384.83, 698.18, 180.35, -196.06, 11.99, -0.94167, -0.08966, -0.23489, -0.22370
373, 16, 16.997, 17.476, 25.781, -413.57, 601.68, 761.05, 172.95, -223.27, 19.37, -0.93790, -0.17326, -0.20132, -0.22316
373, 15, 15.189, 10.183, 31.472, -229.37, 518.25, 776.92, 158.75, -250.00, 4.00, -0.93423, -0.24015, -0.15031, -0.21665
373, 16, 13.322, 0.964, 37.910, 183.23, 805.05, 805.97, 149.35, -229.72, 11.38, -0.92001, -0.31390, -0.08390, -0.21910
373, 15, 13.486, -7.395, 42.257, 496.40, 1028.99, 1037.54, 107.38, -156.46, 66.07, -0.89908, -0.36375, -0.02639, -0.24215
373, 16, 15.870, -11.214, 44.658, 350.46, 1318.97, 1173.34, 42.19, -56.71, 90.47, -0.88040, -0.38864, -0.00945, -0.27159
373, 16, 21.317, -7.816, 42.569, -232.60, 782.10, 1012.51, -12.47, 15.59, 63.32, -0.87885, -0.36444, -0.04871, -0.30404
373, 16, 25.492, -3.951, 40.529, -379.64, 635.38, 932.86, -14.49, 14.03, 65.41, -0.87895, -0.33687, -0.08593, -0.32646
373, 15, 29.273, -1.882, 38.698, -335.21, 639.40, 936.89, -20.03, -5.38, 95.63, -0.87553, -0.31384, -0.10720, -0.35138
373, 16, 33.452, -2.132, 36.309, -220.03, 586.49, 950.56, -28.18, -20.01, 148.62, -0.86810, -0.29250, -0.10865, -0.38606
373, 15, 38.131, -3.925, 33.998, -90.15, 612.55, 970.21, -36.23, -16.96, 192.47, -0.85489, -0.27703, -0.09849, -0.42746
373, 15, 42.050, -5.328, 31.446, -104.13, 541.44, 985.78, -35.51, -22.85, 194.28, -0.84368, -0.26012, -0.08724, -0.46143
373, 16, 44.184, -8.402, 28.754, 125.37, 494.32, 1041.93, -24.69, -22.59, 144.62, -0.83620, -0.25100, -0.05796, -0.48416
373, 15, 46.216, -10.349, 25.800, 179.20, 382.51, 1185.61, -4.88, -2.36, 121.58, -0.83059, -0.23650, -0.03507, -0.50295
373, 16, 48.652, -9.026, 25.285, 18.37, 461.24, 1141.05, 30.33, 27.89, 120.72, -0.82288, -0.22638, -0.04745, -0.51901
374, 7, 40.868, -3.546, 38.206, 244.87, 794.56, 961.98, -25.96, 20.68, 75.89, -0.83437, -0.30401, -0.12423, -0.44268
374, 27, 43.473, -3.251, 28.682, -78.49, 184.45, 1277.22, -0.11, 3.31, 71.80, -0.84662, -0.23048, -0.09454, -0.47029
374, 16, 43.845, -3.694, 30.210, 31.25, 697.69, 999.15, 1.71, 0.40, 59.56, -0.84136, -0.24319, -0.09830, -0.47256
374, 16, 43.410, -3.061, 30.521, -7.63, 599.24, 993.16, 1.95, -0.65, 33.29, -0.84332, -0.24333, -0.10334, -0.46789
374, 15, 43.724, -4.638, 31.432, 187.13, 776.55, 1117.19, -2.82, 14.25, 49.22, -0.83789, -0.25600, -0.09608, -0.47242
374, 16, 43.110, -5.695, 31.888, 422.24, 897.09, 1275.82, -11.87, 47.78, -10.42, -0.83782, -0.26397, -0.08873, -0.46957
374, 15, 41.636, -5.037, 32.960, 713.07, 1122.07, 1219.79, -31.65, 111.86, -89.66, -0.84226, -0.27048, -0.09451, -0.45662
374, 15, 40.890, -1.622, 32.414, 668.33, 939.64, 1008.36, -79.23, 214.84, -139.34, -0.85106, -0.25413, -0.11612, -0.44456
374, 16, 40.530, 5.909, 32.303, 124.88, 893.80, 715.15, -128.07, 249.99, -155.27, -0.85999, -0.22456, -0.17088, -0.42519
374, 15, 39.404, 18.868, 30.634, -415.71, 694.58, 531.19, -165.18, 249.99, -151.22, -0.87010, -0.16221, -0.25804, -0.38733
374, 16, 35.453, 31.510, 21.311, -799.80, -10.74, 627.01, -157.70, 187.72, -129.54, -0.88073, -0.05058, -0.31673, -0.34849
374, 16, 28.791, 38.399, 10.658, -809.45, -306.52, 729.92, -90.70, 93.89, -100.82, -0.88719, 0.03720, -0.33693, -0.31304
374, 15, 23.692, 36.930, 6.196, -456.67, 28.44, 914.43, 0.52, 22.74, -112.91, -0.90239, 0.05310, -0.31596, -0.28817
374, 15, 21.026, 34.388, 8.728, -347.72, 605.41, 1035.34, 34.19, 9.46, -179.63, -0.91562, 0.01885, -0.30300, -0.26359
374, 16, 15.457, 34.948, 4.952, -835.45, 11.35, 1045.47, 40.76, -31.65, -168.90, -0.92535, 0.03589, -0.30068, -0.22812
374, 16, 13.418, 33.830, 3.500, -744.93, -142.46, 848.08, 85.02, -88.39, -65.41, -0.93153, 0.04003, -0.28952, -0.21638
374, 16, 13.850, 29.097, 5.831, -544.74, -29.72, 846.74, 146.06, -154.22, -25.72, -0.94173, 0.01214, -0.25537, -0.21859
374, 15, 17.449, 22.300, 15.205, -401.12, 366.64, 799.32, 168.68, -187.10, 45.44, -0.94345, -0.07338, -0.21955, -0.23729
374, 16, 21.975, 16.409, 23.664, -571.04, 634.70, 844.67, 136.68, -214.22, 142.80, -0.93090, -0.15023, -0.19526, -0.26970
374, 16, 23.614, 9.932, 32.028, -368.53, 962.16, 701.23, 111.95, -217.31, 98.63, -0.91466, -0.23363, -0.16696, -0.28451
374, 15, 23.776, 0.106, 37.000, 514.77, 1221.56, 1057.31, 73.49, -158.53, 78.86, -0.89789, -0.30012, -0.10303, -0.30515
374, 15, 24.740, -3.597, 38.515, 277.22, 1024.72, 1110.47, 10.73, -32.20, 40.28, -0.88730, -0.32096, -0.08082, -0.32117
374, 16, 26.342, -5.582, 38.291, 698.12, 1279.91, 1320.25, -41.44, 65.86, 3.14, -0.88078, -0.32347, -0.06922, -0.33882
374, 15, 28.318, -3.028, 37.256, 600.34, 1297.30, 1115.72, -103.87, 189.09, -58.40, -0.88098, -0.30698, -0.09137, -0.34826
374, 16, 30.096, 1.953, 34.056, 322.51, 901.06, 828.19, -181.53, 249.99, -93.57, -0.88860, -0.26549, -0.12456, -0.35270
374, 16, 32.876, 10.302, 30.682, -100.04, 615.66, 525.21, -227.70, 249.99, -51.46, -0.89130, -0.20764, -0.18388, -0.35869
374, 16, 33.094, 23.752, 22.042, -826.42, 51.21, 507.81, -219.96, 204.86, -36.96, -0.89689, -0.09125, -0.25976, -0.34611
374, 16, 29.082, 31.651, 11.023, -1046.63, -661.56, 829.96, -122.28, 101.64, -23.61, -0.90095, 0.01322, -0.28644, -0.32569
374, 15, 25.491, 33.742, 5.977, -609.56, -174.38, 877.87, -9.33, 39.21, -21.68, -0.90512, 0.05046, -0.28973, -0.30705
374, 15, 24.361, 30.840, 9.871, -215.09, 522.64, 1008.00, 40.17, 20.21, -94.91, -0.91514, 0.00822, -0.27747, -0.29234
374, 16, 20.850, 30.735, 11.225, -515.20, 470.76, 1128.17, 33.28, 25.81, -160.72, -0.92380, -0.01149, -0.27986, -0.26102
374, 15, 15.976, 32.726, 6.861, -1010.25, -220.28, 1144.96, 44.94, -25.70, -106.49, -0.92996, 0.01677, -0.28653, -0.22979
374, 16, 13.923, 32.090, 5.642, -932.92, -270.63, 992.92, 108.46, -99.84, -30.82, -0.93519, 0.02021, -0.27935, -0.21675
374, 16, 13.847, 29.659, 9.586, -761.35, 14.40, 803.04, 161.67, -164.20, 6.23, -0.94052, -0.01750, -0.26696, -0.20940
374, 16, 16.025, 24.543, 18.608, -580.26, 440.43, 659.85, 179.63, -227.02, 31.33, -0.94066, -0.09868, -0.24334, -0.21495
374, 16, 16.978, 16.979, 26.345, -342.29, 508.79, 677.61, 158.84, -246.03, 50.17, -0.93742, -0.17916, -0.19840, -0.22312
374, 15, 16.315, 8.696, 34.070, -93.08, 648.50, 630.37, 157.67, -230.88, 30.56, -0.92641, -0.26325, -0.14589, -0.22623
374, 15, 16.118, 0.880, 40.258, 109.80, 925.84, 855.53, 133.28, -181.47, 61.14, -0.90776, -0.33060, -0.09580, -0.23980
374, 16, 17.343, -5.737, 44.077, 277.71, 1257.39, 1094.06, 72.72, -119.90, 103.70, -0.88675, -0.37346, -0.05592, -0.26660
374, 15, 20.310, -9.014, 43.625, 195.80, 1084.41, 1174.68, 8.11, -41.07, 102.52, -0.87627, -0.37553, -0.03889, -0.29937
374, 15, 22.890, -7.028, 40.902, -149.29, 660.40, 968.38, -20.82, 7.58, 73.49, -0.88094, -0.34911, -0.05525, -0.31467
374, 16, 27.406, -3.584, 38.703, -324.77, 617.43, 936.40, -19.29, 12.49, 73.99, -0.87908, -0.32040, -0.08893, -0.34154
374, 16, 30.791, -1.923, 36.820, -294.07, 596.68, 949.04, -19.01, -16.69, 89.80, -0.87575, -0.29820, -0.10507, -0.36482
374, 15, 35.076, -2.261, 35.138, -186.65, 633.12, 958.86, -27.98, -15.88, 149.36, -0.86531, -0.28254, -0.10773, -0.39975
374, 16, 40.234, -3.702, 33.455, -170.53, 643.55, 953.49, -40.90, -17.44, 218.22, -0.84851, -0.27033, -0.10312, -0.44309
374, 15, 44.728, -7.329, 29.087, 69.70, 346.80, 998.05, -32.23, -16.03, 208.32, -0.83485, -0.24886, -0.06853, -0.48621
374, 15, 48.713, -11.185, 26.948, 267.64, 456.48, 1085.88, 0.95, 17.46, 195.49, -0.81558, -0.24741, -0.03931, -0.52160
374, 16, 51.395, -11.169, 26.027, 136.72, 419.01, 1030.52, 34.81, 52.23, 152.73, -0.80513, -0.23989, -0.04086, -0.54087
374, 15, 51.751, -6.833, 28.438, -267.58, 550.84, 933.35, 61.40, 45.94, 80.18, -0.80567, -0.23743, -0.08417, -0.53614
375, 8, 41.146, -7.011, 36.300, 137.94, 684.51, 892.27, -25.07, 16.85, 12.94, -0.83272, -0.30267, -0.09189, -0.45446
375, 27, 41.289, -1.212, 31.457, -187.56, 485.72, 998.29, -29.16, 8.48, 3.83, -0.85208, -0.24505, -0.11632, -0.44764
375, 15, 41.163, -1.198, 30.616, -1.16, 637.45, 1141.17, -1.65, -7.61, 14.97, -0.85436, -0.23886, -0.11287, -0.44752
375, 15, 40.730, -3.174, 30.856, 267.88, 681.95, 1139.95, 6.03, 7.82, -10.99, -0.85316, -0.24861, -0.09809, -0.44798
375, 16, 39.350, -3.491, 31.455, 509.28, 868.90, 1258.73, -6.84, 62.76, -85.65, -0.85677, -0.25543, -0.09499, -0.43781
375, 15, 37.574, -1.268, 31.347, 616.70, 961.98, 1278.38, -41.66, 137.37, -157.81, -0.86632, -0.24806, -0.10749, -0.42001
375, 16, 37.124, 3.039, 30.967, 604.80, 964.90, 946.23, -96.07, 237.38, -177.36, -0.87284, -0.22996, -0.13780, -0.40777
375, 16, 37.687, 9.483, 31.642, 181.64, 975.95, 571.29, -147.16, 249.99, -165.28, -0.87345, -0.21019, -0.18965, -0.39616
375, 15, 38.648, 20.934, 28.188, -341.25, 463.68, 501.34, -191.06, 249.99, -143.26, -0.87514, -0.13695, -0.26388, -0.38176
375, 16, 38.361, 35.129, 21.095, -897.46, 84.59, 468.57, -180.56, 235.09, -103.53, -0.86612, -0.02631, -0.34320, -0.36244
375, 15, 30.621, 44.519, 9.257, -1089.36, -357.30, 719.54, -111.18, 134.93, -79.03, -0.86557, 0.07358, -0.37778, -0.32040
375, 16, 23.735, 46.354, 1.851, -875.00, -188.17, 846.44, -22.38, 36.51, -69.87, -0.87235, 0.11254, -0.37737, -0.28971
375, 16, 21.680, 41.948, 4.418, -393.98, 534.12, 1037.54, 31.01, -11.59, -145.25, -0.89288, 0.07470, -0.35164, -0.27116
375, 15, 17.495, 39.472, 2.967, -931.88, 70.50, 1085.39, 50.08, -74.22, -108.38, -0.90843, 0.06758, -0.33163, -0.24537
375, 17, 17.223, 34.991, 3.738, -672.91, -121.34, 844.85, 102.77, -145.80, 26.68, -0.92114, 0.05039, -0.29784, -0.24548
375, 15, 19.553, 30.772, 10.230, -644.96, 140.99, 612.18, 149.98, -218.90, 48.32, -0.92672, -0.00651, -0.27782, -0.25292
375, 15, 23.321, 20.882, 20.973, -244.45, 560.24, 627.38, 157.62, -250.00, 90.63, -0.92722, -0.11295, -0.22590, -0.27654
375, 16, 25.487, 12.499, 30.079, -324.83, 796.81, 642.27, 127.63, -250.00, 130.38, -0.91363, -0.20759, -0.18572, -0.29612
375, 15, 25.240, 2.767, 33.599, -84.66, 608.95, 935.24, 100.21, -250.00, 77.54, -0.90437, -0.26461, -0.11833, -0.31320
375, 16, 25.384, -6.892, 38.323, 352.91, 1091.80, 940.67, 67.89, -215.33, 102.00, -0.88169, -0.32771, -0.05637, -0.33476
375, 16, 27.176, -13.246, 38.784, 1132.32, 1124.21, 1302.37, 7.70, -34.71, 47.32, -0.86430, -0.34703, -0.01353, -0.36382
375, 16, 29.142, -12.495, 37.996, 1010.07, 1398.99, 1552.73, -40.33, 109.82, -49.03, -0.86172, -0.33881, -0.02269, -0.37701
375, 15, 31.313, -8.476, 36.740, 1092.65, 1442.08, 1000.18, -125.69, 249.99, -108.65, -0.86511, -0.31715, -0.05579, -0.38456
375, 16, 32.147, -2.966, 35.440, 466.49, 1059.51, 362.85, -224.51, 249.99, -136.80, -0.87364, -0.28975, -0.09606, -0.37891
375, 15, 34.621, 10.519, 34.199, -378.30, 538.02, 63.84, -250.00, 249.99, -81.89, -0.87911, -0.23111, -0.19998, -0.36573
375, 16, 35.279, 25.986, 21.909, -1302.37, -572.27, 456.67, -250.00, 249.99, -37.19, -0.88798, -0.07677, -0.27770, -0.35844
375, 15, 29.406, 36.589, 9.332, -1270.87, -836.24, 760.93, -125.71, 145.99, -24.02, -0.88924, 0.04337, -0.31932, -0.32466
375, 17, 23.758, 38.759, 5.255, -843.87, -103.94, 985.17, 26.60, 26.46, -60.37, -0.89708, 0.06577, -0.32775, -0.28896
375, 16, 20.347, 35.306, 7.603, -247.19, 525.57, 1020.57, 38.04, 11.63, -156.83, -0.91481, 0.02845, -0.30780, -0.25994
375, 15, 12.486, 35.827, 3.058, -896.24, 56.52, 1232.60, 33.34, -5.54, -199.33, -0.92813, 0.04519, -0.30519, -0.20829
375, 15, 7.046, 34.695, -0.886, -992.49, -364.93, 1076.11, 77.80, -87.29, -120.16, -0.93832, 0.06120, -0.29190, -0.17495
375, 16, 6.134, 30.565, -0.179, -641.97, -242.49, 890.69, 143.15, -147.76, -31.74, -0.95001, 0.04711, -0.25934, -0.16736
375, 15, 9.077, 26.570, 7.760, -581.18, 155.64, 650.76, 186.38, -209.75, 9.25, -0.95481, -0.01908, -0.23777, -0.17733
375, 15, 12.125, 21.920, 16.786, -521.55, 315.80, 568.42, 190.29, -238.74, 45.47, -0.95272, -0.09745, -0.21544, -0.19082
375, 16, 14.393, 14.914, 26.458, -385.31, 564.21, 638.37, 181.02, -250.00, 43.27, -0.94340, -0.18931, -0.17780, -0.20628
375, 16, 15.494, 7.001, 34.238, -114.38, 756.96, 729.86, 154.22, -219.60, 54.89, -0.92746, -0.26950, -0.13075, -0.22382
375, 16, 17.813, -2.758, 39.226, 400.33, 986.21, 974.49, 107.88, -153.11, 121.22, -0.90390, -0.32906, -0.06959, -0.26429
375, 16, 21.494, -9.167, 41.068, 471.31, 1166.20, 1207.46, 41.11, -58.98, 135.89, -0.88105, -0.35587, -0.03468, -0.30969
375, 15, 24.500, -8.002, 40.038, -27.59, 881.41, 1122.74, -1.24, 0.85, 70.45, -0.87759, -0.34411, -0.05010, -0.33004
375, 15, 27.693, -4.748, 37.757, -328.31, 598.88, 951.42, -19.78, 19.67, 92.12, -0.87935, -0.31621, -0.07787, -0.34742
375, 15, 31.124, -3.468, 35.875, -291.20, 622.13, 951.78, -26.01, -0.90, 143.55, -0.87525, -0.29548, -0.09101, -0.37194
375, 15, 34.713, -4.064, 33.353, -185.30, 530.58, 950.93, -30.58, -16.15, 182.86, -0.86864, -0.27542, -0.08685, -0.40257
375, 16, 41.345, -8.327, 31.158, 105.96, 584.17, 968.57, -24.49, -2.06, 235.38, -0.84258, -0.26980, -0.06199, -0.46198
376, 8, 37.187, 1.546, 37.308, 89.84, 737.24, 881.23, -23.74, -1.59, -7.85, -0.85699, -0.28318, -0.14919, -0.40387
376, 26, 40.048, 1.675, 30.468, -47.42, 395.45, 1181.76, -14.05, 33.42, 53.76, -0.86192, -0.22787, -0.13154, -0.43343
376, 16, 39.479, 1.905, 31.453, 139.22, 897.03, 1205.63, -14.28, 52.36, -36.35, -0.86229, -0.23506, -0.13582, -0.42750
376, 15, 36.781, 3.325, 31.734, 368.35, 959.41, 1167.42, -40.00, 90.83, -155.65, -0.87273, -0.23518, -0.14198, -0.40359
376, 15, 34.708, 5.668, 31.272, 518.31, 1010.01, 1051.21, -83.71, 151.47, -190.84, -0.88239, -0.22588, -0.15399, -0.38294
376, 16, 33.968, 11.728, 29.681, 36.13, 746.22, 788.15, -135.43, 200.25, -183.85, -0.88983, -0.19298, -0.19347, -0.36541
376, 15, 33.950, 20.826, 27.558, -326.23, 630.98, 630.13, -168.61, 205.70, -116.78, -0.89091, -0.14316, -0.25533, -0.34726
376, 17, 34.989, 29.998, 23.721, -544.13, 364.32, 581.91, -171.43, 192.90, -48.87, -0.88288, -0.07620, -0.31266, -0.34198
376, 16, 34.839, 37.083, 19.672, -729.19, 265.44, 630.31, -137.54, 125.12, -32.03, -0.87363, -0.01856, -0.35221, -0.33521
376, 15, 29.537, 41.014, 11.110, -806.21, -178.04, 840.58, -69.91, 61.81, -52.46, -0.87888, 0.04449, -0.35752, -0.31270
376, 16, 26.899, 37.108, 10.861, -329.71, 307.86, 983.64, 15.02, -2.62, -92.19, -0.89534, 0.02603, -0.32820, -0.29996
376, 15, 21.440, 36.112, 7.429, -654.05, 92.22, 991.33, 32.98, -14.64, -130.84, -0.91032, 0.03492, -0.31343, -0.26805
376, 15, 18.234, 36.339, 5.454, -920.41, -141.42, 879.21, 74.07, -72.17, -58.94, -0.91631, 0.04250, -0.31185, -0.24761
376, 16, 18.749, 31.701, 6.447, -536.44, -134.28, 836.06, 122.59, -130.59, 47.12, -0.92627, 0.02449, -0.27693, -0.25442
376, 15, 21.717, 27.431, 14.947, -588.26, 263.31, 650.45, 163.63, -192.74, 61.67, -0.92674, -0.04863, -0.26243, -0.26442
376, 16, 26.607, 18.070, 24.668, -316.83, 634.83, 817.38, 147.25, -218.72, 170.62, -0.91702, -0.14500, -0.21683, -0.30171
376, 17, 28.581, 11.290, 32.448, -465.94, 883.42, 679.02, 99.09, -231.36, 150.73, -0.90085, -0.22510, -0.18856, -0.31977
376, 15, 27.650, 4.604, 36.929, -199.40, 785.46, 819.15, 77.96, -208.60, 97.63, -0.89093, -0.28250, -0.14763, -0.32349
376, 16, 27.523, -5.598, 39.144, 1070.07, 1334.23, 1399.84, 39.77, -125.44, 95.60, -0.87479, -0.32931, -0.07501, -0.34737
376, 15, 28.091, -8.872, 39.343, 931.58, 1353.39, 1480.90, -11.51, 28.72, 6.45, -0.86747, -0.33948, -0.05196, -0.35993
376, 15, 27.687, -7.291, 37.311, 958.74, 1076.17, 1272.58, -77.45, 148.67, -130.36, -0.87704, -0.31987, -0.05673, -0.35392
376, 16, 28.564, -1.848, 35.366, 516.05, 1067.57, 880.98, -149.26, 249.99, -133.81, -0.88649, -0.28874, -0.09541, -0.34879
376, 15, 30.723, 6.556, 32.657, -1.46, 711.61, 527.59, -213.33, 249.99, -99.72, -0.89277, -0.23898, -0.15712, -0.34808
376, 16, 33.145, 20.920, 28.022, -678.89, 395.51, 341.00, -234.80, 249.99, -58.46, -0.89268, -0.14823, -0.25640, -0.33972
376, 16, 31.086, 31.562, 16.974, -1189.76, -615.60, 703.25, -156.83, 147.41, -18.94, -0.89501, -0.02858, -0.30283, -0.32625
376, 16, 26.474, 36.495, 8.401, -1033.02, -718.57, 851.32, -23.38, 44.76, -9.11, -0.89716, 0.04220, -0.31714, -0.30454
376, 16, 25.874, 32.959, 12.160, -267.94, 521.79, 1021.18, 48.11, 3.27, -82.38, -0.90714, 0.00018, -0.29981, -0.29531
376, 15, 23.211, 30.501, 14.576, -245.91, 591.13, 997.13, 38.32, 9.62, -155.58, -0.91810, -0.03325, -0.28627, -0.27210
376, 15, 18.764, 31.939, 11.266, -722.53, 130.86, 1107.79, 29.72, -0.06, -139.99, -0.92596, -0.01382, -0.28928, -0.24232
376, 16, 15.698, 33.002, 7.435, -1019.10, -391.30, 969.12, 68.85, -69.08, -43.56, -0.92996, 0.01204, -0.28992, -0.22578
376, 15, 15.299, 30.426, 8.928, -699.10, -92.47, 839.11, 132.97, -136.45, 27.47, -0.93631, -0.00698, -0.27209, -0.22190
376, 16, 18.694, 27.067, 17.684, -670.29, 397.03, 678.77, 162.99, -177.12, 66.15, -0.93238, -0.07878, -0.26381, -0.23424
376, 17, 19.794, 20.202, 25.327, -410.95, 499.76, 755.62, 162.39, -215.44, 52.90, -0.93068, -0.15717, -0.22618, -0.24077
376, 15, 19.154, 12.440, 31.712, -227.05, 558.17, 738.46, 152.66, -228.46, 43.89, -0.92541, -0.23090, -0.17698, -0.24284
376, 15, 18.710, 2.254, 37.699, 340.03, 960.63, 915.34, 125.27, -186.89, 62.19, -0.91014, -0.30490, -0.10829, -0.25875
376, 16, 19.489, -5.677, 41.065, 559.94, 1150.70, 1144.90, 71.34, -109.71, 85.81, -0.89116, -0.34891, -0.05591, -0.28455
376, 15, 21.608, -8.283, 40.522, 213.75, 919.49, 1161.50, 18.51, -26.92, 63.29, -0.88376, -0.34964, -0.04049, -0.30837
376, 16, 23.505, -5.540, 39.020, -202.64, 703.74, 1014.10, -6.03, 8.15, 52.80, -0.88687, -0.33063, -0.06353, -0.31640
376, 15, 27.214, -2.224, 37.011, -294.13, 562.50, 944.40, -10.47, 5.61, 51.90, -0.88588, -0.30367, -0.09393, -0.33791
376, 16, 30.043, -0.699, 35.444, -221.80, 552.31, 937.81, -7.24, -13.53, 61.94, -0.88296, -0.28455, -0.10825, -0.35734
376, 16, 33.359, -1.167, 34.051, -111.88, 577.94, 964.11, -7.68, -19.02, 102.18, -0.87510, -0.27223, -0.10820, -0.38520
376, 15, 37.415, -2.497, 33.300, -73.18, 672.42, 1002.20, -20.49, -9.60, 153.38, -0.86106, -0.26734, -0.10498, -0.41961
376, 15, 40.192, -1.524, 31.386, -305.97, 463.20, 938.42, -15.93, -23.91, 138.35, -0.85612, -0.24681, -0.11136, -0.44017
376, 16, 42.073, -3.001, 31.195, -54.02, 613.34, 976.99, -12.41, -29.56, 132.54, -0.84734, -0.24928, -0.10364, -0.45731
377, 9, 42.439, -0.595, 37.390, 75.93, 723.69, 936.89, 6.97, -21.97, 72.42, -0.83464, -0.28501, -0.14673, -0.44791
377, 26, 43.368, -5.431, 35.700, 83.01, 702.88, 953.13, -22.32, -22.16, 88.97, -0.82796, -0.29044, -0.10689, -0.46766
377, 16, 43.427, -7.225, 34.029, 122.31, 627.08, 952.94, -25.96, -17.67, 70.90, -0.82895, -0.28522, -0.08696, -0.47321
377, 15, 43.218, -9.010, 33.511, 247.80, 719.18, 1006.16, -29.14, 1.45, 41.89, -0.82802, -0.28845, -0.07109, -0.47552
377, 15, 42.825, -8.869, 30.604, 285.52, 615.91, 1265.87, -32.33, 33.04, -5.10, -0.83694, -0.26701, -0.05913, -0.47406
377, 16, 41.843, -9.317, 31.541, 511.05, 983.03, 1380.43, -6.10, 43.30, -24.51, -0.83800, -0.27606, -0.05730, -0.46719
377, 15, 39.786, -7.754, 32.809, 911.87, 1155.09, 1349.06, -17.20, 127.92, -128.88, -0.84573, -0.28076, -0.06911, -0.44848
377, 15, 36.250, -2.493, 33.871, 783.02, 1163.21, 938.90, -75.60, 204.69, -237.68, -0.86394, -0.27269, -0.10434, -0.41031
377, 17, 34.808, 4.802, 33.473, 287.90, 876.77, 656.56, -133.32, 249.99, -230.63, -0.87697, -0.24571, -0.15498, -0.38280
377, 15, 33.320, 20.018, 28.296, -489.32, 375.61, 512.27, -181.24, 249.99, -225.98, -0.89229, -0.15328, -0.25069, -0.34275
377, 15, 31.145, 33.983, 20.279, -811.10, 69.09, 480.53, -170.65, 209.26, -165.82, -0.88959, -0.04562, -0.33017, -0.31231
377, 17, 26.523, 41.725, 10.643, -896.91, -175.11, 692.99, -106.87, 119.87, -119.33, -0.88478, 0.04086, -0.36274, -0.28968
377, 15, 20.796, 43.953, 2.639, -854.80, -186.40, 895.39, -27.22, 51.00, -119.22, -0.88772, 0.09085, -0.36355, -0.26743
377, 16, 20.318, 40.340, 6.093, -391.54, 644.90, 961.91, 36.93, -3.73, -175.90, -0.90148, 0.05332, -0.34381, -0.25746
377, 15, 15.111, 39.548, 1.507, -866.58, -39.98, 1059.94, 42.27, -23.41, -173.78, -0.91227, 0.07246, -0.33066, -0.23058
377, 15, 10.206, 37.383, -0.950, -860.78, -290.34, 888.49, 103.89, -102.80, -71.03, -0.92596, 0.07433, -0.31182, -0.19959
377, 17, 11.213, 33.203, 2.701, -629.09, -110.60, 763.43, 163.93, -161.29, 28.94, -0.93677, 0.03980, -0.28374, -0.20089
377, 15, 15.409, 30.967, 11.173, -767.76, 112.61, 526.49, 196.24, -203.83, 98.31, -0.93469, -0.02380, -0.28076, -0.21669
377, 15, 22.916, 22.176, 23.480, -472.60, 582.34, 663.45, 170.42, -245.61, 221.95, -0.92423, -0.13021, -0.24160, -0.26547
377, 17, 24.555, 8.652, 31.422, 192.50, 933.04, 887.88, 125.24, -246.32, 157.38, -0.91334, -0.23118, -0.15728, -0.29603
377, 15, 23.588, -2.369, 35.560, 1062.56, 1355.16, 1397.77, 75.87, -152.49, 75.36, -0.89978, -0.29550, -0.07921, -0.31112
377, 15, 23.770, -6.413, 36.690, 788.70, 1331.91, 1481.14, -1.27, 3.20, 21.92, -0.89154, -0.31460, -0.05093, -0.32184
377, 16, 25.369, -4.852, 36.420, 739.62, 1434.94, 1235.96, -86.02, 128.52, -82.40, -0.88973, -0.30764, -0.06677, -0.33059
377, 16, 28.629, 0.134, 33.579, 376.16, 1000.73, 861.21, -181.72, 249.37, -80.31, -0.89262, -0.26887, -0.10557, -0.34612
377, 16, 32.435, 8.739, 29.977, -155.70, 617.49, 543.03, -235.11, 249.99, -28.30, -0.89357, -0.20828, -0.16893, -0.36004
377, 15, 35.798, 21.385, 24.247, -637.33, 321.29, 500.73, -234.97, 246.73, 6.47, -0.88847, -0.11126, -0.25124, -0.36759
377, 15, 31.572, 30.451, 12.503, -1024.84, -647.46, 752.32, -138.51, 113.23, -49.09, -0.89598, 0.00374, -0.28138, -0.34354
377, 17, 25.171, 34.546, 3.749, -835.21, -662.60, 841.43, -2.16, 40.42, -59.84, -0.90297, 0.06955, -0.29019, -0.30920
377, 15, 24.329, 32.978, 8.490, -379.52, 592.90, 979.80, 46.99, 20.82, -116.20, -0.91066, 0.02537, -0.29071, -0.29248
377, 15, 20.734, 33.462, 8.501, -742.74, 360.84, 1181.70, 24.58, 10.55, -161.61, -0.91833, 0.01743, -0.29522, -0.26310
377, 16, 14.561, 34.237, 3.485, -903.14, -278.32, 1008.73, 44.76, -46.78, -85.44, -0.92834, 0.04390, -0.29237, -0.22534
377, 16, 11.456, 33.291, 2.482, -921.88, -291.75, 890.32, 115.58, -115.70, -38.18, -0.93605, 0.04236, -0.28399, -0.20336
377, 16, 10.855, 31.611, 5.960, -797.18, -122.86, 611.76, 188.26, -184.44, -1.56, -0.94176, 0.00920, -0.27641, -0.19131
377, 15, 15.095, 26.783, 17.960, -647.34, 530.03, 561.77, 209.35, -229.64, 54.89, -0.93952, -0.08997, -0.25941, -0.20473
377, 15, 17.156, 18.680, 28.790, -348.27, 794.01, 564.76, 171.39, -250.00, 56.72, -0.93187, -0.19446, -0.21696, -0.21618
377, 17, 16.030, 8.426, 34.909, 84.05, 745.73, 816.53, 142.19, -222.50, 33.46, -0.92500, -0.27102, -0.14472, -0.22357
377, 14, 15.252, -0.408, 39.498, 403.32, 1032.65, 1065.31, 108.21, -168.37, 40.43, -0.91079, -0.32794, -0.08151, -0.23723
377, 16, 16.610, -6.001, 42.356, 372.01, 1215.70, 1141.48, 48.93, -78.19, 73.70, -0.89363, -0.36094, -0.04752, -0.26248
377, 16, 22.117, -6.125, 41.431, 31.92, 956.18, 1158.81, -2.66, 3.28, 67.43, -0.88268, -0.35142, -0.06137, -0.30596
377, 16, 26.663, -2.864, 39.080, -316.35, 590.39, 932.07, -19.76, 24.73, 75.69, -0.88110, -0.32188, -0.09353, -0.33364
377, 14, 30.833, -1.150, 36.983, -298.52, 576.48, 946.84, -18.49, 3.75, 107.96, -0.87609, -0.29701, -0.11162, -0.36304
377, 16, 34.882, -2.329, 34.541, -73.30, 524.48, 941.04, -14.84, -8.97, 134.58, -0.86736, -0.27844, -0.10466, -0.39900
377, 15, 39.834, -4.895, 33.581, 70.92, 685.24, 1021.79, -15.57, 25.48, 180.36, -0.84806, -0.27601, -0.09372, -0.44252
377, 15, 45.896, -5.502, 31.458, -94.48, 624.02, 1078.00, -25.55, 44.90, 249.99, -0.82743, -0.25785, -0.09470, -0.48980
378, 9, 38.858, -6.243, 40.221, 189.27, 1005.55, 853.82, -45.59, 43.79, 33.80, -0.83206, -0.33039, -0.10644, -0.43265
378, 26, 39.906, 2.511, 25.911, -544.56, -28.93, 1691.71, -56.59, 44.29, 8.48, -0.87147, -0.19033, -0.12029, -0.43571
378, 17, 40.824, 2.060, 25.174, -58.29, 411.50, 987.92, 10.48, 6.86, 66.64, -0.86882, -0.18555, -0.11556, -0.44425
378, 14, 39.341, 1.387, 27.853, 221.98, 969.48, 1216.98, 2.82, 29.93, -47.04, -0.86933, -0.20999, -0.11816, -0.43151
378, 15, 37.991, 0.678, 28.937, 603.70, 1044.43, 1260.62, -34.08, 85.74, -83.74, -0.87169, -0.22225, -0.11427, -0.42154
378, 16, 37.011, 3.192, 29.436, 553.34, 996.83, 1049.99, -69.52, 183.18, -135.53, -0.87635, -0.21785, -0.13329, -0.40839
378, 16, 36.964, 7.512, 28.794, 350.83, 856.99, 820.80, -125.88, 236.27, -142.21, -0.88020, -0.19696, -0.16367, -0.39958
378, 15, 38.484, 13.287, 27.776, 52.06, 718.87, 630.37, -172.91, 249.99, -99.91, -0.87785, -0.16454, -0.20587, -0.39991
378, 16, 40.023, 24.404, 23.955, -438.84, 375.92, 546.08, -186.45, 249.99, -68.45, -0.87244, -0.08729, -0.27617, -0.39364
378, 15, 36.006, 37.983, 15.908, -942.44, 56.88, 561.40, -153.79, 205.96, -96.99, -0.86836, 0.01703, -0.34743, -0.35349
378, 17, 26.762, 44.895, 4.382, -1084.35, -386.17, 713.62, -82.51, 90.23, -121.80, -0.87136, 0.09912, -0.37015, -0.30644
378, 15, 23.081, 42.024, 4.369, -494.38, 239.20, 936.65, 35.93, 10.10, -127.36, -0.88925, 0.07958, -0.35116, -0.28210
378, 15, 19.424, 38.827, 5.853, -423.22, 522.22, 1004.33, 33.78, -3.08, -193.05, -0.90745, 0.04876, -0.33186, -0.25302
378, 16, 15.629, 37.063, 2.651, -911.32, -255.19, 1058.47, 68.18, -80.06, -58.56, -0.91868, 0.05949, -0.31289, -0.23366
378, 15, 16.230, 34.519, 4.637, -700.93, -126.65, 691.41, 129.91, -146.59, 28.63, -0.92472, 0.03949, -0.29635, -0.23561
378, 16, 20.010, 29.689, 12.915, -607.24, 220.89, 647.77, 169.66, -209.69, 65.05, -0.92737, -0.02999, -0.27518, -0.25173
378, 16, 25.096, 20.336, 24.484, -296.20, 687.01, 667.85, 166.90, -229.47, 130.83, -0.91949, -0.13936, -0.23217, -0.28497
378, 15, 27.610, 12.726, 33.292, -462.65, 855.53, 735.23, 134.52, -234.61, 125.83, -0.90192, -0.22877, -0.19998, -0.30696
378, 17, 26.764, 5.385, 38.950, -171.63, 870.36, 797.67, 108.76, -225.74, 70.72, -0.88878, -0.29703, -0.15699, -0.31175
378, 15, 27.883, -4.204, 41.569, 505.80, 1084.05, 1054.50, 47.65, -134.14, 123.54, -0.86853, -0.34361, -0.09412, -0.34457
378, 15, 29.612, -7.748, 42.101, 397.83, 1064.39, 1083.92, 0.14, -6.86, 56.30, -0.85613, -0.35628, -0.07396, -0.36692
378, 16, 31.254, -8.498, 40.850, 816.16, 1294.49, 1381.23, -44.98, 94.27, -22.88, -0.85334, -0.34807, -0.06920, -0.38193
378, 15, 33.429, -4.854, 39.273, 736.33, 1316.04, 1052.86, -112.67, 229.09, -87.23, -0.85650, -0.32361, -0.09795, -0.38998
378, 15, 34.554, 0.574, 36.904, 375.67, 966.19, 645.69, -186.58, 249.99, -128.62, -0.86602, -0.28680, -0.13397, -0.38705
378, 17, 36.655, 11.808, 34.239, -297.91, 615.05, 356.45, -229.84, 249.99, -82.00, -0.87286, -0.22298, -0.21372, -0.37778
378, 15, 35.085, 27.454, 21.234, -1014.77, -405.46, 513.18, -222.77, 236.96, -42.50, -0.88732, -0.06643, -0.28639, -0.35528
378, 16, 30.056, 36.003, 9.824, -1217.41, -834.96, 777.83, -115.91, 114.77, -12.94, -0.88888, 0.03944, -0.31604, -0.32931
378, 16, 26.094, 37.941, 7.504, -771.18, -0.85, 919.98, 33.10, 21.27, -38.87, -0.89430, 0.05249, -0.32604, -0.30193
378, 15, 23.907, 35.396, 10.920, -339.23, 617.80, 968.26, 37.80, 7.07, -136.83, -0.90681, 0.01201, -0.31568, -0.27909
378, 16, 19.661, 33.313, 12.095, -338.01, 569.15, 1021.06, 29.30, 9.59, -193.57, -0.92107, -0.01461, -0.30203, -0.24534
378, 15, 13.761, 35.214, 7.471, -976.99, -125.18, 1002.01, 43.61, -36.35, -137.02, -0.92845, 0.01159, -0.30794, -0.20742
378, 15, 11.480, 34.107, 6.224, -845.21, -133.48, 934.20, 93.35, -96.05, -53.92, -0.93497, 0.01343, -0.29709, -0.19336
378, 16, 13.214, 28.219, 9.947, -447.45, 91.61, 905.33, 130.23, -131.12, 12.54, -0.94439, -0.02504, -0.25578, -0.20512
378, 15, 14.501, 22.976, 17.008, -455.44, 384.58, 901.18, 148.10, -151.62, -7.40, -0.94699, -0.09236, -0.22642, -0.20838
378, 17, 14.236, 20.102, 22.580, -533.08, 433.17, 828.92, 147.30, -165.91, -27.01, -0.94512, -0.14557, -0.21274, -0.20075
378, 16, 14.320, 13.890, 29.631, -181.64, 751.16, 828.86, 135.83, -166.50, -15.73, -0.93842, -0.21783, -0.17506, -0.20314
378, 15, 15.128, 7.910, 35.291, 129.64, 1050.35, 909.24, 80.44, -100.17, 1.69, -0.92577, -0.27641, -0.13917, -0.21721
378, 15, 17.226, 2.958, 37.813, 346.13, 990.11, 1049.01, 32.48, -16.99, 29.48, -0.91352, -0.30559, -0.11017, -0.24488
378, 16, 19.982, 3.597, 38.544, -59.75, 843.38, 985.53, -5.65, 47.62, 15.70, -0.90580, -0.30705, -0.12420, -0.26422
378, 15, 21.206, 9.047, 37.015, -611.33, 505.55, 916.56, -3.91, 32.81, 2.24, -0.90909, -0.27930, -0.16650, -0.26043
379, 7, 40.030, 1.087, 33.094, -103.21, 576.11, 885.62, 15.64, -27.29, 49.09, -0.85594, -0.24982, -0.13702, -0.43149
379, 27, 39.865, -2.818, 35.550, 49.80, 645.63, 866.15, 20.30, -27.89, 49.81, -0.84609, -0.28290, -0.11687, -0.43640
379, 15, 39.650, -3.464, 37.120, 15.01, 768.86, 895.14, 12.08, -21.28, 41.92, -0.84201, -0.29705, -0.11748, -0.43472
379, 15, 39.099, -3.266, 38.286, -11.47, 892.94, 963.99, -5.51, -16.42, 23.09, -0.84131, -0.30548, -0.12190, -0.42897
379, 16, 38.114, -3.082, 37.819, 40.65, 799.74, 984.01, -25.45, -13.16, -0.69, -0.84648, -0.30241, -0.11892, -0.42176
379, 15, 37.625, -2.801, 33.922, 78.00, 507.45, 1132.08, -26.33, -0.43, -23.76, -0.85844, -0.27290, -0.10547, -0.42129
379, 16, 37.402, -2.959, 32.625, 135.93, 678.65, 1223.02, 4.30, 12.00, -23.93, -0.86210, -0.26392, -0.09898, -0.42111
379, 16, 36.414, -3.109, 32.810, 476.20, 870.00, 1320.19, -0.72, 61.10, -85.31, -0.86508, -0.26669, -0.09623, -0.41382
379, 15, 34.136, 0.028, 34.317, 735.66, 1300.17, 1266.05, -27.77, 148.25, -202.44, -0.87313, -0.26948, -0.12006, -0.38808
379, 16, 32.992, 6.336, 34.894, 568.42, 1330.20, 954.47, -96.08, 242.99, -250.00, -0.88080, -0.25382, -0.16726, -0.36303
379, 15, 32.955, 15.709, 34.402, -57.74, 987.43, 482.30, -186.60, 249.99, -250.00, -0.88466, -0.21710, -0.23607, -0.33839
379, 15, 32.712, 28.802, 27.923, -500.79, 359.07, 415.04, -239.88, 222.54, -201.93, -0.88729, -0.11941, -0.31402, -0.31600
379, 16, 28.533, 39.549, 15.613, -810.85, -207.82, 524.41, -186.25, 153.04, -137.10, -0.88600, 0.00183, -0.35872, -0.29379
379, 15, 18.583, 44.871, 2.075, -961.36, -536.01, 828.25, -82.26, 83.62, -95.34, -0.88943, 0.09033, -0.37111, -0.25106
379, 17, 17.407, 43.145, 3.358, -656.19, 253.30, 957.89, 13.54, 15.64, -81.74, -0.89819, 0.07261, -0.36131, -0.23965
379, 16, 15.828, 37.943, 6.660, -152.65, 637.94, 1011.05, 28.16, -8.55, -153.85, -0.91753, 0.02987, -0.32781, -0.22313
379, 15, 7.177, 37.247, -0.603, -715.58, -276.12, 1057.74, 35.73, -6.50, -181.65, -0.93149, 0.06303, -0.31310, -0.17416
379, 16, 5.688, 37.032, -2.328, -925.42, -523.25, 918.82, 103.74, -51.47, -0.84, -0.93327, 0.07272, -0.30967, -0.16681
379, 15, 10.413, 34.730, 3.828, -822.33, -145.94, 853.45, 176.09, -128.69, 110.70, -0.93477, 0.03139, -0.29834, -0.19031
379, 15, 17.571, 28.702, 15.786, -535.16, 278.99, 662.96, 206.67, -199.29, 158.01, -0.93308, -0.06171, -0.27234, -0.22667
379, 16, 23.075, 21.814, 25.845, -592.53, 379.82, 616.88, 194.75, -250.00, 226.32, -0.92132, -0.14999, -0.24441, -0.26255
379, 15, 27.549, 13.563, 37.504, -404.66, 690.06, 388.37, 176.61, -250.00, 189.42, -0.89314, -0.25919, -0.21732, -0.29646
379, 16, 28.122, -0.011, 42.965, 248.05, 881.96, 840.64, 134.06, -250.00, 189.61, -0.86894, -0.34201, -0.13092, -0.33291
379, 17, 29.293, -14.201, 45.571, 819.58, 1243.23, 1136.41, 65.30, -224.72, 249.99, -0.83337, -0.39931, -0.03514, -0.38053
379, 15, 32.902, -23.685, 44.059, 1279.60, 1324.95, 1506.41, 7.23, -76.64, 210.65, -0.80244, -0.41244, 0.02915, -0.43027
379, 15, 37.368, -23.936, 40.468, 742.92, 1279.85, 1495.97, -26.33, 51.11, 123.83, -0.79692, -0.38919, 0.02939, -0.46107
379, 16, 39.919, -22.061, 37.928, 952.70, 1218.87, 1350.89, -61.03, 155.30, 18.32, -0.80001, -0.36632, 0.01731, -0.47486
379, 15, 40.171, -16.500, 35.534, 766.24, 949.77, 906.74, -123.31, 249.99, -106.26, -0.81997, -0.33111, -0.01526, -0.46667
379, 17, 40.118, -8.090, 34.692, 139.34, 808.53, 468.75, -172.85, 249.99, -82.66, -0.83914, -0.29560, -0.07481, -0.45040
379, 15, 40.471, 10.133, 27.244, -957.70, 105.35, 383.42, -188.00, 249.99, -66.93, -0.87100, -0.16963, -0.18338, -0.42302
379, 16, 37.919, 23.257, 18.451, -1004.64, -253.91, 590.03, -140.28, 174.19, -59.27, -0.88409, -0.05453, -0.24752, -0.39261
379, 16, 34.606, 29.408, 12.817, -787.48, -102.97, 867.00, -50.58, 76.44, -26.36, -0.88833, 0.00494, -0.27433, -0.36823
379, 15, 30.062, 29.038, 10.361, -424.32, 105.96, 927.49, 17.99, 14.82, -75.82, -0.90280, 0.01216, -0.26425, -0.33909
379, 15, 25.554, 25.293, 12.790, -54.99, 534.00, 1029.72, 55.08, -5.61, -175.31, -0.92126, -0.02908, -0.24146, -0.30354
379, 16, 20.676, 25.316, 14.588, -355.65, 531.37, 1000.61, 46.77, 4.05, -220.01, -0.93257, -0.05390, -0.24431, -0.26023
379, 15, 17.964, 28.278, 13.396, -826.72, 49.38, 911.07, 69.98, -35.46, -98.82, -0.93412, -0.04239, -0.26430, -0.23615
379, 15, 18.442, 29.076, 14.351, -932.68, -135.44, 717.96, 128.02, -120.70, 32.22, -0.93134, -0.04700, -0.27283, -0.23655
379, 17, 20.528, 27.183, 22.137, -795.04, 307.19, 498.47, 174.42, -204.05, 57.75, -0.92475, -0.11023, -0.27542, -0.23840
379, 16, 22.452, 18.214, 30.050, -340.52, 505.37, 678.59, 172.13, -250.00, 109.09, -0.91908, -0.19571, -0.22492, -0.25769
379, 16, 23.230, 7.429, 37.596, -60.73, 705.57, 636.78, 148.52, -250.00, 130.20, -0.90241, -0.28544, -0.16027, -0.28019
379, 15, 21.413, -4.562, 42.923, 428.59, 869.14, 784.97, 127.39, -250.00, 91.50, -0.88196, -0.35967, -0.07528, -0.29516
379, 15, 22.164, -14.079, 45.401, 900.02, 1189.33, 1255.13, 83.59, -138.80, 122.99, -0.85626, -0.39920, -0.01070, -0.32764
379, 16, 25.284, -16.064, 44.601, 525.57, 1334.35, 1379.15, 6.93, -1.63, 77.74, -0.84562, -0.39734, -0.00386, -0.35641
379, 15, 28.739, -13.649, 41.415, -72.94, 663.64, 940.86, -21.61, 24.49, 95.50, -0.85026, -0.36750, -0.02378, -0.37607
379, 15, 33.182, -12.464, 38.691, -134.09, 679.75, 913.82, -28.21, 24.62, 175.83, -0.84589, -0.34284, -0.03733, -0.40686
379, 16, 40.307, -12.190, 35.759, -133.67, 690.55, 914.12, -41.11, 16.28, 228.14, -0.82795, -0.31784, -0.04886, -0.45944
379, 17, 46.090, -13.542, 33.577, 33.94, 712.34, 938.90, -43.13, 7.61, 242.65, -0.80679, -0.30488, -0.04536, -0.50407
379, 14, 50.965, -13.525, 30.627, -99.79, 556.64, 902.83, -45.43, 1.12, 234.71, -0.79219, -0.28231, -0.04455, -0.53922
379, 16, 53.030, -12.709, 26.842, -105.77, 261.23, 885.56, -17.88, -24.04, 136.88, -0.79277, -0.25184, -0.03717, -0.55381
379, 16, 53.522, -13.235, 26.782, 46.57, 499.51, 1037.35, 18.90, -37.18, 120.75, -0.78951, -0.25362, -0.03420, -0.55783
379, 16, 54.054, -15.613, 28.025, 216.00, 600.10, 1064.15, 33.74, -34.58, 141.45, -0.77924, -0.27260, -0.02454, -0.56380
380, 9, 44.487, -4.852, 33.901, 61.40, 647.46, 977.66, -8.03, 6.63, 75.36, -0.82870, -0.27413, -0.10649, -0.47620
380, 26, 45.615, -7.864, 33.736, 204.22, 762.82, 1085.69, -7.12, 21.70, 80.86, -0.81938, -0.28396, -0.08646, -0.49042
381, 17, 45.608, -7.455, 33.183, 406.49, 813.78, 1141.72, -29.48, 117.36, -5.87, -0.82147, -0.27837, -0.08708, -0.49001
381, 28, 43.609, -0.599, 34.573, 518.43, 1001.04, 910.34, -62.92, 209.37, -119.84, -0.83673, -0.26303, -0.13834, -0.45995
381, 15, 41.218, 6.531, 34.197, 255.86, 892.09, 754.03, -107.49, 244.79, -190.76, -0.85409, -0.23521, -0.18387, -0.42591
381, 16, 39.849, 16.700, 31.811, -192.38, 565.19, 591.31, -144.52, 242.84, -175.63, -0.86709, -0.17894, -0.24699, -0.39387
381, 16, 35.065, 29.442, 21.987, -619.93, -37.23, 599.06, -138.02, 188.75, -177.87, -0.88445, -0.06474, -0.30340, -0.34859
381, 15, 28.354, 37.329, 12.611, -747.86, -81.97, 761.84, -84.07, 121.13, -173.23, -0.89132, 0.01730, -0.33423, -0.30585
381, 16, 23.931, 38.141, 8.566, -536.80, 158.57, 881.59, -16.19, 68.33, -159.39, -0.89974, 0.03857, -0.33114, -0.28166
381, 15, 21.265, 34.320, 9.565, -200.99, 474.61, 987.61, 26.09, 11.24, -178.54, -0.91534, 0.01261, -0.30435, -0.26338
381, 15, 16.591, 31.344, 9.659, -203.61, 478.94, 999.02, 33.42, 9.68, -250.00, -0.93182, -0.00767, -0.28101, -0.22953
381, 17, 10.537, 30.862, 4.877, -546.02, -61.95, 1059.51, 56.04, -9.81, -221.18, -0.94383, 0.01594, -0.26851, -0.19194
381, 15, 8.193, 30.676, 4.275, -697.08, -91.67, 973.39, 99.82, -49.10, -83.02, -0.94790, 0.01511, -0.26634, -0.17414
381, 16, 9.854, 29.641, 8.797, -848.75, 28.20, 809.88, 162.39, -139.24, 9.47, -0.94744, -0.02030, -0.26482, -0.17836
381, 16, 14.330, 26.339, 16.595, -652.95, 225.77, 663.51, 175.99, -185.38, 96.03, -0.94261, -0.08151, -0.25284, -0.20226
381, 15, 19.256, 21.593, 25.623, -778.69, 490.84, 639.40, 168.91, -233.45, 163.35, -0.93008, -0.15686, -0.23708, -0.23267
381, 15, 21.731, 13.423, 34.457, -373.78, 693.30, 586.24, 150.77, -250.00, 154.74, -0.91391, -0.24607, -0.19605, -0.25647
381, 16, 22.128, 2.530, 41.384, 0.79, 1019.23, 737.18, 116.20, -247.11, 166.30, -0.89208, -0.32967, -0.12860, -0.28104
381, 15, 23.823, -9.316, 43.988, 541.38, 1254.82, 1157.71, 55.08, -172.46, 231.74, -0.86499, -0.37762, -0.04909, -0.32679
381, 16, 26.558, -15.100, 43.966, 427.31, 1185.49, 1128.36, -2.33, -39.16, 178.73, -0.84586, -0.39034, -0.01365, -0.36327
