1, 8, 37.613, -30.435, 18.201, 563.66, 348.75, 916.08, -22.37, 12.78, -19.63, -323, 423, 228
1, 24, 35.621, -30.046, 17.732, 537.66, 286.80, 885.93, -23.01, 11.00, -11.04, -291, 430, 218
1, 13, 35.745, -29.530, 16.100, 517.58, 234.50, 905.21, -21.81, 9.67, -5.29, -291, 430, 218
1, 14, 36.088, -28.934, 14.366, 501.65, 188.05, 950.87, -15.94, 5.57, -0.24, -291, 430, 218
1, 12, 36.348, -28.392, 13.041, 498.47, 181.15, 976.14, -5.71, 1.85, 5.94, -291, 430, 218
1, 13, 36.402, -28.420, 12.038, 522.52, 176.94, 985.84, 0.82, -1.62, 7.33, -291, 430, 218
1, 13, 35.765, -28.856, 13.039, 545.41, 241.58, 972.23, 8.65, -4.80, 8.89, -291, 430, 218
1, 13, 35.240, -29.491, 14.150, 563.05, 264.65, 942.57, 11.03, -5.58, 8.20, -291, 430, 218
1, 12, 34.752, -30.250, 15.241, 574.34, 277.16, 911.07, 10.78, -8.06, 4.97, -291, 430, 218
1, 13, 34.400, -31.134, 16.211, 598.57, 284.12, 889.89, 12.12, -7.90, 2.82, -291, 430, 218
1, 13, 34.204, -32.025, 17.448, 659.79, 333.50, 887.39, 11.46, -5.58, -1.73, -298, 426, 239
1, 14, 34.090, -32.525, 18.340, 670.10, 341.00, 892.40, 6.34, 0.54, -7.10, -298, 426, 239
1, 12, 34.222, -32.661, 18.776, 648.44, 324.28, 891.72, 3.02, 4.19, -10.31, -298, 426, 239
1, 14, 34.316, -32.239, 19.132, 608.64, 319.03, 882.93, 0.92, 5.47, -16.02, -298, 426, 239
1, 12, 34.133, -31.873, 19.683, 605.35, 330.51, 884.95, 0.83, 4.39, -21.28, -298, 426, 239
1, 13, 34.007, -31.895, 20.079, 619.14, 331.42, 879.64, 1.25, 4.00, -21.06, -298, 426, 239
1, 13, 33.884, -32.130, 20.509, 640.01, 337.83, 864.93, 1.95, 7.51, -20.32, -298, 426, 239
1, 13, 33.683, -32.104, 21.124, 649.05, 365.78, 879.46, 0.27, 11.43, -21.35, -298, 426, 239
1, 13, 33.741, -31.509, 21.451, 624.82, 372.68, 898.07, -4.07, 17.83, -19.36, -298, 426, 239
1, 12, 33.972, -30.722, 21.279, 605.35, 361.51, 912.11, -6.65, 21.78, -16.20, -289, 424, 233
1, 15, 34.379, -29.202, 20.417, 540.59, 333.37, 928.10, -8.90, 22.72, -13.28, -289, 424, 233
1, 12, 34.729, -28.137, 19.471, 515.93, 314.21, 915.71, -8.61, 19.47, -6.81, -289, 424, 233
1, 13, 35.182, -28.201, 18.290, 518.25, 270.63, 890.20, -7.80, 16.65, -0.36, -289, 424, 233
1, 14, 35.864, -28.710, 17.016, 540.04, 237.85, 892.27, -5.71, 13.63, 9.69, -289, 424, 233
1, 12, 36.502, -29.109, 16.046, 552.98, 244.81, 924.01, -1.47, 14.18, 15.21, -289, 424, 233
1, 13, 36.780, -29.178, 16.006, 576.72, 280.94, 980.65, 5.48, 17.07, 19.03, -289, 424, 233
1, 13, 36.632, -28.498, 16.670, 554.75, 306.76, 997.25, 9.70, 19.04, 14.49, -289, 424, 233
1, 13, 36.355, -27.444, 17.647, 489.38, 335.69, 964.42, 8.75, 17.12, 14.72, -289, 424, 233
1, 12, 35.896, -26.990, 18.798, 481.87, 360.05, 929.50, 4.40, 10.75, 14.37, -289, 424, 233
1, 14, 35.247, -27.665, 19.755, 541.81, 369.26, 906.62, -0.76, 6.77, 9.88, -307, 435, 213
1, 13, 34.937, -28.775, 19.774, 627.08, 345.09, 930.60, -8.10, 6.98, 2.33, -307, 435, 213
1, 13, 34.773, -29.661, 19.548, 652.53, 328.86, 927.49, -9.57, 15.03, -3.30, -307, 435, 213
1, 12, 34.820, -29.767, 18.829, 602.48, 304.81, 949.04, -7.84, 20.13, -8.26, -307, 435, 213
1, 14, 34.692, -28.603, 18.307, 541.99, 305.60, 952.51, -5.18, 22.45, -10.25, -307, 435, 213
1, 12, 34.139, -27.634, 18.574, 523.56, 321.47, 947.75, -4.58, 23.22, -11.20, -307, 435, 213
1, 13, 33.360, -26.691, 19.164, 509.28, 348.82, 954.77, -8.67, 21.80, -15.73, -307, 435, 213
1, 14, 32.699, -26.463, 19.379, 528.14, 345.28, 946.84, -12.79, 20.87, -20.40, -307, 435, 213
1, 12, 32.231, -26.890, 19.010, 594.60, 319.89, 943.60, -17.72, 21.98, -27.07, -307, 435, 213
1, 13, 31.676, -27.378, 18.531, 610.66, 298.89, 927.12, -18.15, 28.82, -27.24, -300, 453, 216
1, 14, 31.393, -27.591, 18.289, 599.30, 307.98, 907.23, -16.55, 36.00, -19.80, -300, 453, 216
1, 13, 31.192, -27.298, 18.433, 588.93, 344.60, 927.37, -15.73, 45.81, -13.48, -300, 453, 216
1, 13, 30.926, -25.582, 18.698, 503.66, 369.57, 967.53, -23.12, 50.23, -11.20, -300, 453, 216
1, 12, 32.217, -22.025, 14.941, 159.79, 17.33, 1270.26, -29.18, 35.85, -2.62, -300, 453, 216
1, 14, 31.204, -20.743, 16.350, 329.65, 342.22, 955.57, -0.38, 16.89, -7.29, -300, 453, 216
1, 12, 30.537, -19.380, 17.543, 272.22, 409.73, 949.58, -15.79, 11.85, 6.11, -300, 453, 216
1, 13, 30.196, -19.899, 17.538, 351.32, 360.84, 954.65, -40.94, -15.14, 21.84, -300, 453, 216
1, 14, 30.712, -20.064, 17.589, 325.38, 389.71, 936.28, -39.60, -8.51, 54.04, -300, 453, 216
1, 12, 31.106, -22.336, 17.095, 503.17, 402.40, 951.11, -53.98, -24.09, 51.09, -300, 453, 216
1, 13, 31.723, -25.080, 15.696, 580.63, 363.16, 979.06, -67.83, -25.09, 56.77, -287, 462, 221
1, 14, 32.672, -25.448, 14.988, 383.48, 367.37, 887.33, -68.12, -17.04, 83.35, -287, 462, 221
1, 13, 34.428, -27.851, 12.179, 503.60, 229.55, 880.74, -80.82, -28.21, 92.67, -287, 462, 221
1, 13, 35.636, -28.549, 9.638, 444.52, 199.71, 906.49, -85.43, -37.52, 91.03, -287, 462, 221
1, 13, 37.389, -31.361, 7.569, 556.95, 205.87, 804.81, -81.16, -41.22, 108.41, -287, 462, 221
1, 13, 40.291, -33.619, 3.610, 678.71, 72.88, 992.55, -74.69, -33.52, 113.37, -287, 462, 221
1, 12, 43.484, -34.288, -0.990, 580.44, -49.56, 956.67, -64.11, -28.03, 107.17, -287, 462, 221
1, 13, 46.046, -33.900, -4.543, 538.21, -103.70, 1005.31, -51.66, -23.25, 102.49, -287, 462, 221
1, 14, 47.493, -33.553, -6.926, 570.13, -170.23, 1104.80, -34.03, -26.44, 76.51, -287, 462, 221
1, 12, 47.746, -34.543, -8.509, 569.70, -189.51, 962.04, -21.28, -22.13, 68.66, -257, 456, 189
1, 14, 47.623, -35.203, -7.985, 553.96, -98.51, 908.87, -5.81, -16.00, 76.79, -257, 456, 189
1, 14, 47.615, -35.526, -6.516, 562.01, 32.47, 954.22, -1.78, -13.40, 93.46, -257, 456, 189
1, 12, 49.310, -34.792, -8.075, 392.46, -152.47, 799.80, -1.02, -20.04, 98.59, -257, 456, 189
1, 13, 49.517, -35.181, -6.745, 484.74, -5.13, 932.25, 6.89, -33.49, 96.95, -257, 456, 189
1, 13, 50.230, -36.196, -7.318, 597.53, -159.61, 969.12, 13.27, -32.55, 91.61, -257, 456, 189
1, 13, 51.349, -36.290, -7.682, 610.29, -195.92, 1065.00, 33.21, -29.17, 93.22, -257, 456, 189
1, 12, 53.652, -36.004, -8.991, 547.18, -292.30, 1056.88, 47.48, -28.26, 103.53, -257, 456, 189
1, 13, 56.562, -35.821, -10.817, 452.70, -439.15, 959.72, 75.09, -33.17, 93.34, -257, 456, 189
1, 14, 59.883, -37.251, -11.691, 555.97, -388.61, 863.95, 113.74, -42.17, 102.42, -271, 470, 210
1, 13, 61.986, -39.699, -9.812, 652.22, -209.17, 838.62, 137.46, -43.56, 117.45, -271, 470, 210
1, 13, 62.621, -41.710, -4.840, 801.03, 118.65, 1010.86, 144.65, -38.22, 126.08, -271, 470, 210
1, 14, 61.809, -42.353, 0.052, 690.49, 134.03, 1036.93, 124.03, -24.86, 77.46, -271, 470, 210
1, 13, 61.626, -42.443, 1.533, 642.03, -162.78, 1051.39, 113.75, -26.83, 11.12, -271, 470, 210
1, 12, 61.073, -43.750, 2.563, 782.65, -422.79, 975.65, 139.87, -17.36, -56.47, -271, 470, 210
1, 14, 59.390, -45.307, 5.314, 890.50, -378.97, 902.16, 169.17, -4.44, -90.48, -271, 470, 210
1, 13, 55.261, -45.380, 11.359, 905.03, -110.47, 944.89, 199.20, 24.70, -129.27, -271, 470, 210
1, 12, 49.931, -43.845, 18.614, 811.52, 53.28, 867.68, 208.27, 53.04, -161.08, -271, 470, 210
1, 14, 44.278, -39.499, 26.733, 644.35, 295.78, 918.21, 198.94, 66.83, -165.54, -271, 470, 210
1, 13, 40.491, -33.470, 32.309, 568.30, 374.69, 1024.66, 175.40, 81.01, -172.94, -365, 472, 225
1, 13, 37.245, -27.871, 36.206, 538.27, 491.52, 994.45, 146.16, 92.46, -178.70, -365, 472, 225
1, 13, 34.215, -21.880, 39.163, 497.62, 684.57, 1103.39, 116.17, 98.76, -184.29, -365, 472, 225
1, 14, 31.998, -14.937, 39.901, 178.65, 631.16, 1010.74, 58.68, 101.24, -174.33, -365, 472, 225
1, 13, 29.513, -8.071, 40.072, 34.18, 717.16, 1021.55, 26.88, 84.89, -177.69, -365, 472, 225
1, 12, 26.540, -3.875, 40.398, 157.29, 971.56, 1053.65, -25.60, 49.51, -181.69, -365, 472, 225
1, 14, 24.670, -0.267, 39.752, -34.97, 1036.50, 909.85, -95.05, 29.62, -133.55, -365, 472, 225
1, 12, 23.482, 4.374, 36.905, -317.63, 592.22, 669.86, -129.75, 2.41, -91.45, -365, 472, 225
1, 13, 22.611, 7.410, 34.974, -369.69, 487.92, 439.88, -138.68, -65.15, -40.89, -365, 472, 225
1, 14, 21.764, 4.495, 33.445, -83.80, 628.05, 556.03, -149.35, -120.35, 1.72, -340, 493, 228
1, 13, 21.559, -4.054, 29.567, 464.84, 595.21, 739.87, -189.42, -162.72, 55.85, -340, 493, 228
1, 13, 22.312, -13.162, 23.190, 870.54, 355.47, 892.70, -217.56, -142.36, 65.57, -340, 493, 228
1, 13, 23.196, -20.804, 17.570, 969.42, 315.12, 833.50, -205.91, -109.38, 42.08, -340, 493, 228
1, 13, 25.168, -26.670, 11.793, 1115.66, 73.06, 880.49, -154.01, -56.02, 36.69, -340, 493, 228
1, 13, 27.946, -30.949, 5.882, 1205.08, -196.78, 935.61, -104.48, -24.70, 29.79, -340, 493, 228
1, 12, 28.644, -31.130, 6.172, 734.68, 283.14, 1008.85, -33.02, 18.49, 27.81, -340, 493, 228
1, 14, 29.362, -27.708, 5.191, 293.27, 111.33, 972.41, -28.15, 25.29, 3.70, -340, 493, 228
1, 13, 29.844, -25.012, 2.937, 238.28, -67.20, 997.80, -28.08, 5.16, -19.39, -340, 493, 228
1, 12, 29.488, -22.834, 2.755, 212.77, 46.20, 993.59, -11.10, -10.88, -15.82, -340, 493, 228
1, 14, 29.233, -21.860, 1.513, 243.77, -40.59, 893.43, -9.90, -23.66, -7.99, -294, 469, 204
1, 13, 30.523, -25.503, -0.977, 898.44, -436.16, 1053.10, 25.64, -31.04, 14.77, -294, 469, 204
1, 13, 31.416, -28.608, -0.561, 1122.31, -335.57, 1106.75, 97.53, 4.11, 9.22, -294, 469, 204
1, 13, 31.235, -30.517, 1.787, 1081.24, -183.59, 1086.49, 129.86, 34.94, -23.27, -294, 469, 204
1, 13, 29.627, -30.357, 5.965, 1005.74, -45.47, 1169.80, 157.32, 80.78, -75.24, -294, 469, 204
1, 13, 28.030, -29.075, 10.748, 1065.25, 54.57, 1117.92, 177.20, 134.87, -92.72, -294, 469, 204
1, 12, 26.335, -26.796, 17.214, 940.12, 345.58, 893.80, 184.12, 179.12, -92.34, -294, 469, 204
1, 14, 25.952, -21.568, 24.259, 488.40, 535.95, 727.91, 173.30, 222.47, -60.36, -294, 469, 204
1, 13, 26.963, -12.274, 30.276, -84.66, 620.12, 722.66, 159.99, 224.67, -41.34, -294, 469, 204
1, 12, 27.463, -1.197, 35.246, -644.17, 718.08, 801.76, 132.66, 172.89, -66.51, -347, 532, 221
1, 15, 26.651, 4.634, 37.930, -563.72, 889.22, 943.05, 63.22, 56.78, -60.07, -347, 532, 221
1, 13, 25.598, 4.284, 38.607, -16.17, 797.91, 996.34, 23.15, 8.21, -35.69, -347, 532, 221
1, 12, 24.874, 0.184, 36.988, 582.52, 500.61, 1001.16, 0.92, 3.04, -26.25, -347, 532, 221
1, 13, 24.771, -2.097, 35.817, 377.38, 529.79, 974.85, 6.59, 27.45, -19.36, -347, 532, 221
1, 13, 24.690, -1.976, 34.414, 102.78, 495.30, 929.99, 11.73, 30.19, -20.87, -347, 532, 221
1, 12, 24.218, -1.756, 32.963, 71.96, 491.03, 963.44, 9.38, 13.15, -28.46, -347, 532, 221
1, 14, 23.753, -2.837, 32.250, 147.16, 563.78, 991.33, 3.23, -0.10, -22.36, -347, 532, 221
1, 12, 23.631, -3.938, 31.417, 135.56, 559.63, 984.80, -4.39, -4.17, -8.04, -347, 532, 221
1, 13, 23.794, -5.724, 29.689, 244.32, 427.19, 1011.84, -5.51, -6.01, 1.74, -347, 532, 221
1, 12, 24.321, -7.338, 28.264, 231.26, 442.81, 1012.63, 0.29, -3.39, 9.72, -367, 534, 213
1, 15, 24.664, -8.758, 27.836, 221.31, 516.60, 1004.09, -3.91, -9.57, 12.49, -367, 534, 213
1, 12, 24.696, -10.823, 27.645, 323.85, 555.42, 1011.60, -16.17, -19.77, 9.16, -367, 534, 213
1, 13, 24.852, -12.478, 27.055, 342.41, 495.97, 1005.80, -10.27, -7.45, 2.12, -367, 534, 213
1, 13, 25.157, -13.359, 25.451, 322.63, 373.11, 1018.92, -2.72, -1.21, -6.67, -367, 534, 213
1, 13, 25.054, -12.536, 24.436, 223.57, 384.64, 1015.93, 9.74, 3.56, -24.48, -367, 534, 213
1, 12, 24.597, -10.948, 24.747, 162.72, 447.75, 1008.18, 15.08, 1.73, -28.32, -367, 534, 213
1, 14, 24.260, -10.536, 25.807, 195.56, 506.53, 996.03, 13.02, -4.82, -16.23, -367, 534, 213
1, 13, 24.191, -10.898, 26.501, 229.80, 519.04, 1004.09, 7.84, -7.32, -7.51, -367, 534, 213
1, 12, 24.608, -10.976, 27.137, 205.99, 535.16, 983.58, 1.11, -8.94, 7.58, -353, 513, 223
1, 13, 24.920, -9.293, 28.027, -65.49, 609.80, 935.49, -3.95, -26.15, 25.95, -353, 513, 223
1, 14, 24.837, -10.741, 27.574, 186.34, 547.79, 1008.61, -27.52, -62.14, 17.94, -353, 513, 223
1, 13, 24.989, -12.039, 24.881, 216.00, 394.65, 1222.11, -29.14, -65.36, 12.42, -353, 513, 223
1, 12, 25.804, -12.576, 22.291, 105.04, 264.59, 1220.95, -8.42, -67.25, 35.30, -353, 513, 223
1, 14, 26.914, -13.499, 19.363, 114.14, 86.30, 1200.20, 9.63, -74.33, 42.94, -353, 513, 223
1, 12, 27.998, -14.529, 17.297, 94.48, 27.65, 1174.62, 43.40, -89.49, 46.16, -353, 513, 223
1, 13, 28.121, -14.989, 19.131, 55.66, 370.91, 1065.86, 62.00, -102.03, 47.16, -353, 513, 223
1, 14, 27.308, -18.335, 22.972, 315.86, 528.20, 914.61, 68.61, -116.96, 37.84, -353, 513, 223
2, 8, 33.310, -23.943, 19.784, 465.58, 375.73, 981.38, -14.59, 1.14, 7.59, -340, 447, 211
2, 23, 32.809, -26.035, 19.331, 562.01, 361.63, 971.56, -20.12, -4.30, -3.30, -340, 447, 211
2, 13, 32.970, -27.140, 18.506, 592.22, 306.64, 950.81, -19.78, -0.21, -3.64, -340, 447, 211
2, 13, 33.124, -28.182, 18.170, 607.91, 298.34, 891.54, -11.63, 8.89, -3.18, -340, 447, 211
2, 12, 32.851, -28.724, 18.797, 594.97, 352.23, 891.36, -7.02, 12.85, -5.37, -326, 447, 218
2, 14, 32.404, -28.245, 19.893, 562.38, 408.51, 931.27, -5.41, 18.11, -8.60, -326, 447, 218
2, 13, 32.360, -26.772, 20.444, 484.86, 409.85, 961.36, -9.70, 19.82, -0.34, -326, 447, 218
2, 13, 32.814, -24.894, 19.616, 381.77, 329.90, 981.32, -10.99, 14.48, 3.05, -326, 447, 218
2, 12, 33.148, -23.805, 18.428, 380.80, 279.17, 955.51, -9.54, 1.24, 2.69, -326, 447, 218
2, 14, 33.375, -24.041, 16.997, 431.09, 246.83, 947.45, -9.01, -6.67, 0.63, -326, 447, 218
2, 12, 33.133, -25.456, 16.706, 538.39, 269.35, 949.65, -5.86, -10.56, -4.59, -326, 447, 218
2, 13, 32.825, -26.753, 16.712, 586.36, 281.37, 961.18, -1.91, -7.32, -10.77, -326, 447, 218
2, 13, 32.334, -27.510, 17.364, 591.25, 318.24, 958.98, 3.72, 0.47, -17.00, -326, 447, 218
2, 13, 31.949, -27.521, 18.410, 563.17, 350.95, 959.23, 8.87, 8.54, -14.30, -326, 447, 218
2, 12, 31.449, -26.093, 20.094, 465.52, 427.12, 964.60, 9.92, 10.67, -10.95, -321, 442, 223
2, 15, 31.041, -24.710, 21.488, 402.89, 455.38, 938.90, 3.18, 5.27, -5.94, -321, 442, 223
2, 12, 30.748, -24.042, 22.438, 424.26, 436.65, 920.90, -4.42, -1.47, -4.29, -321, 442, 223
2, 13, 30.863, -24.700, 22.320, 488.83, 398.50, 924.32, -14.01, -6.87, -0.63, -321, 442, 223
2, 12, 31.303, -25.851, 21.535, 553.89, 369.20, 938.29, -18.50, -4.98, 3.85, -321, 442, 223
2, 14, 31.910, -27.271, 20.447, 643.25, 329.35, 947.27, -18.49, 1.66, 3.81, -321, 442, 223
2, 13, 32.556, -28.037, 19.511, 634.16, 328.80, 959.84, -15.55, 15.17, 1.24, -321, 442, 223
2, 12, 33.245, -28.225, 18.586, 591.61, 312.38, 950.81, -13.16, 22.81, 0.31, -321, 442, 223
2, 14, 33.451, -27.411, 18.582, 540.34, 338.62, 953.00, -10.22, 29.51, -3.08, -321, 442, 223
2, 12, 32.821, -26.159, 19.512, 506.47, 393.25, 959.35, -11.41, 32.20, -9.11, -317, 456, 227
2, 14, 31.823, -25.304, 20.853, 509.83, 485.29, 929.69, -20.81, 32.07, -17.02, -317, 456, 227
2, 14, 30.967, -25.158, 21.604, 580.20, 496.58, 901.98, -36.67, 36.88, -21.24, -317, 456, 227
2, 12, 30.392, -24.872, 21.879, 573.61, 485.23, 902.89, -44.94, 42.77, -20.74, -317, 456, 227
2, 13, 32.335, -20.298, 16.224, -21.97, -104.06, 1304.44, -57.30, 44.50, -2.46, -317, 456, 227
2, 12, 32.762, -20.776, 14.083, 431.52, 155.64, 1002.44, -20.32, 15.45, 5.01, -317, 456, 227
2, 14, 32.446, -18.896, 14.255, 247.99, 293.76, 973.63, -21.53, 18.56, 9.74, -317, 456, 227
2, 13, 32.085, -18.037, 14.324, 255.80, 299.93, 977.05, -30.98, -6.29, 18.65, -317, 456, 227
2, 12, 32.631, -19.059, 12.589, 379.15, 203.98, 1020.81, -29.75, 0.18, 33.45, -317, 456, 227
2, 14, 31.692, -20.007, 13.393, 359.62, 329.71, 980.59, -34.36, -15.43, 26.51, -277, 451, 211
2, 13, 31.787, -21.262, 13.806, 394.23, 369.63, 944.58, -44.60, -15.11, 59.91, -277, 451, 211
2, 13, 32.212, -23.297, 13.417, 495.91, 326.90, 962.40, -48.27, -16.08, 62.59, -277, 451, 211
2, 14, 32.861, -24.900, 13.122, 493.71, 364.56, 968.08, -56.13, -17.58, 77.24, -277, 451, 211
2, 12, 33.399, -25.995, 12.807, 440.25, 339.60, 899.54, -61.77, -18.86, 76.38, -277, 451, 211
2, 13, 34.648, -27.856, 10.750, 516.05, 217.90, 950.81, -63.52, -21.13, 82.35, -277, 451, 211
2, 14, 35.740, -28.792, 9.464, 485.96, 214.66, 933.41, -57.59, -19.42, 90.68, -277, 451, 211
2, 12, 37.090, -29.141, 8.246, 438.42, 217.47, 917.66, -59.53, -23.57, 103.86, -277, 451, 211
2, 13, 38.982, -29.772, 5.633, 437.93, 114.01, 869.63, -60.27, -29.10, 120.85, -277, 451, 211
2, 12, 41.387, -29.938, 2.723, 503.97, 77.94, 1101.01, -58.65, -32.40, 129.90, -277, 451, 211
2, 14, 43.117, -31.370, -0.336, 516.11, -9.34, 988.53, -54.69, -31.94, 122.34, -259, 465, 201
2, 13, 45.445, -31.964, -4.349, 412.41, -165.47, 836.73, -47.00, -30.24, 100.04, -259, 465, 201
2, 13, 46.961, -32.098, -6.771, 417.54, -143.74, 907.90, -37.77, -37.41, 103.62, -259, 465, 201
2, 14, 48.573, -35.083, -7.469, 688.35, -57.68, 922.79, -19.97, -49.66, 123.46, -259, 465, 201
2, 12, 51.726, -37.189, -8.580, 667.11, -57.07, 911.13, -2.20, -46.47, 174.17, -259, 465, 201
2, 13, 55.447, -38.067, -10.434, 674.38, -169.62, 1004.58, 17.04, -39.87, 189.22, -259, 465, 201
2, 14, 61.075, -38.239, -14.387, 575.01, -351.87, 913.27, 38.26, -42.48, 187.48, -259, 465, 201
2, 12, 64.202, -38.196, -14.883, 559.81, -269.90, 1012.15, 51.39, -49.38, 163.43, -259, 465, 201
2, 13, 67.451, -38.285, -16.578, 595.46, -548.40, 1122.25, 71.07, -47.04, 114.17, -259, 465, 201
2, 13, 70.507, -39.442, -17.681, 641.11, -780.15, 1034.73, 127.13, -46.68, 58.91, -273, 486, 215
2, 15, 72.905, -40.527, -17.352, 589.48, -771.67, 949.22, 176.19, -46.71, 32.67, -273, 486, 215
2, 12, 72.482, -43.506, -12.750, 840.45, -609.86, 948.36, 249.99, -42.02, -32.11, -273, 486, 215
2, 13, 67.540, -46.476, -3.657, 1077.94, -284.48, 984.74, 249.99, -3.39, -104.32, -273, 486, 215
2, 14, 58.992, -46.732, 9.895, 1063.35, 251.89, 985.47, 249.99, 41.76, -130.58, -273, 486, 215
2, 12, 51.083, -43.123, 22.233, 796.63, 317.81, 899.23, 249.99, 97.38, -164.58, -273, 486, 215
2, 13, 44.898, -37.103, 31.672, 622.13, 374.63, 938.84, 246.16, 112.92, -203.77, -273, 486, 215
2, 14, 39.649, -27.521, 38.928, 163.82, 502.81, 889.83, 212.01, 127.94, -237.89, -273, 486, 215
2, 13, 36.214, -18.242, 43.565, -49.74, 704.10, 941.35, 163.49, 119.61, -181.30, -273, 486, 215
2, 12, 33.397, -10.459, 46.146, -125.12, 807.62, 984.86, 117.21, 93.70, -149.37, -273, 486, 215
2, 14, 30.049, -6.664, 45.893, 229.92, 873.29, 1065.49, 43.52, 36.30, -152.69, -385, 506, 216
2, 14, 27.289, -4.126, 44.107, 217.47, 968.81, 1133.00, -22.87, 25.60, -145.58, -385, 506, 216
2, 12, 24.918, -0.262, 42.391, -26.43, 968.08, 1027.53, -65.42, 15.30, -136.57, -385, 506, 216
2, 13, 22.164, 3.789, 40.474, -305.73, 850.46, 760.50, -118.80, -36.51, -134.74, -385, 506, 216
2, 13, 19.937, 6.694, 40.016, -456.54, 1088.56, 550.35, -144.61, -70.80, -113.26, -385, 506, 216
2, 13, 18.354, 3.074, 36.462, -31.86, 633.54, 542.11, -211.66, -162.18, -25.45, -385, 506, 216
2, 13, 19.137, -5.959, 31.417, 352.84, 458.74, 536.62, -231.32, -171.63, 86.98, -385, 506, 216
2, 13, 22.057, -14.983, 24.230, 552.55, 374.45, 753.97, -248.12, -152.92, 151.04, -385, 506, 216
2, 13, 25.323, -23.515, 16.861, 894.90, 349.85, 827.33, -250.00, -132.60, 138.11, -385, 506, 216
2, 13, 28.442, -31.032, 8.302, 1000.12, 140.56, 833.44, -240.16, -103.17, 106.09, -293, 474, 199
2, 15, 31.539, -36.012, -0.151, 1107.48, -220.64, 879.03, -194.66, -73.27, 52.24, -293, 474, 199
2, 12, 34.851, -38.526, -6.197, 1185.49, -337.65, 1011.47, -98.05, -22.97, 49.85, -293, 474, 199
2, 13, 36.301, -39.623, -8.664, 1144.41, -206.67, 1099.00, -43.46, 7.59, 28.21, -293, 474, 199
2, 14, 35.592, -34.971, -7.852, 326.66, -78.43, 987.30, -4.88, 52.41, 1.90, -293, 474, 199
2, 12, 34.725, -31.265, -7.577, 202.88, -129.15, 966.61, -10.36, 13.22, -15.33, -293, 474, 199
2, 13, 33.064, -29.293, -6.151, 311.22, -41.38, 989.75, -9.25, -6.77, -21.10, -293, 474, 199
2, 12, 31.108, -28.824, -4.232, 431.27, -4.21, 998.60, -4.81, -21.34, -28.56, -293, 474, 199
2, 14, 31.499, -31.949, -5.611, 1278.81, -624.39, 1198.73, 43.95, -18.32, -33.16, -293, 474, 199
2, 12, 31.430, -33.275, -3.734, 1278.93, -580.14, 1103.94, 152.82, 58.17, -48.16, -278, 463, 203
2, 14, 29.827, -32.897, 1.172, 1120.48, -352.66, 1007.81, 223.67, 113.82, -93.70, -278, 463, 203
2, 14, 26.867, -31.967, 8.421, 1255.92, -90.27, 908.94, 249.99, 160.77, -135.67, -278, 463, 203
2, 13, 23.292, -26.444, 18.840, 593.38, 398.13, 702.88, 249.99, 227.81, -145.63, -278, 463, 203
2, 12, 22.046, -17.813, 29.200, 207.70, 612.55, 594.06, 249.99, 249.15, -119.35, -278, 463, 203
2, 14, 23.099, -9.741, 36.836, 59.08, 700.93, 622.31, 200.07, 231.24, -82.86, -278, 463, 203
2, 13, 24.280, -2.173, 42.682, -158.33, 814.21, 620.79, 147.42, 188.12, -79.76, -278, 463, 203
2, 12, 25.298, 6.653, 45.689, -793.95, 932.80, 863.46, 98.98, 147.94, -75.29, -278, 463, 203
2, 14, 24.715, 11.387, 45.657, -545.90, 769.96, 878.72, 30.83, 41.79, -53.18, -278, 463, 203
2, 12, 23.284, 12.333, 43.754, -219.85, 604.31, 846.98, 14.14, -1.69, -48.74, -278, 463, 203
2, 13, 21.427, 7.981, 42.682, 402.47, 821.96, 1021.91, 0.71, -38.33, -64.70, -369, 547, 204
2, 13, 20.758, 4.624, 40.631, 382.14, 634.40, 993.35, -21.26, -5.46, -44.07, -369, 547, 204
2, 14, 20.582, 1.853, 36.926, 308.47, 318.12, 943.66, -24.44, 3.89, -26.42, -369, 547, 204
2, 12, 20.924, 0.911, 34.620, 77.70, 458.62, 993.90, -5.25, 2.98, -7.13, -369, 547, 204
2, 12, 21.316, -0.516, 32.296, 129.76, 408.45, 1015.26, -5.55, -3.27, 0.56, -369, 547, 204
2, 14, 21.902, -2.661, 30.747, 229.98, 460.33, 1015.20, -5.00, -0.14, 7.83, -369, 547, 204
2, 12, 22.522, -4.024, 30.083, 161.25, 537.29, 1011.35, 1.61, 2.94, 8.67, -369, 547, 204
2, 13, 22.815, -4.985, 29.887, 128.78, 561.71, 973.57, -6.45, -6.74, 3.09, -369, 547, 204
2, 13, 22.969, -6.690, 29.617, 206.18, 580.44, 990.78, -16.02, -16.64, 7.04, -369, 547, 204
2, 13, 23.382, -8.353, 28.154, 234.86, 480.10, 1012.08, -13.31, -10.92, 7.51, -347, 529, 215
2, 13, 23.782, -9.171, 25.762, 221.92, 305.36, 1043.46, -6.04, -8.84, 0.75, -347, 529, 215
2, 13, 24.163, -9.380, 23.860, 182.43, 291.75, 1039.49, 6.31, -5.09, 0.24, -347, 529, 215
2, 13, 24.305, -9.569, 22.584, 187.32, 284.12, 1037.17, 23.24, -6.02, -6.82, -347, 529, 215
2, 13, 24.169, -4.237, 24.960, -732.67, 667.60, 901.92, 27.43, -14.66, 7.64, -347, 529, 215
2, 12, 23.691, -2.273, 24.037, -570.56, 405.03, 1116.82, -10.59, -101.36, 24.35, -347, 529, 215
2, 14, 23.202, -3.875, 21.194, -411.68, 158.45, 1321.23, -10.93, -186.17, 50.79, -347, 529, 215
3, 8, 31.126, -22.594, 24.402, 428.28, 546.51, 916.32, -20.05, 3.53, 5.46, -349, 446, 223
3, 23, 33.096, -23.238, 20.251, 449.28, 325.20, 951.29, -31.34, 3.43, 12.15, -349, 446, 223
3, 14, 34.043, -23.755, 17.864, 477.36, 244.51, 987.43, -28.12, 2.59, 10.57, -349, 446, 223
3, 12, 34.669, -23.879, 15.766, 492.19, 205.20, 1072.75, -15.45, 1.93, -0.84, -349, 446, 223
3, 13, 34.504, -23.700, 14.638, 464.23, 230.65, 1052.86, -0.91, 1.41, -10.30, -337, 451, 225
3, 14, 33.381, -23.754, 16.246, 455.14, 344.12, 958.62, 3.73, 1.11, -15.27, -337, 451, 225
3, 13, 32.179, -23.533, 18.417, 449.40, 453.67, 935.30, 1.68, 3.56, -15.98, -337, 451, 225
3, 12, 31.288, -23.121, 20.395, 428.77, 506.71, 922.00, -5.64, 4.20, -8.22, -337, 451, 225
3, 14, 30.974, -23.215, 21.415, 437.32, 436.89, 877.75, -12.92, 3.52, -0.19, -337, 451, 225
3, 12, 31.625, -23.427, 19.703, 486.02, 316.59, 1019.65, -17.68, 2.91, -4.54, -337, 451, 225
3, 13, 32.077, -23.441, 18.040, 486.76, 280.52, 1056.40, -12.63, 1.53, -10.72, -337, 451, 225
3, 14, 32.021, -24.084, 17.464, 517.15, 289.92, 1009.40, -3.91, 1.20, -17.40, -337, 451, 225
3, 12, 31.546, -24.332, 18.252, 504.15, 352.29, 980.04, 0.80, 3.07, -17.43, -337, 451, 225
3, 13, 31.020, -24.510, 19.834, 469.18, 399.29, 883.24, 3.64, 4.81, -5.05, -321, 453, 233
3, 13, 30.972, -24.898, 20.986, 492.00, 416.20, 878.23, 2.38, 7.03, 6.54, -321, 453, 233
3, 14, 31.180, -24.820, 21.860, 471.13, 419.68, 903.14, 1.17, 9.95, 11.31, -321, 453, 233
3, 12, 32.278, -23.740, 20.910, 421.20, 356.63, 969.73, -1.27, 12.48, 21.70, -321, 453, 233
3, 13, 33.202, -22.693, 19.649, 401.61, 325.20, 1038.88, -0.64, 11.30, 21.09, -321, 453, 233
3, 13, 33.697, -21.673, 18.846, 376.04, 320.31, 1040.77, 4.17, 6.18, 19.85, -321, 453, 233
3, 13, 33.894, -21.275, 18.647, 382.02, 325.87, 998.84, 9.97, 0.26, 30.69, -321, 453, 233
3, 12, 34.220, -22.567, 19.487, 428.28, 350.40, 887.02, 13.60, -2.58, 42.54, -321, 453, 233
3, 14, 34.814, -24.436, 20.660, 499.15, 399.48, 830.08, 16.03, -2.73, 57.90, -321, 453, 233
3, 13, 35.503, -26.383, 21.683, 581.42, 440.37, 857.30, 13.28, 1.59, 60.98, -321, 453, 233
3, 12, 36.097, -27.959, 22.191, 673.83, 478.39, 950.50, -1.17, 16.22, 49.37, -330, 447, 215
3, 14, 36.385, -28.249, 21.538, 646.42, 428.41, 1024.72, -22.96, 35.19, 22.74, -330, 447, 215
3, 13, 36.924, -26.957, 19.377, 533.57, 336.18, 1008.97, -33.50, 45.63, 13.18, -330, 447, 215
3, 13, 37.198, -25.699, 17.007, 486.08, 265.14, 976.68, -40.01, 49.94, 3.91, -330, 447, 215
3, 13, 36.435, -25.043, 16.220, 508.24, 300.60, 981.63, -42.19, 51.32, -6.49, -330, 447, 215
3, 13, 35.412, -24.419, 16.296, 528.32, 365.60, 955.69, -49.60, 55.91, -13.71, -330, 447, 215
3, 13, 35.793, -20.165, 13.083, 141.42, 131.84, 1498.54, -56.01, 56.25, -9.16, -330, 447, 215
3, 12, 34.086, -18.604, 14.322, 289.25, 385.38, 1118.77, -19.89, 12.00, -22.81, -330, 447, 215
3, 14, 32.191, -16.971, 15.979, 183.47, 511.41, 973.82, -46.38, 2.69, -25.22, -330, 447, 215
3, 13, 29.962, -16.249, 16.028, 244.38, 379.39, 1011.17, -65.93, -9.90, -25.65, -294, 472, 221
3, 13, 29.456, -16.874, 14.296, 282.53, 282.29, 964.05, -84.30, -15.27, 31.77, -294, 472, 221
3, 14, 29.405, -18.062, 14.522, 320.25, 508.61, 946.04, -88.56, -28.07, 55.71, -294, 472, 221
3, 13, 30.101, -19.552, 13.624, 346.80, 429.20, 944.40, -103.78, -30.85, 79.73, -294, 472, 221
3, 12, 31.144, -22.336, 12.237, 487.06, 443.60, 897.89, -122.80, -35.93, 97.04, -294, 472, 221
3, 13, 33.472, -25.327, 8.732, 568.12, 269.29, 970.03, -130.83, -30.45, 123.17, -294, 472, 221
3, 14, 36.829, -28.341, 3.560, 594.36, 66.83, 892.46, -125.77, -27.08, 135.41, -294, 472, 221
3, 12, 40.683, -29.226, -1.902, 560.36, -5.25, 1073.73, -110.13, -16.01, 162.90, -294, 472, 221
3, 13, 44.159, -27.099, -6.555, 198.79, -123.96, 874.51, -93.84, -10.32, 149.60, -294, 472, 221
3, 14, 47.619, -26.072, -11.304, 177.43, -242.07, 781.62, -77.06, -42.19, 150.57, -294, 472, 221
3, 12, 49.852, -27.066, -13.779, 333.31, -238.71, 926.33, -59.44, -60.45, 170.27, -259, 490, 198
3, 14, 52.043, -29.049, -13.995, 539.31, -76.48, 1117.13, -51.83, -62.71, 194.87, -259, 490, 198
3, 14, 56.492, -29.616, -17.663, 417.60, -328.67, 935.85, -47.61, -56.12, 247.17, -259, 490, 198
3, 12, 61.928, -28.273, -22.037, 215.76, -508.91, 895.94, -28.85, -62.95, 249.99, -259, 490, 198
3, 13, 67.363, -26.712, -25.815, 112.85, -720.95, 958.01, -1.34, -81.18, 249.99, -259, 490, 198
3, 14, 71.052, -28.981, -26.218, 506.84, -710.57, 1170.29, 41.47, -111.60, 223.96, -259, 490, 198
3, 13, 75.796, -32.181, -28.294, 585.39, -889.04, 938.72, 73.39, -115.43, 192.12, -259, 490, 198
3, 13, 78.041, -36.081, -25.950, 666.14, -657.53, 1021.61, 139.24, -110.89, 130.10, -259, 490, 198
3, 12, 79.388, -40.460, -23.377, 698.00, -761.60, 937.38, 196.60, -107.38, 30.62, -259, 490, 198
3, 14, 78.682, -43.305, -18.358, 650.09, -591.13, 1039.92, 221.23, -104.89, -37.57, -305, 483, 208
3, 14, 74.731, -46.124, -10.862, 752.38, -466.00, 1027.53, 249.99, -83.00, -121.68, -305, 483, 208
3, 13, 66.378, -49.759, 0.140, 1156.01, -377.38, 1039.67, 249.99, -51.06, -226.59, -305, 483, 208
3, 14, 56.059, -50.995, 13.398, 1286.38, -86.12, 988.59, 249.99, -9.52, -250.00, -305, 483, 208
3, 12, 45.422, -46.286, 28.199, 911.62, 388.55, 843.75, 249.99, 81.33, -250.00, -305, 483, 208
3, 13, 38.084, -39.521, 39.814, 669.80, 488.46, 668.76, 249.99, 114.91, -250.00, -305, 483, 208
3, 14, 33.019, -28.014, 49.082, 35.71, 821.90, 677.92, 225.97, 119.67, -250.00, -305, 483, 208
3, 12, 28.883, -17.461, 53.888, -75.93, 1217.65, 904.54, 123.65, 81.02, -250.00, -305, 483, 208
3, 13, 25.320, -9.191, 55.138, 49.80, 1255.13, 1005.74, 48.46, 49.88, -240.23, -305, 483, 208
3, 14, 22.523, -3.633, 51.827, 69.76, 1119.87, 1166.08, -52.19, 12.30, -191.99, -390, 501, 208
3, 13, 20.203, 0.075, 46.579, -7.20, 872.86, 1027.22, -134.00, -5.70, -169.17, -390, 501, 208
3, 13, 17.755, 3.851, 41.104, -142.64, 629.21, 776.12, -169.78, -29.36, -168.17, -390, 501, 208
3, 12, 15.584, 8.836, 38.521, -602.11, 682.86, 410.52, -189.19, -83.58, -127.17, -390, 501, 208
3, 14, 14.490, 8.466, 37.386, -354.06, 741.21, 215.45, -221.55, -172.45, -46.96, -390, 501, 208
3, 13, 14.772, -1.635, 33.449, 447.02, 609.62, 464.54, -240.75, -199.49, 48.52, -390, 501, 208
3, 12, 18.682, -13.263, 27.948, 894.65, 566.35, 581.42, -250.00, -152.43, 192.90, -390, 501, 208
3, 14, 24.395, -23.622, 18.852, 1205.57, 160.77, 750.98, -250.00, -114.43, 210.87, -390, 501, 208
3, 13, 31.786, -30.010, 6.473, 1284.91, -520.08, 940.06, -214.54, -54.60, 171.07, -390, 501, 208
3, 12, 37.768, -32.728, -2.847, 1194.34, -592.22, 1119.87, -125.63, -11.53, 117.01, -390, 501, 208
3, 14, 39.312, -32.494, -5.689, 745.06, -236.27, 1083.80, -18.47, 35.59, 35.72, -289, 456, 210
3, 14, 37.929, -28.105, -3.239, 230.41, 60.36, 979.49, 17.22, 69.79, 12.23, -289, 456, 210
3, 12, 36.320, -25.008, -0.137, 142.70, 247.50, 964.72, -5.33, 24.87, 23.06, -289, 456, 210
3, 13, 35.883, -24.687, 1.863, 376.16, 257.63, 995.30, -21.00, 1.88, 60.45, -289, 456, 210
3, 13, 39.920, -26.461, -3.773, 688.05, -661.99, 1151.06, -10.03, -18.37, 107.70, -289, 456, 210
3, 13, 43.445, -28.307, -7.294, 893.68, -753.17, 1163.02, 50.67, 3.99, 99.40, -289, 456, 210
3, 13, 45.426, -29.766, -6.780, 984.74, -807.56, 1039.25, 183.71, 45.29, 49.95, -289, 456, 210
3, 13, 45.031, -31.256, -2.923, 1046.20, -642.64, 987.12, 249.99, 69.83, -23.25, -289, 456, 210
3, 13, 40.747, -31.737, 3.903, 1200.50, -365.36, 959.41, 249.99, 131.12, -143.49, -289, 456, 210
3, 13, 34.135, -30.251, 13.492, 1213.75, -23.74, 691.71, 249.99, 208.48, -226.35, -337, 486, 211
3, 15, 27.327, -25.118, 26.838, 923.40, 833.86, 486.33, 249.99, 249.99, -245.48, -337, 486, 211
3, 12, 25.238, -10.610, 37.094, -876.95, 1369.08, 736.08, 225.24, 249.99, -198.50, -337, 486, 211
3, 13, 24.984, 1.770, 42.944, -1027.22, 1254.03, 566.59, 104.80, 193.13, -162.51, -337, 486, 211
3, 14, 24.469, 12.711, 44.782, -1426.21, 793.88, 677.55, 51.38, 103.52, -136.65, -337, 486, 211
3, 12, 22.817, 14.779, 44.185, -344.60, 671.75, 755.74, 17.48, -30.53, -76.11, -337, 486, 211
3, 13, 20.915, 9.923, 43.583, 391.66, 925.48, 1018.31, 3.23, -71.52, -65.32, -337, 486, 211
3, 13, 20.346, 8.676, 41.758, -76.60, 771.30, 1007.81, -20.09, -26.86, -44.37, -337, 486, 211
3, 13, 19.681, 6.462, 38.192, -15.93, 503.11, 957.03, -45.47, -57.11, -16.59, -337, 486, 211
3, 13, 18.938, 0.494, 34.603, 479.92, 327.27, 947.27, -32.25, -64.00, -19.07, -376, 532, 201
3, 13, 19.425, -3.871, 32.893, 549.07, 416.81, 1033.08, 0.65, -20.18, -5.32, -376, 532, 201
3, 14, 20.528, -6.295, 31.580, 377.99, 443.54, 1019.71, 10.52, 7.83, 3.56, -376, 532, 201
3, 12, 22.390, -5.278, 32.261, 66.28, 669.86, 980.10, 5.66, 33.53, 34.32, -376, 532, 201
3, 12, 23.173, -4.487, 32.163, -12.08, 648.74, 972.53, -16.79, -12.34, 26.66, -376, 532, 201
3, 14, 23.774, -6.399, 30.781, 170.78, 561.40, 992.86, -26.24, -24.82, 25.38, -376, 532, 201
3, 12, 24.723, -8.353, 28.927, 282.41, 465.27, 1036.80, -17.99, -2.40, 29.21, -376, 532, 201
3, 13, 25.433, -7.196, 26.730, 29.11, 324.58, 1021.36, -1.40, 3.91, 15.13, -376, 532, 201
3, 12, 25.562, -5.877, 26.211, -55.91, 432.80, 963.50, 0.13, -24.96, 18.04, -376, 532, 201
3, 14, 25.872, -5.896, 26.979, 26.00, 543.15, 944.76, -2.78, -31.60, 38.08, -376, 532, 201
3, 12, 26.577, -7.018, 23.663, 58.35, 204.65, 1302.92, -1.85, -52.47, 42.18, -369, 532, 228
3, 14, 27.141, -6.932, 21.786, -161.99, 179.26, 1384.89, 32.88, -73.41, 47.67, -369, 532, 228
4, 8, 32.351, -21.910, 17.392, 453.37, 270.75, 1021.06, -2.19, 7.42, -7.14, -339, 456, 223
4, 23, 31.743, -20.038, 17.867, 389.04, 326.90, 1035.77, 5.12, 7.81, -8.60, -339, 456, 223
4, 14, 31.499, -19.634, 17.902, 375.00, 317.93, 1010.31, 5.64, 5.84, -7.35, -339, 456, 223
4, 12, 31.347, -19.490, 17.820, 375.49, 313.78, 1013.18, 7.06, 3.07, -6.08, -339, 456, 223
4, 13, 31.114, -19.415, 18.132, 376.65, 328.37, 1015.32, 7.67, 1.08, -5.68, -353, 470, 227
4, 13, 30.923, -19.830, 18.455, 401.49, 337.04, 1014.89, 7.56, -1.10, -6.10, -353, 470, 227
4, 14, 30.794, -20.387, 18.799, 418.76, 343.26, 1003.78, 7.06, -1.48, -5.64, -353, 470, 227
4, 12, 30.707, -21.188, 19.267, 458.31, 360.11, 993.29, 6.49, -0.07, -4.17, -353, 470, 227
4, 13, 30.838, -21.790, 19.589, 462.34, 362.30, 989.93, 5.88, 4.41, -0.14, -353, 470, 227
4, 13, 31.034, -21.510, 20.043, 416.81, 374.15, 990.30, 5.77, 6.35, 3.56, -353, 470, 227
4, 13, 31.321, -20.898, 20.242, 386.11, 367.80, 982.30, 4.63, 4.71, 8.00, -353, 470, 227
4, 12, 31.605, -21.169, 20.100, 411.32, 355.04, 979.06, 2.72, 2.91, 8.08, -353, 470, 227
4, 14, 32.036, -21.269, 19.098, 423.77, 329.22, 1026.43, -1.61, 3.54, 5.10, -353, 470, 227
4, 12, 32.433, -21.047, 18.023, 406.80, 307.01, 1030.64, -1.25, 4.16, 5.99, -353, 470, 227
4, 13, 32.349, -20.464, 17.870, 376.46, 316.59, 997.31, 0.73, 2.51, 4.40, -354, 469, 221
4, 13, 32.047, -20.635, 18.367, 401.06, 345.40, 1003.36, 1.45, -0.10, 2.59, -354, 469, 221
4, 14, 31.941, -21.052, 18.587, 420.47, 344.42, 1007.32, 1.04, -0.12, 4.12, -354, 469, 221
4, 12, 31.901, -21.405, 18.680, 419.31, 337.83, 989.93, -0.07, 0.37, 3.52, -354, 469, 221
4, 13, 31.830, -21.801, 18.788, 432.07, 342.90, 986.82, -2.76, 0.85, 1.53, -354, 469, 221
4, 13, 31.908, -22.477, 18.347, 476.07, 323.36, 1009.52, -5.42, 3.19, -2.45, -354, 469, 221
4, 13, 31.741, -22.974, 18.050, 502.38, 324.52, 1018.62, -7.62, 9.41, -14.09, -354, 469, 221
4, 12, 31.390, -22.681, 18.156, 461.18, 337.52, 1004.64, -8.43, 13.92, -19.84, -354, 469, 221
4, 14, 30.565, -22.002, 19.413, 431.88, 424.50, 962.10, -10.53, 16.90, -22.71, -354, 469, 221
4, 13, 29.443, -21.736, 20.993, 461.49, 489.93, 932.13, -16.31, 18.05, -24.48, -340, 472, 221
4, 13, 28.656, -21.979, 21.902, 531.31, 514.65, 907.53, -32.10, 24.75, -24.43, -340, 472, 221
4, 13, 29.897, -18.696, 17.923, 105.41, 42.48, 1277.83, -28.27, 25.44, -12.33, -340, 472, 221
4, 14, 29.400, -17.253, 16.918, 275.27, 251.40, 1002.14, -6.71, 7.55, -32.82, -340, 472, 221
4, 12, 28.545, -15.075, 17.762, 121.09, 387.27, 997.50, -7.85, -4.16, -22.38, -340, 472, 221
4, 13, 28.181, -15.440, 18.356, 301.03, 405.21, 1032.04, -19.63, -15.10, -0.75, -340, 472, 221
4, 13, 28.546, -17.359, 17.150, 421.14, 305.18, 1028.75, -29.14, -18.65, 11.16, -340, 472, 221
4, 13, 28.675, -17.694, 17.862, 299.01, 446.72, 935.06, -37.28, -17.40, 27.40, -340, 472, 221
4, 13, 29.229, -18.743, 17.872, 342.71, 406.98, 939.33, -43.59, -24.03, 41.73, -340, 472, 221
4, 13, 30.422, -20.045, 17.583, 364.93, 448.55, 940.67, -58.27, -26.01, 75.60, -340, 472, 221
4, 13, 32.594, -22.322, 15.150, 382.32, 290.04, 914.67, -64.93, -30.56, 99.57, -317, 470, 233
4, 14, 35.933, -25.175, 11.278, 555.18, 154.05, 977.72, -63.33, -20.20, 128.65, -317, 470, 233
4, 13, 38.662, -25.729, 7.970, 458.07, 153.20, 1061.04, -48.25, -15.11, 125.42, -317, 470, 233
4, 13, 40.420, -26.229, 6.846, 399.48, 161.93, 932.25, -38.19, -15.94, 124.99, -317, 470, 233
4, 13, 42.844, -25.670, 5.540, 256.23, 142.82, 915.34, -28.93, -25.90, 142.36, -317, 470, 233
4, 12, 45.379, -28.488, 4.285, 439.39, 71.78, 841.86, -2.56, -46.59, 153.62, -317, 470, 233
4, 14, 48.737, -31.831, 2.342, 624.76, -11.47, 954.41, 17.90, -50.35, 156.01, -317, 470, 233
4, 13, 52.602, -34.115, -0.048, 793.76, -166.26, 1238.89, 50.68, -39.51, 144.98, -317, 470, 233
4, 12, 56.101, -35.045, -2.069, 691.96, -271.48, 1208.98, 76.10, -27.19, 116.95, -317, 470, 233
4, 14, 59.695, -37.295, -4.565, 791.75, -664.67, 1001.22, 123.75, -23.11, 63.07, -326, 462, 208
4, 14, 60.542, -37.918, -2.594, 798.03, -506.41, 1128.05, 204.03, 11.99, 8.22, -326, 462, 208
4, 12, 58.358, -37.915, 2.730, 803.28, -317.75, 1095.21, 248.41, 46.13, -65.63, -326, 462, 208
4, 14, 51.579, -35.844, 14.483, 687.01, 356.51, 1064.58, 249.99, 69.70, -113.78, -326, 462, 208
4, 13, 43.782, -31.102, 26.573, 510.31, 728.70, 953.86, 220.13, 92.07, -170.76, -326, 462, 208
4, 13, 37.878, -24.231, 35.865, 291.26, 978.52, 958.68, 177.70, 101.50, -176.89, -326, 462, 208
4, 13, 34.410, -16.237, 40.945, -112.06, 1039.92, 946.78, 100.90, 90.23, -138.44, -326, 462, 208
4, 13, 31.705, -9.906, 42.473, -160.64, 938.11, 995.00, 31.20, 45.46, -111.95, -326, 462, 208
4, 13, 29.168, -6.974, 40.957, 186.83, 819.15, 1190.12, -3.71, 27.73, -119.66, -326, 462, 208
4, 12, 26.199, -3.593, 39.023, 118.35, 929.87, 1140.81, -58.91, 11.83, -138.81, -397, 490, 204
4, 15, 23.558, -0.437, 34.533, -47.79, 652.53, 1085.88, -121.12, -8.43, -146.21, -397, 490, 204
4, 13, 20.839, 4.964, 28.865, -446.66, 257.69, 756.23, -144.65, -36.35, -135.74, -397, 490, 204
4, 12, 19.008, 6.246, 26.355, -264.40, 399.96, 542.66, -143.23, -110.18, -85.85, -397, 490, 204
4, 14, 18.335, 0.788, 25.475, 167.97, 546.57, 561.28, -141.91, -138.63, -37.44, -397, 490, 204
4, 12, 19.404, -7.545, 22.984, 729.31, 617.07, 852.84, -150.09, -131.97, 43.04, -397, 490, 204
4, 13, 21.244, -15.618, 19.613, 1009.89, 503.48, 911.19, -148.93, -109.74, 66.81, -397, 490, 204
4, 14, 23.949, -22.136, 14.307, 1086.98, 100.59, 964.72, -125.72, -66.86, 56.17, -397, 490, 204
4, 13, 26.364, -25.476, 9.825, 1000.12, -100.04, 1075.50, -59.12, -11.78, 11.47, -397, 490, 204
4, 12, 27.401, -26.304, 9.437, 722.72, 243.71, 1054.20, -19.95, 19.65, 1.20, -397, 490, 204
4, 14, 27.618, -22.326, 10.596, 173.65, 359.07, 1006.53, -15.48, 31.46, 9.87, -333, 465, 211
4, 14, 28.513, -19.429, 11.157, 102.66, 373.96, 992.98, -28.97, 9.83, 45.23, -333, 465, 211
4, 12, 32.377, -22.120, 5.501, 768.49, -540.53, 1051.09, -2.58, 4.88, 78.80, -333, 465, 211
4, 13, 35.898, -24.881, 2.257, 1138.49, -810.42, 1095.70, 87.48, 30.25, 68.40, -333, 465, 211
4, 13, 38.709, -26.431, 2.619, 1253.54, -620.97, 1119.63, 180.27, 88.69, 60.63, -333, 465, 211
4, 13, 39.040, -26.355, 7.987, 1079.59, -88.38, 852.42, 249.99, 178.02, 9.81, -333, 465, 211
4, 13, 37.463, -24.605, 15.636, 1061.58, 246.40, 781.80, 249.99, 238.49, -57.15, -333, 465, 211
4, 13, 34.569, -18.920, 27.443, 553.65, 935.24, 657.35, 249.99, 249.99, -96.82, -333, 465, 211
4, 13, 33.519, -6.369, 35.816, -728.21, 1260.44, 758.97, 178.14, 249.99, -121.20, -333, 465, 211
4, 13, 33.018, 6.710, 41.463, -1499.57, 1317.57, 702.94, 110.18, 188.32, -117.68, -392, 538, 213
4, 15, 32.197, 14.270, 42.302, -1449.16, 874.57, 753.17, 12.00, 39.11, -35.91, -392, 538, 213
4, 12, 28.773, 9.488, 37.560, 315.55, 299.93, 1046.75, -18.37, -74.39, -44.01, -392, 538, 213
4, 13, 26.427, 6.016, 34.954, 278.93, 387.57, 1026.43, 8.09, -40.13, -57.05, -392, 538, 213
4, 12, 25.802, 3.039, 34.562, 287.54, 586.61, 1006.16, 17.35, -2.94, -23.81, -392, 538, 213
4, 14, 25.539, 0.788, 34.190, 178.34, 620.48, 995.54, 5.71, -6.31, -8.49, -392, 538, 213
4, 12, 25.472, -1.619, 33.026, 209.84, 531.86, 1002.20, -0.95, -13.62, 3.52, -392, 538, 213
4, 13, 25.848, -4.068, 31.874, 295.65, 500.06, 1013.43, 2.01, 2.64, 11.89, -392, 538, 213
4, 13, 26.254, -5.035, 30.913, 168.58, 518.07, 1001.04, 7.48, 12.07, 8.54, -392, 538, 213
4, 13, 26.272, -3.461, 31.901, -63.84, 681.27, 958.01, 3.68, 0.95, 6.59, -392, 538, 213
4, 12, 26.159, -3.759, 32.301, 60.85, 654.54, 982.18, -6.35, -14.45, 11.01, -388, 531, 206
4, 14, 26.257, -5.531, 30.802, 196.66, 500.37, 1006.10, -9.48, -13.34, 11.77, -388, 531, 206
4, 13, 26.538, -6.380, 29.315, 160.89, 464.60, 1004.21, 0.11, -1.43, 10.86, -388, 531, 206
4, 13, 26.828, -7.228, 27.717, 182.43, 404.72, 1014.53, 3.91, -1.18, 10.01, -388, 531, 206
4, 13, 26.808, -3.685, 29.028, -341.49, 699.40, 1013.73, 10.42, 2.78, 7.45, -388, 531, 206
4, 12, 26.700, -1.773, 28.001, -260.44, 507.93, 1163.64, -3.85, -27.31, 14.63, -388, 531, 206
4, 13, 26.511, -0.839, 25.110, -380.92, 189.64, 1354.13, 4.04, -67.19, 28.16, -388, 531, 206
4, 13, 26.589, -0.197, 22.875, -446.35, 110.66, 1230.96, 27.08, -92.38, 48.75, -388, 531, 206
5, 8, 32.084, -18.175, 29.212, 328.55, 529.60, 918.46, -5.88, -3.60, -1.77, -400, 469, 228
5, 24, 31.894, -21.564, 28.015, 499.57, 457.15, 913.88, -7.13, -6.05, 2.53, -395, 481, 210
5, 13, 31.971, -23.005, 27.505, 547.06, 452.33, 922.12, -4.71, 1.86, 0.49, -395, 481, 210
5, 13, 31.945, -23.686, 27.429, 517.40, 485.84, 935.24, -2.59, 8.30, -2.86, -395, 481, 210
5, 13, 31.872, -22.369, 27.667, 396.91, 502.14, 932.19, -1.09, 13.31, -2.40, -395, 481, 210
5, 13, 31.752, -20.956, 27.966, 340.39, 503.72, 918.76, 0.11, 8.32, 0.31, -395, 481, 210
5, 12, 31.543, -20.137, 28.247, 348.14, 493.41, 901.00, 0.28, 3.29, 0.56, -395, 481, 210
5, 14, 31.511, -20.878, 28.263, 412.72, 475.22, 884.83, 1.20, 0.38, 4.19, -395, 481, 210
5, 12, 31.687, -22.412, 27.989, 522.40, 448.06, 885.31, 2.54, 2.49, 4.70, -395, 481, 210
5, 13, 32.126, -23.718, 27.581, 576.35, 451.05, 926.03, 5.02, 12.62, -0.54, -383, 469, 221
5, 13, 32.468, -23.800, 27.548, 526.00, 492.37, 955.32, 6.78, 26.72, -5.20, -383, 469, 221
5, 14, 32.806, -21.807, 27.355, 396.85, 500.61, 988.83, 5.01, 31.97, -5.07, -383, 469, 221
5, 13, 33.059, -19.552, 27.082, 290.22, 474.98, 962.40, 3.11, 29.79, -1.66, -383, 469, 221
5, 12, 33.102, -17.584, 27.095, 261.96, 487.61, 956.91, 3.41, 24.12, 1.97, -383, 469, 221
5, 14, 32.918, -17.417, 27.245, 344.79, 496.89, 962.59, 3.30, 15.34, 5.00, -383, 469, 221
5, 12, 32.893, -18.023, 27.256, 390.32, 492.74, 959.23, 2.53, 13.54, 6.94, -383, 469, 221
5, 13, 32.924, -18.662, 27.299, 416.08, 502.01, 961.85, 0.49, 16.08, 7.45, -383, 469, 221
5, 13, 33.061, -18.940, 26.912, 398.01, 478.27, 957.64, -2.86, 20.89, 6.25, -383, 469, 221
5, 13, 33.180, -18.772, 26.274, 376.89, 463.44, 963.87, -4.02, 22.46, 4.19, -383, 469, 221
5, 12, 32.316, -18.215, 27.054, 355.47, 522.89, 948.49, -5.22, 22.29, -0.67, -369, 486, 211
5, 14, 31.528, -17.785, 27.960, 357.12, 577.09, 939.33, -11.81, 20.03, -4.01, -369, 486, 211
5, 14, 30.743, -18.046, 29.077, 437.13, 660.58, 918.33, -19.00, 20.03, -6.71, -369, 486, 211
5, 12, 30.015, -18.437, 29.862, 488.28, 692.81, 895.14, -34.77, 26.17, -11.99, -369, 486, 211
5, 13, 29.546, -19.076, 30.136, 535.34, 673.46, 862.98, -46.93, 33.38, -11.41, -369, 486, 211
5, 13, 29.559, -19.421, 29.130, 496.28, 561.95, 877.99, -59.67, 44.05, -11.72, -369, 486, 211
5, 13, 29.899, -18.913, 27.078, 402.65, 484.19, 914.25, -63.61, 49.37, -11.83, -369, 486, 211
5, 13, 30.160, -16.619, 24.497, 288.94, 433.78, 992.25, -64.96, 47.04, -16.21, -369, 486, 211
5, 13, 30.080, -14.384, 21.764, 218.44, 361.21, 1042.97, -63.66, 35.77, -22.75, -369, 486, 211
5, 13, 29.246, -11.922, 19.921, 154.91, 384.77, 1041.56, -61.97, 27.35, -19.07, -360, 513, 213
5, 13, 28.604, -8.865, 17.992, -97.11, 282.29, 1043.76, -50.89, 3.60, -15.14, -360, 513, 213
5, 14, 27.585, -7.189, 17.106, -27.47, 322.39, 984.74, -44.57, -21.06, -16.72, -360, 513, 213
5, 12, 26.731, -8.133, 17.143, 126.89, 370.00, 941.89, -50.67, -39.96, -1.92, -360, 513, 213
5, 13, 26.560, -10.090, 17.824, 194.46, 463.68, 898.25, -52.22, -51.64, 27.69, -360, 513, 213
5, 13, 27.121, -13.699, 16.787, 420.29, 372.50, 1039.86, -52.63, -52.18, 45.12, -360, 513, 213
5, 13, 27.629, -16.738, 16.287, 442.38, 395.63, 993.47, -51.55, -42.57, 44.57, -360, 513, 213
5, 13, 28.642, -18.352, 14.531, 349.91, 292.30, 1040.77, -51.16, -34.12, 49.10, -360, 513, 213
5, 13, 29.300, -18.827, 13.702, 269.96, 264.40, 909.73, -48.21, -41.68, 51.22, -360, 513, 213
5, 13, 30.312, -19.874, 12.153, 299.74, 221.13, 943.85, -38.51, -50.48, 74.84, -319, 493, 221
5, 14, 31.722, -21.093, 10.124, 354.25, 181.88, 1071.35, -27.05, -55.16, 83.14, -319, 493, 221
5, 13, 34.230, -23.522, 7.401, 442.69, 19.29, 1055.24, -4.43, -56.66, 99.91, -319, 493, 221
5, 13, 37.703, -26.201, 4.077, 464.84, -222.17, 928.28, 37.35, -59.08, 108.30, -319, 493, 221
5, 13, 40.827, -28.056, 2.107, 519.84, -240.66, 1082.82, 74.06, -50.33, 100.68, -319, 493, 221
5, 12, 42.844, -31.071, 2.471, 807.86, -208.37, 1116.76, 119.10, -34.42, 74.65, -319, 493, 221
5, 13, 43.934, -33.451, 4.069, 850.28, -138.67, 1116.58, 139.34, -16.46, 45.10, -319, 493, 221
5, 14, 44.503, -33.201, 6.713, 736.94, -87.16, 1174.32, 182.99, 33.45, 20.42, -319, 493, 221
5, 13, 43.471, -31.704, 11.305, 714.29, 5.92, 1167.48, 224.66, 77.14, -27.37, -319, 493, 221
5, 12, 39.907, -29.515, 20.101, 667.05, 392.09, 995.36, 232.99, 101.33, -73.38, -319, 493, 221
5, 14, 36.121, -22.141, 30.251, 261.23, 846.31, 976.14, 214.24, 147.07, -111.69, -383, 515, 221
5, 14, 33.870, -14.805, 36.994, -15.14, 1025.94, 956.97, 152.69, 128.17, -101.71, -383, 515, 221
5, 12, 32.348, -8.033, 41.859, -240.30, 1119.51, 895.94, 104.45, 94.73, -80.76, -383, 515, 221
5, 14, 31.487, -3.893, 42.802, -204.10, 956.54, 999.45, 28.17, 42.23, -30.19, -383, 515, 221
5, 12, 30.346, -2.367, 41.432, -8.48, 880.98, 1105.65, -11.73, 8.67, -18.42, -383, 515, 221
5, 13, 28.996, -2.360, 38.417, 68.60, 766.36, 1137.51, -56.37, -16.07, -25.19, -383, 515, 221
5, 13, 27.281, -0.467, 35.127, -161.74, 702.45, 1137.02, -83.58, -30.58, -46.54, -383, 515, 221
5, 13, 24.669, 0.272, 32.732, -105.04, 717.53, 920.04, -125.86, -75.94, -74.65, -383, 515, 221
5, 12, 21.866, -2.625, 30.570, 185.67, 691.96, 795.78, -152.18, -105.73, -88.29, -383, 515, 221
5, 13, 19.247, -7.923, 28.794, 419.56, 615.11, 623.05, -157.35, -109.33, -77.37, -365, 497, 201
5, 15, 17.994, -13.989, 26.381, 626.10, 482.48, 660.71, -144.81, -105.18, -44.85, -365, 497, 201
5, 12, 17.960, -18.930, 24.460, 619.14, 473.02, 711.43, -118.58, -81.19, -12.10, -365, 497, 201
5, 13, 18.137, -21.616, 22.972, 438.23, 469.79, 774.35, -109.25, -78.35, -11.02, -365, 497, 201
5, 14, 19.282, -25.208, 19.294, 682.25, 247.44, 944.15, -90.12, -76.57, -13.00, -365, 497, 201
5, 13, 20.656, -27.903, 16.598, 761.84, 227.60, 977.66, -56.90, -47.87, -14.80, -365, 497, 201
5, 12, 22.475, -29.413, 14.744, 774.90, 214.72, 1008.67, -20.05, -13.43, -7.07, -365, 497, 201
5, 14, 23.053, -26.957, 16.964, 410.95, 595.09, 963.07, -0.98, 29.66, 15.34, -365, 497, 201
5, 12, 24.063, -23.784, 18.099, 146.30, 568.73, 950.81, -21.77, 6.25, 35.59, -365, 497, 201
5, 13, 27.781, -25.034, 12.648, 436.83, -130.19, 940.92, -26.34, -29.51, 57.24, -365, 497, 201
5, 12, 31.942, -26.988, 6.992, 647.16, -376.16, 1115.97, 5.10, -28.40, 59.21, -353, 488, 206
5, 15, 34.827, -29.459, 5.122, 1127.32, -518.43, 1095.21, 103.23, 21.23, 33.04, -353, 488, 206
5, 13, 36.344, -31.436, 8.499, 1510.25, -153.02, 852.84, 203.50, 113.16, 23.54, -353, 488, 206
5, 13, 36.973, -31.677, 15.888, 1405.64, 425.90, 695.25, 247.88, 180.66, 34.93, -353, 488, 206
5, 13, 36.404, -28.437, 25.924, 1038.21, 909.00, 610.41, 249.99, 249.99, -3.23, -353, 488, 206
5, 13, 35.982, -23.447, 35.308, 615.05, 1145.26, 487.73, 195.01, 249.99, -20.16, -353, 488, 206
5, 13, 37.247, -13.059, 41.573, -431.09, 1220.95, 664.31, 145.18, 249.99, -17.13, -353, 488, 206
5, 13, 38.105, -3.040, 43.246, -995.91, 939.21, 885.86, 62.59, 171.70, -14.23, -353, 488, 206
5, 13, 38.249, 4.589, 42.271, -980.04, 648.44, 1022.64, 20.57, 106.35, 8.74, -353, 488, 206
5, 12, 36.335, 9.043, 36.980, -603.64, 92.65, 1038.45, -6.32, 21.56, 17.04, -393, 564, 204
5, 15, 33.500, 7.519, 33.011, -10.07, 193.54, 969.12, 9.00, -35.39, -11.35, -393, 564, 204
5, 12, 32.289, 4.544, 34.216, 184.81, 673.83, 941.28, 37.22, -8.61, 8.64, -393, 564, 204
5, 13, 31.979, 1.525, 36.236, 319.34, 881.96, 940.31, 27.32, 12.45, 30.16, -393, 564, 204
5, 12, 31.678, -1.181, 38.020, 314.88, 981.51, 928.83, 6.90, 9.16, 37.60, -393, 564, 204
5, 14, 31.380, -3.879, 36.881, 295.84, 645.14, 958.92, -13.50, 9.40, 38.65, -393, 564, 204
5, 12, 31.063, -5.505, 34.748, 228.88, 507.14, 973.69, -14.27, 11.95, 28.33, -393, 564, 204
5, 12, 30.394, -5.496, 32.804, 108.76, 466.13, 966.98, -3.59, 10.54, 9.01, -393, 564, 204
5, 14, 29.169, -4.100, 32.610, 10.07, 588.87, 947.20, 1.61, 3.39, -4.92, -393, 564, 204
5, 12, 27.671, -3.958, 32.943, 54.99, 640.20, 946.72, -5.84, -18.68, -7.88, -393, 564, 204
5, 13, 26.540, -5.436, 32.199, 146.00, 591.25, 970.46, -10.38, -24.58, -7.58, -425, 568, 180
5, 14, 26.102, -5.777, 30.405, 106.87, 438.72, 976.99, -1.69, -16.37, -4.81, -425, 568, 180
5, 13, 25.655, -2.475, 30.772, -390.32, 593.14, 969.36, 7.80, -25.01, 1.48, -425, 568, 180
5, 12, 25.417, -0.303, 29.118, -430.24, 407.96, 1110.35, -3.04, -51.59, 21.46, -425, 568, 180
5, 14, 24.888, 0.247, 26.139, -536.01, 127.56, 1306.40, 11.72, -112.22, 37.12, -425, 568, 180
5, 12, 24.113, 0.117, 25.560, -647.89, 256.96, 1158.63, 51.66, -176.24, 48.14, -425, 568, 180
6, 8, 41.935, -28.146, 27.172, 529.60, 366.70, 856.93, -31.91, 24.19, 43.16, -365, 419, 249
6, 24, 43.915, -29.491, 23.108, 624.57, 333.01, 939.21, -14.95, 30.51, 26.46, -365, 419, 249
6, 12, 43.980, -29.193, 21.932, 583.44, 371.52, 971.68, -9.96, 33.83, 14.71, -365, 419, 249
6, 13, 43.391, -27.298, 21.906, 480.16, 400.70, 979.31, -8.43, 34.64, 0.53, -365, 419, 249
6, 13, 41.718, -25.748, 22.584, 450.44, 422.85, 968.93, -9.09, 31.29, -6.18, -344, 447, 245
6, 14, 40.125, -24.674, 23.127, 437.56, 418.03, 943.05, -11.59, 25.05, -9.17, -344, 447, 245
6, 13, 38.749, -24.099, 23.087, 439.64, 394.78, 937.19, -12.57, 18.86, -6.70, -344, 447, 245
6, 12, 37.791, -24.448, 23.161, 483.09, 402.22, 931.27, -11.13, 15.27, -5.38, -344, 447, 245
6, 14, 36.776, -25.262, 23.687, 570.80, 429.38, 914.55, -7.76, 15.06, -17.86, -344, 447, 245
6, 12, 35.841, -25.896, 24.155, 591.31, 423.46, 894.47, -7.02, 21.01, -27.14, -344, 447, 245
6, 13, 35.248, -26.457, 24.275, 602.05, 396.06, 880.80, -4.97, 26.18, -28.73, -344, 447, 245
6, 13, 34.633, -26.607, 24.770, 618.23, 433.23, 890.32, -2.36, 36.00, -33.06, -344, 447, 245
6, 13, 33.804, -25.955, 25.913, 597.96, 518.62, 919.68, -3.10, 43.39, -37.23, -344, 447, 245
6, 13, 33.070, -23.818, 26.771, 482.48, 512.88, 940.19, -8.00, 50.35, -34.86, -321, 446, 247
6, 14, 32.806, -21.302, 26.694, 375.67, 471.62, 918.27, -11.55, 46.91, -27.11, -321, 446, 247
6, 13, 32.554, -18.932, 26.412, 294.56, 429.93, 860.66, -12.54, 39.66, -21.26, -321, 446, 247
6, 12, 32.329, -18.692, 25.965, 358.28, 431.34, 886.66, -13.05, 28.94, -12.20, -321, 446, 247
6, 14, 32.334, -19.415, 25.507, 453.67, 438.42, 924.07, -13.10, 26.05, -6.39, -321, 446, 247
6, 13, 32.536, -20.040, 25.217, 466.00, 465.21, 944.76, -15.53, 27.98, 4.14, -321, 446, 247
6, 12, 32.852, -20.285, 24.912, 438.72, 473.33, 948.61, -22.01, 30.44, 12.05, -321, 446, 247
6, 13, 33.028, -20.467, 24.823, 441.71, 485.66, 929.75, -26.66, 31.50, 11.68, -321, 446, 247
6, 14, 33.045, -20.671, 25.084, 471.86, 547.55, 907.90, -36.48, 34.68, 12.28, -321, 446, 247
6, 12, 32.936, -21.160, 25.158, 515.50, 564.39, 900.45, -46.59, 39.50, 13.83, -330, 462, 235
6, 14, 33.279, -21.376, 24.107, 487.85, 487.30, 914.00, -61.57, 48.78, 19.00, -330, 462, 235
6, 13, 36.149, -18.786, 16.829, 73.24, -476.01, 1541.38, -43.33, 39.98, 34.19, -330, 462, 235
6, 13, 36.140, -17.780, 15.257, 252.99, 217.71, 983.89, -21.10, 12.42, 25.22, -330, 462, 235
6, 13, 35.830, -16.751, 14.223, 219.79, 225.04, 1000.31, -20.86, 1.61, 24.80, -330, 462, 235
6, 13, 34.613, -17.787, 14.455, 350.22, 275.76, 1025.27, -15.68, -7.88, 3.80, -330, 462, 235
6, 13, 34.143, -18.525, 15.748, 356.26, 410.64, 981.20, -18.07, -5.84, 31.38, -330, 462, 235
6, 13, 33.550, -18.727, 16.259, 320.62, 345.83, 1008.61, -22.26, -15.33, 22.24, -330, 462, 235
6, 12, 33.381, -18.933, 17.917, 267.03, 504.27, 873.60, -28.72, -15.08, 48.37, -330, 462, 235
6, 14, 33.861, -18.979, 19.573, 164.92, 559.69, 783.69, -38.67, -29.12, 85.59, -330, 462, 235
6, 13, 34.585, -19.613, 20.356, 165.04, 563.35, 867.37, -51.94, -45.59, 112.84, -308, 479, 228
6, 13, 35.761, -22.379, 19.792, 305.24, 437.01, 823.67, -66.19, -68.17, 138.73, -308, 479, 228
6, 14, 37.832, -27.054, 17.067, 564.03, 344.67, 981.20, -73.15, -77.47, 147.43, -308, 479, 228
6, 13, 41.142, -30.766, 12.647, 610.84, 205.69, 1066.16, -65.86, -68.64, 157.33, -308, 479, 228
6, 12, 45.566, -33.856, 7.231, 631.41, 13.85, 998.29, -51.88, -57.95, 159.06, -308, 479, 228
6, 14, 51.252, -36.913, 1.131, 589.72, -177.92, 764.16, -21.65, -51.07, 166.53, -308, 479, 228
6, 13, 56.193, -37.638, -3.218, 544.56, -138.92, 947.08, 3.45, -49.66, 164.45, -308, 479, 228
6, 12, 59.041, -37.684, -3.858, 607.85, -28.02, 1215.52, 33.61, -49.14, 150.49, -308, 479, 228
6, 14, 62.606, -39.376, -6.496, 790.34, -263.98, 1139.40, 46.37, -43.94, 126.66, -308, 479, 228
6, 13, 66.082, -40.211, -8.414, 767.27, -351.14, 1098.57, 82.31, -20.39, 102.19, -308, 476, 225
6, 13, 68.681, -41.620, -8.591, 876.34, -407.90, 1012.63, 132.74, -0.69, 76.60, -308, 476, 225
6, 13, 69.507, -42.853, -6.455, 958.86, -348.57, 1094.97, 168.04, 11.65, 38.15, -308, 476, 225
6, 14, 67.024, -44.076, -0.294, 1010.44, -179.87, 1026.61, 211.91, 38.66, -32.43, -308, 476, 225
6, 12, 62.464, -43.982, 7.867, 1030.52, -32.90, 1013.06, 229.20, 79.61, -87.72, -308, 476, 225
6, 13, 56.219, -42.182, 17.915, 1006.90, 271.55, 964.54, 223.63, 114.66, -121.72, -308, 476, 225
6, 14, 50.877, -34.707, 26.553, 402.89, 585.75, 1062.32, 183.84, 153.33, -132.18, -308, 476, 225
6, 13, 46.955, -26.076, 32.798, 39.98, 742.80, 1013.55, 142.56, 150.04, -113.89, -308, 476, 225
6, 13, 43.520, -18.870, 36.957, -45.41, 912.17, 983.83, 76.64, 113.72, -88.08, -308, 476, 225
6, 13, 40.637, -14.222, 38.126, 135.56, 916.02, 1072.57, 6.42, 85.59, -67.60, -308, 476, 225
6, 13, 38.275, -10.605, 36.749, 200.13, 789.18, 1099.43, -35.78, 74.96, -56.88, -376, 508, 235
6, 13, 35.866, -5.760, 34.323, -87.71, 649.17, 984.86, -82.28, 59.36, -81.25, -376, 508, 235
6, 14, 33.058, -1.818, 29.158, -154.91, 258.06, 876.40, -104.78, 17.82, -96.07, -376, 508, 235
6, 12, 30.143, -2.839, 27.501, 153.20, 401.55, 622.80, -102.43, -4.42, -90.76, -376, 508, 235
6, 13, 28.229, -5.437, 27.054, 293.58, 542.66, 745.67, -81.49, -29.62, -51.47, -376, 508, 235
6, 12, 26.872, -8.125, 27.812, 338.81, 649.84, 766.24, -60.16, -37.93, -28.79, -376, 508, 235
6, 14, 25.673, -9.048, 28.564, 153.69, 637.94, 776.06, -62.08, -49.89, -21.96, -376, 508, 235
6, 13, 24.428, -9.228, 28.304, 61.83, 726.81, 969.73, -84.70, -77.08, -21.00, -376, 508, 235
6, 12, 23.320, -13.558, 26.353, 372.01, 491.88, 807.62, -111.59, -110.76, -15.71, -376, 508, 235
6, 14, 22.114, -18.633, 22.168, 599.85, 314.03, 1119.02, -104.30, -121.67, -30.49, -342, 509, 210
6, 14, 22.321, -24.117, 17.800, 1073.00, -17.58, 1101.01, -75.51, -82.67, -29.71, -342, 509, 210
6, 12, 23.133, -24.737, 16.660, 539.86, 310.00, 1019.23, -26.67, -12.54, -16.73, -342, 509, 210
6, 14, 23.986, -22.241, 15.010, 192.93, 216.98, 987.85, -26.73, -10.40, -5.81, -342, 509, 210
6, 13, 26.194, -25.504, 10.918, 861.02, -355.96, 1023.50, 15.29, -23.40, 3.21, -342, 509, 210
6, 12, 28.584, -28.659, 10.349, 1355.83, -158.39, 1119.32, 87.04, 30.60, 31.81, -342, 509, 210
6, 14, 31.652, -30.330, 10.103, 1560.12, -356.51, 1166.56, 136.90, 92.99, 32.61, -342, 509, 210
6, 13, 33.539, -29.314, 14.386, 1151.92, 103.45, 848.75, 216.75, 201.39, 20.84, -342, 509, 210
6, 12, 34.570, -25.914, 21.498, 665.16, 403.44, 638.49, 227.17, 249.99, 19.35, -342, 509, 210
6, 13, 35.765, -15.000, 29.374, -259.89, 724.37, 753.78, 198.81, 231.86, 18.39, -374, 545, 216
6, 15, 35.701, -5.987, 35.037, -627.87, 1008.42, 905.27, 136.76, 162.71, -17.66, -374, 545, 216
6, 13, 35.324, 0.238, 37.163, -625.92, 924.38, 1024.23, 51.41, 85.55, 1.68, -374, 545, 216
6, 12, 34.121, 4.319, 36.139, -401.06, 474.73, 903.87, 21.15, 31.49, -2.53, -374, 545, 216
6, 14, 32.983, 0.303, 35.275, 450.26, 518.55, 1004.46, 20.22, 0.11, 12.34, -374, 545, 216
6, 12, 32.475, -2.879, 35.018, 443.30, 569.09, 1015.20, 28.89, 22.31, 20.27, -374, 545, 216
6, 13, 32.356, -4.484, 34.782, 283.14, 597.84, 1014.59, 28.06, 40.89, 27.61, -374, 545, 216
6, 13, 32.708, -5.295, 35.184, 233.22, 643.19, 982.24, 36.46, 65.11, 41.16, -374, 545, 216
6, 13, 32.759, -5.956, 34.213, 180.91, 591.19, 987.61, 6.52, 42.82, 44.09, -374, 545, 216
6, 12, 32.516, -6.562, 33.012, 189.58, 568.24, 989.75, -3.88, 36.25, 33.27, -374, 545, 216
6, 13, 32.203, -5.713, 30.874, 89.60, 452.82, 1030.40, -3.82, 33.39, 17.49, -392, 562, 220
6, 14, 31.960, -2.938, 28.143, -225.04, 281.74, 1036.13, -11.90, 16.31, 21.11, -392, 562, 220
6, 13, 30.007, -2.520, 28.116, -40.59, 529.36, 985.78, -5.09, -41.44, -5.90, -392, 562, 220
6, 12, 29.497, -0.719, 29.603, -374.33, 883.06, 983.46, -26.06, -33.07, 31.78, -392, 562, 220
6, 13, 27.087, 0.104, 26.253, -425.72, 371.40, 1096.74, -71.61, -124.10, -14.23, -392, 562, 220
6, 13, 25.032, -0.889, 22.650, -318.85, 325.07, 1266.91, -67.12, -153.08, -6.13, -392, 562, 220
6, 13, 22.720, -5.151, 18.250, 12.02, -98.14, 1130.74, -12.54, -201.85, -31.46, -392, 562, 220
6, 13, 20.795, -11.301, 16.217, 285.64, -22.22, 1042.18, 32.41, -210.85, -48.21, -392, 562, 220
6, 13, 19.138, -18.504, 18.270, 699.65, 322.51, 1008.91, 60.83, -178.67, -43.55, -392, 562, 220
6, 13, 17.819, -23.873, 22.332, 806.76, 637.88, 989.69, 58.78, -132.92, -39.29, -393, 518, 228
6, 14, 16.182, -26.212, 27.342, 616.39, 912.72, 833.98, 37.67, -109.44, -33.06, -393, 518, 228
6, 13, 14.499, -27.076, 31.323, 472.60, 782.90, 720.40, 7.99, -98.06, -49.67, -393, 518, 228
6, 13, 12.867, -27.484, 34.427, 435.36, 698.79, 669.07, -7.64, -101.82, -63.68, -393, 518, 228
6, 12, 11.729, -28.278, 36.594, 459.29, 601.26, 634.22, -12.27, -106.24, -66.84, -393, 518, 228
6, 14, 11.124, -30.293, 38.129, 622.68, 636.05, 645.75, -19.29, -104.18, -50.09, -393, 518, 228
6, 13, 10.985, -32.316, 39.355, 720.46, 714.11, 666.75, -28.28, -95.21, -31.62, -393, 518, 228
7, 9, 34.769, -27.950, 21.232, 561.46, 387.08, 925.96, -9.18, 2.06, 8.12, -339, 449, 251
7, 24, 34.975, -27.540, 21.886, 498.47, 381.90, 881.47, -8.06, 2.24, 7.50, -339, 449, 251
7, 12, 35.256, -28.060, 21.756, 525.33, 362.24, 876.16, -7.37, 0.21, 8.43, -339, 449, 251
7, 13, 35.812, -28.877, 21.015, 578.19, 334.59, 916.38, -3.99, 0.24, 6.74, -339, 449, 251
7, 12, 36.396, -28.791, 20.248, 556.21, 337.65, 951.66, 0.31, 3.37, 4.55, -339, 449, 251
7, 14, 36.644, -27.518, 19.973, 475.46, 334.72, 965.27, 5.51, 3.88, 3.33, -339, 449, 251
7, 12, 36.519, -26.330, 20.158, 448.49, 346.74, 960.69, 7.67, 0.24, 2.04, -339, 449, 251
7, 13, 35.993, -26.228, 21.124, 468.93, 371.58, 913.45, 7.58, -4.88, 3.18, -339, 449, 251
7, 13, 35.770, -26.995, 21.644, 519.29, 375.67, 907.10, 3.78, -6.48, 6.44, -339, 449, 251
7, 13, 35.618, -28.132, 21.958, 574.16, 384.09, 916.44, 0.55, -4.17, 8.21, -340, 455, 242
7, 13, 35.643, -28.886, 22.067, 598.82, 394.71, 938.48, -2.70, 2.25, 8.06, -340, 455, 242
7, 14, 35.737, -29.242, 22.080, 592.53, 392.82, 944.40, -3.27, 6.65, 6.27, -340, 455, 242
7, 12, 35.936, -29.133, 21.935, 566.47, 378.42, 930.73, -2.43, 11.83, 5.83, -340, 455, 242
7, 13, 35.972, -28.649, 22.088, 545.53, 383.73, 925.29, -0.75, 14.83, 5.39, -340, 455, 242
7, 12, 35.870, -28.273, 22.309, 541.69, 387.94, 924.32, -1.18, 15.74, 2.36, -340, 455, 242
7, 14, 35.620, -28.003, 22.633, 562.44, 411.74, 949.83, -4.21, 18.26, -2.17, -340, 455, 242
7, 13, 35.444, -28.087, 22.695, 585.27, 405.64, 941.04, -7.14, 21.37, -6.16, -340, 455, 242
7, 12, 35.286, -28.158, 22.649, 605.53, 407.41, 935.61, -12.13, 28.39, -9.95, -340, 455, 242
7, 14, 34.857, -28.401, 22.509, 643.19, 405.52, 944.03, -15.67, 35.51, -12.66, -326, 458, 228
7, 13, 34.430, -27.934, 22.537, 609.13, 422.91, 940.12, -20.94, 47.88, -15.07, -326, 458, 228
7, 13, 34.089, -26.841, 22.731, 538.39, 434.63, 892.70, -28.78, 57.09, -8.06, -326, 458, 228
7, 14, 33.738, -25.500, 22.939, 489.20, 444.95, 871.64, -35.26, 59.40, -6.03, -326, 458, 228
7, 12, 34.064, -22.338, 21.396, 296.20, 377.56, 952.94, -47.00, 57.51, -0.01, -326, 458, 228
7, 13, 34.817, -19.176, 19.747, 39.67, 299.26, 1105.65, -17.14, 12.42, 29.28, -326, 458, 228
7, 12, 35.105, -18.610, 17.879, 285.10, 240.78, 971.62, -16.01, 8.51, 24.84, -326, 458, 228
7, 14, 34.294, -19.389, 17.992, 375.61, 373.41, 994.08, -33.87, -5.39, 17.27, -326, 458, 228
7, 12, 33.836, -20.029, 19.120, 385.99, 530.03, 946.04, -38.37, -4.20, 35.49, -326, 458, 228
7, 13, 33.563, -19.779, 19.670, 262.88, 459.78, 881.90, -46.70, -6.77, 49.35, -321, 485, 233
7, 15, 33.700, -21.938, 18.341, 417.48, 379.70, 916.26, -78.12, -28.70, 60.38, -321, 485, 233
7, 12, 34.315, -24.308, 16.205, 469.06, 319.52, 948.06, -80.45, -31.57, 67.05, -321, 485, 233
7, 13, 35.423, -26.723, 15.300, 478.58, 356.14, 805.18, -69.47, -27.93, 97.27, -321, 485, 233
7, 13, 37.203, -27.708, 13.388, 434.88, 272.16, 895.32, -65.54, -23.92, 118.80, -321, 485, 233
7, 13, 38.859, -29.255, 12.306, 467.29, 341.98, 903.26, -66.88, -36.54, 127.94, -321, 485, 233
7, 13, 40.767, -30.734, 10.636, 510.68, 317.81, 978.09, -74.34, -42.58, 137.76, -321, 485, 233
7, 13, 43.399, -33.324, 7.271, 468.38, 133.67, 731.99, -77.32, -41.46, 139.60, -321, 485, 233
7, 13, 46.735, -34.454, 2.856, 486.69, 73.61, 825.93, -76.04, -44.03, 159.27, -321, 485, 233
7, 13, 51.314, -36.136, -2.714, 562.62, -41.87, 860.96, -72.72, -43.11, 172.25, -321, 485, 233
7, 12, 56.429, -35.330, -7.263, 540.59, -44.25, 1192.44, -69.08, -38.43, 203.49, -301, 469, 239
7, 15, 62.277, -34.274, -12.899, 433.72, -291.02, 1031.92, -50.38, -35.45, 213.06, -301, 469, 239
7, 13, 68.826, -32.555, -20.121, 251.34, -712.71, 971.44, -35.83, -41.50, 195.99, -301, 469, 239
7, 12, 74.008, -33.101, -24.354, 462.16, -719.12, 943.18, 25.61, -65.92, 170.78, -301, 469, 239
7, 14, 76.452, -35.327, -23.446, 716.55, -586.00, 1191.77, 87.61, -72.20, 139.72, -301, 469, 239
7, 13, 78.936, -38.465, -22.872, 910.64, -696.47, 1117.92, 120.18, -62.94, 89.48, -301, 469, 239
7, 13, 77.486, -40.584, -16.985, 743.10, -294.13, 1078.61, 158.90, -39.84, 27.86, -301, 469, 239
7, 14, 75.453, -41.356, -11.653, 646.97, -305.85, 1035.10, 168.94, -28.72, -7.29, -301, 469, 239
7, 12, 71.794, -42.687, -6.163, 822.33, -363.89, 1134.28, 187.77, -11.75, -86.81, -301, 469, 239
7, 13, 68.421, -44.620, -0.902, 1149.84, -685.49, 1066.22, 223.50, 15.25, -139.39, -340, 472, 242
7, 15, 62.317, -44.666, 7.658, 1111.82, -306.15, 947.69, 249.99, 76.07, -195.37, -340, 472, 242
7, 13, 53.370, -41.442, 20.142, 832.09, 212.16, 863.59, 249.99, 112.15, -216.57, -340, 472, 242
7, 12, 45.295, -33.303, 32.556, 390.63, 680.30, 765.50, 223.13, 148.38, -221.92, -340, 472, 242
7, 13, 41.198, -23.274, 39.905, 12.27, 904.91, 916.08, 171.77, 153.20, -177.04, -340, 472, 242
7, 14, 37.949, -16.624, 43.697, 265.44, 1038.09, 985.41, 82.93, 116.79, -150.85, -340, 472, 242
7, 13, 35.363, -10.970, 45.134, 143.25, 1186.40, 896.55, -18.74, 96.10, -121.64, -340, 472, 242
7, 12, 33.452, -3.983, 43.958, -294.25, 1073.24, 914.67, -80.32, 82.76, -111.74, -340, 472, 242
7, 14, 30.609, 2.749, 40.345, -526.12, 731.20, 736.94, -152.56, 11.57, -114.38, -340, 472, 242
7, 12, 27.258, 6.720, 36.699, -399.72, 668.33, 607.06, -185.55, -57.49, -110.97, -340, 472, 242
7, 13, 23.683, 2.967, 29.066, 80.69, 338.13, 639.59, -215.75, -109.79, -81.77, -356, 509, 230
7, 15, 23.366, -5.741, 23.776, 602.91, 349.37, 634.58, -213.71, -120.80, 25.52, -356, 509, 230
7, 12, 25.276, -13.910, 16.776, 809.57, 140.69, 887.94, -204.80, -102.08, 88.25, -356, 509, 230
7, 13, 27.487, -20.698, 10.403, 1037.54, 28.08, 962.65, -170.95, -67.73, 72.58, -356, 509, 230
7, 14, 28.435, -25.894, 6.420, 1174.38, 28.20, 1031.37, -110.47, -40.86, 16.77, -356, 509, 230
7, 12, 28.950, -28.634, 3.797, 969.30, -17.33, 1064.94, -61.80, -6.72, -12.37, -356, 509, 230
7, 13, 28.347, -25.010, 3.688, 200.07, 116.15, 1002.50, -31.64, 19.38, -28.63, -356, 509, 230
7, 12, 27.862, -21.465, 2.415, 76.78, -14.53, 1002.14, -31.07, 1.75, -38.22, -356, 509, 230
7, 14, 28.252, -19.894, -0.999, 128.66, -311.71, 1088.62, -22.42, -31.33, -28.94, -356, 509, 230
7, 13, 29.345, -24.517, -5.519, 1112.98, -1099.18, 1171.45, 24.20, -53.58, -22.53, -296, 485, 230
7, 13, 30.026, -28.233, -4.719, 1686.89, -1043.40, 1081.24, 171.33, 20.77, -26.37, -296, 485, 230
7, 14, 30.888, -30.074, -1.339, 1383.18, -600.46, 595.21, 249.99, 127.33, -13.37, -296, 485, 230
7, 13, 28.898, -29.539, 7.269, 916.99, 173.22, 551.03, 249.99, 190.53, -43.89, -296, 485, 230
7, 13, 25.975, -25.832, 19.010, 548.40, 567.63, 489.14, 249.99, 205.63, -69.33, -296, 485, 230
7, 13, 24.968, -16.428, 29.461, -13.61, 1064.15, 945.01, 249.99, 218.28, -88.78, -296, 485, 230
7, 13, 25.746, -7.617, 36.852, -268.80, 1180.05, 982.60, 186.05, 198.71, -66.92, -296, 485, 230
7, 13, 27.171, -0.862, 40.968, -534.42, 1259.77, 913.70, 73.52, 137.55, -14.41, -296, 485, 230
7, 13, 28.315, 3.681, 42.497, -410.95, 903.14, 787.72, 12.34, 84.73, 12.90, -296, 485, 230
7, 13, 28.248, 2.082, 39.840, 98.08, 540.04, 921.88, -12.66, 15.91, 16.91, -392, 559, 223
7, 13, 28.390, -1.949, 37.121, 533.87, 366.52, 1039.86, 1.18, 14.89, 20.70, -392, 559, 223
7, 13, 29.139, -4.449, 34.665, 422.85, 348.08, 1018.37, 10.43, 44.66, 24.54, -392, 559, 223
7, 13, 30.619, -3.487, 33.260, 104.06, 481.63, 1017.64, 27.01, 87.14, 43.53, -392, 559, 223
7, 13, 31.520, -2.129, 32.983, 18.98, 555.42, 950.32, 28.48, 68.04, 56.21, -392, 559, 223
7, 12, 31.724, -2.185, 31.899, 40.89, 540.22, 984.19, 5.12, 30.32, 52.76, -392, 559, 223
7, 14, 31.563, -4.174, 30.109, 239.99, 401.25, 1007.81, 0.30, 11.94, 29.85, -392, 559, 223
7, 12, 30.973, -1.040, 31.937, -487.55, 875.92, 935.00, -2.17, -13.84, 27.77, -392, 559, 223
7, 13, 30.012, 0.346, 28.148, -536.62, 282.17, 1233.83, -46.33, -80.79, 41.85, -392, 559, 223
7, 13, 28.980, 0.722, 24.620, -557.19, 296.26, 1205.75, -60.88, -125.27, 50.33, -392, 559, 223
7, 13, 26.946, -1.087, 20.197, -527.10, -27.16, 1202.03, -24.78, -212.33, 33.70, -386, 554, 211
7, 13, 23.833, -3.603, 16.659, -387.76, -319.09, 1071.47, 47.91, -250.00, -42.93, -386, 554, 211
7, 13, 20.437, -10.233, 16.992, 184.02, 58.84, 887.45, 92.51, -250.00, -85.43, -386, 554, 211
8, 8, 35.310, -25.956, 22.064, 104.37, -520.45, 887.27, -78.38, -18.14, 78.96, -363, 470, 247
8, 23, 32.270, -33.792, 25.513, 468.14, 178.89, 437.19, 42.51, -79.82, -41.43, -360, 446, 247
8, 14, 29.152, -36.020, 30.025, 1358.28, 1083.07, 949.83, 14.24, -64.09, -51.95, -360, 446, 247
8, 14, 29.255, -36.586, 31.154, 1322.39, 935.12, 1132.02, -10.66, 0.96, -14.54, -360, 446, 247
8, 12, 32.910, -34.699, 27.413, 664.00, 377.32, 913.82, -31.18, 54.41, 17.28, -360, 446, 247
8, 13, 35.342, -30.793, 24.104, 239.93, 144.04, 781.25, -2.71, 41.34, -13.87, -360, 446, 247
8, 14, 34.447, -26.755, 27.173, 128.11, 692.50, 779.97, 10.67, 22.91, 0.78, -360, 446, 247
8, 12, 33.491, -25.567, 29.727, 343.02, 804.57, 789.31, -19.65, -5.78, 15.94, -360, 446, 247
8, 13, 32.474, -26.480, 30.202, 495.67, 578.98, 786.38, -48.00, -34.87, -5.81, -360, 446, 247
8, 13, 33.115, -29.527, 27.464, 844.73, 334.11, 899.78, -46.64, -14.79, -1.86, -335, 442, 237
8, 14, 34.769, -31.426, 24.509, 881.53, 208.25, 929.44, -22.10, 19.00, 2.24, -335, 442, 237
8, 12, 35.590, -31.712, 23.970, 714.72, 425.17, 899.48, -12.65, 36.16, 8.87, -335, 442, 237
8, 14, 36.260, -29.062, 24.980, 395.26, 616.09, 834.53, -19.10, 57.69, 44.85, -335, 442, 237
8, 13, 36.871, -26.539, 24.819, 333.07, 510.93, 852.11, -34.39, 43.62, 37.07, -335, 442, 237
8, 12, 37.422, -25.323, 22.292, 401.92, 320.50, 941.10, -41.68, 17.97, 9.45, -335, 442, 237
8, 13, 38.318, -25.713, 19.866, 516.24, 301.03, 982.85, -31.46, 21.34, 28.07, -335, 442, 237
8, 13, 38.949, -26.644, 18.394, 597.35, 309.88, 988.22, -26.60, 27.87, 29.60, -335, 442, 237
8, 13, 38.861, -25.906, 19.139, 472.11, 456.24, 938.84, -25.22, 34.64, 37.64, -335, 442, 237
8, 13, 39.002, -25.176, 19.568, 453.61, 440.19, 924.62, -28.16, 39.54, 44.20, -335, 442, 237
8, 13, 38.734, -24.651, 17.362, 429.50, 223.57, 953.67, -26.02, 23.82, 0.97, -335, 470, 240
8, 14, 37.954, -24.643, 16.131, 489.56, 215.82, 1013.37, -8.54, 22.33, -16.67, -335, 470, 240
8, 12, 36.878, -25.161, 16.661, 588.13, 301.39, 1016.42, 2.55, 32.16, -16.59, -335, 470, 240
8, 14, 35.199, -24.491, 18.904, 499.69, 465.52, 916.08, -3.30, 39.47, -22.27, -335, 470, 240
8, 13, 33.693, -23.705, 21.102, 487.06, 541.38, 879.70, -13.46, 42.14, -21.29, -335, 470, 240
8, 12, 32.342, -23.396, 22.674, 552.67, 566.28, 866.94, -29.75, 44.82, -27.94, -335, 470, 240
8, 14, 32.385, -20.752, 20.648, 308.96, 336.06, 1064.70, -42.11, 36.74, -22.19, -335, 470, 240
8, 13, 32.311, -21.789, 19.694, 512.27, 326.54, 992.19, -18.94, 13.31, -6.49, -335, 470, 240
8, 12, 32.832, -21.821, 17.698, 466.43, 225.34, 995.91, -15.73, 29.69, -5.52, -335, 470, 240
8, 13, 32.213, -19.621, 18.641, 282.04, 416.02, 978.94, -15.46, 32.33, 4.68, -316, 479, 242
8, 14, 32.088, -17.435, 18.951, 207.52, 393.25, 962.52, -18.97, 31.17, 17.97, -316, 479, 242
8, 13, 30.818, -16.848, 19.700, 251.16, 490.84, 971.31, -47.90, -8.28, -3.88, -316, 479, 242
8, 12, 30.092, -17.119, 20.472, 265.69, 556.46, 872.07, -67.29, -16.42, 21.32, -316, 479, 242
8, 14, 30.582, -20.387, 18.885, 580.26, 419.56, 944.64, -81.28, -24.73, 47.51, -316, 479, 242
8, 13, 31.217, -22.730, 17.531, 600.40, 449.22, 1032.90, -78.47, -14.14, 51.04, -316, 479, 242
8, 12, 31.567, -23.748, 16.810, 502.26, 450.99, 991.15, -77.66, -5.54, 46.46, -316, 479, 242
8, 14, 32.131, -25.647, 16.326, 618.77, 488.46, 905.03, -78.19, -1.46, 59.79, -316, 479, 242
8, 13, 32.521, -25.048, 16.887, 293.76, 510.19, 739.93, -79.38, 3.28, 73.26, -316, 479, 242
8, 12, 33.811, -23.870, 16.043, 170.41, 497.68, 861.39, -94.82, -12.51, 116.71, -293, 488, 220
8, 14, 36.514, -23.614, 13.550, 149.35, 316.83, 797.49, -98.65, -33.99, 168.83, -293, 488, 220
8, 14, 40.500, -22.991, 8.890, 78.55, 134.89, 1080.44, -90.38, -45.10, 193.41, -293, 488, 220
8, 12, 45.790, -24.765, 1.182, 214.17, -362.06, 929.63, -69.32, -72.90, 194.73, -293, 488, 220
8, 13, 50.572, -25.197, -3.783, 193.79, -441.47, 1307.92, -14.57, -73.46, 196.76, -293, 488, 220
8, 14, 56.167, -27.687, -9.090, 494.38, -926.82, 1176.03, 48.10, -76.73, 191.43, -293, 488, 220
8, 12, 60.590, -30.386, -12.178, 671.94, -1163.76, 1200.99, 119.35, -67.16, 136.47, -293, 488, 220
8, 13, 63.356, -33.126, -12.517, 810.85, -1061.71, 1241.76, 173.21, -48.85, 81.83, -293, 488, 220
8, 14, 62.028, -36.886, -7.116, 1064.51, -575.01, 1129.33, 246.09, -13.16, -11.50, -293, 488, 220
8, 13, 57.982, -38.726, 0.486, 889.10, -265.99, 1009.16, 249.99, 33.08, -84.23, -293, 488, 220
8, 12, 53.117, -38.998, 9.013, 828.67, -91.80, 894.65, 249.99, 61.05, -122.21, -349, 495, 237
8, 15, 46.455, -35.200, 19.796, 623.11, 268.49, 931.09, 249.99, 95.43, -165.47, -349, 495, 237
8, 13, 40.050, -30.387, 31.180, 676.51, 717.77, 883.00, 240.49, 124.68, -181.98, -349, 495, 237
8, 13, 35.627, -23.851, 40.486, 562.87, 1350.10, 901.12, 176.55, 146.89, -163.60, -349, 495, 237
8, 12, 33.318, -15.740, 44.326, -18.01, 1500.12, 997.62, 40.44, 131.30, -129.69, -349, 495, 237
8, 14, 31.901, -7.556, 45.042, -457.76, 1307.25, 900.27, -40.36, 102.62, -98.87, -349, 495, 237
8, 13, 29.869, -1.738, 41.553, -433.17, 876.89, 929.38, -135.57, 20.03, -81.19, -349, 495, 237
8, 12, 26.360, 0.613, 38.277, -119.93, 961.55, 787.41, -205.29, -44.78, -121.08, -349, 495, 237
8, 14, 22.952, -0.962, 32.104, 131.10, 458.07, 639.95, -232.25, -67.60, -129.59, -349, 495, 237
8, 12, 18.879, -1.244, 23.756, 3.42, 268.13, 645.51, -239.05, -94.49, -138.85, -335, 520, 237
8, 14, 16.571, -3.923, 15.350, 82.03, 73.55, 612.85, -228.74, -111.40, -98.34, -335, 520, 237
8, 14, 16.546, -11.423, 8.681, 711.06, 39.31, 857.42, -204.62, -115.94, -24.25, -335, 520, 237
8, 12, 18.093, -18.232, 4.645, 933.78, 149.54, 929.99, -143.86, -88.55, 33.52, -335, 520, 237
8, 13, 20.006, -23.506, 0.754, 1172.55, -15.69, 1147.46, -101.75, -57.40, 31.63, -335, 520, 237
8, 14, 20.323, -25.627, 1.483, 828.55, 289.73, 1082.28, -33.20, -5.70, 10.77, -335, 520, 237
8, 12, 20.774, -21.391, 2.282, 149.29, 173.46, 1040.47, -4.82, 40.86, 3.56, -335, 520, 237
8, 13, 21.526, -18.655, 0.051, 77.03, -102.29, 1029.66, -26.10, -13.57, -12.56, -335, 520, 237
8, 12, 23.355, -19.646, -4.035, 387.33, -653.08, 1138.06, 27.24, -47.67, -2.94, -335, 520, 237
8, 14, 25.225, -23.213, -4.476, 968.20, -481.99, 1117.92, 99.93, -24.18, 27.28, -335, 520, 237
8, 13, 27.433, -25.851, -2.117, 1200.38, -454.04, 1118.47, 191.84, 43.46, 50.90, -284, 486, 218
8, 14, 28.528, -27.164, 3.182, 1051.64, -114.26, 836.36, 249.99, 110.33, 35.26, -284, 486, 218
8, 13, 29.238, -27.149, 9.758, 858.76, 132.02, 773.62, 249.99, 141.62, 28.13, -284, 486, 218
8, 13, 28.288, -25.104, 18.167, 796.39, 405.15, 824.16, 249.99, 179.30, -36.33, -284, 486, 218
8, 13, 26.996, -20.195, 27.884, 598.08, 783.63, 880.25, 249.99, 209.57, -77.72, -284, 486, 218
8, 13, 27.263, -11.622, 36.653, -81.48, 1451.29, 910.64, 192.78, 227.47, -60.74, -284, 486, 218
8, 13, 28.632, -4.205, 40.824, -510.56, 1341.55, 838.01, 59.51, 164.55, -6.99, -284, 486, 218
8, 12, 29.158, 3.133, 41.130, -791.50, 752.93, 802.80, 3.44, 93.83, -4.82, -284, 486, 218
8, 14, 27.912, 7.104, 39.057, -455.63, 423.28, 776.37, -10.11, 3.69, -12.11, -284, 486, 218
8, 12, 26.677, 3.015, 36.296, 441.89, 359.19, 1037.66, 11.68, -0.92, -20.98, -372, 550, 208
8, 14, 26.776, 1.617, 36.063, 182.31, 618.41, 1000.61, 26.48, 40.62, -0.44, -372, 550, 208
8, 12, 27.996, 1.630, 37.625, 24.17, 780.76, 919.31, 24.02, 63.51, 42.28, -372, 550, 208
8, 14, 28.543, 0.550, 36.647, 53.22, 679.20, 987.79, -4.90, 33.66, 46.84, -372, 550, 208
8, 12, 28.983, -1.216, 34.737, 121.15, 582.03, 997.07, -22.97, 14.85, 52.41, -372, 550, 208
8, 13, 29.472, -2.420, 32.033, 118.84, 424.80, 1018.19, -19.07, 17.51, 49.18, -372, 550, 208
8, 13, 29.521, -0.687, 31.081, -182.37, 597.17, 1094.60, -10.58, 7.61, 40.73, -372, 550, 208
8, 13, 29.747, 2.307, 30.574, -515.81, 626.59, 1048.95, -18.84, -4.00, 52.77, -372, 550, 208
8, 12, 28.893, 4.520, 27.444, -841.25, 315.31, 1245.73, -42.05, -80.60, 50.19, -372, 550, 208
8, 14, 27.319, 5.074, 22.907, -828.74, -18.13, 1313.72, -40.64, -140.24, 41.66, -372, 550, 208
8, 12, 25.089, 2.912, 18.825, -658.14, -187.13, 1193.97, 13.73, -234.58, 25.55, -385, 538, 223
8, 14, 22.983, -1.488, 17.705, -183.90, -2.93, 982.12, 82.75, -250.00, -5.38, -385, 538, 223
8, 12, 20.567, -9.069, 22.069, 214.97, 340.27, 759.46, 129.60, -250.00, -31.08, -385, 538, 223
9, 7, 26.435, -15.897, 20.740, 260.93, 427.61, 1012.51, 5.58, 0.43, -2.50, -323, 493, 208
9, 24, 26.420, -17.755, 20.789, 367.74, 388.18, 1023.38, 0.76, -6.68, 5.57, -323, 493, 208
9, 13, 26.583, -18.464, 20.436, 382.32, 374.57, 1035.34, 1.37, -4.01, 4.17, -323, 493, 208
9, 12, 26.737, -17.914, 20.203, 334.59, 369.57, 1018.92, 1.84, -2.46, 5.75, -323, 493, 208
9, 14, 27.649, -17.283, 19.539, 314.33, 349.06, 1010.62, 1.46, -4.33, 6.73, -328, 481, 251
9, 14, 28.143, -17.097, 19.316, 326.60, 357.73, 1025.33, 2.21, -6.32, 3.99, -328, 481, 251
9, 12, 28.303, -18.158, 19.552, 400.57, 369.57, 1013.67, 3.99, -5.89, 2.09, -328, 481, 251
9, 14, 28.303, -19.287, 20.051, 455.81, 385.50, 990.91, 5.62, 0.33, -4.43, -328, 481, 251
9, 12, 28.171, -19.926, 21.062, 450.62, 431.76, 964.29, 4.97, 6.27, -6.80, -328, 481, 251
9, 13, 28.195, -19.879, 21.918, 413.39, 437.56, 966.67, 1.43, 12.66, -6.52, -328, 481, 251
9, 12, 28.405, -19.096, 22.416, 373.66, 433.72, 988.89, -1.06, 15.14, -5.59, -328, 481, 251
9, 14, 28.843, -17.755, 21.955, 333.80, 408.45, 1022.22, -4.44, 16.17, -3.36, -328, 481, 251
9, 12, 29.280, -17.002, 21.254, 332.34, 389.40, 1012.51, -6.27, 16.53, 1.28, -328, 481, 251
9, 13, 28.688, -16.242, 20.710, 315.67, 381.53, 1030.15, -6.97, 17.24, 1.53, -324, 499, 223
9, 15, 28.695, -14.386, 20.057, 192.75, 376.28, 1121.09, -6.76, 15.40, 7.24, -324, 499, 223
9, 12, 28.749, -12.690, 19.412, 141.78, 356.57, 1126.04, -3.95, 8.87, 14.70, -324, 499, 223
9, 13, 28.526, -12.041, 18.779, 189.82, 331.48, 1057.80, -0.91, -4.37, 17.96, -324, 499, 223
9, 13, 28.330, -13.443, 18.210, 286.56, 306.34, 1031.25, 0.79, -10.80, 16.24, -324, 499, 223
9, 13, 28.212, -15.500, 18.028, 413.64, 307.13, 1031.19, 3.92, -9.45, 11.80, -324, 499, 223
9, 12, 27.769, -16.955, 18.890, 412.41, 377.69, 1011.41, 8.96, -4.30, 2.29, -324, 499, 223
9, 14, 27.238, -17.520, 20.215, 368.84, 420.65, 999.02, 9.44, -1.87, -1.27, -324, 499, 223
9, 12, 26.713, -17.472, 21.626, 342.10, 459.23, 1001.83, 7.24, -1.65, -3.81, -324, 499, 223
9, 13, 26.389, -17.550, 22.608, 348.02, 448.61, 994.14, 4.10, -1.71, -3.28, -324, 499, 223
9, 12, 26.847, -18.087, 21.972, 372.62, 390.44, 1003.72, 0.05, -0.41, -2.86, -324, 492, 237
9, 15, 27.359, -18.181, 20.968, 363.40, 362.73, 1016.54, -0.34, 1.92, -1.82, -324, 492, 237
9, 12, 27.660, -18.023, 20.336, 354.86, 366.58, 1020.51, 0.17, 2.91, -2.95, -324, 492, 237
9, 13, 27.718, -18.199, 20.242, 367.55, 373.29, 1017.27, 0.02, 4.62, -3.67, -324, 492, 237
9, 14, 27.600, -18.464, 20.563, 384.58, 389.22, 1004.94, -0.95, 8.36, -6.88, -324, 492, 237
9, 12, 27.103, -18.887, 21.829, 440.12, 489.69, 961.43, -4.81, 12.26, -11.55, -324, 492, 237
9, 13, 26.703, -19.220, 22.896, 474.67, 531.92, 947.33, -16.26, 21.93, -13.18, -324, 492, 237
9, 13, 26.586, -19.169, 23.548, 443.85, 522.71, 941.16, -24.41, 28.24, -9.50, -324, 492, 237
9, 13, 26.761, -18.895, 23.289, 419.49, 467.71, 957.15, -35.00, 34.57, -11.08, -324, 492, 237
9, 13, 26.378, -18.336, 23.047, 399.84, 467.04, 969.18, -41.55, 37.93, -17.21, -310, 499, 227
9, 13, 27.088, -14.826, 18.622, 41.69, 70.07, 1830.51, -47.19, 36.47, -20.05, -310, 499, 227
9, 14, 26.529, -11.224, 18.597, -48.83, 366.64, 1019.23, -14.85, 23.35, -16.37, -310, 499, 227
9, 12, 26.136, -9.428, 17.279, 46.39, 263.98, 1014.10, -24.18, -0.18, -6.53, -310, 499, 227
9, 13, 25.612, -10.974, 16.841, 245.85, 329.65, 1052.31, -25.15, -20.00, 3.29, -310, 499, 227
9, 13, 25.722, -10.824, 17.638, 122.74, 425.17, 957.46, -29.17, -20.58, 33.15, -310, 499, 227
9, 13, 25.717, -11.562, 18.610, 171.63, 495.42, 965.33, -37.75, -33.50, 35.76, -310, 499, 227
9, 12, 25.945, -12.523, 18.905, 166.02, 467.04, 961.49, -50.76, -49.07, 48.87, -310, 499, 227
9, 14, 26.339, -15.157, 19.045, 313.54, 529.30, 986.08, -62.91, -63.98, 63.73, -310, 499, 227
9, 13, 28.118, -19.278, 17.069, 424.01, 391.17, 979.92, -79.70, -64.30, 106.10, -300, 495, 223
9, 13, 30.388, -22.301, 16.091, 372.86, 430.42, 855.83, -79.54, -60.69, 148.57, -300, 495, 223
9, 14, 33.295, -24.333, 14.532, 259.95, 319.70, 743.35, -77.12, -68.21, 178.69, -300, 495, 223
9, 13, 38.348, -26.790, 9.157, 394.41, 71.53, 1142.82, -58.36, -85.55, 204.65, -300, 495, 223
9, 12, 43.921, -29.803, 3.117, 482.85, -171.81, 1116.76, -39.19, -95.80, 201.29, -300, 495, 223
9, 13, 51.162, -33.399, -4.154, 600.10, -548.34, 927.31, 5.57, -89.91, 206.02, -300, 495, 223
9, 14, 57.324, -33.809, -7.933, 476.07, -500.85, 1241.09, 74.94, -70.05, 196.42, -300, 495, 223
9, 12, 62.349, -36.408, -10.899, 770.14, -707.46, 1094.18, 108.85, -65.35, 139.69, -300, 495, 223
9, 13, 64.955, -38.155, -10.737, 832.40, -757.02, 1200.93, 172.49, -35.08, 61.26, -300, 495, 223
9, 14, 65.857, -39.929, -8.250, 1040.28, -768.74, 1263.79, 219.76, -4.34, 12.04, -300, 495, 223
9, 13, 61.868, -42.008, -0.054, 1444.09, -365.66, 1206.60, 249.99, 51.55, -88.20, -328, 481, 237
9, 13, 52.788, -40.845, 13.686, 1424.50, 463.50, 888.61, 249.99, 159.08, -178.40, -328, 481, 237
9, 14, 44.838, -32.944, 27.395, 721.98, 796.14, 842.29, 249.99, 247.41, -211.96, -328, 481, 237
9, 13, 40.472, -21.248, 37.597, -33.87, 1194.70, 769.65, 193.63, 249.99, -180.72, -328, 481, 237
9, 13, 38.808, -8.483, 41.743, -997.56, 1315.37, 775.09, 59.35, 210.48, -128.67, -328, 481, 237
9, 13, 37.423, 1.868, 42.462, -1144.78, 1040.34, 811.71, -13.78, 129.87, -89.08, -328, 481, 237
9, 13, 34.258, 6.787, 41.326, -384.64, 871.89, 757.08, -79.73, 19.07, -102.90, -328, 481, 237
9, 13, 30.258, 10.560, 37.274, -396.18, 656.31, 898.07, -108.83, -26.05, -121.70, -328, 481, 237
9, 12, 25.771, 11.652, 31.918, -259.34, 502.32, 823.00, -134.67, -82.51, -122.08, -328, 481, 237
9, 14, 20.644, 8.693, 28.334, -56.34, 517.46, 712.16, -139.85, -131.94, -139.05, -323, 522, 225
9, 13, 16.953, 5.374, 26.768, -14.83, 649.11, 697.88, -145.10, -157.13, -121.80, -323, 522, 225
9, 13, 14.481, -1.285, 22.557, 285.77, 399.35, 824.95, -157.38, -172.13, -74.01, -323, 522, 225
9, 14, 14.163, -9.234, 18.016, 625.67, 279.60, 916.93, -150.04, -154.23, -12.15, -323, 522, 225
9, 12, 14.746, -17.817, 14.271, 1185.42, 257.93, 923.95, -130.47, -132.06, 5.97, -323, 522, 225
9, 13, 16.230, -23.801, 10.517, 1324.77, 36.74, 1122.01, -77.05, -69.08, -0.14, -323, 522, 225
9, 14, 17.203, -25.229, 11.020, 792.60, 444.76, 1112.00, -23.76, -0.35, 8.90, -323, 522, 225
9, 12, 19.601, -20.159, 8.829, 15.14, 70.98, 1037.90, -8.58, 44.86, 21.05, -323, 522, 225
9, 13, 21.584, -18.663, 3.280, 62.44, -442.44, 1032.23, -21.78, -37.59, -5.84, -323, 522, 225
9, 12, 23.365, -21.883, 0.584, 892.64, -535.22, 1156.43, 49.11, -23.65, 8.15, -323, 522, 225
9, 14, 25.193, -25.410, 2.617, 1689.82, -381.47, 1060.97, 164.37, 69.37, 28.53, -303, 502, 223
9, 14, 26.859, -26.314, 7.591, 1719.30, -105.59, 753.66, 246.35, 193.11, 29.76, -303, 502, 223
9, 12, 27.090, -21.634, 18.666, 542.30, 792.05, 603.52, 249.99, 249.99, 42.26, -303, 502, 223
9, 14, 28.086, -11.518, 27.757, -235.78, 815.55, 713.32, 218.06, 246.13, -5.93, -303, 502, 223
9, 13, 28.662, -1.933, 33.946, -610.90, 1047.18, 1015.26, 157.31, 199.62, -51.32, -303, 502, 223
9, 12, 29.315, 4.391, 37.280, -543.46, 1075.07, 1038.70, 62.38, 129.86, -20.94, -303, 502, 223
9, 14, 29.353, 8.548, 36.735, -372.62, 609.74, 970.21, 13.09, 80.62, -5.50, -303, 502, 223
9, 12, 29.312, 7.250, 35.172, 51.76, 562.93, 963.87, -18.08, 48.71, 17.88, -303, 502, 223
9, 13, 28.898, 5.566, 33.687, 151.79, 491.33, 976.07, -3.30, 43.50, 2.51, -303, 502, 223
9, 13, 28.029, 6.323, 31.552, -77.09, 388.06, 964.17, 10.71, 36.09, -12.40, -356, 541, 206
9, 14, 27.730, 4.583, 31.848, 164.67, 588.20, 1024.11, 25.32, 36.83, -2.72, -356, 541, 206
9, 12, 28.393, 4.096, 32.944, 62.32, 702.58, 1025.70, 20.39, 68.08, 23.09, -356, 541, 206
9, 13, 28.496, 4.312, 32.752, -76.11, 648.19, 997.80, -9.50, 39.03, 36.81, -356, 541, 206
9, 13, 28.105, 3.993, 31.238, -61.95, 549.80, 998.84, -16.01, 14.49, 25.12, -356, 541, 206
9, 13, 27.646, 4.095, 29.162, -98.51, 428.96, 1011.78, -12.74, 3.01, 19.30, -356, 541, 206
9, 12, 26.843, 3.283, 27.330, -31.62, 403.38, 1028.81, -5.24, -10.39, 6.48, -356, 541, 206
9, 13, 25.976, 2.160, 26.622, -23.80, 483.95, 1018.37, -2.24, -16.43, 6.63, -356, 541, 206
9, 13, 25.862, 3.106, 28.607, -281.31, 857.24, 1037.66, -6.66, -22.81, 19.77, -356, 541, 206
9, 12, 25.537, 4.015, 28.067, -273.86, 563.60, 1016.66, -25.46, -39.87, 24.59, -356, 541, 206
9, 14, 23.900, 4.416, 23.411, -394.84, 90.03, 1261.17, -29.77, -81.25, -0.40, -367, 570, 216
9, 13, 22.689, 4.900, 20.748, -749.15, 90.64, 1327.15, -0.87, -138.57, 20.47, -367, 570, 216
9, 13, 21.668, 3.821, 18.727, -672.06, 55.30, 1310.85, 23.51, -186.64, 33.69, -367, 570, 216
9, 12, 20.875, 1.374, 18.323, -505.25, 123.11, 1036.62, 56.27, -242.38, 46.88, -367, 570, 216
10, 7, 29.753, -16.045, 26.420, 294.07, 498.54, 1000.85, -1.45, 15.27, -10.00, -362, 497, 245
10, 25, 29.204, -14.201, 26.894, 270.45, 516.54, 989.93, -6.61, 10.12, -0.89, -360, 502, 237
10, 13, 29.257, -14.658, 26.282, 299.44, 473.75, 972.47, -9.74, 7.72, 5.78, -360, 502, 237
10, 14, 29.320, -15.234, 25.775, 315.67, 467.77, 974.91, -10.35, 6.90, 6.52, -360, 502, 237
10, 13, 29.313, -15.570, 25.297, 321.66, 472.78, 1002.56, -10.74, 6.71, 3.76, -360, 502, 237
10, 12, 29.457, -15.737, 24.431, 318.91, 451.35, 1012.02, -11.35, 7.29, 5.79, -360, 502, 237
10, 14, 29.671, -15.698, 23.274, 304.69, 414.37, 1000.92, -10.95, 6.55, 6.84, -360, 502, 237
10, 13, 29.727, -16.382, 22.650, 339.05, 401.92, 988.65, -8.70, 5.41, 5.03, -360, 502, 237
10, 12, 29.637, -17.214, 22.608, 386.41, 424.32, 999.27, -6.52, 7.01, 1.16, -360, 502, 237
10, 13, 29.343, -17.387, 23.267, 378.11, 475.34, 999.57, -6.13, 12.74, -3.87, -360, 502, 237
10, 13, 29.113, -16.820, 24.024, 329.47, 492.68, 986.33, -7.94, 15.34, -2.36, -360, 502, 237
10, 13, 28.811, -15.668, 24.705, 265.32, 485.35, 951.17, -9.71, 13.13, -0.28, -365, 511, 228
10, 13, 28.580, -15.691, 25.237, 300.90, 482.91, 923.28, -12.99, 7.68, 2.93, -365, 511, 228
10, 14, 28.501, -16.679, 25.379, 389.40, 487.24, 934.51, -15.72, 8.17, 3.18, -365, 511, 228
10, 12, 28.611, -17.729, 25.212, 442.99, 490.66, 975.52, -17.16, 13.42, 4.23, -365, 511, 228
10, 13, 28.790, -18.211, 25.093, 430.85, 501.40, 995.85, -17.87, 22.67, 3.70, -365, 511, 228
10, 14, 28.845, -16.917, 25.216, 323.85, 519.04, 1014.77, -18.84, 25.95, 2.06, -365, 511, 228
10, 12, 28.871, -15.267, 24.960, 263.06, 494.93, 997.99, -23.96, 24.89, 0.96, -365, 511, 228
10, 13, 28.847, -14.117, 24.183, 268.55, 458.92, 999.82, -26.43, 22.80, -0.05, -365, 511, 228
10, 14, 28.710, -14.632, 23.939, 346.44, 472.60, 975.10, -28.30, 21.45, -1.85, -365, 511, 228
10, 12, 28.243, -15.564, 23.984, 436.04, 509.40, 959.66, -33.62, 27.98, -8.78, -340, 511, 235
10, 14, 27.974, -16.196, 23.632, 454.65, 491.94, 973.63, -39.54, 36.86, -11.92, -340, 511, 235
10, 13, 28.403, -13.036, 21.034, 35.28, 256.47, 1181.09, -25.58, 30.84, -8.01, -340, 511, 235
10, 13, 28.185, -12.161, 18.902, 207.95, 215.03, 1042.60, -12.03, 17.71, -18.94, -340, 511, 235
10, 13, 27.761, -11.329, 17.165, 194.76, 207.46, 1036.44, -5.27, 15.72, -21.92, -340, 511, 235
10, 12, 27.322, -10.943, 15.940, 214.17, 226.20, 1070.31, 4.43, 12.52, -17.34, -340, 511, 235
10, 14, 26.334, -9.894, 16.439, 182.37, 305.73, 1068.60, 11.93, 9.50, -24.33, -340, 511, 235
10, 13, 25.487, -9.024, 19.155, 125.12, 576.23, 1032.84, 12.05, 3.92, -16.33, -340, 511, 235
10, 12, 24.900, -8.127, 20.944, 87.89, 571.78, 1047.73, -5.02, -5.87, -11.85, -340, 511, 235
10, 14, 24.681, -4.962, 21.173, -320.92, 472.66, 927.86, -29.26, -31.18, 4.62, -340, 511, 235
10, 12, 24.395, -3.678, 21.507, -287.11, 486.57, 793.46, -53.06, -92.55, 24.41, -342, 502, 233
10, 14, 24.044, -8.846, 21.838, 286.99, 480.71, 805.73, -50.85, -117.55, 29.35, -342, 502, 233
10, 13, 24.112, -16.043, 21.155, 627.69, 363.40, 742.31, -48.20, -117.83, 38.84, -342, 502, 233
10, 13, 25.020, -21.251, 19.356, 845.34, 367.74, 1217.53, -36.91, -88.00, 38.05, -342, 502, 233
10, 13, 26.745, -24.510, 16.934, 563.96, 220.83, 996.09, -25.90, -66.34, 43.06, -342, 502, 233
10, 13, 28.459, -26.807, 15.529, 523.62, 242.31, 926.64, -9.49, -48.36, 43.97, -342, 502, 233
10, 13, 29.337, -27.237, 16.206, 404.54, 301.94, 835.75, 1.50, -41.22, 44.08, -342, 502, 233
10, 13, 30.418, -28.398, 17.515, 481.93, 373.47, 877.01, 18.71, -38.93, 65.15, -342, 502, 233
10, 12, 32.744, -28.642, 17.065, 497.01, 297.18, 984.86, 32.49, -31.42, 79.57, -342, 502, 233
10, 14, 35.693, -29.398, 15.051, 609.86, 163.27, 1192.50, 41.69, -21.57, 72.04, -335, 478, 220
10, 14, 38.621, -30.783, 12.051, 671.94, -237.85, 1052.37, 68.97, -6.36, 40.73, -335, 478, 220
10, 13, 40.703, -31.996, 10.819, 819.64, -324.89, 1061.52, 121.85, 21.02, 8.88, -335, 478, 220
10, 13, 42.097, -32.001, 11.788, 900.57, -220.95, 1195.80, 171.47, 60.85, -3.52, -335, 478, 220
10, 13, 41.885, -31.360, 16.414, 949.71, 86.61, 1054.08, 220.54, 120.15, -26.20, -335, 478, 220
10, 13, 40.185, -27.242, 24.008, 596.25, 441.83, 961.00, 226.65, 165.05, -47.83, -335, 478, 220
10, 12, 38.334, -20.025, 32.616, 221.37, 987.37, 901.00, 196.50, 196.18, -64.71, -335, 478, 220
10, 14, 37.356, -10.836, 38.144, -474.85, 1152.47, 920.04, 120.45, 163.67, -58.36, -335, 478, 220
10, 13, 36.874, -2.878, 41.220, -729.98, 1025.94, 894.47, 73.03, 109.92, -25.25, -335, 478, 220
10, 12, 36.559, 0.436, 41.753, -294.43, 943.36, 989.32, 10.73, 41.28, 27.92, -415, 525, 225
10, 15, 35.409, -0.505, 39.622, 104.19, 839.72, 1133.42, -34.23, 9.00, 14.11, -415, 525, 225
10, 13, 33.830, -0.553, 36.892, 43.21, 758.73, 1095.21, -58.64, 2.26, -10.00, -415, 525, 225
10, 12, 31.500, 1.260, 35.310, -173.22, 778.02, 930.11, -88.01, -31.97, -45.98, -415, 525, 225
10, 14, 28.391, 2.174, 33.195, -114.26, 704.47, 919.49, -104.61, -63.33, -81.94, -415, 525, 225
10, 12, 25.016, -0.059, 30.745, 76.11, 613.28, 809.63, -132.98, -103.82, -99.35, -415, 525, 225
10, 13, 21.858, -2.340, 28.818, 82.09, 595.89, 739.69, -146.03, -123.05, -103.39, -415, 525, 225
10, 14, 19.610, -7.531, 27.959, 288.45, 547.36, 522.03, -146.93, -141.20, -63.56, -415, 525, 225
10, 12, 19.548, -15.680, 25.065, 950.20, 386.96, 758.36, -114.59, -122.47, -1.69, -415, 525, 225
10, 13, 20.705, -22.746, 21.870, 1279.48, 288.21, 962.34, -85.98, -89.55, 13.26, -415, 525, 225
10, 13, 22.971, -25.683, 18.274, 904.66, 138.12, 1079.22, -31.67, -7.55, 4.31, -319, 486, 239
10, 14, 23.954, -21.329, 17.845, 93.26, 323.97, 1001.40, -0.40, 27.98, -8.75, -319, 486, 239
10, 13, 24.296, -17.379, 18.309, -27.59, 403.99, 981.45, -4.30, 5.98, -3.07, -319, 486, 239
10, 13, 26.311, -17.444, 16.012, 280.33, 180.24, 980.47, -4.78, -9.62, 44.13, -319, 486, 239
10, 13, 29.032, -23.203, 12.452, 1233.83, -331.42, 999.45, 13.08, -26.31, 61.61, -319, 486, 239
10, 13, 31.667, -26.202, 12.494, 1434.20, -134.89, 1074.71, 109.00, 74.26, 49.73, -319, 486, 239
10, 13, 34.374, -26.889, 14.883, 1400.15, -100.52, 849.49, 193.41, 185.49, 33.72, -319, 486, 239
10, 14, 35.345, -23.724, 23.040, 695.68, 585.21, 631.29, 221.79, 247.37, 33.10, -319, 486, 239
10, 12, 35.657, -13.679, 31.601, -255.07, 1112.06, 844.60, 194.42, 249.99, -20.13, -319, 486, 239
10, 13, 35.897, -4.135, 38.183, -542.54, 1220.21, 782.41, 117.07, 188.45, -28.11, -377, 541, 233
10, 15, 36.530, 3.164, 40.819, -649.66, 976.93, 923.28, 65.55, 141.39, -2.90, -377, 541, 233
10, 12, 36.275, 6.834, 39.787, -382.32, 657.71, 1008.91, 13.60, 71.85, 18.46, -377, 541, 233
10, 13, 35.318, 9.262, 36.968, -353.39, 430.11, 1033.02, -1.58, 37.83, 16.73, -377, 541, 233
10, 12, 33.406, 7.374, 33.121, 77.45, 225.71, 1015.56, 0.15, -4.37, -2.62, -377, 541, 233
10, 14, 32.362, 4.990, 32.310, 161.07, 474.85, 989.38, 21.13, 11.28, 3.34, -377, 541, 233
10, 12, 32.475, 2.877, 33.959, 185.79, 790.22, 959.66, 15.61, 29.84, 32.75, -377, 541, 233
10, 13, 32.334, 0.798, 34.165, 197.45, 688.11, 971.74, -1.77, 28.10, 27.98, -377, 541, 233
10, 13, 31.477, 0.379, 33.555, 34.48, 613.46, 967.29, -2.56, 23.42, 12.95, -377, 541, 233
10, 13, 30.425, -0.395, 32.714, 58.78, 583.62, 973.02, -4.83, 7.90, 1.63, -377, 541, 233
10, 12, 29.144, 0.814, 31.729, -64.51, 554.87, 966.74, -5.04, 3.59, -3.92, -408, 578, 208
10, 14, 28.206, 2.154, 31.479, -153.56, 584.90, 957.70, -5.60, -12.04, 1.26, -408, 578, 208
10, 13, 27.640, 2.840, 31.358, -176.94, 640.99, 1013.24, -11.56, -26.47, 19.89, -408, 578, 208
10, 12, 27.159, 4.015, 29.840, -343.26, 479.13, 1004.27, -19.91, -48.48, 31.23, -408, 578, 208
10, 13, 26.068, 3.445, 25.361, -302.49, -1.10, 1302.98, -4.50, -82.59, 23.53, -408, 578, 208
10, 13, 25.291, 3.307, 22.420, -477.78, 7.57, 1305.79, 25.57, -108.96, 33.52, -408, 578, 208
10, 13, 25.022, 2.090, 21.438, -434.08, 88.62, 1143.25, 69.76, -153.33, 61.95, -408, 578, 208
10, 13, 25.068, -0.118, 21.459, -387.51, 97.90, 993.47, 97.69, -198.34, 86.40, -408, 578, 208
10, 13, 25.006, -4.329, 23.034, -105.77, 216.13, 772.52, 115.08, -222.50, 90.47, -408, 578, 208
10, 13, 24.915, -16.220, 26.995, 541.02, 273.99, 575.20, 137.50, -238.75, 76.32, -425, 501, 232
10, 14, 23.201, -25.982, 32.418, 958.86, 388.31, 557.13, 160.36, -206.07, 12.41, -425, 501, 232
10, 13, 20.036, -32.092, 40.850, 1135.62, 955.57, 520.32, 159.61, -165.38, -9.02, -425, 501, 232
10, 13, 17.290, -34.897, 48.435, 1032.29, 1144.23, 532.41, 124.69, -110.24, -15.30, -425, 501, 232
