1, 8, 55.150, -34.107, -14.485, 1814.76, -48.40, 1691.41, 7.90, 39.75, -231.14, -0.80277, -0.06532, 0.30805, -0.50636
1, 25, 42.374, -29.642, -14.304, 134.09, -117.98, 171.63, -20.55, 152.34, -250.00, -0.86124, -0.01331, 0.28058, -0.42351
1, 16, 34.780, -21.743, -13.943, -98.08, -367.55, 632.81, -3.18, 88.30, -250.00, -0.89792, 0.03164, 0.21967, -0.38012
1, 16, 27.616, -25.795, -11.076, 573.97, -130.80, 601.93, 6.06, 33.06, -227.43, -0.91516, 0.00944, 0.24107, -0.32293
1, 16, 21.877, -27.187, -4.560, 510.19, 213.87, 721.01, 22.16, 2.18, -154.82, -0.92739, -0.03514, 0.23540, -0.28862
1, 15, 19.277, -30.107, -0.794, 941.41, 215.82, 750.31, 32.78, 1.56, -111.99, -0.92622, -0.06751, 0.25087, -0.27316
1, 15, 17.965, -30.427, 4.457, 684.33, 531.37, 675.11, 15.52, 6.52, -39.45, -0.92462, -0.10785, 0.24194, -0.27369
1, 16, 20.059, -26.612, 7.884, 85.82, 574.89, 678.71, -14.29, -41.57, 66.58, -0.92417, -0.13086, 0.20017, -0.29785
1, 15, 25.576, -28.021, 8.200, 272.28, 461.79, 565.80, -57.01, -99.20, 174.38, -0.90536, -0.14667, 0.20399, -0.34234
1, 15, 35.587, -35.181, 0.658, 927.31, 210.14, 627.99, -114.89, -113.93, 249.99, -0.86533, -0.13123, 0.27229, -0.39980
1, 16, 48.898, -38.974, -13.570, 1081.73, -230.35, 781.49, -153.95, -78.40, 249.99, -0.81996, -0.07722, 0.34084, -0.45336
1, 16, 59.552, -37.158, -25.232, 1073.49, -449.16, 980.71, -135.88, 3.14, 249.99, -0.78344, -0.01966, 0.37302, -0.49668
1, 15, 66.389, -31.448, -31.218, 829.16, -577.39, 1096.25, -63.78, 69.82, 249.99, -0.75616, 0.03003, 0.36648, -0.54131
1, 17, 68.997, -24.121, -31.775, 49.50, -627.69, 1485.23, -37.99, 38.81, 172.54, -0.74337, 0.06791, 0.32778, -0.57909
1, 15, 70.508, -26.053, -34.057, 647.64, -1472.66, 1206.48, 31.12, -37.38, 22.12, -0.73490, 0.06687, 0.35125, -0.57626
1, 16, 69.273, -26.642, -30.653, 457.70, -1548.65, 1217.35, 191.31, 2.40, -64.33, -0.74287, 0.04518, 0.33689, -0.57672
1, 15, 63.697, -30.354, -24.981, 530.58, -1187.87, 694.40, 249.99, 18.92, -231.17, -0.77032, 0.00281, 0.32999, -0.54562
1, 15, 60.553, -31.403, -20.866, 249.33, -582.76, 353.33, 249.99, 29.25, -174.67, -0.78398, -0.02192, 0.31740, -0.53306
1, 16, 45.218, -32.056, 1.943, 282.10, 612.98, 728.33, 221.92, 7.00, -250.00, -0.83402, -0.15016, 0.23223, -0.47742
1, 16, 36.470, -29.795, 11.499, 757.75, 260.13, 1247.31, 115.58, 13.71, -250.00, -0.85954, -0.19630, 0.19045, -0.43173
1, 15, 29.122, -29.001, 18.324, 1306.46, 564.27, 923.52, 41.92, 73.20, -250.00, -0.87494, -0.23390, 0.17366, -0.38680
2, 8, 54.448, -27.350, -13.617, -187.50, -437.87, 182.74, -16.85, 79.80, -250.00, -0.81441, -0.03633, 0.25895, -0.51804
2, 27, 39.541, -35.989, 2.824, 1047.24, 289.73, 708.07, 77.42, 4.07, -186.59, -0.84622, -0.15956, 0.26545, -0.43358
2, 15, 33.444, -34.306, 13.476, 643.92, 668.88, 669.01, 74.68, 20.37, -115.75, -0.85554, -0.22008, 0.22342, -0.41194
2, 15, 30.917, -31.340, 22.427, 628.66, 1125.49, 765.44, 67.35, 28.45, -40.76, -0.85347, -0.27395, 0.17380, -0.40785
2, 16, 30.363, -25.921, 28.047, 62.93, 644.29, 551.76, 32.39, -0.27, -20.04, -0.85570, -0.30062, 0.11286, -0.40579
2, 15, 32.125, -22.391, 29.362, -78.86, 567.57, 709.59, 0.02, -67.76, 51.65, -0.85455, -0.30219, 0.07594, -0.41552
2, 16, 35.081, -26.779, 27.309, 391.66, 389.40, 746.46, -26.32, -131.84, 86.09, -0.83799, -0.30218, 0.10984, -0.44090
2, 15, 40.958, -35.718, 23.393, 784.67, 465.76, 689.58, -73.68, -143.87, 221.50, -0.79905, -0.30945, 0.17793, -0.48383
2, 15, 52.607, -42.985, 11.390, 1176.70, 46.45, 931.82, -107.52, -107.41, 223.67, -0.75480, -0.27690, 0.25448, -0.53744
2, 17, 65.526, -35.621, -2.311, 268.31, -499.76, 1999.94, -101.04, 54.38, 228.50, -0.73671, -0.18041, 0.24766, -0.60281
2, 15, 66.186, -29.429, -1.212, 20.32, 222.11, 937.07, -28.76, 24.12, 74.78, -0.74268, -0.15540, 0.20116, -0.61952
2, 15, 71.221, -32.196, -5.827, 1050.35, -226.68, 1328.00, -26.60, -11.61, 143.92, -0.71686, -0.15112, 0.23713, -0.63800
2, 16, 78.742, -31.963, -12.122, 1010.86, -927.67, 1333.56, 54.76, 37.30, 160.58, -0.68182, -0.12768, 0.26261, -0.67071
2, 16, 81.492, -31.591, -11.705, 1213.44, -978.03, 1134.03, 189.67, 121.19, 57.42, -0.66540, -0.13401, 0.25494, -0.68869
3, 7, 0.994, -33.526, 25.731, 850.04, 989.99, 420.35, -33.72, 21.16, 22.60, -0.91743, -0.24763, 0.25138, -0.18387
3, 27, 15.282, -15.521, 12.134, 221.80, 716.37, 1999.94, -139.60, 125.36, 31.74, -0.95015, -0.13509, 0.10368, -0.26119
3, 16, 14.922, -11.839, -0.225, -12.27, -561.28, 871.40, -163.12, -33.40, -168.53, -0.96364, -0.02369, 0.10039, -0.24651
3, 15, 11.032, -16.231, -8.193, 1142.03, -808.04, 1156.07, -110.60, -23.63, -250.00, -0.96653, 0.03879, 0.15272, -0.20246
3, 16, 5.993, -18.268, -10.115, 912.11, -113.40, 1754.46, -91.34, -4.62, -250.00, -0.97125, 0.05856, 0.17073, -0.15524
3, 15, 1.290, -13.851, -19.548, 267.82, -860.78, 1118.71, -158.84, 118.15, -250.00, -0.97251, 0.15146, 0.13993, -0.10816
3, 15, -2.280, -15.922, -30.495, 139.77, -688.23, 429.81, -148.68, -26.65, -250.00, -0.95433, 0.24573, 0.15909, -0.05966
3, 16, -9.642, -24.973, -26.209, 1178.28, 147.28, 865.05, -15.33, 11.16, -250.00, -0.95207, 0.21358, 0.21847, 0.01449
3, 15, -13.977, -23.547, -26.700, 437.38, -444.40, 868.65, 19.92, 58.54, -201.79, -0.95243, 0.22635, 0.19818, 0.04858
3, 17, -18.246, -26.006, -15.735, 504.58, 824.77, 536.44, 109.96, 6.16, -86.72, -0.96327, 0.14192, 0.21754, 0.06822
3, 15, -18.828, -25.195, -8.841, 741.46, 1210.02, 930.54, 56.84, 21.36, -20.86, -0.97135, 0.08469, 0.21395, 0.05948
3, 15, -15.926, -21.833, -6.267, 186.77, 245.67, 482.67, 39.20, -2.40, 3.98, -0.98008, 0.05717, 0.18807, 0.02854
3, 16, -7.161, -19.297, -3.203, 210.27, 782.41, 862.49, 56.53, -52.76, 202.33, -0.98409, 0.01781, 0.16885, -0.05239
3, 15, 2.719, -21.450, -1.335, 583.56, 1078.86, 758.48, -7.50, -96.30, 249.99, -0.97259, -0.01540, 0.18580, -0.13899
3, 15, 12.668, -25.494, -6.442, 974.24, 395.94, 932.80, -98.46, -94.19, 209.04, -0.95079, 0.00292, 0.22699, -0.21086
3, 16, 21.581, -26.547, -13.375, 1209.96, 56.95, 1138.98, -114.52, -11.41, 191.43, -0.92907, 0.03869, 0.25170, -0.26827
3, 15, 24.595, -18.204, -16.346, -2.99, -270.75, 1278.44, -43.69, 36.46, 48.62, -0.93042, 0.08108, 0.19404, -0.30015
3, 16, 24.668, -22.433, -17.511, 1066.53, -386.90, 1299.01, -13.84, -39.87, -52.43, -0.92511, 0.07765, 0.23070, -0.29141
3, 16, 24.816, -22.066, -17.307, 1194.34, -624.33, 1442.26, 65.74, 83.77, -31.06, -0.92529, 0.07682, 0.22738, -0.29367
3, 15, 25.167, -20.012, -14.292, 1174.32, -599.73, 1217.90, 174.81, 163.71, -8.98, -0.92840, 0.05798, 0.20339, -0.30554
3, 16, 23.061, -16.688, -11.637, 371.89, -403.32, 418.33, 237.81, 196.01, -126.43, -0.93848, 0.04951, 0.16867, -0.29724
3, 16, 16.461, -5.221, -3.427, -274.54, 2.38, 510.68, 203.19, 135.65, -250.00, -0.96426, 0.01695, 0.05175, -0.25932
3, 14, 10.794, -5.113, 6.281, 666.08, 977.05, 1051.70, 136.57, 88.00, -250.00, -0.97410, -0.06296, 0.03186, -0.21484
3, 16, 7.319, -2.632, 12.122, 296.39, 583.92, 894.53, 87.08, 72.81, -250.00, -0.97687, -0.10796, 0.00310, -0.18456
3, 15, 5.721, 0.679, 15.906, 228.27, 625.49, 923.22, 41.74, 66.83, -250.00, -0.97617, -0.13536, -0.02924, -0.16709
3, 16, 3.390, 10.444, 11.439, -737.37, -61.16, 758.67, -7.92, -4.96, -250.00, -0.98112, -0.08459, -0.10437, -0.13912
4, 7, 87.334, -40.331, -2.000, -898.07, 64.27, 1999.94, -193.42, 171.68, 249.99, -0.60079, -0.25581, 0.23158, -0.72109
4, 27, 92.238, -43.665, -21.701, 860.17, -1369.81, 1576.97, -165.51, -119.84, -55.10, -0.60435, -0.18665, 0.35931, -0.68617
4, 15, 83.828, -43.152, -20.847, 1401.55, -1108.83, 1508.79, -89.82, 68.34, -250.00, -0.65233, -0.16139, 0.36477, -0.64449
4, 15, 74.201, -36.210, -16.316, 102.54, -665.95, 1345.46, -27.17, 91.00, -250.00, -0.70743, -0.11667, 0.31497, -0.62187
4, 16, 65.535, -30.569, -14.700, 199.46, -584.72, 1089.97, -36.32, 108.54, -250.00, -0.75796, -0.07190, 0.28003, -0.58473
4, 15, 59.067, -27.234, -16.748, 116.21, -691.59, 678.89, -11.52, 72.40, -250.00, -0.79396, -0.02445, 0.27145, -0.54346
4, 15, 48.638, -34.108, -5.309, 937.87, 521.91, 432.43, 36.13, 25.19, -172.58, -0.82375, -0.11398, 0.27348, -0.48338
4, 17, 50.698, -35.446, -6.691, 559.20, -171.51, 516.85, 42.47, 3.42, -8.49, -0.81371, -0.11515, 0.28668, -0.49238
4, 15, 49.114, -35.370, 1.640, 482.60, 532.47, 645.14, 69.37, -21.61, 53.50, -0.81036, -0.17015, 0.25199, -0.50086
4, 15, 50.428, -32.616, 6.729, 10.31, 500.98, 745.73, 43.33, -99.20, 109.47, -0.80275, -0.19673, 0.20748, -0.52330
4, 16, 52.180, -35.892, 10.252, 323.43, 508.85, 673.71, 3.73, -170.90, 144.00, -0.77978, -0.23839, 0.21112, -0.53902
4, 15, 59.469, -43.964, 6.300, 1127.69, 505.49, 804.99, -62.46, -171.17, 249.99, -0.73073, -0.26390, 0.26951, -0.56900
4, 16, 72.298, -48.563, -6.269, 1842.35, -126.16, 952.51, -102.62, -70.11, 249.99, -0.68048, -0.24386, 0.33408, -0.60487
4, 15, 85.659, -45.975, -18.348, 1700.26, -619.32, 713.56, -24.24, 114.81, 249.99, -0.63496, -0.19929, 0.36120, -0.65318
4, 16, 79.278, -32.408, -5.382, -1360.47, 1999.94, 1425.96, 76.54, 230.86, 72.59, -0.66931, -0.17132, 0.22446, -0.68723
4, 17, 80.781, -38.447, -12.475, 1590.76, -2000.00, 1343.63, -13.66, -83.42, -67.90, -0.66295, -0.17092, 0.29739, -0.66546
4, 15, 80.261, -37.206, -11.058, 926.09, -2000.00, 830.75, 249.73, 108.99, -138.31, -0.66548, -0.17010, 0.28325, -0.66931
4, 15, 69.074, -36.345, 3.591, 410.03, -35.83, 506.96, 249.99, 109.88, -239.72, -0.70547, -0.22862, 0.21399, -0.63581
4, 16, 56.517, -24.459, 23.387, -125.85, 558.53, 424.19, 249.99, 182.55, -250.00, -0.75770, -0.28139, 0.05552, -0.58620
4, 15, 47.500, -13.938, 35.644, -252.01, 1008.85, 854.92, 182.37, 75.22, -250.00, -0.79403, -0.32025, -0.05550, -0.51369
4, 15, 41.023, -10.190, 36.422, 320.07, 407.90, 901.61, 68.57, 34.84, -250.00, -0.82715, -0.31517, -0.06842, -0.46023
4, 16, 34.738, -8.431, 40.468, 946.29, 1551.94, 1020.20, -3.04, 26.99, -247.35, -0.84261, -0.34278, -0.07889, -0.40779
4, 15, 31.216, 4.006, 31.031, -579.53, -375.00, 757.08, -60.89, 26.57, -250.00, -0.89320, -0.23408, -0.13345, -0.36000
4, 17, 27.971, 4.388, 33.772, 6.10, 1757.26, 743.59, -88.64, -81.63, -189.37, -0.89732, -0.25812, -0.13770, -0.33049
4, 15, 22.005, 1.347, 30.001, 114.07, 524.66, 821.78, -98.10, -197.84, -250.00, -0.92003, -0.24278, -0.09037, -0.29401
4, 15, 23.270, -6.602, 23.289, 920.78, 231.57, 1259.34, -115.64, -117.43, -37.19, -0.92338, -0.20898, -0.01058, -0.32185
4, 16, 27.845, -12.108, 16.784, 637.82, 132.32, 1410.34, -83.77, -100.14, 59.85, -0.91405, -0.17274, 0.04593, -0.36409
4, 15, 35.064, -13.589, 15.777, 133.73, 489.38, 1011.35, -38.86, -79.73, 187.03, -0.88879, -0.17255, 0.05032, -0.42160
5, 8, 62.257, -22.579, -4.630, 63.60, -359.74, 1111.57, -19.51, -6.13, -194.77, -0.77670, -0.08930, 0.17848, -0.59741
5, 26, 51.792, -21.732, -16.955, 196.11, -793.64, 995.42, -146.39, 14.79, -221.86, -0.83157, 0.02071, 0.23515, -0.50277
5, 16, 44.807, -27.268, -9.170, 725.95, 797.73, 684.14, -73.30, -11.79, -90.89, -0.85398, -0.04725, 0.24292, -0.45769
5, 15, 43.141, -24.639, -17.740, 129.88, -1363.10, 950.50, -95.33, 16.19, -160.44, -0.86423, 0.03193, 0.25713, -0.43124
5, 15, 39.904, -29.704, -16.585, 790.34, -371.15, 859.56, 22.10, -40.22, -132.03, -0.87005, 0.00981, 0.28927, -0.39905
5, 16, 36.041, -28.973, -9.096, 533.87, 15.93, 941.59, 102.42, 17.00, -85.39, -0.88365, -0.03545, 0.25849, -0.38869
5, 15, 33.388, -28.633, -0.431, 538.02, 558.17, 991.39, 82.36, -19.56, -23.81, -0.88831, -0.09563, 0.22806, -0.38697
5, 16, 34.106, -26.312, 5.524, 261.47, 648.68, 856.69, 34.42, -19.87, 66.64, -0.88441, -0.13518, 0.18871, -0.40489
5, 15, 39.690, -23.830, 6.753, 83.62, 430.05, 900.88, 1.51, -84.75, 144.46, -0.86679, -0.14421, 0.15812, -0.45042
5, 16, 45.627, -31.022, 6.928, 1105.90, 695.01, 650.76, -40.90, -96.57, 203.58, -0.82734, -0.18288, 0.20298, -0.49077
5, 16, 54.746, -36.021, 1.662, 940.06, 280.15, 666.32, -78.35, -55.37, 249.99, -0.78326, -0.18550, 0.24771, -0.53919
5, 15, 65.954, -37.268, -7.797, 1117.49, -124.15, 1068.60, -80.41, -17.59, 249.99, -0.73944, -0.15495, 0.28595, -0.58945
5, 15, 70.454, -30.052, -9.287, 194.76, 163.51, 1480.10, -43.01, 40.19, 173.74, -0.72803, -0.11534, 0.24410, -0.63015
5, 16, 70.431, -23.817, -7.626, -180.66, 278.32, 941.28, -70.02, 13.02, 82.18, -0.73343, -0.08981, 0.19637, -0.64456
5, 15, 68.759, -27.333, -12.614, 1073.91, -1043.52, 1544.43, -59.03, -24.06, -89.13, -0.74293, -0.07472, 0.24690, -0.61767
5, 16, 61.308, -28.589, -11.033, 1043.88, -1121.89, 1678.53, 62.77, 60.05, -218.08, -0.77914, -0.07594, 0.25161, -0.56909
5, 17, 58.378, -28.674, -8.093, 1749.63, -2000.00, 954.35, 245.33, 160.94, -140.59, -0.79128, -0.09025, 0.23988, -0.55515
5, 15, 47.537, -13.935, 10.418, -902.53, 869.08, 292.85, 249.99, 249.99, -224.27, -0.84464, -0.13913, 0.05794, -0.51369
5, 16, 39.526, -1.358, 20.739, -867.19, 551.27, 432.86, 162.16, 71.50, -250.00, -0.87805, -0.16607, -0.07035, -0.44329
5, 15, 33.527, -6.036, 19.640, 1061.77, -243.65, 1003.78, 90.58, 1.30, -220.15, -0.89764, -0.17682, -0.02084, -0.40316
5, 15, 31.255, -6.713, 22.778, 531.13, 315.49, 924.32, 111.40, 70.81, -141.69, -0.89952, -0.20408, -0.02251, -0.38562
5, 16, 28.913, -3.280, 28.173, 126.77, 764.34, 958.56, 78.66, 47.23, -151.72, -0.90042, -0.23669, -0.06275, -0.35956
5, 15, 27.058, 1.686, 35.008, -474.49, 1995.67, 773.93, 22.04, 8.25, -139.76, -0.89516, -0.27692, -0.11812, -0.32870
5, 15, 26.110, 7.036, 29.557, -510.99, 343.38, 611.45, -137.21, -107.64, -91.13, -0.91250, -0.21906, -0.14266, -0.31466
5, 17, 27.618, 1.065, 31.103, 38.64, 1320.86, 424.07, -158.64, -190.38, 27.42, -0.90199, -0.24760, -0.10317, -0.33833
5, 15, 33.002, -11.268, 19.112, 822.02, -314.70, 909.97, -185.88, -175.54, 159.74, -0.89417, -0.19007, 0.02323, -0.40472
6, 9, 35.668, -22.605, 47.278, 783.81, 1195.86, 352.11, -69.02, -80.57, 74.39, -0.78303, -0.43224, -0.00145, -0.44724
6, 25, 45.660, -34.484, 36.077, 1520.81, 1040.89, 641.11, -188.08, 63.15, 190.37, -0.74307, -0.39658, 0.09808, -0.53005
6, 16, 49.963, -26.491, 22.235, -369.45, -742.37, 1170.90, -144.65, 71.87, -71.30, -0.78771, -0.27812, 0.09177, -0.54198
6, 16, 45.446, -23.094, 19.196, 474.91, 332.40, 1278.81, -97.66, 0.88, -153.27, -0.82328, -0.23957, 0.09083, -0.50652
6, 16, 38.998, -19.195, 16.181, 552.67, 336.73, 1526.79, -123.74, 17.36, -250.00, -0.86396, -0.19769, 0.08615, -0.45505
6, 16, 30.818, -21.324, 18.875, 1278.63, 1109.13, 1029.79, -130.23, -25.28, -250.00, -0.88536, -0.21836, 0.10768, -0.39607
6, 15, 28.506, -13.118, 5.313, 79.71, -970.21, 1343.69, -213.21, 110.21, -250.00, -0.92361, -0.08412, 0.08980, -0.36305
6, 15, 24.368, -11.501, -8.634, 165.77, -1252.81, 759.58, -191.57, 12.63, -248.25, -0.94008, 0.03811, 0.11891, -0.31726
6, 16, 25.341, -13.025, -16.372, 359.31, -1640.08, 648.13, 39.96, -37.70, -75.12, -0.93202, 0.09569, 0.15316, -0.31420
6, 15, 24.703, -17.996, -11.420, 1167.91, 55.36, 896.42, 108.15, 40.11, -19.10, -0.93297, 0.04146, 0.17932, -0.30935
6, 16, 25.468, -9.369, -5.779, -724.73, 231.75, 1148.86, 109.41, 8.48, 2.20, -0.93890, 0.01991, 0.09371, -0.33059
6, 15, 27.906, -5.631, 3.142, -519.29, 567.08, 888.37, 132.58, -94.41, 51.07, -0.93254, -0.04307, 0.03613, -0.35666
6, 16, 31.485, -13.342, 14.043, 324.40, 961.49, 260.44, 106.33, -178.43, 145.64, -0.90433, -0.15645, 0.05967, -0.39261
6, 16, 36.973, -25.050, 19.225, 1062.99, 1202.64, 333.25, 23.04, -188.10, 249.99, -0.85403, -0.23894, 0.12328, -0.44536
6, 15, 44.035, -35.425, 17.196, 1483.95, 754.09, 622.38, -50.01, -123.98, 249.99, -0.80246, -0.27012, 0.19445, -0.49526
6, 15, 53.701, -39.371, 10.703, 1862.85, 673.40, 1102.05, -83.82, 24.57, 249.99, -0.76200, -0.25935, 0.23008, -0.54695
6, 16, 60.776, -24.804, 6.491, -1232.12, 928.16, 1999.94, -79.83, 207.78, 202.47, -0.76842, -0.17390, 0.13710, -0.60041
6, 15, 61.149, -18.521, 0.530, -307.50, -335.94, 938.66, -63.03, 18.10, -8.58, -0.78282, -0.10153, 0.12493, -0.60106
6, 15, 61.349, -23.474, -1.311, 1999.94, -1157.04, 1364.99, 79.09, 56.16, -1.06, -0.77736, -0.11516, 0.16804, -0.59516
6, 16, 59.591, -23.914, 1.900, 1999.94, -1065.61, 1132.69, 211.88, 214.34, -61.04, -0.78226, -0.13679, 0.15641, -0.58727
6, 17, 53.914, -23.191, 8.640, 661.74, -219.30, 330.44, 249.99, 249.99, -192.70, -0.80274, -0.17294, 0.12533, -0.55678
6, 16, 46.586, -4.813, 21.307, -1155.09, 621.95, 526.55, 230.81, 249.99, -250.00, -0.84479, -0.18040, -0.05723, -0.50052
6, 15, 40.979, 5.709, 30.851, -412.54, 1395.81, 696.66, 98.99, 166.90, -250.00, -0.86095, -0.21379, -0.16483, -0.43116
6, 15, 36.929, 15.502, 31.691, -771.36, 1014.89, 901.06, -43.85, 90.68, -222.21, -0.87710, -0.18889, -0.23313, -0.37506
6, 16, 31.553, 22.103, 28.239, -953.98, 680.42, 905.09, -82.59, -34.97, -206.87, -0.89626, -0.14924, -0.26383, -0.32380
6, 15, 26.794, 18.534, 23.053, -244.02, 482.97, 918.82, -103.61, -132.02, -158.90, -0.91816, -0.13023, -0.21640, -0.30528
6, 15, 21.882, 12.857, 11.329, -132.45, -168.21, 751.95, -114.18, -191.12, -94.76, -0.94469, -0.05923, -0.13611, -0.29245
6, 17, 21.022, 5.413, 1.474, 83.56, -1268.74, 1525.82, -43.56, -207.57, -12.63, -0.95322, 0.00187, -0.04890, -0.29829
6, 15, 24.230, -2.564, -3.186, 248.84, -818.36, 1144.71, 64.66, -208.01, 71.39, -0.94503, 0.01899, 0.03020, -0.32502
6, 15, 30.861, -13.757, -5.352, 531.49, -509.58, 672.61, 130.56, -242.43, 153.99, -0.91947, -0.00258, 0.12827, -0.37163
6, 16, 38.748, -24.999, -2.765, 1217.71, -75.99, 1040.77, 173.29, -217.43, 208.66, -0.87749, -0.07466, 0.20444, -0.42736
6, 15, 43.580, -33.426, 2.915, 1999.94, 557.98, 870.00, 182.33, -93.83, 154.88, -0.83639, -0.15939, 0.24050, -0.46606
7, 7, 64.754, -29.820, 0.197, 167.72, -1313.29, 938.78, -81.88, -45.11, -159.59, -0.74775, -0.16418, 0.19812, -0.61210
7, 28, 43.419, -31.584, 17.643, 1725.34, 1514.34, 1763.79, -12.99, 5.17, -250.00, -0.81479, -0.25833, 0.16543, -0.49195
7, 15, 41.218, -22.608, 5.803, 10.74, -982.60, 1156.92, -187.27, 108.65, -250.00, -0.86403, -0.13445, 0.15070, -0.46115
7, 15, 33.339, -18.105, 6.200, 241.88, 198.12, 591.00, -160.32, 102.83, -250.00, -0.90043, -0.11177, 0.12265, -0.40210
7, 16, 26.305, -22.276, 10.843, 677.55, 627.87, 125.31, -119.96, 15.20, -196.21, -0.91130, -0.15302, 0.14887, -0.35206
7, 15, 27.046, -16.811, 0.198, -284.48, -1435.42, 684.63, -49.61, 14.47, -161.25, -0.92699, -0.05261, 0.13639, -0.34544
7, 16, 27.676, -19.682, 1.090, 642.88, 5.00, 832.76, 52.07, 3.40, -40.72, -0.92083, -0.06929, 0.15652, -0.35039
7, 15, 28.524, -16.500, 9.615, 133.79, 585.69, 691.83, 91.44, 12.05, 14.57, -0.91532, -0.12896, 0.10341, -0.36723
7, 16, 33.435, -11.331, 13.735, -227.78, 420.04, 1117.37, 128.85, -0.54, 99.01, -0.90050, -0.14829, 0.04214, -0.40662
7, 16, 37.735, -11.997, 22.002, -6.59, 842.65, 783.57, 132.29, -65.03, 150.86, -0.87051, -0.21550, 0.00988, -0.44235
7, 15, 42.496, -17.333, 30.106, 122.80, 932.74, 440.43, 98.73, -122.27, 249.99, -0.82329, -0.29503, 0.00718, -0.48487
7, 15, 44.933, -25.875, 35.798, 482.30, 1218.51, 519.96, 36.22, -166.95, 249.99, -0.77452, -0.36553, 0.03878, -0.51478
7, 16, 48.942, -36.728, 33.572, 1057.68, 766.11, 778.38, -51.73, -150.28, 249.99, -0.72844, -0.39105, 0.11485, -0.55070
7, 15, 59.457, -44.463, 21.313, 1445.37, 201.97, 1013.85, -130.53, -45.27, 249.99, -0.68831, -0.35921, 0.19627, -0.59890
7, 16, 73.690, -45.295, 6.784, 1527.59, -39.37, 1192.81, -92.59, 91.01, 249.99, -0.64980, -0.30523, 0.23993, -0.65348
7, 16, 73.754, -35.161, 3.647, -263.37, -220.03, 1572.75, -34.97, 62.84, -43.76, -0.68131, -0.23077, 0.19699, -0.66615
7, 16, 73.232, -39.922, 0.851, 1976.93, -951.11, 1257.32, 24.30, -3.63, -74.23, -0.67985, -0.24011, 0.24276, -0.64901
7, 16, 73.014, -37.497, 1.145, 1616.33, -1094.30, 1327.88, 149.17, 171.19, -102.03, -0.68570, -0.22773, 0.22700, -0.65301
7, 15, 65.189, -35.953, 10.993, 1852.29, -441.83, 657.90, 249.99, 249.99, -250.00, -0.71184, -0.26569, 0.17912, -0.62499
7, 15, 56.519, -33.816, 24.638, 682.25, 152.28, 122.38, 249.99, 249.99, -250.00, -0.72847, -0.33051, 0.11475, -0.58901
7, 16, 50.422, -14.706, 38.739, -1394.29, 1213.20, 290.28, 231.77, 249.99, -250.00, -0.76994, -0.34279, -0.07258, -0.53331
7, 15, 44.591, 1.405, 42.853, -2000.00, 1407.65, 713.87, 26.36, 91.80, -250.00, -0.81475, -0.31331, -0.18814, -0.45013
7, 15, 38.998, 7.056, 43.058, -478.03, 1391.97, 1035.22, -51.41, -39.73, -193.44, -0.84169, -0.30263, -0.21412, -0.39259
7, 16, 33.205, 12.354, 36.184, -690.73, 632.45, 954.83, -140.91, -101.91, -149.25, -0.87997, -0.24234, -0.21691, -0.34623
7, 16, 24.388, 11.066, 20.756, -211.06, -545.04, 916.87, -148.84, -198.55, -192.03, -0.93087, -0.13841, -0.14828, -0.30386
7, 16, 23.379, 1.264, 12.996, 613.16, -243.41, 874.02, -73.78, -132.19, -42.51, -0.94208, -0.10377, -0.04646, -0.31553
7, 15, 25.483, -1.101, 2.895, -255.25, -800.54, 980.16, -65.15, -159.84, 41.86, -0.94139, -0.02702, 0.00055, -0.33624
7, 15, 28.620, -6.571, -3.190, 116.09, -1174.80, 1470.83, 39.49, -190.02, 59.81, -0.93094, 0.00518, 0.06346, -0.35957
7, 16, 32.649, -16.262, -0.237, 1075.74, 13.12, 1430.42, 116.91, -169.79, 106.35, -0.90984, -0.05389, 0.13078, -0.39010
7, 16, 38.147, -23.885, 2.414, 1190.37, 225.95, 1285.64, 109.64, -116.48, 158.00, -0.87744, -0.10914, 0.17696, -0.43230
8, 7, 61.143, -32.222, -8.954, 726.75, -1167.72, 1076.05, 31.82, 1.75, -240.09, -0.77334, -0.10879, 0.26519, -0.56550
8, 27, 46.156, -29.103, -4.527, 964.78, -235.41, 1543.88, -54.89, 76.73, -250.00, -0.84273, -0.09233, 0.23657, -0.47467
8, 15, 33.076, -28.204, 8.685, 347.66, 1313.48, 131.29, -50.54, 53.14, -250.00, -0.87995, -0.16401, 0.19370, -0.40159
8, 15, 30.392, -17.301, 2.132, -457.89, -827.21, 953.13, -47.39, 82.34, -250.00, -0.91480, -0.07361, 0.13241, -0.37441
8, 16, 25.719, -15.253, 9.800, 156.62, 1264.89, 725.52, -46.53, 4.59, -124.14, -0.92555, -0.12438, 0.09582, -0.34452
8, 15, 25.436, -12.721, 6.533, 90.03, -1.89, 919.01, -33.90, -36.59, -101.45, -0.93251, -0.09047, 0.08517, -0.33909
8, 15, 28.693, -12.436, 10.009, 280.46, 360.05, 767.21, 36.83, 5.10, 19.13, -0.91959, -0.11993, 0.06914, -0.36768
8, 17, 32.399, -12.931, 15.090, 213.01, 581.18, 660.71, 35.55, -23.81, 75.61, -0.90026, -0.16380, 0.05149, -0.40006
8, 15, 39.151, -12.565, 12.650, 83.74, 22.64, 955.26, 60.23, -40.21, 136.58, -0.87896, -0.14651, 0.04854, -0.45123
8, 14, 45.626, -16.043, 17.840, 292.91, 626.10, 901.43, 102.64, -67.21, 223.29, -0.83890, -0.20168, 0.04363, -0.50366
8, 16, 51.095, -20.573, 22.667, 182.37, 693.24, 793.03, 83.50, -125.82, 249.99, -0.79530, -0.25711, 0.04402, -0.54722
8, 16, 55.347, -28.711, 24.954, 572.81, 736.57, 795.84, 28.27, -146.74, 249.99, -0.74845, -0.30971, 0.08056, -0.58087
8, 16, 60.797, -38.092, 22.538, 940.67, 516.85, 737.79, -24.83, -120.65, 249.99, -0.69880, -0.34087, 0.14265, -0.61248
8, 15, 70.085, -45.818, 14.319, 1662.29, 257.20, 858.46, -59.91, -41.20, 249.99, -0.64738, -0.34354, 0.21056, -0.64695
8, 15, 80.926, -47.838, 4.527, 1679.75, 338.20, 893.68, -72.24, 93.73, 249.99, -0.60692, -0.32249, 0.24785, -0.68280
8, 17, 80.314, -42.495, 2.467, 173.58, -21.97, 1110.29, -52.50, -21.48, -22.16, -0.62910, -0.27890, 0.23214, -0.68743
8, 15, 79.544, -44.976, -0.992, 1999.94, -1198.30, 1539.98, 1.08, -9.14, -116.17, -0.63638, -0.27274, 0.26827, -0.66982
8, 15, 80.190, -41.390, -2.176, 1505.07, -1230.04, 1120.73, 126.01, 185.29, -104.26, -0.64284, -0.24627, 0.25398, -0.67941
8, 16, 77.682, -38.841, 2.263, 1080.63, -556.88, 495.24, 222.29, 249.99, -135.80, -0.65336, -0.25108, 0.21867, -0.67990
8, 15, 70.387, -34.165, 14.604, 558.35, 125.00, 471.86, 249.99, 249.99, -164.01, -0.67854, -0.28547, 0.13477, -0.66328
8, 17, 61.622, -25.022, 28.318, 413.64, 397.89, 595.83, 249.99, 249.99, -250.00, -0.71644, -0.31740, 0.02010, -0.62093
8, 15, 55.726, -4.110, 35.650, -1548.65, 1003.60, 672.55, 96.72, 249.99, -250.00, -0.77532, -0.27078, -0.14638, -0.55148
8, 16, 49.038, 7.653, 37.026, -861.15, 693.24, 885.31, 36.01, 43.72, -226.75, -0.81846, -0.23737, -0.21916, -0.47513
8, 16, 44.642, 8.443, 35.178, -22.03, 750.49, 999.51, -48.24, 7.93, -140.12, -0.84055, -0.22876, -0.20837, -0.44468
8, 15, 38.844, 14.370, 27.524, -690.31, 94.18, 1063.96, -80.54, -38.04, -159.29, -0.87694, -0.15768, -0.21354, -0.40064
8, 15, 34.213, 16.103, 21.762, -410.28, 118.90, 823.43, -40.86, -81.21, -110.72, -0.89899, -0.11478, -0.20169, -0.37144
8, 16, 29.410, 10.871, 12.195, 46.81, -528.14, 1352.11, -45.74, -134.57, -92.55, -0.92403, -0.06363, -0.12651, -0.35512
8, 15, 29.554, 4.832, 10.056, 22.58, 161.93, 1351.20, -17.36, -135.98, -3.69, -0.92625, -0.06586, -0.07136, -0.36419
8, 15, 31.471, -2.432, 6.366, 635.50, -172.06, 1661.07, -22.47, -103.55, 45.84, -0.92089, -0.05939, -0.00181, -0.38527
8, 15, 35.202, -7.079, 3.433, 447.94, -153.50, 1375.92, 6.93, -58.03, 77.31, -0.90704, -0.05280, 0.04376, -0.41542
8, 16, 38.238, -11.495, 3.512, 679.08, -34.97, 1091.61, 54.34, -6.34, 70.59, -0.89237, -0.07131, 0.07658, -0.43902
8, 16, 41.603, -14.435, 5.583, 614.62, 121.03, 921.63, 79.27, 36.15, 90.07, -0.87448, -0.10111, 0.08865, -0.46605
9, 8, 44.669, -23.989, 4.871, -69.27, 65.92, 1059.88, -96.64, 14.62, -250.00, -0.84849, -0.13767, 0.16088, -0.48500
9, 26, 37.834, -20.345, 5.398, 222.90, 96.80, 626.53, -69.75, -8.15, -147.77, -0.88143, -0.11855, 0.13863, -0.43567
9, 15, 38.864, -19.484, 1.348, 460.75, -206.85, 1007.32, -22.42, 30.34, -45.99, -0.88237, -0.08545, 0.14650, -0.43893
9, 16, 38.276, -16.209, 5.476, 67.32, 308.47, 839.17, 17.06, -16.24, -19.97, -0.88556, -0.10431, 0.10577, -0.44014
9, 16, 38.370, -14.454, 13.503, 156.62, 1032.96, 1001.89, 64.69, 2.76, 23.71, -0.87833, -0.15968, 0.06092, -0.44647
9, 15, 40.368, -13.248, 16.618, 95.03, 449.10, 834.41, 26.64, -20.87, 55.76, -0.86752, -0.17977, 0.03627, -0.46235
9, 16, 45.340, -13.168, 18.810, -11.29, 531.19, 894.65, 23.88, -46.33, 182.38, -0.84316, -0.19702, 0.01827, -0.49994
9, 15, 49.616, -15.958, 20.041, 106.99, 550.05, 1061.40, 14.56, -101.94, 197.53, -0.81696, -0.21844, 0.02572, -0.53311
9, 15, 53.372, -19.135, 17.335, 65.80, 147.52, 909.36, 20.34, -144.39, 164.22, -0.79823, -0.21469, 0.05468, -0.56013
9, 16, 55.915, -29.932, 16.531, 869.02, 213.32, 774.78, 13.63, -163.41, 142.62, -0.76329, -0.26003, 0.13033, -0.57688
9, 15, 59.019, -38.498, 14.067, 1612.06, 123.35, 957.34, -3.88, -99.78, 98.55, -0.73012, -0.28724, 0.19471, -0.58864
9, 15, 64.659, -42.441, 9.863, 1910.34, 305.18, 1054.20, -31.92, 28.94, 128.02, -0.69974, -0.29014, 0.22866, -0.61147
9, 17, 67.037, -28.648, 6.552, -730.22, -239.38, 1471.86, 3.25, 160.69, -13.01, -0.72729, -0.20230, 0.15215, -0.63795
9, 16, 65.833, -31.911, 5.479, 1263.24, -287.23, 1442.14, 31.68, -4.49, -50.38, -0.72925, -0.21112, 0.18148, -0.62505
9, 16, 63.790, -31.757, 7.367, 1885.07, -498.35, 1153.75, 117.45, 175.63, -108.55, -0.73709, -0.21923, 0.17408, -0.61508
9, 15, 61.745, -29.734, 14.661, 974.30, 162.41, 544.25, 191.74, 249.99, -67.58, -0.73769, -0.25335, 0.12561, -0.61306
9, 15, 56.588, -19.380, 27.850, 122.62, 674.68, 442.08, 178.24, 249.99, -125.52, -0.75853, -0.28801, -0.00321, -0.58453
9, 16, 52.163, -2.169, 34.745, -902.71, 1029.42, 934.81, 112.34, 237.28, -231.99, -0.79736, -0.26025, -0.14736, -0.52418
9, 15, 48.807, 9.788, 36.028, -840.45, 991.09, 1006.59, -6.36, 137.73, -180.30, -0.82329, -0.22112, -0.22941, -0.46976
9, 15, 43.021, 15.700, 34.497, -747.99, 1154.30, 1140.69, -78.47, -6.36, -166.86, -0.85140, -0.19630, -0.25449, -0.41451
9, 17, 33.974, 17.494, 24.444, -332.21, 133.73, 1102.78, -101.56, -73.16, -222.66, -0.89627, -0.13113, -0.22062, -0.36172
9, 15, 28.922, 19.155, 23.014, -486.02, 617.74, 740.60, -78.64, -93.03, -186.04, -0.91196, -0.12381, -0.22349, -0.32103
9, 17, 20.295, 17.564, 9.871, -571.04, -475.46, 1069.52, -118.61, -195.37, -189.38, -0.94520, -0.03669, -0.17035, -0.27610
9, 15, 19.238, 5.533, 6.049, 352.66, 26.86, 788.57, -50.22, -198.18, -50.26, -0.95700, -0.03682, -0.06119, -0.28117
9, 15, 23.831, -4.306, 3.176, 642.70, -156.25, 1125.67, -4.43, -151.31, 116.49, -0.94519, -0.03833, 0.02662, -0.32316
10, 9, 40.552, -18.843, 7.288, 403.69, 298.89, 862.43, 155.19, -26.43, 123.03, -0.87108, -0.13039, 0.11669, -0.45891
11, 8, 37.541, -10.721, 33.075, 171.57, 575.20, 967.10, -55.17, -27.93, -1.15, -0.84872, -0.29422, -0.04205, -0.43743
11, 26, 41.964, -16.184, 24.212, 291.08, 284.06, 857.97, -69.09, -36.19, 76.32, -0.84185, -0.24789, 0.02455, -0.47879
11, 15, 45.111, -21.599, 22.853, 505.49, 417.60, 716.74, -49.74, -33.38, 133.80, -0.82011, -0.25976, 0.06422, -0.50578
11, 15, 48.765, -27.154, 22.508, 771.00, 666.32, 806.76, -47.77, -19.84, 161.22, -0.79097, -0.28168, 0.09826, -0.53420
11, 18, 49.939, -22.381, 20.125, 134.77, 815.86, 1540.47, -98.13, 41.73, 50.58, -0.80239, -0.24645, 0.07179, -0.53877
11, 15, 50.878, -18.235, 10.116, -261.29, -522.95, 999.63, -101.01, -25.47, -27.81, -0.82350, -0.15798, 0.08679, -0.53792
11, 16, 47.315, -19.027, 4.670, 526.67, -622.19, 1330.38, -33.50, -11.31, -150.48, -0.84515, -0.11856, 0.12178, -0.50679
11, 15, 37.604, -18.204, 10.741, 522.28, 808.23, 1210.39, -54.22, 12.70, -250.00, -0.87939, -0.15158, 0.10184, -0.43969
11, 15, 32.220, -13.275, 3.128, -48.65, -546.14, 1395.20, -122.88, 1.23, -250.00, -0.91269, -0.07012, 0.09575, -0.39103
11, 16, 24.631, -9.033, 6.953, -92.29, 872.25, 937.68, -127.48, 19.52, -239.50, -0.93805, -0.08295, 0.05433, -0.33200
11, 15, 17.619, -6.991, 11.680, -123.47, 973.33, 445.56, -134.80, -60.68, -250.00, -0.95419, -0.11419, 0.03089, -0.27482
11, 15, 17.064, -7.337, -1.735, 472.35, -1370.85, 1388.00, -125.83, -22.29, -138.41, -0.96212, -0.00246, 0.06569, -0.26458
11, 17, 17.317, -7.677, 3.290, 100.34, 561.22, 792.36, -7.49, -47.32, -31.94, -0.96029, -0.04554, 0.05678, -0.26936
11, 15, 20.304, -8.244, 2.226, 191.83, -17.64, 985.23, 48.63, -36.72, 7.31, -0.95298, -0.03959, 0.06303, -0.29376
11, 15, 24.582, -3.974, 5.108, -455.75, 295.65, 766.60, 45.52, -84.60, 96.92, -0.94241, -0.05344, 0.01808, -0.32965
11, 16, 30.063, -5.343, 8.805, -260.62, 386.11, 973.39, 60.23, -168.65, 162.69, -0.92255, -0.08848, 0.01447, -0.37531
11, 15, 34.840, -14.927, 12.891, 664.61, 609.99, 1006.23, 57.94, -174.02, 174.91, -0.89182, -0.15458, 0.07178, -0.41905
11, 16, 39.677, -23.787, 12.023, 1105.59, 364.99, 1086.30, -0.55, -119.81, 149.83, -0.85938, -0.18374, 0.13694, -0.45712
11, 15, 43.910, -29.567, 8.388, 1172.79, 44.01, 1027.95, -25.86, -53.50, 80.79, -0.83558, -0.18475, 0.18876, -0.48172
11, 15, 47.600, -21.879, 5.015, -62.68, -0.12, 1452.45, -17.83, 45.15, 49.06, -0.83918, -0.13373, 0.14109, -0.50792
11, 17, 49.289, -22.742, 1.802, 621.09, -205.32, 1411.74, -3.43, -17.73, 14.05, -0.83378, -0.11627, 0.15994, -0.51547
11, 15, 48.973, -25.649, 1.026, 1902.71, -551.15, 1446.11, 49.82, 71.43, -49.45, -0.83131, -0.12305, 0.18493, -0.50950
11, 15, 48.302, -22.740, 2.363, 1181.34, -402.83, 1197.39, 121.67, 214.88, -73.40, -0.83762, -0.11899, 0.15843, -0.50906
11, 16, 47.191, -17.011, 4.398, 464.17, -191.77, 797.30, 151.05, 249.99, -86.20, -0.84868, -0.10770, 0.10809, -0.50641
11, 15, 42.385, -8.807, 8.142, 178.89, 11.60, 665.65, 135.69, 249.99, -182.87, -0.87480, -0.09851, 0.03423, -0.47313
11, 15, 36.256, 3.440, 19.468, -400.70, 1299.19, 771.79, 119.05, 249.99, -250.00, -0.89480, -0.14061, -0.09830, -0.41218
11, 16, 32.429, 16.298, 24.069, -1220.09, 1330.32, 1000.12, 27.98, 170.35, -250.00, -0.90203, -0.13540, -0.20853, -0.35288
11, 16, 27.091, 22.039, 21.949, -580.26, 682.50, 1057.37, -54.35, 27.99, -244.48, -0.91562, -0.10954, -0.24110, -0.30251
11, 17, 24.780, 26.155, 21.584, -737.85, 788.70, 663.45, -82.62, -25.68, -182.99, -0.91712, -0.09872, -0.27004, -0.27610
11, 15, 18.204, 25.141, 8.457, -608.34, -634.95, 1153.50, -96.32, -113.04, -126.42, -0.94008, -0.00935, -0.22848, -0.25290
11, 15, 18.760, 22.777, 6.548, -616.58, 141.42, 960.02, -31.05, -154.41, -25.01, -0.94263, 0.00152, -0.20493, -0.26354
11, 16, 22.753, 19.505, 10.008, -540.71, 426.09, 441.71, -47.20, -250.00, 53.28, -0.93690, -0.02871, -0.18719, -0.29386
11, 15, 26.305, 4.737, 8.111, 472.53, 73.67, 939.64, -39.16, -250.00, 120.47, -0.93723, -0.05224, -0.06295, -0.33899
12, 7, 28.798, -32.401, 9.036, 887.08, 1144.90, 574.83, -77.44, 92.77, 200.16, -0.88394, -0.17151, 0.23166, -0.36821
12, 27, 32.067, -26.928, 6.633, 532.04, 485.84, 1101.62, -106.93, 2.27, 21.42, -0.88890, -0.14239, 0.19215, -0.39072
12, 15, 31.304, -24.399, -0.936, 804.69, -587.46, 1387.94, -121.24, 52.46, -155.63, -0.90331, -0.07367, 0.19821, -0.37325
12, 16, 25.995, -22.463, -4.017, 821.47, -368.23, 1705.57, -90.58, 34.83, -250.00, -0.92405, -0.03392, 0.19473, -0.32720
12, 15, 20.043, -14.631, -12.123, 242.07, -685.06, 1070.56, -140.08, 185.04, -250.00, -0.94753, 0.06335, 0.15163, -0.27421
12, 18, 10.377, -15.979, -5.805, 112.85, 527.16, 10.62, -154.94, 57.14, -250.00, -0.96857, 0.01996, 0.14623, -0.20024
12, 15, 8.966, -15.600, -16.014, 162.66, -1255.55, 491.52, -33.68, -19.85, -205.72, -0.96552, 0.10877, 0.15899, -0.17510
12, 15, 10.125, -17.401, -17.111, 545.17, -434.14, 806.34, 83.04, 13.91, -39.58, -0.96093, 0.11285, 0.17682, -0.18059
12, 16, 9.467, -12.947, -6.949, -247.13, 576.05, 658.81, 108.91, -25.51, -14.10, -0.97280, 0.03629, 0.12237, -0.19331
12, 15, 12.218, -10.840, 0.007, -147.03, 513.18, 986.02, 107.95, -84.05, 41.08, -0.96998, -0.02132, 0.09202, -0.22410
12, 15, 18.098, -13.976, 5.279, 128.48, 396.42, 785.10, 94.89, -157.66, 142.07, -0.95181, -0.07735, 0.10430, -0.27784
12, 16, 25.688, -24.641, 9.725, 932.68, 827.70, 516.11, 62.63, -188.10, 249.99, -0.91012, -0.14976, 0.17214, -0.34587
12, 15, 34.055, -33.760, 10.089, 1453.67, 1135.86, 591.06, -26.05, -135.54, 249.99, -0.86093, -0.19422, 0.23026, -0.40994
12, 16, 44.158, -38.532, 3.539, 1617.68, 581.97, 918.33, -103.84, -44.21, 249.99, -0.82048, -0.18528, 0.27438, -0.46605
12, 16, 51.588, -25.562, 1.634, -104.06, 1164.98, 1999.94, -68.18, 215.05, 249.99, -0.81893, -0.13119, 0.17865, -0.52937
12, 15, 53.181, -20.171, 1.046, -358.89, 639.47, 1251.95, -131.13, -21.68, 108.67, -0.82017, -0.10412, 0.14108, -0.54458
12, 17, 54.614, -23.581, -4.800, 1958.01, -2000.00, 1679.57, 20.90, 28.69, -18.45, -0.81366, -0.08087, 0.19188, -0.54277
12, 15, 52.525, -22.066, -2.599, 1754.21, -1487.43, 1177.25, 219.56, 217.51, -109.66, -0.82381, -0.08602, 0.17234, -0.53313
12, 15, 46.795, -19.714, -0.061, 853.27, -1016.97, 270.14, 249.99, 249.99, -250.00, -0.85072, -0.08591, 0.14807, -0.49696
12, 16, 40.119, -1.228, 8.541, -950.87, -67.93, 419.19, 249.99, 249.99, -250.00, -0.88844, -0.07122, -0.02423, -0.45279
12, 15, 32.639, 5.229, 19.756, -114.14, 637.33, 841.74, 193.61, 114.36, -250.00, -0.90752, -0.13978, -0.10887, -0.38082
12, 16, 28.074, 8.086, 25.502, 330.32, 1239.81, 887.94, 28.14, 113.55, -250.00, -0.91424, -0.18105, -0.14290, -0.33312
12, 17, 23.215, 18.258, 22.958, -1107.54, 506.96, 992.19, -48.40, 37.23, -241.91, -0.92757, -0.13697, -0.20981, -0.27719
12, 15, 16.957, 23.904, 15.256, -1034.06, -122.25, 722.29, -60.70, -99.56, -194.80, -0.94224, -0.07078, -0.23234, -0.23065
12, 15, 12.776, 17.710, 9.422, -331.12, 160.71, 1026.37, -60.73, -213.20, -160.39, -0.96128, -0.04371, -0.16796, -0.21403
12, 16, 10.020, 5.635, -0.009, 495.42, -675.90, 1213.75, -59.07, -250.00, -105.84, -0.97729, 0.01022, -0.04808, -0.20613
12, 15, 17.354, -5.477, -2.577, 833.44, -95.70, 1462.34, -34.45, -207.05, 170.14, -0.96222, 0.00881, 0.05204, -0.26712
13, 8, 64.896, -42.873, 14.372, -44.56, 820.68, 1999.94, -194.81, 135.26, 249.99, -0.68518, -0.31994, 0.20658, -0.62088
13, 27, 73.836, -40.954, -9.999, 225.71, -1260.86, 986.02, -139.54, -65.63, -47.27, -0.69448, -0.18239, 0.30798, -0.62416
13, 16, 66.892, -42.610, -9.237, 1674.62, -887.57, 1668.95, -47.36, -2.50, -236.56, -0.72670, -0.17728, 0.32458, -0.57890
13, 16, 52.165, -43.391, 3.196, 1999.94, 934.75, 1267.40, -35.42, 63.03, -250.00, -0.77350, -0.22290, 0.29587, -0.51427
13, 15, 42.003, -34.296, 9.181, 1111.94, 556.64, 1369.08, -98.69, 211.70, -250.00, -0.83072, -0.20511, 0.22394, -0.46657
13, 16, 38.996, -22.862, -0.312, -162.78, -851.01, 1003.42, -156.38, 152.39, -250.00, -0.87820, -0.08573, 0.17870, -0.43530
13, 15, 34.070, -13.237, -8.364, -968.20, -1426.88, 747.25, -83.98, 94.44, -238.87, -0.90891, 0.01957, 0.13445, -0.39424
13, 15, 37.308, -10.732, -12.191, -138.98, -629.09, 711.00, 82.31, -42.56, 56.50, -0.89743, 0.05526, 0.12950, -0.41809
13, 17, 36.717, -15.732, -8.595, 459.72, -102.42, 776.55, 84.25, -29.91, -0.24, -0.89774, 0.00890, 0.15510, -0.41222
13, 15, 36.344, -16.069, -4.397, 47.55, -90.70, 972.84, 120.09, -111.06, -22.82, -0.89850, -0.02478, 0.14260, -0.41443
13, 15, 36.746, -22.317, 3.052, 740.30, 361.57, 1020.14, 145.03, -105.68, 37.29, -0.88467, -0.10622, 0.16378, -0.42337
13, 16, 40.740, -28.185, 9.558, 550.60, 816.28, 613.40, 63.32, -130.18, 202.31, -0.84981, -0.18300, 0.17865, -0.46088
13, 15, 47.771, -34.640, 9.192, 741.27, 454.77, 688.42, 5.62, -109.34, 249.99, -0.80529, -0.21760, 0.21578, -0.50754
13, 16, 55.309, -40.691, 6.152, 1544.07, 651.25, 755.19, -40.43, -43.48, 249.99, -0.76051, -0.23835, 0.25739, -0.54640
13, 15, 63.785, -39.089, 0.855, 1546.45, 516.85, 1472.17, -65.61, 97.40, 249.99, -0.73293, -0.21506, 0.25633, -0.59233
13, 16, 64.911, -28.981, -0.719, -541.08, 442.69, 1797.55, -88.42, 63.84, 85.72, -0.74961, -0.15397, 0.19732, -0.61274
13, 17, 67.316, -32.731, -5.615, 1999.94, -1360.90, 1689.39, 17.05, 25.00, 25.12, -0.73707, -0.14728, 0.24437, -0.61264
13, 15, 69.862, -31.092, -7.343, 1336.24, -1427.49, 1027.40, 166.40, 181.80, 11.76, -0.72783, -0.13242, 0.24044, -0.62843
13, 15, 62.443, -30.649, -1.462, 818.42, -680.24, 242.49, 249.99, 249.99, -250.00, -0.76075, -0.15346, 0.21550, -0.59268
13, 16, 51.355, -15.439, 15.148, -488.46, 545.96, 557.80, 220.50, 240.63, -250.00, -0.81821, -0.18176, 0.04187, -0.54383
13, 16, 42.726, -5.009, 25.434, -394.65, 984.56, 878.23, 112.29, 120.78, -250.00, -0.85380, -0.21389, -0.06659, -0.46994
13, 16, 35.411, -0.429, 28.040, 57.13, 632.63, 974.67, 12.34, 40.53, -250.00, -0.88173, -0.22178, -0.09756, -0.40478
13, 15, 29.505, 4.942, 29.297, -128.48, 785.22, 946.35, -31.43, 24.64, -250.00, -0.90242, -0.21943, -0.13199, -0.34652
13, 14, 22.595, 14.045, 18.940, -1204.10, -623.66, 1020.14, -79.42, -54.82, -235.34, -0.93629, -0.11747, -0.16556, -0.28662
13, 18, 18.110, 8.225, 13.309, 10.50, 47.67, 771.48, -32.17, -171.26, -163.93, -0.95482, -0.09155, -0.10026, -0.26434
13, 15, 18.771, 1.650, 6.805, -21.55, -371.34, 1562.93, -29.72, -217.09, -7.39, -0.95833, -0.05294, -0.03044, -0.27908
13, 14, 22.834, -5.675, 3.357, 166.87, -232.36, 1157.41, 32.36, -216.06, 81.38, -0.94731, -0.04332, 0.03778, -0.31513
14, 9, 67.864, -34.693, 7.258, -932.07, -15.56, 1568.18, -160.69, 188.34, 6.53, -0.70843, -0.24026, 0.18564, -0.63713
14, 26, 60.626, -39.521, -6.006, 651.55, -1287.29, 901.37, -92.32, -88.54, -250.00, -0.75918, -0.16492, 0.29870, -0.55428
14, 17, 51.135, -40.387, -1.108, 1491.82, -159.00, 1595.34, -36.08, 3.55, -250.00, -0.79359, -0.17764, 0.29610, -0.50098
14, 15, 36.828, -36.952, 10.034, 1118.35, 1296.33, 916.93, -105.95, 107.38, -250.00, -0.84225, -0.20996, 0.24992, -0.42904
14, 15, 26.561, -27.866, 14.428, -13.98, 591.86, 731.81, -175.16, 17.68, -250.00, -0.89335, -0.19681, 0.18217, -0.36056
14, 16, 26.368, -22.451, 0.429, -0.67, -1659.79, 902.95, -177.73, 37.51, -212.87, -0.92097, -0.07029, 0.18157, -0.33751
14, 15, 26.062, -21.841, -5.708, 299.13, -379.94, 826.60, -60.86, -27.31, -106.26, -0.92515, -0.01854, 0.19455, -0.32543
14, 15, 26.999, -22.422, -10.317, 662.60, -774.48, 1050.17, 21.78, 9.03, -63.67, -0.92177, 0.01517, 0.21224, -0.32414
14, 17, 27.338, -20.509, -5.328, 318.79, 16.48, 851.68, 103.87, -2.92, -31.71, -0.92321, -0.01966, 0.18256, -0.33760
14, 15, 31.455, -15.756, -0.166, -26.31, 286.80, 934.08, 106.99, -8.55, 111.63, -0.91439, -0.05141, 0.12706, -0.38093
14, 16, 37.548, -16.393, 6.245, 78.31, 810.00, 889.22, 58.88, -88.98, 219.96, -0.88738, -0.11027, 0.10494, -0.43519
14, 16, 44.401, -20.429, 8.744, 191.59, 365.54, 690.86, 26.76, -139.14, 249.99, -0.85084, -0.15155, 0.11801, -0.48905
14, 15, 50.499, -31.316, 8.986, 787.96, 445.62, 480.83, -24.57, -165.95, 249.99, -0.80149, -0.20704, 0.18767, -0.52871
14, 16, 58.552, -39.558, 4.064, 1518.74, 411.01, 724.18, -70.52, -88.74, 249.99, -0.75202, -0.22655, 0.25328, -0.56478
14, 15, 67.715, -40.751, -2.717, 1648.19, 287.35, 1176.51, -73.26, 50.80, 249.99, -0.71528, -0.21040, 0.27817, -0.60558
14, 15, 72.524, -30.293, -3.955, -412.35, 568.66, 954.22, -80.63, 86.60, 240.65, -0.70983, -0.15434, 0.21326, -0.65333
14, 16, 71.664, -32.497, -11.702, 367.25, -796.94, 1262.08, -118.29, -60.69, -40.62, -0.72088, -0.11699, 0.27086, -0.62712
14, 16, 64.907, -37.092, -11.448, 1999.94, -2000.00, 1873.90, 22.93, 14.33, -223.46, -0.74955, -0.12756, 0.30468, -0.57364
14, 15, 57.748, -34.581, -6.252, 1174.01, -1590.03, 1189.51, 205.07, 188.05, -250.00, -0.78299, -0.13125, 0.27122, -0.54419
14, 17, 51.996, -31.351, -2.588, 809.51, -1443.60, 332.76, 249.99, 249.99, -250.00, -0.81152, -0.12846, 0.23861, -0.51769
14, 15, 46.529, -21.956, -0.194, -257.39, -651.43, -94.79, 249.99, 249.99, -250.00, -0.84893, -0.09425, 0.16548, -0.49301
14, 16, 34.770, -12.897, 20.095, -49.07, 1155.03, 421.75, 249.99, 222.21, -250.00, -0.88380, -0.20350, 0.02950, -0.42026
14, 15, 28.120, 1.044, 30.055, -1235.84, 1363.95, 652.53, 125.61, 134.23, -250.00, -0.90270, -0.23897, -0.10097, -0.34326
14, 15, 22.012, 8.672, 34.611, -662.05, 1387.45, 864.14, 16.11, 4.15, -250.00, -0.91280, -0.26005, -0.15989, -0.27130
14, 16, 18.216, 12.449, 32.584, -312.32, 867.25, 1068.18, -57.27, -54.43, -250.00, -0.92557, -0.23937, -0.17694, -0.23390
14, 16, 14.878, 16.056, 31.296, -742.80, 862.67, 749.76, -74.49, -136.06, -207.92, -0.93313, -0.22546, -0.19644, -0.19965
14, 15, 11.973, 11.725, 26.572, -130.07, 640.93, 928.65, -121.99, -195.70, -172.26, -0.94899, -0.20069, -0.14789, -0.19303
14, 16, 11.019, 0.721, 19.741, 527.95, 434.81, 1001.04, -168.65, -234.76, -84.43, -0.96239, -0.16608, -0.04290, -0.21066
14, 15, 14.822, -6.974, 6.902, 754.27, -969.97, 1386.11, -139.11, -162.41, 31.27, -0.96452, -0.07322, 0.04397, -0.24983
14, 16, 22.251, -11.335, -2.552, 480.83, -1043.64, 1113.83, -8.43, -109.72, 129.43, -0.94672, -0.00948, 0.10074, -0.30576
14, 16, 30.393, -15.964, -6.306, 549.99, -327.51, 966.25, 41.07, -89.24, 190.33, -0.91906, -0.00168, 0.14896, -0.36488
15, 7, 50.880, -45.186, 30.542, 826.66, 1224.18, 666.32, -125.56, 41.33, 249.99, -0.69837, -0.40372, 0.18304, -0.56195
15, 27, 75.784, -37.457, -0.539, 573.79, -125.18, 1261.84, -180.13, 106.25, 249.99, -0.67315, -0.22305, 0.23101, -0.66615
15, 16, 80.812, -31.125, -16.232, -451.90, -1429.20, 852.78, -169.87, 69.24, 37.68, -0.67452, -0.10299, 0.28006, -0.67526
15, 17, 75.169, -30.988, -22.029, -313.42, -2000.00, 965.88, -72.61, -6.83, -250.00, -0.71061, -0.05238, 0.31609, -0.62640
15, 15, 63.650, -38.132, -11.928, 1453.86, -138.18, 1472.35, 64.01, -21.86, -250.00, -0.75460, -0.12663, 0.31490, -0.56159
15, 15, 51.852, -34.450, -3.970, 692.93, -50.66, 1482.79, -7.44, 85.95, -250.00, -0.80771, -0.13262, 0.26663, -0.50884
15, 16, 39.923, -28.804, 2.025, 380.49, 381.96, 1100.52, -117.54, 111.95, -250.00, -0.86195, -0.12763, 0.21412, -0.44149
15, 15, 26.399, -28.096, 11.728, 35.77, 860.53, -306.95, -165.50, 38.28, -250.00, -0.89772, -0.17605, 0.19270, -0.35492
15, 15, 26.250, -24.870, 1.136, 124.02, -1320.19, 935.06, -83.01, -11.82, -190.96, -0.91673, -0.08283, 0.19899, -0.33639
15, 16, 32.220, -23.158, -4.969, 478.03, -505.13, 909.18, 40.85, -1.95, 17.89, -0.90426, -0.03930, 0.20117, -0.37457
15, 16, 34.294, -20.105, -3.272, 261.60, -50.11, 970.70, 84.06, -12.07, 0.04, -0.90086, -0.04542, 0.17080, -0.39651
15, 16, 38.726, -17.536, -3.005, 119.02, -156.49, 943.12, 108.64, -43.01, 73.17, -0.88776, -0.04419, 0.14812, -0.43358
15, 15, 44.928, -18.675, 5.697, 306.09, 1207.52, 960.88, 105.09, -59.36, 249.99, -0.85496, -0.12219, 0.11718, -0.49029
15, 15, 50.701, -20.625, 10.244, 47.24, 792.79, 798.89, 12.04, -124.07, 249.99, -0.82021, -0.16943, 0.10393, -0.53642
15, 17, 57.136, -30.834, 8.582, 674.80, 310.49, 626.34, -37.17, -173.97, 249.99, -0.77139, -0.21257, 0.17405, -0.57400
15, 15, 66.522, -39.888, 1.855, 1508.85, 43.33, 836.24, -41.92, -119.71, 249.99, -0.71475, -0.23159, 0.25084, -0.61039
15, 15, 77.116, -43.475, -6.062, 1999.94, -33.39, 1049.56, -34.74, -2.05, 249.99, -0.66460, -0.22914, 0.29442, -0.64739
15, 16, 79.210, -36.193, -2.497, 187.93, 1599.73, 1639.10, -30.77, 128.65, 249.99, -0.65900, -0.21102, 0.22877, -0.68473
15, 16, 79.075, -36.925, -10.948, 670.53, -940.73, 1313.05, -123.23, -5.71, -62.76, -0.67258, -0.16608, 0.28282, -0.66337
15, 15, 75.478, -38.337, -12.388, 1773.32, -2000.00, 1726.56, 39.56, 65.66, -162.85, -0.69307, -0.15685, 0.30388, -0.63460
15, 16, 68.000, -35.849, -7.509, 1380.07, -1528.02, 941.53, 186.74, 235.95, -250.00, -0.73082, -0.15398, 0.27291, -0.60639
15, 16, 61.722, -24.295, -3.869, -392.94, -902.22, 458.44, 230.08, 249.99, -250.00, -0.77678, -0.10270, 0.18647, -0.59270
15, 16, 53.539, -13.759, -0.308, -389.16, -570.86, 542.30, 210.78, 184.81, -250.00, -0.82643, -0.06419, 0.10117, -0.55014
15, 15, 42.450, -8.353, 14.620, 106.20, 558.41, 671.45, 201.44, 173.58, -250.00, -0.86806, -0.14597, 0.00389, -0.47450
15, 15, 34.653, -1.438, 24.590, 22.46, 739.14, 841.37, 149.63, 137.54, -250.00, -0.88985, -0.19920, -0.07619, -0.40334
15, 16, 30.427, 8.469, 31.480, -454.96, 921.26, 887.33, 114.09, 82.20, -250.00, -0.89681, -0.22388, -0.16768, -0.34278
15, 16, 27.290, 14.987, 36.108, -704.71, 1658.51, 1008.48, 44.83, 18.00, -250.00, -0.89687, -0.24421, -0.22394, -0.29297
15, 15, 26.957, 19.753, 37.506, -1386.29, 1751.22, 602.97, -81.10, -59.39, -127.58, -0.89370, -0.24034, -0.26255, -0.27315
15, 16, 21.740, 19.481, 23.437, -621.89, -277.10, 1002.75, -163.21, -182.15, -83.11, -0.92949, -0.14007, -0.21885, -0.26181
15, 16, 20.016, 7.462, 11.160, 331.18, -428.96, 614.56, -105.99, -239.36, -0.55, -0.95206, -0.07400, -0.09019, -0.28279
15, 16, 23.804, -3.037, 0.120, 920.96, -1648.62, 1141.42, -73.87, -214.75, 100.46, -0.94630, -0.00953, 0.02475, -0.32221
15, 15, 30.832, -11.237, -5.950, 1169.25, -1634.28, 1661.44, 50.71, -167.55, 162.82, -0.92135, 0.01065, 0.11006, -0.37268
15, 15, 39.907, -18.563, -4.682, 1532.65, -535.52, 1181.95, 189.63, -65.90, 249.99, -0.88272, -0.03683, 0.16198, -0.43955
15, 16, 48.450, -22.267, 0.540, 1042.48, 298.10, 1138.85, 172.60, -4.29, 249.99, -0.83945, -0.10377, 0.16291, -0.50795
15, 16, 55.075, -22.208, 6.250, 581.67, 507.69, 1198.36, 150.89, 24.06, 234.65, -0.80216, -0.15287, 0.12835, -0.56275
15, 15, 58.079, -19.173, 12.368, 253.54, 638.79, 1280.82, 123.64, 58.43, 134.74, -0.78316, -0.18317, 0.07171, -0.58989
16, 8, 56.745, -22.047, 21.644, 504.21, 507.75, 722.41, -83.98, -22.23, 249.99, -0.76637, -0.25892, 0.04691, -0.58604
16, 27, 64.486, -23.485, 18.424, 400.39, 1533.20, 1999.94, -106.64, 6.84, 249.99, -0.72898, -0.24837, 0.05687, -0.63534
16, 16, 67.136, -19.887, 5.576, -168.64, -492.19, 855.16, -160.55, 29.88, 55.79, -0.74300, -0.14838, 0.10012, -0.64491
16, 15, 63.097, -20.408, -4.006, 140.20, -1348.75, 1036.62, -93.83, -14.30, -157.04, -0.77416, -0.08315, 0.16004, -0.60675
16, 16, 53.573, -26.745, -0.487, 1365.54, -157.23, 1376.77, 9.49, -19.71, -250.00, -0.81006, -0.12484, 0.19474, -0.53879
16, 15, 45.644, -25.616, 0.071, 909.97, -169.68, 1627.44, -49.28, 64.92, -250.00, -0.84676, -0.11044, 0.19222, -0.48358
16, 15, 33.748, -23.259, 9.644, 435.61, 1490.54, 575.50, -113.89, 68.32, -250.00, -0.88635, -0.15633, 0.15063, -0.40897
16, 16, 25.626, -11.929, 12.309, -186.22, 133.48, 33.08, -161.58, 15.53, -250.00, -0.92714, -0.13523, 0.06129, -0.34404
16, 15, 24.791, -7.369, -1.270, 4.27, -1539.37, 1339.36, -129.30, 31.77, -167.91, -0.94205, -0.01079, 0.06431, -0.32907
16, 16, 26.371, -7.539, 3.856, 215.15, 479.13, 922.24, 35.42, -8.97, 6.93, -0.93586, -0.05410, 0.05018, -0.34456
16, 16, 30.305, -6.215, 6.409, 82.03, 272.28, 1007.32, 43.94, -7.10, 65.99, -0.92289, -0.07206, 0.02920, -0.37712
16, 15, 35.327, -2.038, 8.287, -576.05, 351.56, 814.94, 10.18, -79.19, 135.77, -0.90645, -0.07307, -0.01390, -0.41572
16, 16, 42.377, -4.319, 4.617, -293.21, -354.86, 1179.93, 43.25, -160.27, 225.52, -0.88016, -0.05324, 0.01426, -0.47146
16, 15, 48.913, -15.329, 7.611, 335.88, 195.19, 527.65, 51.68, -197.33, 249.99, -0.83984, -0.12542, 0.07942, -0.52214
16, 15, 54.467, -28.426, 9.395, 1225.71, 727.54, 542.85, -16.04, -195.48, 249.99, -0.78842, -0.20302, 0.15800, -0.55876
16, 16, 63.312, -38.553, 2.232, 1826.48, 180.91, 929.50, -93.67, -137.97, 249.99, -0.73401, -0.22010, 0.24665, -0.59325
16, 15, 75.366, -42.632, -9.434, 1999.94, -645.69, 1145.87, -41.92, 19.94, 249.99, -0.68225, -0.19974, 0.31180, -0.63041
16, 17, 75.029, -30.096, -7.194, -881.16, 163.64, 1522.64, 18.48, 145.13, 83.53, -0.69984, -0.13807, 0.22749, -0.66288
16, 16, 68.360, -34.361, -6.984, 1076.54, -612.55, 1591.06, -21.65, -25.78, -167.79, -0.73064, -0.14987, 0.26048, -0.61306
16, 15, 64.882, -33.210, -5.649, 1999.94, -1684.69, 1294.37, 144.01, 207.76, -130.12, -0.74916, -0.14442, 0.25068, -0.59587
16, 15, 54.887, -23.111, 4.863, 134.46, -88.38, 602.97, 224.84, 249.99, -250.00, -0.80341, -0.14723, 0.14179, -0.55924
16, 16, 47.295, -7.409, 8.374, -411.62, -226.32, 531.25, 166.47, 249.99, -250.00, -0.85472, -0.09549, 0.01846, -0.50990
16, 15, 38.659, 3.765, 11.417, -319.95, 90.33, 778.99, 91.22, 181.82, -250.00, -0.89355, -0.07473, -0.07326, -0.43661
16, 16, 30.927, 10.468, 14.554, -243.41, 371.70, 971.44, 59.39, 118.28, -250.00, -0.91791, -0.08222, -0.13167, -0.36516
16, 15, 26.670, 14.710, 21.676, -231.87, 1505.31, 859.07, 33.71, 63.51, -246.21, -0.92229, -0.13149, -0.18248, -0.31432
16, 17, 22.268, 20.245, 15.674, -816.16, 457.03, 1370.61, -116.20, 9.73, -214.46, -0.93475, -0.07374, -0.20712, -0.27913
16, 16, 20.296, 23.364, 15.300, -1008.61, 974.00, 549.99, -122.34, -103.06, -168.95, -0.93583, -0.06580, -0.23008, -0.25877
16, 15, 16.445, 17.762, 0.636, -422.73, -1504.64, 1125.55, -117.66, -217.96, -40.05, -0.95401, 0.03499, -0.15046, -0.25692
16, 15, 19.436, 7.344, -4.702, 109.19, -488.95, 1071.47, -22.38, -242.76, 76.01, -0.95471, 0.05753, -0.04961, -0.28768
16, 16, 25.338, -5.363, 0.127, 1102.66, 578.61, 1396.73, 54.05, -225.87, 147.44, -0.94119, -0.01671, 0.04371, -0.33462
16, 15, 32.980, -14.929, 4.146, 1387.94, 837.34, 1245.67, 52.53, -131.81, 235.66, -0.90759, -0.08446, 0.10492, -0.39768
16, 16, 39.744, -18.046, 10.471, 769.29, 1526.73, 1033.02, 41.98, -27.35, 249.99, -0.87163, -0.15081, 0.09884, -0.45579
16, 16, 46.196, -17.796, 16.416, 110.53, 1044.01, 916.99, 46.56, -5.58, 249.99, -0.83582, -0.19869, 0.06206, -0.50801
16, 16, 52.902, -22.288, 17.204, 425.23, 328.49, 1123.60, 105.27, -50.52, 249.99, -0.79446, -0.22764, 0.07896, -0.55748
16, 16, 60.255, -31.776, 19.889, 1255.55, 8.24, 867.61, 249.99, -34.23, 249.99, -0.72784, -0.29498, 0.11525, -0.60823
16, 15, 59.401, -38.259, 31.052, 1821.59, 957.89, 198.67, 249.99, 32.62, 88.11, -0.67850, -0.39128, 0.10271, -0.61317
17, 8, 55.370, -32.901, 4.396, 1124.94, -1480.10, 1211.18, -108.80, -70.04, -169.03, -0.78284, -0.19091, 0.21209, -0.55294
17, 26, 38.427, -35.111, 13.605, 1999.94, 531.49, 638.79, -56.17, 129.95, -250.00, -0.83435, -0.23323, 0.21922, -0.44878
17, 17, 36.582, -17.113, 6.193, -1235.90, -1401.43, 1028.38, -58.25, 238.28, -250.00, -0.89010, -0.11157, 0.11170, -0.42756
17, 16, 30.434, -6.246, 2.360, -543.88, -393.74, 1146.73, -40.18, 108.82, -250.00, -0.92442, -0.03956, 0.04272, -0.37690
17, 15, 26.801, -3.255, 7.779, -190.31, 392.76, 841.31, 45.76, -28.45, -129.61, -0.93468, -0.07342, 0.00305, -0.34781
17, 16, 26.009, -8.454, 11.097, 1002.44, 471.62, 909.55, 41.48, 27.20, -60.22, -0.93088, -0.11564, 0.03615, -0.34464
17, 15, 27.490, -3.728, 13.823, -129.15, 252.20, 666.08, 49.32, 23.16, -2.18, -0.92711, -0.12394, -0.01219, -0.35349
17, 15, 30.599, -2.609, 21.017, -106.69, 958.50, 745.79, 50.31, 2.31, 79.43, -0.90854, -0.17727, -0.04817, -0.37524
17, 15, 33.918, -1.157, 20.647, -453.43, 394.96, 1127.01, 7.02, -72.18, 114.32, -0.89896, -0.16790, -0.06340, -0.39957
17, 15, 38.336, -3.842, 20.988, -180.73, 315.98, 835.57, 20.03, -132.56, 197.30, -0.88007, -0.17800, -0.05038, -0.43733
17, 15, 43.217, -17.694, 21.722, 445.07, 355.29, 515.81, -21.16, -191.64, 249.99, -0.83891, -0.23570, 0.04386, -0.48863
17, 18, 48.385, -32.230, 18.612, 1293.76, 405.40, 645.63, -69.44, -198.50, 249.99, -0.78868, -0.27449, 0.15434, -0.52803
17, 15, 59.088, -41.606, 7.701, 1999.94, -241.52, 1027.34, -89.62, -89.99, 249.99, -0.73613, -0.26100, 0.24777, -0.57324
17, 16, 67.738, -36.249, 0.408, 1289.73, -151.67, 1999.94, -14.43, 133.50, 169.82, -0.71904, -0.20570, 0.23339, -0.62145
17, 15, 67.427, -28.379, -1.357, -361.08, -597.66, 1173.46, 62.16, 40.75, -71.88, -0.73779, -0.15084, 0.19354, -0.62885
17, 15, 63.799, -30.026, 1.415, 907.35, -527.22, 1056.88, 156.48, 58.57, -130.17, -0.75068, -0.17160, 0.19440, -0.60765
17, 16, 61.559, -31.033, 7.823, 1743.77, -421.20, 1002.32, 249.98, 168.24, -82.65, -0.74967, -0.21515, 0.17106, -0.60203
17, 16, 55.723, -22.150, 18.806, 524.96, 277.22, 1081.67, 249.99, 249.99, -174.63, -0.77750, -0.23977, 0.06427, -0.57781
17, 15, 48.475, -8.822, 35.473, -161.87, 1376.83, 359.99, 202.55, 249.99, -212.66, -0.80071, -0.29786, -0.09436, -0.51111
17, 17, 46.739, 8.417, 39.232, -1804.63, 942.26, 757.87, 73.62, 216.82, -167.18, -0.82377, -0.25432, -0.22847, -0.45225
17, 15, 41.154, 17.061, 38.240, -773.50, 847.53, 982.67, -9.29, 27.97, -204.21, -0.85140, -0.22272, -0.27380, -0.38801
17, 15, 35.964, 14.378, 33.855, 121.52, 675.90, 1064.51, -67.77, -45.63, -157.80, -0.87638, -0.21169, -0.23015, -0.36630
17, 16, 31.099, 19.690, 28.975, -1029.60, 370.24, 834.17, -77.77, -100.18, -123.94, -0.89798, -0.16459, -0.24713, -0.32475
17, 15, 27.074, 18.294, 23.860, -624.82, 411.62, 824.10, -106.96, -207.81, -76.70, -0.91663, -0.13693, -0.21701, -0.30650
17, 17, 25.625, 5.439, 15.042, 1136.41, -251.71, 1370.54, -126.59, -176.84, -5.33, -0.93434, -0.10722, -0.08838, -0.32818
17, 15, 26.789, -1.024, 6.008, 753.42, -1064.33, 1418.21, -49.13, -76.67, 22.65, -0.93643, -0.05225, -0.00981, -0.34679
17, 15, 28.137, -5.022, 0.013, 446.41, -1005.86, 1221.50, 54.44, -48.85, 10.44, -0.93288, -0.01579, 0.04087, -0.35752
17, 17, 28.450, -10.317, -0.627, 729.00, -569.70, 1168.58, 123.63, -42.42, -24.37, -0.92918, -0.02732, 0.08583, -0.35848
17, 15, 28.903, -14.264, 1.606, 770.02, -262.15, 1151.25, 155.39, -3.53, -25.63, -0.92343, -0.05815, 0.11056, -0.36286
17, 15, 29.663, -17.416, 5.597, 1080.57, -56.70, 1116.82, 172.49, 55.08, -19.21, -0.91439, -0.10082, 0.12260, -0.37242
17, 16, 31.749, -17.208, 11.567, 730.77, 177.25, 909.61, 204.88, 132.03, 13.57, -0.90118, -0.14949, 0.09867, -0.39470
17, 15, 35.008, -8.423, 24.449, -270.02, 959.29, 602.17, 237.05, 170.43, 75.96, -0.88118, -0.22195, -0.02188, -0.41687
17, 15, 36.272, -0.762, 35.128, -1086.00, 1999.94, 578.43, 146.73, 88.83, 3.97, -0.86293, -0.27609, -0.12196, -0.40527
18, 8, 31.482, -16.119, 11.710, 424.74, 1307.37, 5.37, -114.91, -18.47, -236.95, -0.90355, -0.14691, 0.08984, -0.39236
18, 27, 32.228, -20.994, 12.245, 475.95, 246.77, 805.73, -10.87, -37.66, -28.12, -0.89224, -0.16735, 0.12573, -0.40011
18, 16, 34.731, -21.248, 12.357, 401.18, 176.15, 861.02, 42.44, -9.35, 6.55, -0.88266, -0.17176, 0.12363, -0.41967
18, 16, 37.903, -22.503, 14.616, 559.33, 481.87, 956.12, 31.22, 2.07, 86.72, -0.86464, -0.19666, 0.11977, -0.44652
18, 15, 42.746, -18.038, 14.075, -130.49, 190.06, 663.39, 29.86, -22.80, 135.85, -0.85416, -0.18026, 0.07970, -0.48121
18, 15, 49.030, -16.805, 15.939, -190.92, 653.14, 1280.88, 50.37, -51.45, 245.40, -0.82554, -0.19248, 0.05201, -0.52795
18, 16, 53.438, -18.245, 18.128, -268.92, 644.59, 928.04, 13.40, -145.35, 249.99, -0.79811, -0.21622, 0.04425, -0.56064
18, 15, 56.636, -27.595, 17.981, 226.38, 273.62, 509.83, -30.00, -212.67, 243.87, -0.76215, -0.25983, 0.10493, -0.58362
18, 15, 62.449, -42.554, 12.277, 1546.51, 333.74, 529.30, -105.00, -179.83, 249.99, -0.70489, -0.30113, 0.22231, -0.60252
18, 18, 74.359, -47.508, -2.367, 1999.94, -611.63, 1006.84, -119.75, -15.27, 197.30, -0.66316, -0.26658, 0.30246, -0.63061
18, 15, 77.990, -32.165, -8.118, -1135.93, -946.90, 1999.94, -32.78, 214.04, 52.14, -0.68114, -0.15108, 0.24116, -0.67458
18, 16, 73.616, -25.270, -5.353, -239.81, -217.04, 913.51, 60.49, 54.10, -94.83, -0.71165, -0.11804, 0.18943, -0.66613
18, 15, 65.919, -30.131, -0.321, 1191.10, -271.85, 1349.30, 91.80, 10.82, -178.70, -0.74170, -0.16451, 0.20125, -0.61832
18, 15, 61.695, -31.417, 3.594, 1509.03, -658.08, 1277.89, 169.22, 108.51, -143.83, -0.75561, -0.18953, 0.19550, -0.59574
18, 17, 58.483, -30.033, 9.337, 1525.63, -514.89, 740.17, 239.31, 249.99, -140.79, -0.76496, -0.21579, 0.16218, -0.58478
18, 15, 51.700, -24.639, 24.504, 516.17, 511.11, 402.59, 249.99, 249.99, -152.85, -0.77846, -0.28717, 0.06320, -0.55456
18, 15, 46.468, -5.812, 35.611, -1582.76, 1312.38, 628.54, 165.76, 212.63, -217.34, -0.81459, -0.28835, -0.11156, -0.49077
18, 17, 41.589, 3.626, 39.821, -644.59, 1569.46, 1054.20, 18.46, 68.14, -202.63, -0.83710, -0.28756, -0.18453, -0.42722
18, 15, 38.985, 6.665, 41.209, -142.52, 1671.81, 899.35, -83.77, 22.46, -129.50, -0.84614, -0.29052, -0.20491, -0.39706
18, 16, 33.738, 14.598, 33.886, -893.92, 555.48, 977.72, -164.93, -36.53, -178.31, -0.88328, -0.21556, -0.22773, -0.34854
18, 15, 28.385, 12.039, 29.850, -97.78, 893.19, 897.77, -166.27, -134.57, -182.39, -0.90627, -0.20250, -0.18672, -0.32062
18, 15, 25.835, 6.940, 21.052, 85.69, 368.53, 899.35, -225.44, -115.81, -90.61, -0.92700, -0.15138, -0.11781, -0.32230
18, 16, 23.953, 3.993, 5.240, -227.72, -760.01, 918.03, -226.21, -169.91, -36.26, -0.94517, -0.03197, -0.04771, -0.32149
18, 15, 28.778, -4.730, -3.787, 495.00, -493.65, 860.11, -125.34, -133.80, 140.20, -0.93095, 0.01579, 0.05042, -0.36130
18, 15, 34.547, -12.116, -11.349, 711.43, -779.30, 1209.96, -79.35, -115.78, 162.85, -0.90704, 0.04670, 0.13608, -0.39570
18, 17, 40.465, -14.970, -15.759, 604.31, -1164.06, 1456.60, 32.80, -69.26, 175.80, -0.88219, 0.06212, 0.17682, -0.43200
18, 16, 44.784, -18.222, -14.966, 642.94, -665.47, 1208.80, 124.11, -42.06, 152.06, -0.86389, 0.03533, 0.19983, -0.46099
18, 15, 48.349, -20.883, -12.873, 554.38, -608.95, 1113.40, 179.50, -36.22, 118.87, -0.84749, 0.00147, 0.21115, -0.48701
18, 16, 50.754, -24.996, -10.312, 874.76, -782.65, 1061.16, 220.77, -23.83, 59.98, -0.83249, -0.04091, 0.22908, -0.50281
18, 15, 52.457, -29.353, -6.113, 1260.74, -636.23, 891.72, 249.99, 31.88, 41.70, -0.81635, -0.09507, 0.24007, -0.51662
18, 16, 52.630, -31.022, -0.416, 979.13, -297.24, 725.52, 249.99, 109.96, 2.06, -0.80668, -0.14356, 0.22565, -0.52702
18, 15, 46.418, -24.459, 15.735, 324.58, 819.70, 857.79, 249.99, 172.31, -80.32, -0.82294, -0.22099, 0.11441, -0.51073
19, 8, 35.214, -19.073, 16.305, 892.52, 924.26, 869.38, -94.24, 38.80, -169.56, -0.87852, -0.19528, 0.09121, -0.42632
19, 26, 21.878, -15.354, 30.071, 337.34, 1253.42, 56.34, -90.39, 11.76, -228.20, -0.90048, -0.28426, 0.04405, -0.32619
19, 16, 22.363, -12.178, 19.261, -106.57, -1681.15, 923.22, -38.54, -37.12, -165.70, -0.92642, -0.19059, 0.04778, -0.32114
19, 15, 22.789, -12.811, 22.985, 595.76, 828.98, 865.48, 9.81, 25.17, -61.24, -0.91763, -0.22231, 0.04165, -0.32679
19, 15, 25.467, -12.491, 17.395, 257.75, -53.83, 859.68, -10.98, -4.49, -36.11, -0.91998, -0.17772, 0.05078, -0.34566
19, 16, 29.304, -11.145, 22.409, 109.99, 831.30, 990.54, 70.61, 6.21, 86.02, -0.90111, -0.21486, 0.01756, -0.37619
19, 15, 33.962, -10.684, 23.296, 68.79, 524.72, 1099.98, 36.54, -25.73, 108.31, -0.88406, -0.22072, 0.00199, -0.41196
19, 16, 38.942, -10.001, 21.181, -208.98, 168.46, 1047.79, 46.65, -65.70, 158.38, -0.87021, -0.20209, -0.00456, -0.44931
19, 16, 43.759, -14.520, 25.349, 67.44, 625.06, 743.41, 56.34, -112.43, 242.70, -0.83492, -0.25013, 0.00328, -0.49024
19, 15, 46.181, -23.236, 25.792, 325.93, 310.49, 639.04, 37.06, -161.84, 175.46, -0.80450, -0.28747, 0.06075, -0.51619
19, 16, 46.987, -33.748, 28.025, 1065.00, 714.11, 669.25, 7.62, -161.08, 156.13, -0.76531, -0.34235, 0.12570, -0.53037
19, 15, 50.955, -42.313, 24.008, 1318.60, 442.87, 791.14, -64.80, -105.72, 160.30, -0.73020, -0.35285, 0.19428, -0.55188
19, 16, 59.278, -45.494, 14.559, 1639.53, 156.25, 1008.79, -95.08, 39.51, 144.87, -0.70582, -0.32224, 0.23859, -0.58400
19, 16, 65.174, -34.906, 5.877, -258.42, -637.76, 1999.94, -32.36, 98.61, 16.75, -0.72549, -0.22821, 0.20006, -0.61770
19, 16, 65.351, -32.842, 4.406, 373.78, -3.23, 1128.36, -4.54, -12.20, 13.97, -0.73188, -0.20839, 0.19425, -0.61903
19, 15, 64.800, -35.224, 1.226, 1211.00, -792.60, 1289.61, 29.95, 8.45, -79.48, -0.73548, -0.19952, 0.22767, -0.60616
19, 16, 65.426, -36.132, 1.535, 1846.86, -896.42, 1203.92, 142.14, 120.47, -45.11, -0.72967, -0.20752, 0.23076, -0.60931
19, 15, 63.573, -33.788, 7.582, 1534.48, -366.70, 916.38, 239.48, 249.99, -88.04, -0.73325, -0.23063, 0.18679, -0.61178
19, 15, 55.479, -28.299, 24.389, 655.52, 751.34, 429.26, 249.99, 249.99, -146.74, -0.75043, -0.30433, 0.08017, -0.58121
19, 16, 52.403, -11.435, 34.026, -1557.07, 1423.46, 562.44, 143.90, 249.99, -125.51, -0.78114, -0.29591, -0.07919, -0.54405
19, 16, 47.802, -1.274, 38.048, -1479.68, 1520.87, 721.19, -10.37, 32.90, -102.57, -0.81013, -0.28535, -0.15788, -0.48717
19, 16, 42.579, 0.357, 38.693, 161.74, 1422.36, 1005.43, -94.12, 5.23, -130.50, -0.83210, -0.29060, -0.15908, -0.44480
19, 16, 36.704, 6.345, 28.272, -338.62, 75.01, 917.36, -162.79, -15.49, -174.42, -0.88147, -0.19765, -0.15256, -0.40083
19, 15, 31.303, 7.694, 16.990, -239.69, -250.06, 1007.87, -136.12, -61.07, -131.81, -0.91515, -0.11067, -0.11781, -0.36930
19, 16, 27.584, 6.950, 9.915, -191.59, -130.62, 1042.05, -71.44, -74.82, -95.15, -0.93213, -0.05936, -0.08697, -0.34648
19, 15, 25.544, 4.967, 4.253, -147.03, -187.26, 1000.18, -48.35, -93.93, -56.16, -0.94064, -0.02033, -0.05325, -0.33457
19, 15, 27.641, 0.545, 0.021, 38.21, -173.16, 1152.65, -52.92, -106.73, 67.57, -0.93531, 0.00151, -0.00452, -0.35380
19, 15, 31.092, -3.639, -5.745, 191.16, -952.70, 1662.66, -18.88, -109.93, 109.18, -0.92322, 0.03419, 0.04843, -0.37967
19, 16, 35.209, -9.390, -9.291, 538.76, -934.69, 1212.16, 61.61, -104.10, 121.51, -0.90664, 0.03961, 0.10771, -0.40599
19, 15, 39.485, -15.597, -10.072, 733.64, -658.87, 1083.13, 112.97, -78.85, 106.02, -0.88748, 0.01712, 0.15981, -0.43192
19, 17, 42.373, -19.794, -7.652, 860.60, -405.09, 1114.14, 157.89, -14.74, 81.34, -0.87257, -0.02275, 0.18224, -0.45265
20, 8, 50.729, -32.033, 20.742, 1082.34, 788.76, 897.34, -113.72, -22.51, 28.14, -0.77298, -0.29120, 0.13713, -0.54672
20, 27, 45.929, -27.427, 15.196, 583.37, 132.75, 1294.31, -74.61, -8.52, -136.50, -0.81948, -0.22841, 0.13981, -0.50670
20, 15, 41.665, -25.068, 9.292, 707.70, -691.65, 1403.44, -68.56, 19.39, -250.00, -0.85301, -0.17065, 0.15467, -0.46832
20, 16, 32.798, -25.349, 16.695, 1509.64, 1317.75, 1000.43, -33.38, 49.15, -241.17, -0.87398, -0.21595, 0.14337, -0.41106
20, 15, 30.514, -14.570, 6.882, 9.16, -805.24, 1311.34, -99.32, 138.04, -250.00, -0.91415, -0.10288, 0.09478, -0.38048
20, 17, 24.775, -8.230, 13.288, -170.96, 1757.20, 383.91, -116.94, 101.10, -183.91, -0.93238, -0.13247, 0.02916, -0.33508
20, 15, 22.380, -1.497, 2.500, -625.92, -820.37, 789.73, -103.47, -17.60, -160.24, -0.95017, -0.02479, 0.00564, -0.31068
20, 15, 22.900, -3.334, -3.951, 172.24, -247.25, 925.11, -87.27, -26.67, -31.18, -0.94850, 0.02355, 0.03844, -0.31355
20, 16, 25.368, -7.954, -7.745, 333.37, -231.75, 1004.27, -47.57, -81.49, 37.31, -0.93931, 0.04028, 0.08778, -0.32921
20, 15, 29.606, -5.218, -5.491, -28.44, 9.03, 904.30, 42.38, -5.46, 125.49, -0.92789, 0.02765, 0.05994, -0.36696
20, 15, 33.532, -2.681, -3.049, -253.97, 52.00, 846.01, 41.51, -64.98, 125.30, -0.91558, 0.01497, 0.03210, -0.40058
20, 16, 38.895, -5.648, 0.365, 22.46, 95.83, 1025.82, 55.18, -116.79, 190.51, -0.89496, -0.02472, 0.04274, -0.44341
20, 15, 45.203, -12.654, 3.656, 274.11, 215.94, 973.75, 49.78, -146.97, 223.53, -0.86287, -0.08184, 0.08025, -0.49225
20, 16, 48.470, -20.771, 7.719, 444.52, 412.05, 825.26, 41.25, -175.06, 165.28, -0.83375, -0.14966, 0.11972, -0.51782
20, 16, 50.234, -30.852, 10.037, 1358.15, 601.44, 848.57, 9.74, -144.97, 113.98, -0.80188, -0.21198, 0.17996, -0.52884
20, 15, 53.156, -37.956, 7.890, 1999.94, 110.29, 959.53, -16.15, -58.56, 64.54, -0.77455, -0.23323, 0.23473, -0.53906
20, 15, 56.047, -25.860, 8.973, -255.62, 825.68, 1999.94, 11.27, 178.01, 86.13, -0.78666, -0.19022, 0.13926, -0.57061
20, 16, 57.629, -21.353, 6.060, -55.85, -74.95, 1028.20, -3.22, 1.15, 33.84, -0.79105, -0.15017, 0.11989, -0.58079
20, 15, 54.810, -24.095, 5.962, 1381.77, -320.68, 1284.73, 42.83, 74.67, -99.63, -0.80064, -0.15949, 0.14352, -0.55940
20, 16, 53.091, -23.552, 6.133, 1999.94, -1162.54, 1126.95, 140.46, 208.05, -127.11, -0.80966, -0.15602, 0.14118, -0.54788
20, 15, 49.230, -22.925, 13.634, 894.71, -59.27, 409.91, 222.77, 249.99, -136.03, -0.81727, -0.20232, 0.10740, -0.52878
20, 16, 44.830, -5.183, 25.140, -1473.69, 1031.37, 462.89, 187.43, 249.99, -174.57, -0.84535, -0.21118, -0.06797, -0.48596
20, 17, 42.389, 8.807, 32.074, -1717.41, 1660.52, 716.19, 68.54, 174.98, -155.43, -0.85533, -0.20824, -0.19481, -0.43255
20, 15, 39.253, 13.156, 34.186, -611.08, 1177.25, 924.32, -26.87, -4.71, -122.01, -0.86461, -0.21234, -0.22837, -0.39395
20, 15, 35.729, 8.113, 30.214, 548.71, 558.90, 1103.39, -72.48, -25.02, -117.27, -0.88218, -0.20745, -0.17091, -0.38666
20, 16, 32.300, 8.710, 24.085, -117.07, 256.53, 1078.49, -73.84, -23.94, -115.97, -0.90352, -0.16235, -0.14979, -0.36724
20, 15, 27.506, 12.830, 18.089, -651.55, 101.62, 1005.25, -74.04, -75.87, -149.19, -0.92451, -0.10726, -0.15835, -0.32971
20, 16, 23.311, 13.717, 8.504, -681.03, -418.27, 764.65, -85.14, -168.72, -86.82, -0.94146, -0.03188, -0.13633, -0.30669
20, 15, 25.206, 1.281, 1.729, 473.02, -304.02, 1154.72, -82.33, -212.49, 58.17, -0.94251, -0.01049, -0.01558, -0.33364
21, 8, 51.833, -21.981, 2.408, 551.15, -28.32, 666.14, 23.32, -95.15, 112.25, -0.82264, -0.12063, 0.14901, -0.53526
21, 26, 55.045, -32.244, 9.020, 1110.53, 645.26, 872.92, 29.80, -40.99, 131.59, -0.77765, -0.21880, 0.18565, -0.55939
21, 16, 57.568, -34.079, 11.044, 1199.52, 848.69, 1146.18, -0.50, 24.43, 135.83, -0.75654, -0.24487, 0.18324, -0.57803
21, 15, 56.186, -24.175, 12.129, -403.02, 730.04, 1145.39, -88.91, 89.22, 8.90, -0.78389, -0.20404, 0.11134, -0.57575
21, 15, 54.950, -21.414, 1.762, -186.58, -1176.94, 1060.97, -99.02, -30.84, -123.66, -0.80928, -0.11735, 0.14479, -0.55707
21, 16, 50.783, -24.712, -2.967, 818.97, -714.66, 1244.45, -55.46, -35.60, -174.84, -0.82844, -0.09290, 0.19434, -0.51699
21, 16, 41.000, -27.724, 3.341, 963.50, 486.27, 983.83, -50.03, 6.32, -224.62, -0.85838, -0.13533, 0.19959, -0.45281
21, 16, 36.378, -22.453, -0.325, 281.07, -301.33, 1344.36, -98.01, 31.61, -222.69, -0.88855, -0.08004, 0.17750, -0.41541
21, 16, 30.145, -20.068, 7.681, 175.05, 1221.62, 552.31, -81.50, 24.48, -123.37, -0.90676, -0.12621, 0.13654, -0.37843
21, 15, 30.570, -14.413, -2.523, -252.01, -737.18, 1098.21, -124.03, -13.57, -104.47, -0.91948, -0.02713, 0.12438, -0.37197
21, 16, 32.713, -14.940, -7.604, 229.19, -278.32, 900.09, -45.65, -49.83, 5.69, -0.91235, 0.00919, 0.14514, -0.38271
21, 15, 36.426, -15.244, -10.279, 230.10, -264.77, 853.03, 19.22, -42.62, 74.09, -0.89891, 0.02434, 0.15730, -0.40820
21, 15, 39.443, -16.370, -6.225, 188.05, 175.29, 855.10, 32.11, -79.86, 111.46, -0.88704, -0.01565, 0.15117, -0.43596
21, 16, 44.332, -20.197, -3.649, 419.92, 206.73, 884.09, 25.28, -93.02, 171.90, -0.86280, -0.05774, 0.16841, -0.47317
21, 15, 50.846, -23.758, -2.958, 373.96, 113.77, 911.13, 19.02, -109.54, 211.94, -0.82951, -0.08868, 0.18739, -0.51858
21, 16, 56.380, -28.522, -2.451, 991.64, 464.23, 1304.99, -14.06, -81.24, 219.23, -0.79588, -0.12462, 0.21344, -0.55271
21, 16, 57.845, -30.355, -2.165, 845.34, 122.99, 1353.45, -17.11, -27.45, 75.44, -0.78531, -0.13842, 0.22292, -0.56075
21, 15, 61.540, -32.671, -7.749, 1598.27, -1220.09, 1637.82, 13.64, -4.97, 26.18, -0.76947, -0.12017, 0.26175, -0.57006
21, 16, 61.044, -31.890, -5.882, 1999.94, -1175.17, 1450.93, 165.37, 156.20, -59.72, -0.77118, -0.12754, 0.24787, -0.57234
21, 16, 54.191, -30.352, 2.121, 1499.63, -629.52, 658.94, 249.99, 249.99, -231.99, -0.79732, -0.16115, 0.20702, -0.54355
21, 15, 42.882, -19.240, 22.286, 3.91, 339.54, 89.11, 220.36, 249.99, -250.00, -0.83607, -0.24554, 0.05386, -0.48764
21, 16, 39.035, -0.138, 30.563, -1571.11, 1074.22, 489.87, 115.59, 249.99, -243.52, -0.86377, -0.23656, -0.11622, -0.42946
21, 15, 35.989, 11.910, 34.649, -957.34, 1204.83, 851.99, 18.49, 108.39, -196.56, -0.87427, -0.22697, -0.21452, -0.37166
21, 16, 33.950, 10.895, 33.330, 87.04, 860.11, 1050.54, -60.60, 10.58, -119.13, -0.88308, -0.22424, -0.19871, -0.36109
21, 16, 31.987, 13.349, 28.720, -240.66, 467.77, 1017.94, -66.23, 19.97, -106.28, -0.89761, -0.18313, -0.19955, -0.34776
21, 15, 28.726, 19.762, 23.699, -1055.18, 319.46, 736.15, -113.46, -61.85, -107.59, -0.91132, -0.12762, -0.22987, -0.31682
21, 16, 25.395, 18.424, 13.268, -491.76, -170.47, 794.13, -132.25, -155.04, -24.14, -0.92990, -0.05410, -0.18806, -0.31145
21, 16, 26.891, 7.446, 4.740, 314.76, -432.98, 994.75, -100.30, -183.69, 104.01, -0.93577, -0.01613, -0.07518, -0.34413
21, 15, 33.965, -1.912, -1.784, 439.39, -583.01, 1089.66, -64.07, -159.46, 249.99, -0.91424, 0.00748, 0.02156, -0.40452
21, 15, 41.544, -10.123, -6.132, 677.73, -598.39, 1138.92, -3.49, -128.28, 249.99, -0.88310, 0.00627, 0.10277, -0.45775
21, 16, 48.811, -17.501, -6.524, 1047.24, -349.67, 1548.52, 50.95, -86.23, 249.99, -0.84759, -0.03086, 0.15899, -0.50533
